"","Correlation","Protein"
"SLC12A2",0.868131868131868,"SLC12A2"
"KDM1A",-0.0549450549450549,"KDM1A"
"SOX2",0.872727272727273,"SOX2"
"SRP14",0.459340659340659,"SRP14"
"SLC15A4",0.63956043956044,"SLC15A4"
"NUP133",0.613186813186813,"NUP133"
"IRS2",0.805747367330808,"IRS2"
"RPL4",0.0549450549450549,"RPL4"
"KHSRP",0.393406593406593,"KHSRP"
"FUBP3",0.362637362637363,"FUBP3"
"FUBP1",0.249579939622461,"FUBP1"
"MMP14",0.375824175824176,"MMP14"
"MMP15",-0.503496503496504,"MMP15"
"SH3RF1",0.507692307692308,"SH3RF1"
"MTMR14",-0.0272727272727273,"MTMR14"
"SAMD1",0.753846153846154,"SAMD1"
"CLPX",0.16043956043956,"CLPX"
"ATXN7",0.432967032967033,"ATXN7"
"CACTIN",0.21978021978022,"CACTIN"
"NCL",0.267686028260347,"NCL"
"UNC119B",0.516483516483517,"UNC119B"
"UNC119",0.54945054945055,"UNC119"
"RBM42",0.397802197802198,"RBM42"
"RCC2",0.476923076923077,"RCC2"
"CHPF2",0.384615384615385,"CHPF2"
"RANBP6",0.49010989010989,"RANBP6"
"IPO5",0.810989010989011,"IPO5"
"SORT1",0.683516483516484,"SORT1"
"LEMD3",0.745054945054945,"LEMD3"
"GLRX5",-0.0021978021978022,"GLRX5"
"RHBDF1",0.395604395604396,"RHBDF1"
"RIN1",0.81978021978022,"RIN1"
"PRDX5",0.257142857142857,"PRDX5"
"NCOA2",0.652747252747253,"NCOA2"
"NCOA1",0.727272727272727,"NCOA1"
"NCOA3",0.345054945054945,"NCOA3"
"PDLIM3",0.724375455649346,"PDLIM3"
"EP400",0.591208791208791,"EP400"
"MSH6",0.621978021978022,"MSH6"
"MSH3",0.601323044605402,"MSH3"
"UBQLN4",0.156043956043956,"UBQLN4"
"UBQLN1",0.464693688529769,"UBQLN1"
"UBQLN2",0.270627226468543,"UBQLN2"
"SH3PXD2B",0.85054945054945,"SH3PXD2B"
"SH3PXD2A",0.336363636363636,"SH3PXD2A"
"TRUB1",0.714285714285714,"TRUB1"
"ZBTB11",0.131868131868132,"ZBTB11"
"MICAL1",0.643956043956044,"MICAL1"
"MICAL3",0.481318681318681,"MICAL3"
"MICAL2",0.673408219802036,"MICAL2"
"PDCD7",-0.461538461538462,"PDCD7"
"FAM110A",0.872727272727273,"FAM110A"
"ZFPL1",0.736263736263736,"ZFPL1"
"E2F5",0.427272727272727,"E2F5"
"E2F4",0.384615384615385,"E2F4"
"EDC4",0.683516483516484,"EDC4"
"MAGED2",0.683516483516484,"MAGED2"
"MAGED1",0.679120879120879,"MAGED1"
"TRO",0.289657652252109,"TRO"
"NCKIPSD",0.524053408391292,"NCKIPSD"
"PFDN4",0.582417582417582,"PFDN4"
"TDP2",0.343234531130835,"TDP2"
"INPPL1",0.564835164835165,"INPPL1"
"INPP5D",0.495186163092657,"INPP5D"
"TXLNG",0.767032967032967,"TXLNG"
"TXLNA",0.520879120879121,"TXLNA"
"YLPM1",0.530111170418574,"YLPM1"
"N4BP2L2",0.116483516483516,"N4BP2L2"
"CNP",0.630769230769231,"CNP"
"RPF1",0.213186813186813,"RPF1"
"IPO9",0.696703296703297,"IPO9"
"CDC27",0.714285714285714,"CDC27"
"CAMSAP1",0.701098901098901,"CAMSAP1"
"CAMSAP3",0.696703296703297,"CAMSAP3"
"CAMSAP2",0.767032967032967,"CAMSAP2"
"U2SURP",0.375824175824176,"U2SURP"
"SRSF9",0.248351648351648,"SRSF9"
"SRSF1",-0.164835164835165,"SRSF1"
"EXOSC10",0.52967032967033,"EXOSC10"
"TMEM102",0.573426573426573,"TMEM102"
"B3GAT3",0.564835164835165,"B3GAT3"
"IFT20",0.542857142857143,"IFT20"
"TOP2B",0.595604395604396,"TOP2B"
"TOP2A",0.67032967032967,"TOP2A"
"PPM1A",0.375824175824176,"PPM1A"
"PPM1B",0.485714285714286,"PPM1B"
"HYPK",0.0153846153846154,"HYPK"
"TOX4",0.0637362637362637,"TOX4"
"DOCK5",-0.0769230769230769,"DOCK5"
"DOCK1",0.56043956043956,"DOCK1"
"TFRC",0.586813186813187,"TFRC"
"TFR2",0.255846184264539,"TFR2"
"FH",0.389010989010989,"FH"
"TLN1",0.806593406593407,"TLN1"
"TLN2",0.30989010989011,"TLN2"
"RPL17",-0.0417582417582418,"RPL17"
"TACC2",0.758241758241758,"TACC2"
"TACC1",0.731868131868132,"TACC1"
"SH3BP4",0.727472527472527,"SH3BP4"
"MAU2",0.331868131868132,"MAU2"
"IGFBP7",0.815384615384615,"IGFBP7"
"NSUN5",0.534065934065934,"NSUN5"
"CBR4",0.243956043956044,"CBR4"
"CTNNA1",-0.186813186813187,"CTNNA1"
"CTNNA2",-0.150947232922199,"CTNNA2"
"EFHD2",0.859340659340659,"EFHD2"
"EFHD1",0.640893759327403,"EFHD1"
"EGLN1",0.49010989010989,"EGLN1"
"MRPL11",0.38021978021978,"MRPL11"
"STRIP1",0.41978021978022,"STRIP1"
"DNTTIP1",0.0593406593406593,"DNTTIP1"
"ATF7",0.410989010989011,"ATF7"
"CREB5",0.241758241758242,"CREB5"
"ATF2",0.0373626373626374,"ATF2"
"EHBP1L1",0.617582417582418,"EHBP1L1"
"EHBP1",0.876923076923077,"EHBP1"
"BAZ2A",0.230769230769231,"BAZ2A"
"ARID1A",0.415384615384615,"ARID1A"
"ARID1B",0.116483516483516,"ARID1B"
"PPP1R35",0.622377622377623,"PPP1R35"
"FYCO1",0.437362637362637,"FYCO1"
"BLOC1S4",0.0164835164835165,"BLOC1S4"
"GYS1",0.696703296703297,"GYS1"
"NDUFA8",-0.0241758241758242,"NDUFA8"
"ACBD6",0.450549450549451,"ACBD6"
"SFXN2",0.835164835164835,"SFXN2"
"OAS2",0.70989010989011,"OAS2"
"NCOR2",0.433309321326662,"NCOR2"
"NCOR1",0.535298636419134,"NCOR1"
"SEMA7A",0.870526719214576,"SEMA7A"
"SDAD1",0.485714285714286,"SDAD1"
"POSTN",-0.171996530703259,"POSTN"
"PRKAG2",0.274725274725275,"PRKAG2"
"PRKAG1",0.67032967032967,"PRKAG1"
"GADD45GIP1",-0.2,"GADD45GIP1"
"DHX30",0.538461538461538,"DHX30"
"SPTLC1",0.217582417582418,"SPTLC1"
"CKAP5",0.49010989010989,"CKAP5"
"TRAPPC11",0.0153846153846154,"TRAPPC11"
"SH2B1",0.230769230769231,"SH2B1"
"ACAD10",0.498901098901099,"ACAD10"
"ALDH2",0.916483516483517,"ALDH2"
"ALDH1B1",0.178021978021978,"ALDH1B1"
"ALDH1A2",-0.250825234287918,"ALDH1A2"
"ALDH1A1",0.863736263736264,"ALDH1A1"
"SMTN",0.657142857142857,"SMTN"
"ALDH1A3",0.753846153846154,"ALDH1A3"
"TTC5",0.424175824175824,"TTC5"
"NSRP1",0.30989010989011,"NSRP1"
"STIP1",0.0681318681318681,"STIP1"
"ST13",-0.120879120879121,"ST13"
"TSC1",0.230769230769231,"TSC1"
"NNT",0.336263736263736,"NNT"
"RFC1",0.314285714285714,"RFC1"
"UBXN4",0.705494505494506,"UBXN4"
"ANK3",0.655825759754985,"ANK3"
"ANK1",0.701098901098901,"ANK1"
"ANK2",0.729731932378202,"ANK2"
"AFG3L2",0.450549450549451,"AFG3L2"
"CROCC",0.142857142857143,"CROCC"
"CEP250",0.476923076923077,"CEP250"
"EZR",0.736263736263736,"EZR"
"SPECC1L",0.301098901098901,"SPECC1L"
"RDX",0.928493411135977,"RDX"
"MYO1B",0.564835164835165,"MYO1B"
"MYH14",0.723076923076923,"MYH14"
"MYO5A",0.832413934615075,"MYO5A"
"MYO1D",0.841758241758242,"MYO1D"
"NUMA1",0.361768492924322,"NUMA1"
"MYO5B",0.824175824175824,"MYO5B"
"MYO1E",0.547252747252747,"MYO1E"
"TRMT1",0.657142857142857,"TRMT1"
"MYO1G",0.198238366353429,"MYO1G"
"MYO5C",0.648351648351648,"MYO5C"
"GOLGA4",0.264290433821526,"GOLGA4"
"MYH10",0.639037051278277,"MYH10"
"MYH9",0.630769230769231,"MYH9"
"MYH3",0.190909090909091,"MYH3"
"MYH11",-0.279120879120879,"MYH11"
"MSN",0.828571428571429,"MSN"
"STMN2",0.601535987913837,"STMN2"
"STMN1",0.296703296703297,"STMN1"
"STMN3",0.172727272727273,"STMN3"
"OTUD4",0.846153846153846,"OTUD4"
"MYO1C",0.547252747252747,"MYO1C"
"POLE2",-0.195804195804196,"POLE2"
"EXOC5",0.635164835164835,"EXOC5"
"PYCR1",0.789010989010989,"PYCR1"
"PYCR2",0.301098901098901,"PYCR2"
"BRD4",-0.103296703296703,"BRD4"
"BRD2",-0.173626373626374,"BRD2"
"BRD3",0.508251132636044,"BRD3"
"ZNF579",0.789879465871601,"ZNF579"
"BCAR1",0.643956043956044,"BCAR1"
"DCTN1",0.625056454672647,"DCTN1"
"SCYL1",0.731868131868132,"SCYL1"
"EFNB1",0.740659340659341,"EFNB1"
"MUS81",-0.0454545454545455,"MUS81"
"CTNND1",0.227036338140262,"CTNND1"
"DIDO1",-0.0021978021978022,"DIDO1"
"PHF3",0.389010989010989,"PHF3"
"RBM39",0.384615384615385,"RBM39"
"RBM23",0.397802197802198,"RBM23"
"RAB3GAP1",0.0549450549450549,"RAB3GAP1"
"ZNF827",0.631868131868132,"ZNF827"
"CHCHD3",0.125274725274725,"CHCHD3"
"CNOT1",0.362637362637363,"CNOT1"
"MIB1",0.226373626373626,"MIB1"
"RNF34",0.164835164835165,"RNF34"
"KDM5A",0.621978021978022,"KDM5A"
"KDM5B",0.368131868131868,"KDM5B"
"KDM5C",-0.265934065934066,"KDM5C"
"KDM5D",-0.55310952805764,"KDM5D"
"RBKS",0.727272727272727,"RBKS"
"TUT1",0.0505494505494506,"TUT1"
"ANKRD11",0.367032967032967,"ANKRD11"
"ANKRD12",0.0727272727272727,"ANKRD12"
"EEF1G",-0.142857142857143,"EEF1G"
"INO80B",0.118881118881119,"INO80B"
"CAST",0.441465770562195,"CAST"
"PEX6",0.463736263736264,"PEX6"
"GPNMB",0.692307692307692,"GPNMB"
"ETFA",0.41978021978022,"ETFA"
"INPP5A",0.687912087912088,"INPP5A"
"RRM2",0.38021978021978,"RRM2"
"RRM2B",0.835164835164835,"RRM2B"
"MROH1",0.863636363636364,"MROH1"
"TAF6",-0.424175824175824,"TAF6"
"WIPF2",0.318681318681319,"WIPF2"
"NSD1",0.230769230769231,"NSD1"
"CIC",0.313683056560941,"CIC"
"COPB1",-0.0989010989010989,"COPB1"
"HSD17B8",0.885714285714286,"HSD17B8"
"URGCP",0.202797202797203,"URGCP"
"BTAF1",0.0857142857142857,"BTAF1"
"PKP4",0.586813186813187,"PKP4"
"CTNND2",0.0280165907340263,"CTNND2"
"TTC4",0.413641614439724,"TTC4"
"RBMXL2",-0.0783212401621198,"RBMXL2"
"RBMXL1",0.118811953083751,"RBMXL1"
"TCERG1",0.213186813186813,"TCERG1"
"CBLL1",-0.010989010989011,"CBLL1"
"RBMX",0.184261375881951,"RBMX"
"RCOR2",0.516483516483517,"RCOR2"
"RCOR3",0.384615384615385,"RCOR3"
"RCOR1",0.112087912087912,"RCOR1"
"TRMT10C",0.731868131868132,"TRMT10C"
"C2CD2",0.654545454545455,"C2CD2"
"TCF3",0.78021978021978,"TCF3"
"TCF12",0.810989010989011,"TCF12"
"EIF3C",0.248351648351648,"EIF3C"
"RAB3GAP2",0.38021978021978,"RAB3GAP2"
"BAG4",0.737074153389934,"BAG4"
"XPC",0.314285714285714,"XPC"
"GTF2F1",0.854945054945055,"GTF2F1"
"IRF2BP2",0.568139242302684,"IRF2BP2"
"IRF2BPL",0.472527472527473,"IRF2BPL"
"IRF2BP1",0.204395604395604,"IRF2BP1"
"TIMELESS",0.287912087912088,"TIMELESS"
"RALGAPA1",0.0824175824175824,"RALGAPA1"
"RALGAPA2",0.636363636363636,"RALGAPA2"
"RPL26",-0.112087912087912,"RPL26"
"RPL26L1",0.0727272727272727,"RPL26L1"
"ARAP1",0.534065934065934,"ARAP1"
"AFF1",0.034965034965035,"AFF1"
"GPATCH8",0.120879120879121,"GPATCH8"
"RCC1",0.116483516483516,"RCC1"
"ACTBL2",0.295906467588388,"ACTBL2"
"POTEF",0.191630420808315,"POTEF"
"ACTA2",-0.358241758241758,"ACTA2"
"ACTB",0.74945054945055,"ACTB"
"ACTG1",-0.38021978021978,"ACTG1"
"PDHA1",0.595604395604396,"PDHA1"
"CPSF1",0.151648351648352,"CPSF1"
"CAND2",-0.0243368192345362,"CAND2"
"CAND1",0.512087912087912,"CAND1"
"NAP1L1",0.169670739454038,"NAP1L1"
"TULP3",0.590909090909091,"TULP3"
"GFM1",0.226373626373626,"GFM1"
"PTPRK",0.393406593406593,"PTPRK"
"FRAS1",0.85054945054945,"FRAS1"
"SLC39A11",0.43956043956044,"SLC39A11"
"KDM1B",-0.0813186813186813,"KDM1B"
"MED17",0.485714285714286,"MED17"
"LRRC8E",0.648351648351648,"LRRC8E"
"LRRC8D",0.525274725274725,"LRRC8D"
"LRRC8A",0.740659340659341,"LRRC8A"
"LRRC8C",0.608391608391608,"LRRC8C"
"LMNB2",0.353846153846154,"LMNB2"
"LMNA",0.120879120879121,"LMNA"
"LMNB1",0.459340659340659,"LMNB1"
"MARCKSL1",0.916483516483517,"MARCKSL1"
"MARCKS",0.463736263736264,"MARCKS"
"SND1",0.120879120879121,"SND1"
"VIL1",0.806593406593407,"VIL1"
"DHX34",0.32967032967033,"DHX34"
"HOMEZ",0.363636363636364,"HOMEZ"
"SYNPO",0.761563787661711,"SYNPO"
"BCR",0.525274725274725,"BCR"
"ABR",0.573626373626374,"ABR"
"CYFIP2",0.385038736845488,"CYFIP2"
"CYFIP1",-0.283516483516484,"CYFIP1"
"DHRS11",0.872527472527473,"DHRS11"
"TADA3",-0.0901098901098901,"TADA3"
"MIOS",0.564835164835165,"MIOS"
"ATAT1",0.463636363636364,"ATAT1"
"VCL",0.679120879120879,"VCL"
"EXOC8",0.556043956043956,"EXOC8"
"HTT",0.432967032967033,"HTT"
"NDUFV2",0.235164835164835,"NDUFV2"
"GRSF1",0.323076923076923,"GRSF1"
"IDH3B",0.494505494505494,"IDH3B"
"INTS1",-0.340659340659341,"INTS1"
"COPG2",0.586813186813187,"COPG2"
"COPG1",0.512087912087912,"COPG1"
"NAGLU",0.578021978021978,"NAGLU"
"TMCC1",0.0636363636363636,"TMCC1"
"FMNL2",0.230769230769231,"FMNL2"
"FMNL3",0.30989010989011,"FMNL3"
"FMNL1",0.525274725274725,"FMNL1"
"AGRN",0.252747252747253,"AGRN"
"PDHX",-0.0373626373626374,"PDHX"
"MTHFD2",0.213186813186813,"MTHFD2"
"PALM",0.859340659340659,"PALM"
"ANKRD50",0.872727272727273,"ANKRD50"
"PCYT1A",0.516483516483516,"PCYT1A"
"PCYT1B",-0.0414887203518724,"PCYT1B"
"USP34",0.296703296703297,"USP34"
"NRBF2",0.687912087912088,"NRBF2"
"PFKL",0.327472527472527,"PFKL"
"PFKP",0.38021978021978,"PFKP"
"PFKM",0.534065934065934,"PFKM"
"C8orf33",0.661538461538462,"C8orf33"
"C4A",0.424175824175824,"C4A"
"CEP290",0.551648351648352,"CEP290"
"TAB2",0.538461538461538,"TAB2"
"KIF16B",0.810853616952153,"KIF16B"
"KIF1A",0.704201123776788,"KIF1A"
"KIF1B",0.58376279540061,"KIF1B"
"KIF13B",0.934065934065934,"KIF13B"
"KIF4B",0.460700442759917,"KIF4B"
"KIF4A",0.582417582417582,"KIF4A"
"KIF1C",0.397802197802198,"KIF1C"
"KIF13A",0.56043956043956,"KIF13A"
"NOM1",0.021978021978022,"NOM1"
"KIFC3",0.714285714285714,"KIFC3"
"KIF3B",0.38021978021978,"KIF3B"
"KIF3C",0.426573426573427,"KIF3C"
"STARD9",-0.043956043956044,"STARD9"
"TAB3",0.664335664335664,"TAB3"
"KIF3A",0.164835164835165,"KIF3A"
"MRPL22",0.243956043956044,"MRPL22"
"SCAMP1",0.538461538461538,"SCAMP1"
"CCAR1",0.287912087912088,"CCAR1"
"GPS2",-0.323076923076923,"GPS2"
"UBE2D2",0,"UBE2D2"
"UBE2D4",0.371428571428571,"UBE2D4"
"PGLS",0.595604395604396,"PGLS"
"CSE1L",0.731868131868132,"CSE1L"
"BRCA1",0.252747252747253,"BRCA1"
"PURA",0.424175824175824,"PURA"
"PURB",0.586813186813187,"PURB"
"GTF2H3",0.0454545454545455,"GTF2H3"
"FEM1B",0.120879120879121,"FEM1B"
"KIF20A",0.318681318681319,"KIF20A"
"DIP2B",0.512087912087912,"DIP2B"
"DIP2A",0.4,"DIP2A"
"ASPM",-0.173626373626374,"ASPM"
"HDLBP",0.758241758241758,"HDLBP"
"NEK7",0.0593406593406593,"NEK7"
"NEK6",0.156043956043956,"NEK6"
"LCP1",0.389010989010989,"LCP1"
"PLS3",0.221978021978022,"PLS3"
"PLS1",0.846153846153846,"PLS1"
"TANK",0.472527472527473,"TANK"
"ANKIB1",0.336263736263736,"ANKIB1"
"GLOD4",0.512087912087912,"GLOD4"
"CEP152",0.643956043956044,"CEP152"
"PRR14L",0.56043956043956,"PRR14L"
"PRR14",0.190909090909091,"PRR14"
"TENM3",0.931720321861117,"TENM3"
"AGK",0.74945054945055,"AGK"
"WDR37",0.257142857142857,"WDR37"
"UBE3A",0.591208791208791,"UBE3A"
"MTFR1L",0.525274725274725,"MTFR1L"
"DAGLB",0.731868131868132,"DAGLB"
"ZC3H7B",0.010989010989011,"ZC3H7B"
"ZC3H7A",0.621978021978022,"ZC3H7A"
"RNF169",0.824175824175824,"RNF169"
"CDH6",0.0686515033089392,"CDH6"
"TPM3",0.233168799093201,"TPM3"
"TPM1",0.0959235372095852,"TPM1"
"TPM2",0.723883976679095,"TPM2"
"TPM4",0.302715117520349,"TPM4"
"PACSIN2",0.440353938537112,"PACSIN2"
"SNX2",0.578021978021978,"SNX2"
"SNX1",0.463736263736264,"SNX1"
"IDI1",0.463736263736264,"IDI1"
"RBBP6",0.353846153846154,"RBBP6"
"GRHPR",0.753846153846154,"GRHPR"
"GPD2",0.542857142857143,"GPD2"
"CSNK1D",0.384615384615385,"CSNK1D"
"CSNK1A1",0.149691244204267,"CSNK1A1"
"CSNK1E",0.283516483516484,"CSNK1E"
"BPTF",0.322898030684019,"BPTF"
"DIAPH3",0.664835164835165,"DIAPH3"
"SETX",0.375824175824176,"SETX"
"RBM33",0.591599878769582,"RBM33"
"IWS1",0.767032967032967,"IWS1"
"PIK3C2A",0.4730475909816,"PIK3C2A"
"ARHGEF7",0.696703296703297,"ARHGEF7"
"ARHGEF6",0.159118450591631,"ARHGEF6"
"MAGI3",0.521978021978022,"MAGI3"
"MAGI1",0.775824175824176,"MAGI1"
"ARID4A",0.437362637362637,"ARID4A"
"ARID4B",0.358241758241758,"ARID4B"
"CBX4",0.665934065934066,"CBX4"
"LIG3",0.0858086327827088,"LIG3"
"CDC73",0.52967032967033,"CDC73"
"ZNF462",-0.0417582417582418,"ZNF462"
"DNAJC6",0.664335664335664,"DNAJC6"
"DUSP3",0.441758241758242,"DUSP3"
"PALLD",0.775824175824176,"PALLD"
"VDAC3",0.582417582417582,"VDAC3"
"VDAC1",0.52967032967033,"VDAC1"
"GPHN",0.802197802197802,"GPHN"
"EMG1",0.156043956043956,"EMG1"
"SPEN",-0.331868131868132,"SPEN"
"PRPF3",0.397802197802198,"PRPF3"
"ASMTL",0.569230769230769,"ASMTL"
"PHF8",0.362637362637363,"PHF8"
"KDM2A",0.164835164835165,"KDM2A"
"PHF2",0.367032967032967,"PHF2"
"KDM2B",0.552447552447553,"KDM2B"
"B3GNT2",0.576923076923077,"B3GNT2"
"F5",0.055310952805764,"F5"
"ATP2C1",0.292307692307692,"ATP2C1"
"TP53BP1",0.604395604395604,"TP53BP1"
"S100A16",0.569230769230769,"S100A16"
"QRSL1",0.354235637897849,"QRSL1"
"BOD1L1",0.16043956043956,"BOD1L1"
"LIMCH1",0.823248975985257,"LIMCH1"
"BOD1",0.472527472527473,"BOD1"
"SORL1",0.507692307692308,"SORL1"
"SRPK2",0.582417582417582,"SRPK2"
"SRPK1",0.617582417582418,"SRPK1"
"AP2A1",0.182417582417582,"AP2A1"
"AP2A2",0.740659340659341,"AP2A2"
"RCN1",0.542857142857143,"RCN1"
"BCAT2",0.797802197802198,"BCAT2"
"ADD2",0.581224340355541,"ADD2"
"ADD1",-0.164835164835165,"ADD1"
"ADD3",0.872527472527473,"ADD3"
"PLXNA1",0.362637362637363,"PLXNA1"
"PLXNA2",0.517482517482518,"PLXNA2"
"SEL1L",0.208791208791209,"SEL1L"
"ALDH4A1",0.586813186813187,"ALDH4A1"
"MISP",0.507692307692308,"MISP"
"UBR5",0.0857142857142857,"UBR5"
"PPP1R12C",0.579514784225359,"PPP1R12C"
"PPP1R12A",0.441964476414775,"PPP1R12A"
"PPP1R12B",0.365887553840685,"PPP1R12B"
"YBX1",0.195604395604396,"YBX1"
"YBX2",0.944055944055944,"YBX2"
"YBX3",0.41486898194257,"YBX3"
"C5orf24",0.494505494505494,"C5orf24"
"GOLGA1",0.753846153846154,"GOLGA1"
"AKAP8",0.151648351648352,"AKAP8"
"TMCO3",0.736263736263736,"TMCO3"
"CCDC137",0.217582417582418,"CCDC137"
"TOM1",0.292223981500423,"TOM1"
"KAZN",0.688669283615073,"KAZN"
"KNOP1",0.661538461538462,"KNOP1"
"TPR",0.283516483516484,"TPR"
"PCM1",0.184261375881951,"PCM1"
"SLC20A2",0.67032967032967,"SLC20A2"
"SLC20A1",0.706293706293706,"SLC20A1"
"GCFC2",0.690869504968476,"GCFC2"
"ATF7IP",0.507692307692308,"ATF7IP"
"CALM2",-0.178021978021978,"CALM2"
"POM121",-0.221978021978022,"POM121"
"POM121C",0.494505494505495,"POM121C"
"FCHSD1",0.397802197802198,"FCHSD1"
"BASP1",0.515419752518916,"BASP1"
"WBP2",0.52967032967033,"WBP2"
"PRKRA",-0.138461538461538,"PRKRA"
"CCAR2",0.410989010989011,"CCAR2"
"UAP1L1",0.868131868131868,"UAP1L1"
"UAP1",0.485714285714286,"UAP1"
"EIF3B",0.221978021978022,"EIF3B"
"NF2",0.512087912087912,"NF2"
"TSPAN31",0.258741258741259,"TSPAN31"
"TSPAN13",0.405594405594406,"TSPAN13"
"MELK",0.669124700746441,"MELK"
"ALDH16A1",0.362637362637363,"ALDH16A1"
"BMS1",0.173626373626374,"BMS1"
"EPS8",0.745054945054945,"EPS8"
"MAP1B",0.800880572638615,"MAP1B"
"MAP1A",0.621146881240745,"MAP1A"
"ADK",0.103296703296703,"ADK"
"PDIA5",0.828571428571429,"PDIA5"
"LAMA1",0.350263234169173,"LAMA1"
"ERCC6L",0.762637362637363,"ERCC6L"
"GON4L",0.397802197802198,"GON4L"
"BCL9",0.683516483516484,"BCL9"
"TONSL",0.331868131868132,"TONSL"
"LTBP4",0.726604575920694,"LTBP4"
"DHX9",0.389010989010989,"DHX9"
"NID1",0.339207871315868,"NID1"
"VLDLR",0.802197802197802,"VLDLR"
"LDLR",0.274725274725275,"LDLR"
"LRP8",0.0197802197802198,"LRP8"
"LAMA3",0.595604395604396,"LAMA3"
"LAMA5",0.714285714285714,"LAMA5"
"EVPL",0.63956043956044,"EVPL"
"PTMA",0.652747252747253,"PTMA"
"NR2F6",0.192307692307692,"NR2F6"
"NR2F1",-0.301098901098901,"NR2F1"
"NR2F2",0.16043956043956,"NR2F2"
"SPG7",0.0769230769230769,"SPG7"
"PACSIN3",0.70989010989011,"PACSIN3"
"NCKAP1",-0.217582417582418,"NCKAP1"
"IDUA",0.274725274725275,"IDUA"
"KLC1",0.663272780382931,"KLC1"
"KLC4",0.371428571428571,"KLC4"
"KLC2",0.604395604395604,"KLC2"
"KLC3",0.728273267976323,"KLC3"
"HOOK3",0.595604395604396,"HOOK3"
"HOOK1",0.498901098901099,"HOOK1"
"WDR70",0.771428571428571,"WDR70"
"NUF2",0.56043956043956,"NUF2"
"TAGLN",0.815384615384615,"TAGLN"
"TAGLN2",0.507692307692308,"TAGLN2"
"HGS",0.226373626373626,"HGS"
"CLTA",-0.116483516483516,"CLTA"
"TBC1D8B",0.835164835164835,"TBC1D8B"
"TXNDC15",-0.1,"TXNDC15"
"GSTCD",-0.010989010989011,"GSTCD"
"PTMS",0.551648351648352,"PTMS"
"CCND1",0.318181818181818,"CCND1"
"TNFAIP2",0.714285714285714,"TNFAIP2"
"PPIL2",0.323076923076923,"PPIL2"
"NXT2",0.362637362637363,"NXT2"
"CTTNBP2NL",0.705494505494506,"CTTNBP2NL"
"MTHFD1",0.551648351648352,"MTHFD1"
"MTHFD1L",0.656599797942138,"MTHFD1L"
"ZMYM2",0.301098901098901,"ZMYM2"
"ZMYM4",0.740659340659341,"ZMYM4"
"ZMYM3",0.151648351648352,"ZMYM3"
"ZMYM1",0.318181818181818,"ZMYM1"
"PDCD6IP",0.318681318681319,"PDCD6IP"
"TRPM4",0.697802197802198,"TRPM4"
"TAF12",-0.226373626373626,"TAF12"
"PRKCD",0.740659340659341,"PRKCD"
"PRKCE",0.0909090909090909,"PRKCE"
"PRKCA",0.274725274725275,"PRKCA"
"PRKCB",0.19090852559699,"PRKCB"
"HNRNPUL2",0.516483516483516,"HNRNPUL2"
"HAUS1",0.362637362637363,"HAUS1"
"LAMB3",0.595604395604396,"LAMB3"
"FHOD1",0.468131868131868,"FHOD1"
"LIMA1",0.312586262656882,"LIMA1"
"LIMD2",0.269230769230769,"LIMD2"
"DPY19L1",0.353846153846154,"DPY19L1"
"MTR",0.371428571428571,"MTR"
"SVIL",0.478822174778583,"SVIL"
"ZNF131",0.674725274725275,"ZNF131"
"PHF10",0.314285714285714,"PHF10"
"AGPAT2",0.736263736263736,"AGPAT2"
"INTS10",-0.0241758241758242,"INTS10"
"VPS18",0.384615384615385,"VPS18"
"FAM83D",0.81978021978022,"FAM83D"
"UBN1",0.178021978021978,"UBN1"
"FAM98B",0.806593406593407,"FAM98B"
"FAM98A",0.556043956043956,"FAM98A"
"AMOTL1",0.941694739256393,"AMOTL1"
"AMOTL2",0.723076923076923,"AMOTL2"
"AMOT",0.797202797202797,"AMOT"
"COL6A3",-0.147252747252747,"COL6A3"
"CNNM3",0.393406593406593,"CNNM3"
"CNNM2",0.283516483516484,"CNNM2"
"CNNM4",0.762637362637363,"CNNM4"
"RBM28",0.296703296703297,"RBM28"
"NOTCH1",0.437362637362637,"NOTCH1"
"NOTCH2",0.705494505494506,"NOTCH2"
"NOTCH3",0.578658215944933,"NOTCH3"
"USP8",0.437362637362637,"USP8"
"PIK3CB",0.454545454545455,"PIK3CB"
"PRODH",0.841758241758242,"PRODH"
"ASCC1",-0.292307692307692,"ASCC1"
"ATP12A",0.291756629686044,"ATP12A"
"ATP1A1",0.674725274725275,"ATP1A1"
"ATP1A3",-0.349835195191043,"ATP1A3"
"ATP1A4",0.104580074593972,"ATP1A4"
"MAN2A1",0.481318681318681,"MAN2A1"
"MAN2A2",-0.103296703296703,"MAN2A2"
"MYO18A",0.731868131868132,"MYO18A"
"LSS",0.718681318681319,"LSS"
"PRUNE2",0.856494249447026,"PRUNE2"
"BNIP2",0.202797202797203,"BNIP2"
"LIG4",0.564835164835165,"LIG4"
"XAB2",0.41978021978022,"XAB2"
"DNAJC17",0.771428571428571,"DNAJC17"
"PFDN2",0.173626373626374,"PFDN2"
"SCAMP2",0.775824175824176,"SCAMP2"
"PRPF6",0.49010989010989,"PRPF6"
"PTRH1",0.331868131868132,"PTRH1"
"ERAP2",0.762637362637363,"ERAP2"
"POLE4",0.426573426573427,"POLE4"
"GSR",0.793406593406593,"GSR"
"LTN1",0.727472527472527,"LTN1"
"PCID2",0.393406593406593,"PCID2"
"MSTO1",0.52967032967033,"MSTO1"
"CEP57",0.221978021978022,"CEP57"
"IFT172",-0.27972027972028,"IFT172"
"MEX3D",0.56043956043956,"MEX3D"
"GATC",-0.0857142857142857,"GATC"
"COX6A1",0.450549450549451,"COX6A1"
"WDHD1",0.595604395604396,"WDHD1"
"SCLY",0.402197802197802,"SCLY"
"GOLGA2",0.387364753739572,"GOLGA2"
"MTPAP",0.626373626373626,"MTPAP"
"ACO1",0.375824175824176,"ACO1"
"SHPRH",0.440559440559441,"SHPRH"
"SYVN1",-0.134065934065934,"SYVN1"
"TGIF1",0.345054945054945,"TGIF1"
"SLCO4A1",0.62937062937063,"SLCO4A1"
"IGBP1",0.336263736263736,"IGBP1"
"KIF5B",0.604395604395604,"KIF5B"
"KIF5C",-0.229285811111297,"KIF5C"
"KIF5A",-0.327472527472527,"KIF5A"
"TOM1L2",0.569230769230769,"TOM1L2"
"SLC7A6OS",0.617582417582418,"SLC7A6OS"
"GSE1",0.375824175824176,"GSE1"
"KSR1",0.608391608391608,"KSR1"
"KSR2",-0.0381385035698237,"KSR2"
"NEMF",0.578021978021978,"NEMF"
"FBXO38",0.434065934065934,"FBXO38"
"CCNK",0.0637362637362637,"CCNK"
"TNKS1BP1",0.63956043956044,"TNKS1BP1"
"TSC22D1",0.417691678465638,"TSC22D1"
"TSC22D4",0.617582417582418,"TSC22D4"
"TSC22D2",0.0274725274725275,"TSC22D2"
"TSC22D3",0.755244755244755,"TSC22D3"
"TYSND1",-0.10989010989011,"TYSND1"
"CLTC",0.702419278879669,"CLTC"
"APBB2",0.292307692307692,"APBB2"
"ACSS3",0.824362728406716,"ACSS3"
"PFKFB4",0.118881118881119,"PFKFB4"
"PFKFB3",0.00659340659340659,"PFKFB3"
"PFKFB2",0.283516483516484,"PFKFB2"
"FASN",0.27032967032967,"FASN"
"POLD1",0.665934065934066,"POLD1"
"UACA",0.643956043956044,"UACA"
"RAD18",0.195604395604396,"RAD18"
"RSL1D1",0.0901098901098901,"RSL1D1"
"FNBP1",0.841758241758242,"FNBP1"
"FCHO1",-0.727272727272727,"FCHO1"
"UGDH",0.415384615384615,"UGDH"
"COPB2",0.327472527472527,"COPB2"
"MDC1",0.454945054945055,"MDC1"
"ZNF638",0.569230769230769,"ZNF638"
"SLC16A1",0.41978021978022,"SLC16A1"
"KIAA1671",0.476923076923077,"KIAA1671"
"WDFY3",0.516483516483517,"WDFY3"
"NOLC1",0.393406593406593,"NOLC1"
"VPS13C",-0.134065934065934,"VPS13C"
"VPS13A",0.279428111882154,"VPS13A"
"PALMD",0.861164271040236,"PALMD"
"TM2D3",0.545454545454545,"TM2D3"
"ATP6V0A2",0.617582417582418,"ATP6V0A2"
"TCIRG1",0.626373626373626,"TCIRG1"
"ATP6V0A1",0.463736263736264,"ATP6V0A1"
"GTF3C3",0.208791208791209,"GTF3C3"
"CNOT2",0.463736263736264,"CNOT2"
"AHDC1",0.0989010989010989,"AHDC1"
"COQ5",0.547252747252747,"COQ5"
"POLR1E",-0.245975168484529,"POLR1E"
"RC3H1",-0.0681318681318681,"RC3H1"
"OXCT1",0.837362637362637,"OXCT1"
"NUB1",0.665934065934066,"NUB1"
"TARBP2",0.252747252747253,"TARBP2"
"DYNC2H1",0.672727272727273,"DYNC2H1"
"HNRNPM",0.0469723897370164,"HNRNPM"
"TPRN",0.314285714285714,"TPRN"
"GALNT12",0.00455582047578205,"GALNT12"
"GALNT2",0.824175824175824,"GALNT2"
"POC1B-GALNT4",0.455445820154377,"POC1B-GALNT4"
"GALNT5",0.769230769230769,"GALNT5"
"SARM1",0.160616158798404,"SARM1"
"NECAP2",0.423317440039618,"NECAP2"
"FLII",0.446044107753283,"FLII"
"GPSM1",0.659340659340659,"GPSM1"
"GPSM2",0.633259046133705,"GPSM2"
"TRERF1",0.951048951048951,"TRERF1"
"SPATS2L",0.400872411069073,"SPATS2L"
"AQR",0.23956043956044,"AQR"
"RRP12",0.696703296703297,"RRP12"
"TRRAP",-0.331868131868132,"TRRAP"
"TIA1",0.314285714285714,"TIA1"
"TIAL1",-0.217582417582418,"TIAL1"
"RIPK2",0.252747252747253,"RIPK2"
"EMC2",-0.120879120879121,"EMC2"
"YWHAE",0.30989010989011,"YWHAE"
"SFN",0.525274725274725,"SFN"
"YWHAB",0.353846153846154,"YWHAB"
"YWHAZ",0.327472527472527,"YWHAZ"
"YWHAQ",0.292307692307692,"YWHAQ"
"YWHAG",0.758241758241758,"YWHAG"
"YWHAH",0.582417582417582,"YWHAH"
"LRSAM1",0.301098901098901,"LRSAM1"
"LMAN1",0.564835164835165,"LMAN1"
"LRBA",0.569230769230769,"LRBA"
"NBEA",-0.0286028775942363,"NBEA"
"CPT1A",0.630769230769231,"CPT1A"
"WDR75",-0.116483516483516,"WDR75"
"DFFA",0.305830768122988,"DFFA"
"NEFL",0.101869320654287,"NEFL"
"PRPH",0.40413155181573,"PRPH"
"DES",0.202420364513057,"DES"
"NEFM",0.0445474074490411,"NEFM"
"INA",-0.477026525634537,"INA"
"NEFH",0.714180271397537,"NEFH"
"VIM",0.49010989010989,"VIM"
"GAR1",0.532453567523475,"GAR1"
"SRRM2",0.450549450549451,"SRRM2"
"SDHA",0.305494505494505,"SDHA"
"EFR3A",0.507692307692308,"EFR3A"
"LGALS3BP",0.784615384615385,"LGALS3BP"
"SLC25A19",0.503296703296703,"SLC25A19"
"DPYD",0.608791208791209,"DPYD"
"MLLT1",0.296703296703297,"MLLT1"
"CBX8",0.828571428571429,"CBX8"
"VPS51",0.362637362637363,"VPS51"
"AARS2",0.802197802197802,"AARS2"
"XPO7",0.626373626373626,"XPO7"
"ARSD",0.445454545454545,"ARSD"
"STS",0.758241758241758,"STS"
"SMC6",0.652747252747253,"SMC6"
"GAPDH",0.727472527472527,"GAPDH"
"GAPDHS",-0.347187056226083,"GAPDHS"
"MAPT",0.709485589536959,"MAPT"
"ANO6",0.331868131868132,"ANO6"
"SCAF4",0.687912087912088,"SCAF4"
"SCAF8",0.340659340659341,"SCAF8"
"CPSF6",-0.0901098901098901,"CPSF6"
"TUBGCP6",0.362637362637363,"TUBGCP6"
"RAI1",0.353846153846154,"RAI1"
"TCF20",0.81978021978022,"TCF20"
"IGSF3",0.236263736263736,"IGSF3"
"COMMD3",0.516483516483516,"COMMD3"
"COMMD3-BMI1",0.233223463460696,"COMMD3-BMI1"
"PCGF2",0.169230769230769,"PCGF2"
"DDX42",0.49010989010989,"DDX42"
"NKX2-1",-0.129044590634914,"NKX2-1"
"NCAM1",0.629986840823435,"NCAM1"
"STK39",0.718681318681319,"STK39"
"OXSR1",0.151648351648352,"OXSR1"
"ALDH3A1",0.903296703296703,"ALDH3A1"
"ALDH3B1",0.569230769230769,"ALDH3B1"
"ALDH3A2",0.775824175824176,"ALDH3A2"
"CCDC124",0.802197802197802,"CCDC124"
"ENOPH1",0.454945054945055,"ENOPH1"
"HUWE1",0.56043956043956,"HUWE1"
"SAMD4B",0.432967032967033,"SAMD4B"
"SAMD4A",0.490909090909091,"SAMD4A"
"MRTO4",0.516483516483516,"MRTO4"
"SRM",0.824175824175824,"SRM"
"ITGA3",0.886276613167929,"ITGA3"
"SMARCD2",-0.221978021978022,"SMARCD2"
"SMARCD1",0.626373626373626,"SMARCD1"
"MYO19",0.525274725274725,"MYO19"
"CLIP2",0.716655938402879,"CLIP2"
"CLIP1",0.496733205020373,"CLIP1"
"WDR81",0.534065934065934,"WDR81"
"UBXN6",0.556043956043956,"UBXN6"
"EEF1A2",0.459340659340659,"EEF1A2"
"NMD3",0.758241758241758,"NMD3"
"FRMD4A",0.393406593406593,"FRMD4A"
"GNL3L",0.6,"GNL3L"
"GNL3",0.327472527472527,"GNL3"
"CNOT3",0.714285714285714,"CNOT3"
"TOR3A",0.441758241758242,"TOR3A"
"PPP1R3D",0.626373626373626,"PPP1R3D"
"BAG6",0.120879120879121,"BAG6"
"FARSB",0.569230769230769,"FARSB"
"DERA",0.49010989010989,"DERA"
"TFE3",0.243956043956044,"TFE3"
"MITF",0.563766254414022,"MITF"
"BCL2L2",0.397802197802198,"BCL2L2"
"RNF40",-0.0593406593406593,"RNF40"
"RNF20",0.375824175824176,"RNF20"
"TSPYL5",0.135109264463245,"TSPYL5"
"TACSTD2",0.771428571428571,"TACSTD2"
"MED12",0.230769230769231,"MED12"
"EPS8L1",0.695088038305033,"EPS8L1"
"FLYWCH1",-0.718181818181818,"FLYWCH1"
"SPAG9",0.617582417582418,"SPAG9"
"MAPK8IP3",-0.0769230769230769,"MAPK8IP3"
"DNAJC2",0.854945054945055,"DNAJC2"
"ATP6V1D",0.0945054945054945,"ATP6V1D"
"DDX20",0.701098901098901,"DDX20"
"GART",0.30989010989011,"GART"
"HSPA14",0.384615384615385,"HSPA14"
"STARD13",0.790909090909091,"STARD13"
"STT3B",0.314285714285714,"STT3B"
"STT3A",0.415384615384615,"STT3A"
"TBC1D10B",0.257142857142857,"TBC1D10B"
"TBC1D10A",0.476923076923077,"TBC1D10A"
"RRP1",0.0021978021978022,"RRP1"
"CCDC120",0.427272727272727,"CCDC120"
"GOLPH3",0.481318681318681,"GOLPH3"
"GOLPH3L",0.485714285714286,"GOLPH3L"
"DDX1",0.230769230769231,"DDX1"
"GNPDA1",0.38021978021978,"GNPDA1"
"GNPDA2",0.884615384615385,"GNPDA2"
"KIAA2013",0.410989010989011,"KIAA2013"
"LRRC47",0.674725274725275,"LRRC47"
"CAMKMT",0.291208791208791,"CAMKMT"
"HPDL",0.775824175824176,"HPDL"
"LAP3",0.49010989010989,"LAP3"
"CDC5L",0.432967032967033,"CDC5L"
"ADSL",0.767032967032967,"ADSL"
"RAP1GAP2",0.654545454545455,"RAP1GAP2"
"RPL7A",-0.0769230769230769,"RPL7A"
"TMA7",0.367032967032967,"TMA7"
"GTF3C1",0.23956043956044,"GTF3C1"
"ERICH1",0.7,"ERICH1"
"SF3B1",0.261538461538461,"SF3B1"
"RPS6KB2",0.538461538461538,"RPS6KB2"
"AKT2",0.147252747252747,"AKT2"
"AKT1",0.63956043956044,"AKT1"
"RPS6KB1",0.323076923076923,"RPS6KB1"
"HERC2",0.208791208791209,"HERC2"
"CHTF8",0.11718789736632,"CHTF8"
"CENPB",0.367032967032967,"CENPB"
"ERC1",0.508251132636044,"ERC1"
"SREBF1",0.412587412587413,"SREBF1"
"SREBF2",0.472527472527473,"SREBF2"
"SMAD4",0.569230769230769,"SMAD4"
"MLPH",0.453245598800974,"MLPH"
"TARS2",0.142857142857143,"TARS2"
"ITPR3",0.0373626373626374,"ITPR3"
"ITPR1",0.863736263736264,"ITPR1"
"ITPR2",0.156215716091598,"ITPR2"
"ZNF593",0.363636363636364,"ZNF593"
"EIF2B5",0.432967032967033,"EIF2B5"
"HGSNAT",0.0979020979020979,"HGSNAT"
"MYO9B",0.498901098901099,"MYO9B"
"SAP30",0.252747252747253,"SAP30"
"TOMM34",0.397802197802198,"TOMM34"
"ZNF512B",0.810989010989011,"ZNF512B"
"PARP14",0.608791208791209,"PARP14"
"MACROD1",0.740659340659341,"MACROD1"
"PSMB1",0.2,"PSMB1"
"DGKZ",0.313186813186813,"DGKZ"
"PDSS2",0.467032967032967,"PDSS2"
"HMGN5",0.978021978021978,"HMGN5"
"GAK",0.907692307692308,"GAK"
"OPA1",0.731868131868132,"OPA1"
"CYB5R4",0.223776223776224,"CYB5R4"
"AMACR",0.512087912087912,"AMACR"
"FLNB",0.296779162422374,"FLNB"
"FLNA",0.81978021978022,"FLNA"
"FLNC",0.257142857142857,"FLNC"
"ASPSCR1",0.437362637362637,"ASPSCR1"
"HYI",0.618181818181818,"HYI"
"SEC61B",-0.0549450549450549,"SEC61B"
"FIS1",0.70989010989011,"FIS1"
"ELF3",0.664835164835165,"ELF3"
"MRPL2",-0.191208791208791,"MRPL2"
"JAGN1",0.434065934065934,"JAGN1"
"POLR3E",0.178021978021978,"POLR3E"
"HDAC6",0.441758241758242,"HDAC6"
"ITPKB",0.450549450549451,"ITPKB"
"ITPKC",0.485714285714286,"ITPKC"
"KPNB1",0.789010989010989,"KPNB1"
"MOCOS",0.78021978021978,"MOCOS"
"RHPN2",0.516483516483517,"RHPN2"
"RPLP2",-0.362637362637363,"RPLP2"
"PNKP",0.243956043956044,"PNKP"
"PPP1R9B",0.52967032967033,"PPP1R9B"
"PRPF4B",0.652747252747253,"PRPF4B"
"PPP1R9A",0.902878556817261,"PPP1R9A"
"PAWR",0.643956043956044,"PAWR"
"HSPG2",0.498901098901099,"HSPG2"
"MFAP1",0.0197802197802198,"MFAP1"
"NFKB2",0.648398491264863,"NFKB2"
"REL",0.347634973837641,"REL"
"RUVBL2",0.410989010989011,"RUVBL2"
"PCBD2",0.435643827973752,"PCBD2"
"PCBD1",0.767032967032967,"PCBD1"
"DUT",0.481318681318681,"DUT"
"POLR1B",0.217582417582418,"POLR1B"
"AKNA",0.178634249426278,"AKNA"
"RAB11B",0.336263736263736,"RAB11B"
"RAB11A",0.56043956043956,"RAB11A"
"RAB25",0.573426573426573,"RAB25"
"CHMP4B",0.551648351648352,"CHMP4B"
"CHMP4C",0.67032967032967,"CHMP4C"
"IPO4",0.582417582417582,"IPO4"
"DIS3L",-0.263636363636364,"DIS3L"
"CHD1",0.208791208791209,"CHD1"
"CHD2",0.0593406593406593,"CHD2"
"CHD6",0.569230769230769,"CHD6"
"NAA35",0.620879120879121,"NAA35"
"CHD8",0.718681318681319,"CHD8"
"CHD7",0.204395604395604,"CHD7"
"CHD9",0.6,"CHD9"
"CDC23",0.740659340659341,"CDC23"
"NCAPD2",0.375824175824176,"NCAPD2"
"SNAPC4",0.0699300699300699,"SNAPC4"
"IRGQ",0.432967032967033,"IRGQ"
"HELZ2",0.642857142857143,"HELZ2"
"PA2G4",0.775824175824176,"PA2G4"
"IQSEC2",0.5,"IQSEC2"
"IQSEC1",0.692307692307692,"IQSEC1"
"BUD13",0.534065934065934,"BUD13"
"SH3BP1",0.837362637362637,"SH3BP1"
"PDXP",0.846153846153846,"PDXP"
"USP6NL",0.283356526658576,"USP6NL"
"C6orf132",0.330033203010418,"C6orf132"
"CCT2",0.0945054945054945,"CCT2"
"ACAD11",0.134065934065934,"ACAD11"
"YTHDF1",0.6,"YTHDF1"
"YTHDF3",0.832967032967033,"YTHDF3"
"YTHDF2",0.0681318681318681,"YTHDF2"
"RAF1",0.697802197802198,"RAF1"
"BRAF",0.60989010989011,"BRAF"
"ARAF",0.434065934065934,"ARAF"
"GNAS",0.333082991350234,"GNAS"
"GNAQ",0.446153846153846,"GNAQ"
"GNA13",0.371428571428571,"GNA13"
"GNAO1",0.754390608759192,"GNAO1"
"GNAI2",0.608791208791209,"GNAI2"
"GNA11",0.243956043956044,"GNA11"
"GNAI1",0.912087912087912,"GNAI1"
"GNA12",0.137362637362637,"GNA12"
"GNAI3",0.367032967032967,"GNAI3"
"UNC13B",0.709090909090909,"UNC13B"
"POLR2M",0.157298848256451,"POLR2M"
"MRPL52",0.0197802197802198,"MRPL52"
"SMU1",0.327472527472527,"SMU1"
"RBM14",-0.0945054945054945,"RBM14"
"RBM4",-0.0769230769230769,"RBM4"
"CENPU",0.556043956043956,"CENPU"
"SUPV3L1",0.714285714285714,"SUPV3L1"
"EIF2B4",0.385833691337828,"EIF2B4"
"TNC",0.418181818181818,"TNC"
"TAF15",0.358241758241758,"TAF15"
"FUS",0.279120879120879,"FUS"
"SRP68",0.136413723910973,"SRP68"
"NOL12",-0.142857142857143,"NOL12"
"VPS13D",-0.0769230769230769,"VPS13D"
"PPP1R21",0.230769230769231,"PPP1R21"
"ZNF532",0.0725274725274725,"ZNF532"
"ZNF592",0.362637362637363,"ZNF592"
"ZNF687",-0.230769230769231,"ZNF687"
"AFAP1",0.92967032967033,"AFAP1"
"SLC12A6",0.0813186813186813,"SLC12A6"
"SLC12A4",0.796703296703297,"SLC12A4"
"RDH13",0.872527472527473,"RDH13"
"SLC12A7",0.525274725274725,"SLC12A7"
"TUBGCP5",0.309090909090909,"TUBGCP5"
"APRT",0.389010989010989,"APRT"
"TDRKH",0.859340659340659,"TDRKH"
"ARRDC1",0.447552447552448,"ARRDC1"
"CCDC91",0.608791208791209,"CCDC91"
"SCD",-0.0021978021978022,"SCD"
"EEA1",0.56043956043956,"EEA1"
"THADA",0.74945054945055,"THADA"
"PRMT5",0.186813186813187,"PRMT5"
"TFAP4",0.520879120879121,"TFAP4"
"GPR107",0.389866397459096,"GPR107"
"CYP27A1",0.578658215944933,"CYP27A1"
"MIEF1",0.494505494505495,"MIEF1"
"RBM17",-0.362637362637363,"RBM17"
"PRC1",0.586813186813187,"PRC1"
"RANBP1",0.16043956043956,"RANBP1"
"APOB",-0.138916433136387,"APOB"
"EXOC3",0.327472527472527,"EXOC3"
"SNRNP40",-0.0593406593406593,"SNRNP40"
"ARVCF",0.679120879120879,"ARVCF"
"SMC4",0.542857142857143,"SMC4"
"VWA5A",0.664835164835165,"VWA5A"
"BLZF1",-0.307692307692308,"BLZF1"
"NEURL4",0.49010989010989,"NEURL4"
"WDR3",-0.353846153846154,"WDR3"
"SIDT2",0.472727272727273,"SIDT2"
"RAB24",0.556043956043956,"RAB24"
"MATN2",0.636363636363636,"MATN2"
"RNF13",0.327472527472527,"RNF13"
"SLC27A1",0.621978021978022,"SLC27A1"
"SLC27A4",0.626373626373626,"SLC27A4"
"NUFIP2",0.226373626373626,"NUFIP2"
"KIAA1143",0.265934065934066,"KIAA1143"
"PRDX6",-0.116483516483516,"PRDX6"
"CARS2",0.802197802197802,"CARS2"
"RFX5",0.120879120879121,"RFX5"
"RFX7",0.730769230769231,"RFX7"
"PDLIM4",0.798680351285212,"PDLIM4"
"CCDC85C",-0.0824175824175824,"CCDC85C"
"ANPEP",0.506609158458763,"ANPEP"
"EML2",0.503296703296703,"EML2"
"EML1",0.762637362637363,"EML1"
"EML4",0.917128627075901,"EML4"
"ISCU",0.371428571428571,"ISCU"
"EML3",0.397802197802198,"EML3"
"FARP1",0.683516483516484,"FARP1"
"FARP2",0.472089052263307,"FARP2"
"DPYSL3",0.736263736263736,"DPYSL3"
"DPYSL2",0.737074153389934,"DPYSL2"
"CRMP1",0.13421350255757,"CRMP1"
"TNKS",0.300699300699301,"TNKS"
"PAFAH1B3",0.551648351648352,"PAFAH1B3"
"PDLIM1",0.643956043956044,"PDLIM1"
"TCOF1",0.216855545474522,"TCOF1"
"AHNAK2",0.876923076923077,"AHNAK2"
"AHNAK",0.22282798572697,"AHNAK"
"SYNE3",0.824175824175824,"SYNE3"
"CCNA2",0.617582417582418,"CCNA2"
"AP1G1",0.410989010989011,"AP1G1"
"AP1G2",0.723076923076923,"AP1G2"
"NAPA",0.679120879120879,"NAPA"
"NAPB",0.332750072460714,"NAPB"
"SMARCAL1",0.701098901098901,"SMARCAL1"
"ARHGAP17",0.732481148399157,"ARHGAP17"
"HPGD",0.498901098901099,"HPGD"
"LRP6",0.475928923416831,"LRP6"
"LRP5",0.582417582417582,"LRP5"
"LRP1",0.652747252747253,"LRP1"
"QDPR",0.454945054945055,"QDPR"
"USP28",0.450549450549451,"USP28"
"CMAS",0.494505494505494,"CMAS"
"FBXO6",0.836363636363636,"FBXO6"
"C6orf47",0.60989010989011,"C6orf47"
"ZNF598",-0.122356321349575,"ZNF598"
"ADH5",0.0725274725274725,"ADH5"
"PHKA2",0.221978021978022,"PHKA2"
"PHKA1",0.78021978021978,"PHKA1"
"SHMT2",0.797802197802198,"SHMT2"
"SHMT1",0.494505494505494,"SHMT1"
"SYNM",0.49055063531271,"SYNM"
"TBL3",0.125274725274725,"TBL3"
"CELF2",0.485198496712005,"CELF2"
"CELF1",-0.032967032967033,"CELF1"
"MRPL12",0.397802197802198,"MRPL12"
"SLC25A10",0.428571428571429,"SLC25A10"
"ANAPC2",-0.0241758241758242,"ANAPC2"
"MLKL",0.428571428571429,"MLKL"
"NFXL1",-0.00659340659340659,"NFXL1"
"CNTROB",0.542857142857143,"CNTROB"
"SIPA1",0.582417582417582,"SIPA1"
"SMARCC1",0.30989010989011,"SMARCC1"
"SMARCC2",0.717036358997588,"SMARCC2"
"TUBGCP3",-0.116483516483516,"TUBGCP3"
"HARS2",0.687912087912088,"HARS2"
"ATXN2",0.534070887253035,"ATXN2"
"ATXN2L",0.261538461538461,"ATXN2L"
"ACAP2",0.353846153846154,"ACAP2"
"XRN2",0.714285714285714,"XRN2"
"NTHL1",0.305494505494505,"NTHL1"
"MED25",0.362637362637363,"MED25"
"NDC1",0.608791208791209,"NDC1"
"HEBP1",0.574257773238128,"HEBP1"
"TRIM32",0.292307692307692,"TRIM32"
"CLGN",0.63956043956044,"CLGN"
"CANX",0.41978021978022,"CANX"
"HMOX1",0.547252747252747,"HMOX1"
"SYMPK",0.485714285714286,"SYMPK"
"TRIM29",0.437078703131219,"TRIM29"
"CIT",0.71648524691731,"CIT"
"ITGA4",0.179311879965591,"ITGA4"
"CUL7",0.909090909090909,"CUL7"
"PARP10",0.569230769230769,"PARP10"
"SFSWAP",0.485714285714286,"SFSWAP"
"EXOSC7",0.397802197802198,"EXOSC7"
"ABL2",0.447552447552448,"ABL2"
"ABL1",0.86013986013986,"ABL1"
"RASSF7",0.653846153846154,"RASSF7"
"ACSL1",0.81978021978022,"ACSL1"
"ACSL5",0.854945054945055,"ACSL5"
"EIF4ENIF1",0.367032967032967,"EIF4ENIF1"
"OFD1",0.525274725274725,"OFD1"
"VRK1",0.736263736263736,"VRK1"
"DGCR6L",0.390909090909091,"DGCR6L"
"PKLR",0.333686207147465,"PKLR"
"PKM",0.413491301830332,"PKM"
"RASAL1",0.572727272727273,"RASAL1"
"POLR2J",-0.0197802197802198,"POLR2J"
"UMPS",0.692307692307692,"UMPS"
"IGHMBP2",0.027972027972028,"IGHMBP2"
"NELFE",0.151648351648352,"NELFE"
"KMT2E",-0.0699300699300699,"KMT2E"
"FDXR",0.885714285714286,"FDXR"
"NAA10",0.265934065934066,"NAA10"
"NPEPL1",0.832967032967033,"NPEPL1"
"CSTF2T",0.384615384615385,"CSTF2T"
"CSTF2",0.23956043956044,"CSTF2"
"STARD3NL",0.859340659340659,"STARD3NL"
"CPSF3",0.0813186813186813,"CPSF3"
"ZNF706",0.762637362637363,"ZNF706"
"FKBP8",0.21788397649098,"FKBP8"
"DDX47",0.6,"DDX47"
"CCDC43",0.547252747252747,"CCDC43"
"WASL",0.806593406593407,"WASL"
"UBE2O",0.753846153846154,"UBE2O"
"SPTAN1",0.365232370051725,"SPTAN1"
"RPP30",0.687912087912088,"RPP30"
"MAGEA8",0.466545975604385,"MAGEA8"
"MAGEA4",0.803080793992018,"MAGEA4"
"MAGEB2",0.926644502314687,"MAGEB2"
"ATXN1L",0.318681318681319,"ATXN1L"
"PPFIBP1",0.565945654494565,"PPFIBP1"
"BRCA2",-0.454545454545455,"BRCA2"
"GALNS",0.595604395604396,"GALNS"
"ARSA",0.547252747252747,"ARSA"
"PKP2",0.520879120879121,"PKP2"
"NLRP2",0.921596470200222,"NLRP2"
"HPS3",0.635164835164835,"HPS3"
"BCCIP",0.652592372915245,"BCCIP"
"VMA21",0.586813186813187,"VMA21"
"SPICE1",0.28021978021978,"SPICE1"
"PPP2R5C",0.821869802627975,"PPP2R5C"
"PPP2R5D",0.446153846153846,"PPP2R5D"
"PPP2R5E",0.564835164835165,"PPP2R5E"
"PPP2R5A",0.472527472527473,"PPP2R5A"
"HNRNPLL",0.787679244518198,"HNRNPLL"
"HNRNPL",0.0505494505494506,"HNRNPL"
"ECH1",0.81978021978022,"ECH1"
"POLR1A",0.441758241758242,"POLR1A"
"POLR3A",0.327472527472527,"POLR3A"
"LIMS1",-0.2,"LIMS1"
"FPGT",-0.272727272727273,"FPGT"
"DNAJC3",0.802197802197802,"DNAJC3"
"GDF15",0.89010989010989,"GDF15"
"NOP14",0.00659340659340659,"NOP14"
"MIA3",0.767032967032967,"MIA3"
"PTPN23",0.362637362637363,"PTPN23"
"INO80",0.565934065934066,"INO80"
"KIF2A",0.846153846153846,"KIF2A"
"KIF2C",0.731868131868132,"KIF2C"
"DCTPP1",0.714285714285714,"DCTPP1"
"NUDT2",0.810989010989011,"NUDT2"
"RPS25",0.265934065934066,"RPS25"
"MSLN",0.678321678321678,"MSLN"
"URB1",0.446153846153846,"URB1"
"PAK4",0.635164835164835,"PAK4"
"TRMT5",0.305494505494505,"TRMT5"
"CEP63",0.692307692307692,"CEP63"
"FOXO3",0.346153846153846,"FOXO3"
"ZNF106",0.151648351648352,"ZNF106"
"PITPNM1",0.397802197802198,"PITPNM1"
"ARMC6",0.613186813186813,"ARMC6"
"PPP5C",0.397802197802198,"PPP5C"
"CEP350",0.758241758241758,"CEP350"
"DIAPH1",0.327472527472527,"DIAPH1"
"MRPS30",-0.072607304662292,"MRPS30"
"KIAA0319L",0.569230769230769,"KIAA0319L"
"DIMT1",0.547252747252747,"DIMT1"
"ACAA2",0.898901098901099,"ACAA2"
"PRKDC",0.736263736263736,"PRKDC"
"AIFM1",0.292307692307692,"AIFM1"
"ATF6",0.281818181818182,"ATF6"
"MOCS3",0.38021978021978,"MOCS3"
"COPS2",0.652747252747253,"COPS2"
"INTS3",0.279120879120879,"INTS3"
"SLC7A1",-0.384615384615385,"SLC7A1"
"HADHB",0.586813186813187,"HADHB"
"ISCA1",0.582417582417582,"ISCA1"
"PSMD11",0.274725274725275,"PSMD11"
"YTHDC2",0.0989010989010989,"YTHDC2"
"LXN",0.915719915632192,"LXN"
"TUBB6",0.485714285714286,"TUBB6"
"TUBB3",0.261538461538461,"TUBB3"
"TUBB2A",0.454945054945055,"TUBB2A"
"TUBB",0.410989010989011,"TUBB"
"TUBB4B",-0.230769230769231,"TUBB4B"
"TUBB4A",0.484213507017528,"TUBB4A"
"TUBB1",-0.235683391109077,"TUBB1"
"DPYSL5",0.411055997361713,"DPYSL5"
"WFS1",0.771428571428571,"WFS1"
"LAMA4",0.714285714285714,"LAMA4"
"ALDH18A1",0.362637362637363,"ALDH18A1"
"SPPL2B",0.616231669626417,"SPPL2B"
"DDX60L",0.772727272727273,"DDX60L"
"DDX60",0.62937062937063,"DDX60"
"RHOF",0.643956043956044,"RHOF"
"ILVBL",0.468131868131868,"ILVBL"
"GGT1",0.81978021978022,"GGT1"
"SQLE",0.769230769230769,"SQLE"
"FTL",-0.213186813186813,"FTL"
"NAAA",0.774725274725275,"NAAA"
"DDX54",0.551648351648352,"DDX54"
"DDX52",0.626373626373626,"DDX52"
"UPF2",0.723076923076923,"UPF2"
"SF3A1",-0.23956043956044,"SF3A1"
"CSPP1",0.175824175824176,"CSPP1"
"IMMT",0.393749011557265,"IMMT"
"CTNNB1",0.428571428571429,"CTNNB1"
"ICMT",0.181318681318681,"ICMT"
"TRMT2A",0.191208791208791,"TRMT2A"
"PGM2",0.402197802197802,"PGM2"
"PGM2L1",0.687912087912088,"PGM2L1"
"PLD2",0.279120879120879,"PLD2"
"PLD1",0.476923076923077,"PLD1"
"PEAK1",0.578021978021978,"PEAK1"
"SLC27A2",0.730769230769231,"SLC27A2"
"AP2B1",0.327472527472527,"AP2B1"
"AP1B1",0.0989010989010989,"AP1B1"
"WRN",0.541254452937086,"WRN"
"ATM",0.349450549450549,"ATM"
"TRIM56",0.0153846153846154,"TRIM56"
"CCDC85B",0.631868131868132,"CCDC85B"
"POLK",0.755244755244755,"POLK"
"MYLK",0.452594641906234,"MYLK"
"MAPK10",-0.0743804475278277,"MAPK10"
"MAPK9",0.340659340659341,"MAPK9"
"MAPK12",0.601398601398601,"MAPK12"
"MAPK13",0.853146853146853,"MAPK13"
"UTP6",0.12967032967033,"UTP6"
"MAPK14",0.4551387538696,"MAPK14"
"MAN2B2",0.49010989010989,"MAN2B2"
"STAG2",-0.032967032967033,"STAG2"
"STAG1",0.569230769230769,"STAG1"
"ZFYVE26",0.335164835164835,"ZFYVE26"
"RAI14",0.74945054945055,"RAI14"
"TBCD",-0.0197802197802198,"TBCD"
"COG6",-0.147252747252747,"COG6"
"IFIT3",0.578021978021978,"IFIT3"
"RAVER1",0.248972216221446,"RAVER1"
"NIPBL",0.485714285714286,"NIPBL"
"TMOD3",0.30989010989011,"TMOD3"
"TMOD2",-0.0154015494738195,"TMOD2"
"TMOD1",0.525852903463266,"TMOD1"
"ROBO1",0.806593406593407,"ROBO1"
"LY75",0.753065953463722,"LY75"
"ICAM5",0.762237762237762,"ICAM5"
"DLG5",0.151648351648352,"DLG5"
"DLGAP5",-0.0549450549450549,"DLGAP5"
"LUZP1",-0.0417582417582418,"LUZP1"
"LAMP1",0.679120879120879,"LAMP1"
"PSMA2",0.103296703296703,"PSMA2"
"RBM27",0.402197802197802,"RBM27"
"RBM26",0.340721521019815,"RBM26"
"GATAD2B",-0.0857142857142857,"GATAD2B"
"GATAD2A",-0.186813186813187,"GATAD2A"
"VRK2",0.428571428571429,"VRK2"
"ITGB8",0.422442499853335,"ITGB8"
"CUX1",-0.121744123350575,"CUX1"
"RECQL",0.789010989010989,"RECQL"
"SUPT4H1",0.287912087912088,"SUPT4H1"
"BLM",0.28382855458896,"BLM"
"POLE",0.318681318681319,"POLE"
"MAP3K3",0.227272727272727,"MAP3K3"
"MAPK1",0.367032967032967,"MAPK1"
"MAPK3",0.424175824175824,"MAPK3"
"MAP3K2",0.379120879120879,"MAP3K2"
"CYC1",0.243956043956044,"CYC1"
"THUMPD3",0.0945054945054945,"THUMPD3"
"TTYH3",0.569230769230769,"TTYH3"
"FTSJ3",0.384615384615385,"FTSJ3"
"MTSS1",0.902097902097902,"MTSS1"
"HYOU1",0.371428571428571,"HYOU1"
"GNL1",0.802197802197802,"GNL1"
"AHCTF1",0.446153846153846,"AHCTF1"
"CEP170B",0.410989010989011,"CEP170B"
"CEP170",0.755634458265236,"CEP170"
"LAD1",0.767032967032967,"LAD1"
"STK24",0.67032967032967,"STK24"
"STK25",0.27972027972028,"STK25"
"TFAP2B",-0.274482094951777,"TFAP2B"
"TFAP2A",0.516483516483517,"TFAP2A"
"TFAP2C",0.524404424085076,"TFAP2C"
"HIP1R",0.450549450549451,"HIP1R"
"HIP1",0.898901098901099,"HIP1"
"NDUFS3",0.217582417582418,"NDUFS3"
"ALG3",0.566433566433566,"ALG3"
"CEBPB",0.230769230769231,"CEBPB"
"CEBPD",0.58041958041958,"CEBPD"
"SATB2",0.654545454545455,"SATB2"
"SATB1",0.517482517482518,"SATB1"
"METTL1",0.481318681318681,"METTL1"
"CACUL1",0.274725274725275,"CACUL1"
"VGF",0.186813186813187,"VGF"
"LPCAT1",0.758241758241758,"LPCAT1"
"SHPK",0.659340659340659,"SHPK"
"ARID3A",0.807692307692308,"ARID3A"
"ARID3B",0.62937062937063,"ARID3B"
"DDX27",0.56043956043956,"DDX27"
"NPTN",0.613186813186813,"NPTN"
"SHROOM3",0.468131868131868,"SHROOM3"
"SHROOM2",0.621733738105224,"SHROOM2"
"HNRNPDL",-0.032967032967033,"HNRNPDL"
"HNRNPAB",-0.460653439704879,"HNRNPAB"
"HNRNPD",0.106389008693746,"HNRNPD"
"ACTR5",0.454945054945055,"ACTR5"
"DOCK6",0.476923076923077,"DOCK6"
"DOCK7",0.556043956043956,"DOCK7"
"CELSR1",0.3,"CELSR1"
"CELSR2",0.472727272727273,"CELSR2"
"GCDH",0.797802197802198,"GCDH"
"ESYT2",0.457691956957286,"ESYT2"
"RNF25",0.708791208791209,"RNF25"
"PPA1",0.679120879120879,"PPA1"
"PPA2",0.63956043956044,"PPA2"
"NME3",0.703296703296703,"NME3"
"SLC27A3",0.692307692307692,"SLC27A3"
"ADAR",0.604395604395604,"ADAR"
"NFATC3",0.244755244755245,"NFATC3"
"NFATC2",0.76203648431481,"NFATC2"
"TVP23C",0.134065934065934,"TVP23C"
"NUP214",0.586493766629318,"NUP214"
"QSOX1",0.613186813186813,"QSOX1"
"DDOST",0.186813186813187,"DDOST"
"PYGL",0.49010989010989,"PYGL"
"PYGB",0.832967032967033,"PYGB"
"POLA1",0.665934065934066,"POLA1"
"PDK3",0.591208791208791,"PDK3"
"PDK1",0.67032967032967,"PDK1"
"PDK2",0.252747252747253,"PDK2"
"MCL1",0.679120879120879,"MCL1"
"GPATCH2",0.565934065934066,"GPATCH2"
"CPEB4",0.538461538461538,"CPEB4"
"UBAP2",0.468131868131868,"UBAP2"
"STAU1",0.27882048667086,"STAU1"
"STAU2",0.498901098901099,"STAU2"
"DEAF1",0.290909090909091,"DEAF1"
"SLC2A8",0.790909090909091,"SLC2A8"
"MEPCE",0.573626373626374,"MEPCE"
"NDUFV3",0.0318907433304744,"NDUFV3"
"SF3B2",-0.203723289918944,"SF3B2"
"UBR4",0.292307692307692,"UBR4"
"PPP3CB",0.0725274725274725,"PPP3CB"
"PPP3CA",0.564835164835165,"PPP3CA"
"FCHSD2",0.0714285714285714,"FCHSD2"
"MEAF6",0.0417582417582418,"MEAF6"
"UTP20",0.648351648351648,"UTP20"
"CAMKK2",0.362637362637363,"CAMKK2"
"FOXP1",0.70989010989011,"FOXP1"
"FOXP4",0.54945054945055,"FOXP4"
"GGCX",0.358241758241758,"GGCX"
"NUP155",0.701098901098901,"NUP155"
"BIN1",0.759444840787464,"BIN1"
"AMPH",0.0474253862749854,"AMPH"
"CHCHD2",0.446153846153846,"CHCHD2"
"RAB17",0.846153846153846,"RAB17"
"HAUS7",0.314285714285714,"HAUS7"
"BAG3",0.542857142857143,"BAG3"
"TMPO",0.433445447844101,"TMPO"
"HAUS4",-0.321678321678322,"HAUS4"
"PIP5K1C",0.134065934065934,"PIP5K1C"
"PIP5K1A",0.524248893924243,"PIP5K1A"
"PSMD4",-0.413156062941981,"PSMD4"
"GSPT1",0.367032967032967,"GSPT1"
"GSPT2",0.666102629342609,"GSPT2"
"L3MBTL2",0.461538461538462,"L3MBTL2"
"MBTD1",0.27972027972028,"MBTD1"
"LTV1",-0.0197802197802198,"LTV1"
"SON",0.282198483755161,"SON"
"CMTR1",0.556043956043956,"CMTR1"
"NRCAM",0.4238185133447,"NRCAM"
"CAPN15",0.572727272727273,"CAPN15"
"PHF23",-0.0474079542175018,"PHF23"
"PDLIM7",0.784207641402353,"PDLIM7"
"SLC19A1",0.545454545454546,"SLC19A1"
"PDLIM5",0.428571428571429,"PDLIM5"
"OSBPL5",0.630769230769231,"OSBPL5"
"OSBPL8",0.569230769230769,"OSBPL8"
"TALDO1",0.340659340659341,"TALDO1"
"NFIC",0.841758241758242,"NFIC"
"NFIA",0.857142857142857,"NFIA"
"NFIX",0.713658118872345,"NFIX"
"NFIB",0.916094401721415,"NFIB"
"TOR4A",0.648351648351648,"TOR4A"
"UROD",0.793406593406593,"UROD"
"TYW1",0.510989010989011,"TYW1"
"TRA2B",-0.0241758241758242,"TRA2B"
"TRA2A",0.261826341054932,"TRA2A"
"HEATR5B",0.362637362637363,"HEATR5B"
"HEATR5A",0.302197802197802,"HEATR5A"
"THAP4",0.613186813186813,"THAP4"
"FKBPL",0.283516483516484,"FKBPL"
"ALDOA",0.573626373626374,"ALDOA"
"ALDOC",0.745054945054945,"ALDOC"
"RARS2",0.534065934065934,"RARS2"
"GPANK1",0.538461538461539,"GPANK1"
"CBS",0.630769230769231,"CBS"
"POLR3B",0.107692307692308,"POLR3B"
"SOX13",0.615384615384615,"SOX13"
"PINX1",0.367032967032967,"PINX1"
"SOX6",0.563636363636364,"SOX6"
"SOX9",0.643356643356643,"SOX9"
"SPTY2D1",0.6,"SPTY2D1"
"KATNA1",0.032967032967033,"KATNA1"
"VCP",0.459340659340659,"VCP"
"MBNL1",0.210962188545506,"MBNL1"
"ETFDH",0.41978021978022,"ETFDH"
"TYW5",-0.120879120879121,"TYW5"
"OSBPL3",0.386764012333427,"OSBPL3"
"OSBPL6",0.682821039661812,"OSBPL6"
"HLA-C",0.376327107411388,"HLA-C"
"HLA-A",0.282069716747754,"HLA-A"
"HLA-B",0.266702975807872,"HLA-B"
"HLA-E",0.393406593406593,"HLA-E"
"HLA-F",0.772727272727273,"HLA-F"
"CAT",0.679120879120879,"CAT"
"RPL32",0.0593406593406593,"RPL32"
"HKDC1",0.538461538461538,"HKDC1"
"HK1",0.723076923076923,"HK1"
"HK2",0.389010989010989,"HK2"
"HK3",-0.0432578543802347,"HK3"
"LAMB2",0.547252747252747,"LAMB2"
"DICER1",0.481318681318681,"DICER1"
"ACAD8",0.305494505494505,"ACAD8"
"DLD",0.204395604395604,"DLD"
"HSPBP1",0.564835164835165,"HSPBP1"
"REPS1",0.217582417582418,"REPS1"
"REPS2",0.538461538461539,"REPS2"
"B4GALT7",0.498901098901099,"B4GALT7"
"CCDC6",0.578021978021978,"CCDC6"
"EFCAB14",-0.072607304662292,"EFCAB14"
"NCLN",0.49010989010989,"NCLN"
"PHB2",0.652747252747253,"PHB2"
"LAMB1",0.687912087912088,"LAMB1"
"SPAG1",0.643956043956044,"SPAG1"
"SSB",0.643956043956044,"SSB"
"TRIM26",0.175824175824176,"TRIM26"
"ZNF428",0.377622377622378,"ZNF428"
"SNX8",0.683516483516484,"SNX8"
"PBRM1",0.446153846153846,"PBRM1"
"KIF14",0.692307692307692,"KIF14"
"HMGCL",0.727472527472527,"HMGCL"
"ADAM15",-0.0637362637362637,"ADAM15"
"RB1CC1",0.758241758241758,"RB1CC1"
"TRIM21",0.450549450549451,"TRIM21"
"DDX19B",0.410989010989011,"DDX19B"
"DDX19A",0.424175824175824,"DDX19A"
"NSF",0.621978021978022,"NSF"
"SMARCE1",0.269374276078826,"SMARCE1"
"TRIP10",0.574170448997314,"TRIP10"
"FNBP1L",0.758241758241758,"FNBP1L"
"VPS53",0.30989010989011,"VPS53"
"FRYL",0.0461538461538462,"FRYL"
"FRY",0.120879120879121,"FRY"
"FAM111B",0.845454545454546,"FAM111B"
"CCDC50",0.450990100206847,"CCDC50"
"TTI2",0.538461538461538,"TTI2"
"BRWD1",0.23956043956044,"BRWD1"
"PHIP",0.85054945054945,"PHIP"
"SPDL1",0.810989010989011,"SPDL1"
"HIVEP1",0.531468531468532,"HIVEP1"
"HIVEP2",0.890909090909091,"HIVEP2"
"TIGAR",0.331868131868132,"TIGAR"
"MIER1",0.542857142857143,"MIER1"
"CHTF18",0.424175824175824,"CHTF18"
"TBCE",0.349450549450549,"TBCE"
"EIF4B",0.389010989010989,"EIF4B"
"TOE1",0.591208791208791,"TOE1"
"DROSHA",0.456043956043956,"DROSHA"
"OGFR",0.626373626373626,"OGFR"
"CDV3",0.323076923076923,"CDV3"
"AGPS",0.569230769230769,"AGPS"
"NUS1",0.6,"NUS1"
"ACOT7",0.758241758241758,"ACOT7"
"LARP7",0.476923076923077,"LARP7"
"SDCCAG8",-0.2,"SDCCAG8"
"DDRGK1",0.551648351648352,"DDRGK1"
"PRKAR2B",0.69095596157409,"PRKAR2B"
"PRKAR2A",0.661538461538462,"PRKAR2A"
"TGFBRAP1",0.17032967032967,"TGFBRAP1"
"PPP6R2",0.349450549450549,"PPP6R2"
"PPP6R3",0.468131868131868,"PPP6R3"
"TUBGCP2",0.217582417582418,"TUBGCP2"
"SCLT1",0.754545454545455,"SCLT1"
"CIAPIN1",0.221978021978022,"CIAPIN1"
"TNS3",0.446153846153846,"TNS3"
"CHAMP1",0.0593406593406593,"CHAMP1"
"IRS1",0.67032967032967,"IRS1"
"FGD6",0.665500144921429,"FGD6"
"CLSTN1",-0.0373626373626374,"CLSTN1"
"PARP9",0.551648351648352,"PARP9"
"GCSH",0.454945054945055,"GCSH"
"TJAP1",0.0945054945054945,"TJAP1"
"IKZF2",0.809090909090909,"IKZF2"
"FOXK1",0.56043956043956,"FOXK1"
"FOXK2",0.393406593406593,"FOXK2"
"ITSN2",0.227140192292562,"ITSN2"
"ITSN1",0.312306769317366,"ITSN1"
"KIN",0.52967032967033,"KIN"
"NLRX1",0.446153846153846,"NLRX1"
"KANSL1",0.351648351648352,"KANSL1"
"KDM4B",0.283516483516484,"KDM4B"
"KDM4A",0.406593406593407,"KDM4A"
"CTSF",0.423076923076923,"CTSF"
"MLLT6",0.52967032967033,"MLLT6"
"MLLT10",0.371428571428571,"MLLT10"
"ANXA4",0.859340659340659,"ANXA4"
"ANXA5",0.613186813186813,"ANXA5"
"TAOK2",-0.195207434955375,"TAOK2"
"TAOK1",0.648351648351648,"TAOK1"
"TAOK3",0.463736263736264,"TAOK3"
"ACSF2",0.441758241758242,"ACSF2"
"DLG1",-0.128108842827013,"DLG1"
"DLG3",0.731868131868132,"DLG3"
"DLG2",0.400440286319308,"DLG2"
"NUDT19",0.868131868131868,"NUDT19"
"GBF1",0.806593406593407,"GBF1"
"ECI2",0.868131868131868,"ECI2"
"P2RX4",0.705494505494506,"P2RX4"
"HNRNPK",-0.258462162691643,"HNRNPK"
"MOCS2",0.164225574239629,"MOCS2"
"GOLGA3",0.459340659340659,"GOLGA3"
"MBOAT7",0.802197802197802,"MBOAT7"
"MB21D2",0.293706293706294,"MB21D2"
"DBT",0.235164835164835,"DBT"
"CLK3",0.675824175824176,"CLK3"
"PHKB",-0.538461538461538,"PHKB"
"NUP98",0.520879120879121,"NUP98"
"TMEM131",0.195604395604396,"TMEM131"
"USP36",0.674725274725275,"USP36"
"INF2",0.314285714285714,"INF2"
"ANO10",0.38021978021978,"ANO10"
"AKAP4",0.18996328948833,"AKAP4"
"DPP7",0.859340659340659,"DPP7"
"PDIA3",0.370716339572021,"PDIA3"
"PDIA4",0.569230769230769,"PDIA4"
"PEX16",0.202797202797203,"PEX16"
"FOCAD",0.389010989010989,"FOCAD"
"DTX3L",0.674725274725275,"DTX3L"
"ANLN",0.784615384615385,"ANLN"
"MNAT1",0.0197802197802198,"MNAT1"
"MYOF",0.556043956043956,"MYOF"
"DYSF",0.865640866409974,"DYSF"
"SRRM1",0.261538461538461,"SRRM1"
"USP24",-0.120879120879121,"USP24"
"XRCC1",0.49010989010989,"XRCC1"
"PDZD8",0.810989010989011,"PDZD8"
"SYTL1",0.951648351648352,"SYTL1"
"KANK1",0.525274725274725,"KANK1"
"KANK2",0.808983550199584,"KANK2"
"KANK4",0.120784350875623,"KANK4"
"MYCBP2",0.547252747252747,"MYCBP2"
"CPE",0.669002777263121,"CPE"
"EVL",0.14961505203139,"EVL"
"ENAH",0.815384615384615,"ENAH"
"ARHGAP21",-0.0989010989010989,"ARHGAP21"
"SYTL2",0.677987022951153,"SYTL2"
"TJP2",0.459340659340659,"TJP2"
"TJP1",0.349088073040363,"TJP1"
"GOLGA5",0.243956043956044,"GOLGA5"
"CAPN5",0.969230769230769,"CAPN5"
"CCNT1",0.582417582417582,"CCNT1"
"CCNT2",0.608391608391608,"CCNT2"
"MAP1S",0.705494505494506,"MAP1S"
"NLN",0.0769230769230769,"NLN"
"SEZ6L2",0.547166498285115,"SEZ6L2"
"BAZ1A",0.591208791208791,"BAZ1A"
"BCAR3",0.846153846153846,"BCAR3"
"SHC1",0.623696576378257,"SHC1"
"POLE3",0.494505494505494,"POLE3"
"POLB",0.358241758241758,"POLB"
"RPS6",0.156043956043956,"RPS6"
"SENP7",0.881118881118881,"SENP7"
"VPS16",0.428571428571429,"VPS16"
"TTF1",0.687912087912088,"TTF1"
"SGPL1",0.551648351648352,"SGPL1"
"DSG2",0.410989010989011,"DSG2"
"STRAP",0.393406593406593,"STRAP"
"NT5DC3",0.468131868131868,"NT5DC3"
"UBR3",-0.0813186813186813,"UBR3"
"PM20D2",0.718681318681319,"PM20D2"
"AKT1S1",0.437362637362637,"AKT1S1"
"TRMT6",0.63956043956044,"TRMT6"
"PDIA6",0.569230769230769,"PDIA6"
"STK11IP",0.331868131868132,"STK11IP"
"PHF21A",0.775824175824176,"PHF21A"
"STBD1",0.564835164835165,"STBD1"
"TRIM28",0.78021978021978,"TRIM28"
"SAP130",-0.0153846153846154,"SAP130"
"PPP1R13L",0.753846153846154,"PPP1R13L"
"SCARF2",0.350798176635218,"SCARF2"
"TMF1",0.30989010989011,"TMF1"
"ABT1",0.164835164835165,"ABT1"
"C19orf47",0.241758241758242,"C19orf47"
"AKAP12",0.910891640308754,"AKAP12"
"OGT",0.323076923076923,"OGT"
"MCCC2",0.617582417582418,"MCCC2"
"DIS3L2",0.340659340659341,"DIS3L2"
"EPB41L5",0.248791809665765,"EPB41L5"
"NCAPH",0.243956043956044,"NCAPH"
"GLE1",0.485714285714286,"GLE1"
"AFF4",0.257142857142857,"AFF4"
"SERPINH1",0.85054945054945,"SERPINH1"
"SMC1A",0.0989010989010989,"SMC1A"
"SMC1B",-0.592694229261309,"SMC1B"
"CAAP1",0.512087912087912,"CAAP1"
"TNRC18",0.331868131868132,"TNRC18"
"NUP107",-0.191208791208791,"NUP107"
"DNAJC7",0.863736263736264,"DNAJC7"
"AAGAB",0.30989010989011,"AAGAB"
"ZFHX3",0.384615384615385,"ZFHX3"
"ARFIP2",0.512087912087912,"ARFIP2"
"ARFIP1",0.402197802197802,"ARFIP1"
"BYSL",0.208791208791209,"BYSL"
"PSMC3IP",0.538461538461539,"PSMC3IP"
"TCF7L2",0.410989010989011,"TCF7L2"
"OPHN1",-0.272727272727273,"OPHN1"
"OXNAD1",0.673267734141253,"OXNAD1"
"TRUB2",-0.134065934065934,"TRUB2"
"CCDC71L",0.776223776223776,"CCDC71L"
"MTOR",0.314285714285714,"MTOR"
"DCUN1D1",0.6,"DCUN1D1"
"MECP2",0.0373626373626374,"MECP2"
"GALK2",0.564835164835165,"GALK2"
"DYNC1H1",0.450549450549451,"DYNC1H1"
"JADE1",0.463636363636364,"JADE1"
"JADE2",0.243956043956044,"JADE2"
"JADE3",0.60989010989011,"JADE3"
"FAM177A1",0.661538461538462,"FAM177A1"
"DCAF6",0.384615384615385,"DCAF6"
"GFOD2",0.197802197802198,"GFOD2"
"BCL2L13",0.450549450549451,"BCL2L13"
"SEC23A",0.705494505494506,"SEC23A"
"SEC23B",0.112087912087912,"SEC23B"
"PPWD1",0.252747252747253,"PPWD1"
"RIF1",0.49010989010989,"RIF1"
"APOE",0.00880088541361116,"APOE"
"ASRGL1",0.846153846153846,"ASRGL1"
"HEATR1",0.564835164835165,"HEATR1"
"PABPC4",0.594059765418753,"PABPC4"
"PABPC1",-0.0285714285714286,"PABPC1"
"UPF3A",0.381818181818182,"UPF3A"
"TGFBI",0.79020979020979,"TGFBI"
"RPL37",0.441758241758242,"RPL37"
"YRDC",0.27032967032967,"YRDC"
"SLC25A12",0.494505494505494,"SLC25A12"
"SLC25A13",0.63956043956044,"SLC25A13"
"HNRNPC",-0.253359391837683,"HNRNPC"
"RALY",0.208791208791209,"RALY"
"KMT2A",0.0681318681318681,"KMT2A"
"KMT2B",0.78021978021978,"KMT2B"
"UBA1",0.367032967032967,"UBA1"
"NOC2L",-0.0461538461538462,"NOC2L"
"ZC3H11A",0.296703296703297,"ZC3H11A"
"EDC3",0.613186813186813,"EDC3"
"PARP4",0.441758241758242,"PARP4"
"FAT1",0.437362637362637,"FAT1"
"IK",0.226373626373626,"IK"
"FAT3",-0.136442945732665,"FAT3"
"FAT2",-0.165748386032949,"FAT2"
"DECR2",0.687912087912088,"DECR2"
"ATG2A",0.265734265734266,"ATG2A"
"ATG2B",0.527472527472527,"ATG2B"
"AIMP2",0.410989010989011,"AIMP2"
"TRAPPC12",-0.032967032967033,"TRAPPC12"
"ETS1",0.346153846153846,"ETS1"
"HLA-DRB1",0.201367565608102,"HLA-DRB1"
"HLA-DQB1",0.0690090708878939,"HLA-DQB1"
"MAT2A",0.714285714285714,"MAT2A"
"MAT1A",0.0462046484214586,"MAT1A"
"GOLIM4",0.701098901098901,"GOLIM4"
"DLST",0.41978021978022,"DLST"
"HSPD1",0.248351648351648,"HSPD1"
"TBCC",0.336263736263736,"TBCC"
"SWAP70",0.832967032967033,"SWAP70"
"FKBP15",0.687912087912088,"FKBP15"
"PARD3",0.342879549919359,"PARD3"
"PARD3B",0.521978021978022,"PARD3B"
"NASP",-0.137622932523437,"NASP"
"AIMP1",0.538461538461538,"AIMP1"
"TRAF4",0.762237762237762,"TRAF4"
"RPIA",0.731868131868132,"RPIA"
"PSMD1",0.375824175824176,"PSMD1"
"EWSR1",-0.140801941848387,"EWSR1"
"COL6A2",0.49446831109322,"COL6A2"
"LLGL2",0.758241758241758,"LLGL2"
"STXBP5",0.602476498429399,"STXBP5"
"MKI67",0.252747252747253,"MKI67"
"DHRS3",0.753846153846154,"DHRS3"
"MADD",0.0465599074424725,"MADD"
"ACADM",0.538461538461538,"ACADM"
"ALYREF",0.305494505494505,"ALYREF"
"DDX21",0.393406593406593,"DDX21"
"DDX50",0.652747252747253,"DDX50"
"BDH2",0.6993006993007,"BDH2"
"TMEM167B",0.281818181818182,"TMEM167B"
"INTS5",-0.0164835164835165,"INTS5"
"ALAD",0.586813186813187,"ALAD"
"DDX10",0.476923076923077,"DDX10"
"ARL5B",0.20979020979021,"ARL5B"
"ATRN",0.454945054945055,"ATRN"
"GTPBP4",0.569230769230769,"GTPBP4"
"HSPA1A",0.265934065934066,"HSPA1A"
"HSPA1L",0.231086876109906,"HSPA1L"
"HSPA5",0.120879120879121,"HSPA5"
"HSPA9",0.424175824175824,"HSPA9"
"HSPA8",0.170631181911806,"HSPA8"
"UHRF2",0.679120879120879,"UHRF2"
"UHRF1",0.340659340659341,"UHRF1"
"HSPA6",0.209947955641735,"HSPA6"
"HSPA2",0.841758241758242,"HSPA2"
"APIP",0.736263736263736,"APIP"
"PRPF8",0.459340659340659,"PRPF8"
"HSPA12A",0.621978021978022,"HSPA12A"
"BTRC",-0.0659340659340659,"BTRC"
"POLG",0.269702690310263,"POLG"
"PKN1",0.38021978021978,"PKN1"
"ANKFY1",0.564835164835165,"ANKFY1"
"PKN2",0.0505494505494506,"PKN2"
"COL18A1",0.679120879120879,"COL18A1"
"FASTKD5",0.538461538461538,"FASTKD5"
"CLIP4",-0.013986013986014,"CLIP4"
"ENO3",0.0813186813186813,"ENO3"
"ENO1",0.53083131116183,"ENO1"
"ENO2",0.797802197802198,"ENO2"
"PGK1",0.032967032967033,"PGK1"
"MED13L",0.441758241758242,"MED13L"
"MED13",-0.151648351648352,"MED13"
"SRFBP1",0.503296703296703,"SRFBP1"
"PSEN1",0.321678321678322,"PSEN1"
"NOL7",0.428571428571429,"NOL7"
"UBAC1",0.432967032967033,"UBAC1"
"ZFYVE16",0.723076923076923,"ZFYVE16"
"BRMS1",0.0285714285714286,"BRMS1"
"PROSER2",0.617582417582418,"PROSER2"
"AKAP11",0.125274725274725,"AKAP11"
"ISG20L2",0.608791208791209,"ISG20L2"
"SARS2",0.371428571428571,"SARS2"
"HSD17B2",0.86013986013986,"HSD17B2"
"HBE1",-0.0688707847479886,"HBE1"
"HBG1",0.697222449447722,"HBG1"
"HBD",-0.284408989360215,"HBD"
"RPUSD3",0.498901098901099,"RPUSD3"
"TOR1AIP2",0.542857142857143,"TOR1AIP2"
"TOR1AIP1",0.683516483516484,"TOR1AIP1"
"XRCC5",0.314285714285714,"XRCC5"
"ZC3HAV1",0.310819918925528,"ZC3HAV1"
"PARP12",0.587412587412588,"PARP12"
"FN1",0.810989010989011,"FN1"
"ATRX",0.0196484391292383,"ATRX"
"ACAT1",0.85054945054945,"ACAT1"
"NAV1",0.771428571428571,"NAV1"
"HSD17B4",0.630769230769231,"HSD17B4"
"TDP1",0.846153846153846,"TDP1"
"OPA3",0.102899911835084,"OPA3"
"TNRC6A",0.235164835164835,"TNRC6A"
"TNRC6C",0.336363636363636,"TNRC6C"
"USP48",0.498901098901099,"USP48"
"PRDM2",0.539054231583683,"PRDM2"
"GHITM",0.415384615384615,"GHITM"
"WDR47",0.776862451957311,"WDR47"
"FLOT1",0.481318681318681,"FLOT1"
"RALBP1",0.221978021978022,"RALBP1"
"YKT6",0.604395604395604,"YKT6"
"ALDH5A1",0.934065934065934,"ALDH5A1"
"PPL",0.661538461538462,"PPL"
"SLC25A5",0.353846153846154,"SLC25A5"
"SLC25A6",0.481318681318681,"SLC25A6"
"SLC25A4",0.587459101358545,"SLC25A4"
"SLC25A31",-0.0215916758543765,"SLC25A31"
"RNF113A",0.534065934065934,"RNF113A"
"PC",0.424175824175824,"PC"
"ACACB",0.26409928698275,"ACACB"
"ACACA",0.617582417582418,"ACACA"
"STXBP3",0.406593406593407,"STXBP3"
"NDUFV1",0.454945054945055,"NDUFV1"
"ANXA1",0.498901098901099,"ANXA1"
"COTL1",0.626373626373626,"COTL1"
"UQCRC2",0.371428571428571,"UQCRC2"
"FTO",0.78021978021978,"FTO"
"COLGALT1",0.578021978021978,"COLGALT1"
"COLGALT2",0.180418150979029,"COLGALT2"
"POLR3G",0.578021978021978,"POLR3G"
"USP15",0.437362637362637,"USP15"
"USP4",0.802197802197802,"USP4"
"SSNA1",0.371428571428571,"SSNA1"
"SEC23IP",0.731868131868132,"SEC23IP"
"DDHD2",0.615384615384615,"DDHD2"
"HCFC1",0.107692307692308,"HCFC1"
"HCFC2",0.835164835164835,"HCFC2"
"PSMC3",-0.0021978021978022,"PSMC3"
"UBE4B",0.336263736263736,"UBE4B"
"ARGLU1",0.6,"ARGLU1"
"SNRNP27",0.147252747252747,"SNRNP27"
"GNB1",-0.279120879120879,"GNB1"
"GNB3",-0.156043956043956,"GNB3"
"LZTS2",0.415384615384615,"LZTS2"
"GNB2",-0.191208791208791,"GNB2"
"GNB4",0.377487122776899,"GNB4"
"LZTS3",0.034965034965035,"LZTS3"
"B4GALT4",0.576923076923077,"B4GALT4"
"BSPRY",0.82967032967033,"BSPRY"
"SEMA3A",0.293706293706294,"SEMA3A"
"PPP4R1",0.191208791208791,"PPP4R1"
"MBD3",-0.0725274725274725,"MBD3"
"MBD2",0.16043956043956,"MBD2"
"VPS35",-0.032967032967033,"VPS35"
"OSBPL10",0.6993006993007,"OSBPL10"
"OSBPL9",0.169230769230769,"OSBPL9"
"OSBPL11",0.683516483516484,"OSBPL11"
"CRYZL1",-0.134065934065934,"CRYZL1"
"AZI2",0.3,"AZI2"
"EPHB4",0.481318681318681,"EPHB4"
"EPHB3",0.301098901098901,"EPHB3"
"EPHB2",0.481318681318681,"EPHB2"
"EPHA6",-0.531420312730982,"EPHA6"
"EPHA4",0.154545454545455,"EPHA4"
"EPHA2",0.907692307692308,"EPHA2"
"EPHA5",-0.280224269158902,"EPHA5"
"BTK",-0.162535052005253,"BTK"
"LRWD1",0.0241758241758242,"LRWD1"
"TRAK2",0.136363636363636,"TRAK2"
"CDCA2",0.542857142857143,"CDCA2"
"NELFB",0.432967032967033,"NELFB"
"HMCES",0.556043956043956,"HMCES"
"SPINT1",0.435541463262726,"SPINT1"
"TRIM2",0.832967032967033,"TRIM2"
"TRIM3",0.571428571428571,"TRIM3"
"KCTD15",0.720770970723756,"KCTD15"
"KCTD1",0.272727272727273,"KCTD1"
"IVD",0.815384615384615,"IVD"
"ZMYND11",-0.153846153846154,"ZMYND11"
"PLOD2",0.613186813186813,"PLOD2"
"DDX41",-0.0769230769230769,"DDX41"
"ERBB4",-0.675353807819126,"ERBB4"
"EGFR",0.859340659340659,"EGFR"
"ERBB2",0.564835164835165,"ERBB2"
"SMYD5",0.709090909090909,"SMYD5"
"CASP2",0.52967032967033,"CASP2"
"DNMT1",0.230501636364717,"DNMT1"
"RPS19BP1",0.226373626373626,"RPS19BP1"
"HMGCR",0.524475524475525,"HMGCR"
"MMS19",0.485714285714286,"MMS19"
"USF1",-0.467032967032967,"USF1"
"DST",0.580260822994359,"DST"
"PLEC",0.357304636725626,"PLEC"
"EPPK1",0.782384173473352,"EPPK1"
"MACF1",0.251165804029565,"MACF1"
"ARHGEF5",0.63956043956044,"ARHGEF5"
"RPS10",0.0197802197802198,"RPS10"
"CCDC88A",0.674725274725275,"CCDC88A"
"CCDC88C",0.243956043956044,"CCDC88C"
"NOL8",0.564835164835165,"NOL8"
"STAT3",0.238183338223193,"STAT3"
"ARHGAP25",0.269230769230769,"ARHGAP25"
"USF2",0.454945054945055,"USF2"
"SUPT16H",0.564835164835165,"SUPT16H"
"NUDT4",0.711564034421457,"NUDT4"
"NUDT3",0.450549450549451,"NUDT3"
"PSTPIP2",0.806593406593407,"PSTPIP2"
"ITGB2",0.776678137751184,"ITGB2"
"ITGB5",0.406593406593407,"ITGB5"
"FBN1",0.586813186813187,"FBN1"
"FBN2",0.232047740446129,"FBN2"
"USP9X",0.410989010989011,"USP9X"
"C3",0.195604395604396,"C3"
"GLG1",0.164835164835165,"GLG1"
"DNAH5",-0.186813186813187,"DNAH5"
"HELLS",0.432967032967033,"HELLS"
"ACOT11",0.972727272727273,"ACOT11"
"LMO7",0.634807781618152,"LMO7"
"TRMT10A",0.148351648351648,"TRMT10A"
"MTA1",-0.0752690100605203,"MTA1"
"MTA2",0.0813186813186813,"MTA2"
"MTA3",0.336263736263736,"MTA3"
"LTBP1",0.593406593406593,"LTBP1"
"LTBP3",0.723076923076923,"LTBP3"
"ARFGEF1",0.674725274725275,"ARFGEF1"
"ARFGEF2",0.767032967032967,"ARFGEF2"
"CYTH1",0.5,"CYTH1"
"CYTH2",0.381818181818182,"CYTH2"
"CYTH3",0.538461538461538,"CYTH3"
"ATR",0.147252747252747,"ATR"
"OAS3",0.679120879120879,"OAS3"
"ZNF330",0.494505494505494,"ZNF330"
"CTR9",0.793406593406593,"CTR9"
"ARFGAP2",0.301098901098901,"ARFGAP2"
"BIRC6",0.0153846153846154,"BIRC6"
"CASZ1",0.810989010989011,"CASZ1"
"TNPO2",0.371428571428571,"TNPO2"
"TNPO1",0.696703296703297,"TNPO1"
"L2HGDH",0.547252747252747,"L2HGDH"
"AGL",0.424175824175824,"AGL"
"UTP18",0.367032967032967,"UTP18"
"GFER",0.459340659340659,"GFER"
"MED24",0.0989010989010989,"MED24"
"TRAPPC8",0.0945054945054945,"TRAPPC8"
"DENND4C",0.525274725274725,"DENND4C"
"VPS8",0.358241758241758,"VPS8"
"DENND4A",0.167216822858612,"DENND4A"
"CCDC22",0.0681318681318681,"CCDC22"
"ABLIM2",0.839160839160839,"ABLIM2"
"ABLIM1",0.758241758241758,"ABLIM1"
"ABLIM3",0.79020979020979,"ABLIM3"
"DMTN",0.92967032967033,"DMTN"
"ZFYVE1",0.182417582417582,"ZFYVE1"
"OASL",0.776223776223776,"OASL"
"GBA2",0.309090909090909,"GBA2"
"PASK",0.208791208791209,"PASK"
"VAT1",0.885714285714286,"VAT1"
"VAT1L",0.415901532503537,"VAT1L"
"MSRB3",0.654992247896354,"MSRB3"
"PAICS",0.617582417582418,"PAICS"
"SEPHS1",0.551648351648352,"SEPHS1"
"PSMA5",-0.178021978021978,"PSMA5"
"ARRB2",0.12967032967033,"ARRB2"
"ARRB1",0.562565836121348,"ARRB1"
"RETSAT",0.424175824175824,"RETSAT"
"FGD4",0.402197802197802,"FGD4"
"FGD1",-0.314351612828962,"FGD1"
"CYP4F11",0.615384615384615,"CYP4F11"
"CYP4F12",0.638239943541646,"CYP4F12"
"AKR7A3",0.895604395604396,"AKR7A3"
"AKR7A2",0.731868131868132,"AKR7A2"
"TPP2",0.85054945054945,"TPP2"
"MKRN2",0.626373626373626,"MKRN2"
"MKRN1",0.621978021978022,"MKRN1"
"SCCPDH",0.578021978021978,"SCCPDH"
"UBA6",0.503296703296703,"UBA6"
"PDCD11",0.173626373626374,"PDCD11"
"RNF123",0.013986013986014,"RNF123"
"SRBD1",0.41978021978022,"SRBD1"
"HSDL2",0.437362637362637,"HSDL2"
"MGAT1",0.70989010989011,"MGAT1"
"MAP2K6",0.853146853146853,"MAP2K6"
"MAP2K3",0.775824175824176,"MAP2K3"
"MAP2K4",0.415384615384615,"MAP2K4"
"KIF20B",0.542857142857143,"KIF20B"
"RBM38",0.0909090909090909,"RBM38"
"ITGB4",0.648351648351648,"ITGB4"
"MSL2",0.0181818181818182,"MSL2"
"LIN54",0.701098901098901,"LIN54"
"PTTG1IP",0.595604395604396,"PTTG1IP"
"SERPINB5",0.617582417582418,"SERPINB5"
"EXT2",0.642857142857143,"EXT2"
"CRELD1",0.305494505494505,"CRELD1"
"PPIL4",0.112087912087912,"PPIL4"
"WDR62",0.434065934065934,"WDR62"
"WRAP73",0.244755244755245,"WRAP73"
"CHD1L",0.661538461538462,"CHD1L"
"ZEB2",0.437358765675077,"ZEB2"
"ZEB1",0.613269028321911,"ZEB1"
"MRC2",0.528635643609144,"MRC2"
"PI4KA",0.165016601505209,"PI4KA"
"RFT1",0.489010989010989,"RFT1"
"PLEKHA3",0.671328671328671,"PLEKHA3"
"WDR11",0.424175824175824,"WDR11"
"GLUL",0.661538461538462,"GLUL"
"ZSWIM8",0.0879120879120879,"ZSWIM8"
"JAG2",0.248351648351648,"JAG2"
"JAG1",0.815384615384615,"JAG1"
"HSP90AB1",0.595604395604396,"HSP90AB1"
"HSP90AA1",0.52967032967033,"HSP90AA1"
"XPNPEP3",0.485714285714286,"XPNPEP3"
"TRAP1",0.323076923076923,"TRAP1"
"HSP90B1",0.582417582417582,"HSP90B1"
"NUP85",0.283516483516484,"NUP85"
"FAM83G",0.760071218147106,"FAM83G"
"SETD2",-0.0021978021978022,"SETD2"
"GRWD1",0.345054945054945,"GRWD1"
"PELP1",-0.164835164835165,"PELP1"
"LAMC1",0.789010989010989,"LAMC1"
"LAMC2",0.727472527472527,"LAMC2"
"NCOA4",-0.103296703296703,"NCOA4"
"CRBN",0.010989010989011,"CRBN"
"ZNF407",-0.109090909090909,"ZNF407"
"PLBD2",0.0945054945054945,"PLBD2"
"TRIM65",0.516483516483516,"TRIM65"
"KBTBD11",0.909090909090909,"KBTBD11"
"SLC17A5",0.70989010989011,"SLC17A5"
"BCL2L12",0.0197802197802198,"BCL2L12"
"AGTPBP1",0.845454545454546,"AGTPBP1"
"ERBB3",0.827272727272727,"ERBB3"
"IGF2R",0.0505494505494506,"IGF2R"
"URB2",0.340659340659341,"URB2"
"BAHD1",0.218181818181818,"BAHD1"
"RPA2",0.441758241758242,"RPA2"
"ECM1",0.762237762237762,"ECM1"
"HECTD3",0.591208791208791,"HECTD3"
"NELFCD",0.613186813186813,"NELFCD"
"PI4KB",0.775824175824176,"PI4KB"
"ERCC3",0.437362637362637,"ERCC3"
"LENG9",0.52967032967033,"LENG9"
"FBXO3",0.434065934065934,"FBXO3"
"TMEM59",0.0813186813186813,"TMEM59"
"PCTP",0.5330309956665,"PCTP"
"C15orf39",0.335164835164835,"C15orf39"
"GPATCH11",0.582417582417582,"GPATCH11"
"RPS3A",0.120879120879121,"RPS3A"
"MMS22L",0.265734265734266,"MMS22L"
"DRAP1",0.0637362637362637,"DRAP1"
"GAS6",0.741758241758242,"GAS6"
"WNT5A",0.810936044689205,"WNT5A"
"RECQL4",0.192307692307692,"RECQL4"
"C2CD2L",0.581818181818182,"C2CD2L"
"C8orf82",0.63956043956044,"C8orf82"
"CCPG1",0.648351648351648,"CCPG1"
"BRD1",0.38021978021978,"BRD1"
"BRPF3",0.5,"BRPF3"
"PRDM10",0.38021978021978,"PRDM10"
"BRPF1",0.318681318681319,"BRPF1"
"DARS2",0.604395604395604,"DARS2"
"TREX1",0.74945054945055,"TREX1"
"UIMC1",0.406593406593407,"UIMC1"
"ARHGAP27",0.70989010989011,"ARHGAP27"
"DGUOK",0.532967032967033,"DGUOK"
"MTHFR",0.609090909090909,"MTHFR"
"ACOX1",0.538461538461538,"ACOX1"
"PRPF39",0.551648351648352,"PRPF39"
"CCT3",0.0725274725274725,"CCT3"
"VWA1",0.730769230769231,"VWA1"
"SLC39A14",0.727472527472527,"SLC39A14"
"GMPS",0.81978021978022,"GMPS"
"SMCHD1",0.56043956043956,"SMCHD1"
"PFAS",0.872527472527473,"PFAS"
"SLC35B2",0.665934065934066,"SLC35B2"
"ISYNA1",0.336263736263736,"ISYNA1"
"NUP50",0.498901098901099,"NUP50"
"PLXNB2",0.336263736263736,"PLXNB2"
"PLXND1",0.755244755244755,"PLXND1"
"PLXNB1",0.542857142857143,"PLXNB1"
"CD109",0.810989010989011,"CD109"
"KIFC1",0.542857142857143,"KIFC1"
"PNP",0.832967032967033,"PNP"
"CHID1",0.705494505494506,"CHID1"
"EHMT2",0.0373626373626374,"EHMT2"
"EHMT1",0.661538461538462,"EHMT1"
"ADAP1",0.791208791208791,"ADAP1"
"IPO7",0.832967032967033,"IPO7"
"IPO8",0.503296703296703,"IPO8"
"UXS1",0.556043956043956,"UXS1"
"RPS3",-0.51273476026189,"RPS3"
"ACTR1A",0.613186813186813,"ACTR1A"
"ACTR1B",0.496503496503497,"ACTR1B"
"MAD1L1",-0.164835164835165,"MAD1L1"
"CCDC150",0.175824175824176,"CCDC150"
"JPH1",0.67032967032967,"JPH1"
"CBLB",0.593406593406593,"CBLB"
"CBL",0.402197802197802,"CBL"
"GORASP2",0.353846153846154,"GORASP2"
"GORASP1",0.472527472527473,"GORASP1"
"UCKL1",0.305494505494505,"UCKL1"
"SACS",0.916083916083916,"SACS"
"ERLIN2",0.767032967032967,"ERLIN2"
"ERLIN1",0.753846153846154,"ERLIN1"
"TBC1D2",0.661538461538462,"TBC1D2"
"LMBRD2",0.159340659340659,"LMBRD2"
"ZFYVE9",0.5,"ZFYVE9"
"CACNA2D1",0.566414529862758,"CACNA2D1"
"NCBP2",-0.243956043956044,"NCBP2"
"ECT2",0.692307692307692,"ECT2"
"MBD4",0.885714285714286,"MBD4"
"CASK",0.701098901098901,"CASK"
"SPIN1",0.564835164835165,"SPIN1"
"HMGN4",-0.454945054945055,"HMGN4"
"HMGN2",0.169230769230769,"HMGN2"
"HMGN3",0.49010989010989,"HMGN3"
"RNF187",-0.136363636363636,"RNF187"
"CCDC93",-0.0660066406020837,"CCDC93"
"BUB1B",0.635164835164835,"BUB1B"
"ARNT",0.521978021978022,"ARNT"
"NEBL",0.407401185201295,"NEBL"
"LASP1",0.516483516483516,"LASP1"
"MIB2",0.482517482517483,"MIB2"
"ECE1",0.578021978021978,"ECE1"
"CXXC1",-0.186813186813187,"CXXC1"
"GMPR",0.581818181818182,"GMPR"
"GMPR2",0.257142857142857,"GMPR2"
"WWP1",0.283516483516484,"WWP1"
"WWP2",0.230769230769231,"WWP2"
"NEDD4",0.637205868218976,"NEDD4"
"NEDD4L",0.67032967032967,"NEDD4L"
"SMURF1",-0.0545454545454545,"SMURF1"
"ITCH",0.512087912087912,"ITCH"
"VAMP2",0.0021978021978022,"VAMP2"
"VAMP3",0.23956043956044,"VAMP3"
"JMJD6",0.67032967032967,"JMJD6"
"DNAJB14",0.494505494505494,"DNAJB14"
"RNASEH2A",0.556043956043956,"RNASEH2A"
"NOA1",-0.0153846153846154,"NOA1"
"PDE4D",0.786795792469443,"PDE4D"
"P4HB",0.586813186813187,"P4HB"
"ELAC2",0.714285714285714,"ELAC2"
"ERCC4",0.494505494505494,"ERCC4"
"PGAM5",0.279120879120879,"PGAM5"
"REV1",0.027972027972028,"REV1"
"TANC1",0.731868131868132,"TANC1"
"TANC2",0.578021978021978,"TANC2"
"AHSA1",0.375824175824176,"AHSA1"
"EYA3",-0.032967032967033,"EYA3"
"TUFM",0.195604395604396,"TUFM"
"LRPPRC",0.731868131868132,"LRPPRC"
"PNPLA8",0.520879120879121,"PNPLA8"
"TMEM160",-0.126373626373626,"TMEM160"
"PWWP2B",0.714285714285714,"PWWP2B"
"MAML1",0.395604395604396,"MAML1"
"DHX37",0.371428571428571,"DHX37"
"MOB4",0.340659340659341,"MOB4"
"HSPE1",0.257142857142857,"HSPE1"
"BCORL1",0.327472527472527,"BCORL1"
"BCOR",0.054945054945055,"BCOR"
"SCP2",0.573626373626374,"SCP2"
"OBSL1",0.740659340659341,"OBSL1"
"C1GALT1",0.934065934065934,"C1GALT1"
"RSBN1",0.265934065934066,"RSBN1"
"RSBN1L",0.208791208791209,"RSBN1L"
"LYPD3",0.857142857142857,"LYPD3"
"NOL6",0.0725274725274725,"NOL6"
"TFPI",0.618181818181818,"TFPI"
"COG4",0.27032967032967,"COG4"
"INSR",0.604395604395604,"INSR"
"IGF1R",0.224422578047084,"IGF1R"
"SOD1",0.758241758241758,"SOD1"
"SART1",-0.331868131868132,"SART1"
"CHAF1A",0.00659340659340659,"CHAF1A"
"EIF3G",0.30161832361629,"EIF3G"
"DCPS",0.345054945054945,"DCPS"
"HERC1",-0.043956043956044,"HERC1"
"QSER1",0.16043956043956,"QSER1"
"WBP11",0.556043956043956,"WBP11"
"ACSM3",0.862637362637363,"ACSM3"
"NSUN7",-0.02112728445612,"NSUN7"
"PTGFRN",0.441758241758242,"PTGFRN"
"ATP6V0D1",0.551648351648352,"ATP6V0D1"
"SAMHD1",0.789010989010989,"SAMHD1"
"IFIT2",0.209090909090909,"IFIT2"
"IFIT1",0.736263736263736,"IFIT1"
"IFIT5",0.213186813186813,"IFIT5"
"ZDHHC5",0.186813186813187,"ZDHHC5"
"TP63",0.342657342657343,"TP63"
"PITPNB",0.230769230769231,"PITPNB"
"PITPNA",0.789010989010989,"PITPNA"
"NUTF2",-0.446153846153846,"NUTF2"
"DEF6",0.82967032967033,"DEF6"
"NOL10",0.182417582417582,"NOL10"
"TRAF2",0.248351648351648,"TRAF2"
"UBE2T",0.696703296703297,"UBE2T"
"PRDX1",0.226373626373626,"PRDX1"
"PRDX4",0.116483516483516,"PRDX4"
"PRDX2",0.604395604395604,"PRDX2"
"RBL2",0.048951048951049,"RBL2"
"CWC27",0.648351648351648,"CWC27"
"UTRN",0.424175824175824,"UTRN"
"DMD",0.334078154946815,"DMD"
"WNK1",0.362637362637363,"WNK1"
"ERCC6",0.472527472527473,"ERCC6"
"CLASP1",0.597804388124133,"CLASP1"
"CLASP2",0.789010989010989,"CLASP2"
"PSMA1",0.314285714285714,"PSMA1"
"TOPBP1",0.630769230769231,"TOPBP1"
"EIF5B",0.397802197802198,"EIF5B"
"WIZ",0.193902430866635,"WIZ"
"RNF216",0.554945054945055,"RNF216"
"ANKRD17",0.613186813186813,"ANKRD17"
"ANKHD1",0.411610931459847,"ANKHD1"
"ACLY",0.428324905897398,"ACLY"
"AKAP13",0.595604395604396,"AKAP13"
"ACSL3",0.305494505494505,"ACSL3"
"ACSL4",0.318681318681319,"ACSL4"
"UBAP1",0.305494505494505,"UBAP1"
"NISCH",0.230769230769231,"NISCH"
"IKBKG",0.52967032967033,"IKBKG"
"DAD1",0.659340659340659,"DAD1"
"FAM76B",0.0857142857142857,"FAM76B"
"FAM76A",0.252747252747253,"FAM76A"
"ABHD17B",0.626373626373626,"ABHD17B"
"OCIAD1",0.665934065934066,"OCIAD1"
"GUSB",0.925274725274725,"GUSB"
"SERPINB6",0.147252747252747,"SERPINB6"
"SERPINB8",0.621978021978022,"SERPINB8"
"SERPINB9",0.361234356466249,"SERPINB9"
"SERPINB1",0.652747252747253,"SERPINB1"
"RELB",0.630769230769231,"RELB"
"CCDC97",0.314285714285714,"CCDC97"
"TEFM",0.20979020979021,"TEFM"
"JUND",-0.137362637362637,"JUND"
"JUNB",0.591208791208791,"JUNB"
"JUN",0.0824175824175824,"JUN"
"ARHGEF40",0.81978021978022,"ARHGEF40"
"FZD6",0.741758241758242,"FZD6"
"DHRS7",0.784615384615385,"DHRS7"
"ITPRIP",0.675824175824176,"ITPRIP"
"EEF1D",0.234713895468676,"EEF1D"
"EEF1B2",0.397802197802198,"EEF1B2"
"SART3",0.204757418294167,"SART3"
"MPHOSPH6",0.336263736263736,"MPHOSPH6"
"ACOX3",0.637362637362637,"ACOX3"
"SMS",0.771428571428571,"SMS"
"THBD",0.757181772587581,"THBD"
"CD46",0.493188004319768,"CD46"
"NADK2",0.364641502331382,"NADK2"
"PHLDB1",0.52967032967033,"PHLDB1"
"NCKAP5L",0.594405594405594,"NCKAP5L"
"PHLDB2",0.753846153846154,"PHLDB2"
"COG7",0.371428571428571,"COG7"
"CTPS2",0.327472527472527,"CTPS2"
"CTPS1",0.56043956043956,"CTPS1"
"SNX18",0.450549450549451,"SNX18"
"MRPL24",0.12967032967033,"MRPL24"
"RPS21",-0.345054945054945,"RPS21"
"ATXN1",0.60989010989011,"ATXN1"
"CA1",0.594715099060287,"CA1"
"THTPA",0.731868131868132,"THTPA"
"LRCH1",0.868131868131868,"LRCH1"
"LRCH3",-0.186813186813187,"LRCH3"
"EMC1",0.27032967032967,"EMC1"
"ELAVL4",0.202288657419789,"ELAVL4"
"ELAVL1",0.371428571428571,"ELAVL1"
"NELFA",0.0857142857142857,"NELFA"
"SP100",-0.00877435123247388,"SP100"
"SP110",0.740659340659341,"SP110"
"HMGB2",0.393406593406593,"HMGB2"
"HMGB1",0.481318681318681,"HMGB1"
"HMGB3",0.331868131868132,"HMGB3"
"PTK7",0.885714285714286,"PTK7"
"BCAM",0.771428571428571,"BCAM"
"SECISBP2",0.454545454545455,"SECISBP2"
"SECISBP2L",0.362637362637363,"SECISBP2L"
"TRAF7",-0.00699300699300699,"TRAF7"
"SNIP1",0.0164835164835165,"SNIP1"
"TMED1",0.714285714285714,"TMED1"
"COX7A2L",-0.134065934065934,"COX7A2L"
"UBXN7",-0.125274725274725,"UBXN7"
"HNRNPR",0.701660568389147,"HNRNPR"
"SYNCRIP",0.516483516483516,"SYNCRIP"
"TERF2IP",0.16043956043956,"TERF2IP"
"LHPP",0.813186813186813,"LHPP"
"RPS8",0.0857142857142857,"RPS8"
"PSMC6",0.12967032967033,"PSMC6"
"CES2",0.872527472527473,"CES2"
"CES1",-0.232346844264885,"CES1"
"CGGBP1",0.503296703296703,"CGGBP1"
"RPSA",0.468131868131868,"RPSA"
"BROX",0.230769230769231,"BROX"
"ACOT8",0.758241758241758,"ACOT8"
"HTRA1",0.881318681318681,"HTRA1"
"RPS18",-0.12967032967033,"RPS18"
"EIF2S1",0.23956043956044,"EIF2S1"
"ABCE1",0.503296703296703,"ABCE1"
"WAS",-0.291572510450051,"WAS"
"ZZZ3",0.393406593406593,"ZZZ3"
"EPB41L1",0.557093275086753,"EPB41L1"
"EPB41L3",0.224918540150415,"EPB41L3"
"EPB41L2",0.732309460959655,"EPB41L2"
"EPB41",0.89010989010989,"EPB41"
"MSL1",0.402197802197802,"MSL1"
"LACTB2",0.854945054945055,"LACTB2"
"PHF12",0.16043956043956,"PHF12"
"PAIP1",0.0725274725274725,"PAIP1"
"CNTNAP1",0.731868131868132,"CNTNAP1"
"ADCY5",0.345926346946952,"ADCY5"
"CDR2L",0.593406593406593,"CDR2L"
"ILK",0.635164835164835,"ILK"
"ABHD10",0.547252747252747,"ABHD10"
"ALCAM",0.886155986371348,"ALCAM"
"GLTP",0.258241758241758,"GLTP"
"COL12A1",0.763476809630768,"COL12A1"
"COL1A2",0.110011067670139,"COL1A2"
"CC2D1B",0.85054945054945,"CC2D1B"
"CC2D1A",-0.164835164835165,"CC2D1A"
"CEBPZ",0.635164835164835,"CEBPZ"
"BMP2K",0.679120879120879,"BMP2K"
"AAK1",0.345054945054945,"AAK1"
"NPM1",-0.288660106867137,"NPM1"
"ATP6V1C1",0.507692307692308,"ATP6V1C1"
"ACADSB",0.872527472527473,"ACADSB"
"PCGF5",0.356643356643357,"PCGF5"
"SGSH",0.872527472527473,"SGSH"
"UBE2L3",-0.12967032967033,"UBE2L3"
"ZC3H6",0.802197802197802,"ZC3H6"
"RAB5C",0.665934065934066,"RAB5C"
"RAB5A",0.472527472527473,"RAB5A"
"KAT2A",-0.346153846153846,"KAT2A"
"RAB5B",0.410989010989011,"RAB5B"
"RRAS2",0.793406593406593,"RRAS2"
"RRAS",0.907692307692308,"RRAS"
"PUS3",0.648351648351648,"PUS3"
"RAB14",0.718681318681319,"RAB14"
"RAB30",0.468531468531469,"RAB30"
"RAB10",0.665934065934066,"RAB10"
"RAB12",0.775824175824176,"RAB12"
"RAB6A",0.731868131868132,"RAB6A"
"RAB6B",0.854545454545455,"RAB6B"
"RAB8A",0.0241758241758242,"RAB8A"
"RAB15",-0.0593406593406593,"RAB15"
"RAB33B",0.49010989010989,"RAB33B"
"RAB13",0.454945054945055,"RAB13"
"RAB3D",0.604395604395604,"RAB3D"
"RAP1A",0.397802197802198,"RAP1A"
"RAP1B",0.300442152045387,"RAP1B"
"RAB1A",0.485714285714286,"RAB1A"
"RAB3C",0.414326165799569,"RAB3C"
"RAB3A",0.609458027454361,"RAB3A"
"RAB3B",0.901098901098901,"RAB3B"
"RAB4A",0.736263736263736,"RAB4A"
"RAB4B",0.230769230769231,"RAB4B"
"RAB6C",0.0276524122789101,"RAB6C"
"ARHGEF17",0.651265520607225,"ARHGEF17"
"RAB43",0.27972027972028,"RAB43"
"RAB35",0.806593406593407,"RAB35"
"RAB1B",0.730769230769231,"RAB1B"
"RAB8B",0.909090909090909,"RAB8B"
"RAB2A",0.665934065934066,"RAB2A"
"RAB2B",0.120879120879121,"RAB2B"
"LARS2",0.740659340659341,"LARS2"
"PSME4",0.70989010989011,"PSME4"
"OXR1",0.706803005242758,"OXR1"
"NCAPG2",0.56043956043956,"NCAPG2"
"KLF13",0.868131868131868,"KLF13"
"ARID5B",0.71978021978022,"ARID5B"
"TRIP12",0.400912201868821,"TRIP12"
"MRPL46",0.595604395604396,"MRPL46"
"POP4",0.5,"POP4"
"CYCS",-0.0681318681318681,"CYCS"
"HECTD4",-0.191554416052323,"HECTD4"
"ANKRD27",0.731868131868132,"ANKRD27"
"ARHGEF1",0.67032967032967,"ARHGEF1"
"ASCC3",0.674725274725275,"ASCC3"
"MLYCD",0.810989010989011,"MLYCD"
"OPTN",0.595604395604396,"OPTN"
"SLC3A2",0.28988163713736,"SLC3A2"
"ECSIT",0.235164835164835,"ECSIT"
"PWP2",0.0813186813186813,"PWP2"
"LSG1",0.578021978021978,"LSG1"
"MYBBP1A",0.191208791208791,"MYBBP1A"
"RAB27B",0.0769230769230769,"RAB27B"
"RAB27A",0.437362637362637,"RAB27A"
"APAF1",0.587412587412588,"APAF1"
"TRAPPC13",0.274725274725275,"TRAPPC13"
"FAM98C",0.358241758241758,"FAM98C"
"KCTD9",0.285714285714286,"KCTD9"
"PEX1",0.279120879120879,"PEX1"
"RALGAPB",0.318681318681319,"RALGAPB"
"CDC42EP4",0.727472527472527,"CDC42EP4"
"CDC42EP1",0.643956043956044,"CDC42EP1"
"UQCRC1",0.0857142857142857,"UQCRC1"
"PMPCB",0.010989010989011,"PMPCB"
"XPO4",0.110011067670139,"XPO4"
"RAP1GDS1",0.340659340659341,"RAP1GDS1"
"ANKRD52",0.475524475524476,"ANKRD52"
"ANKRD28",0.314092485590893,"ANKRD28"
"ANKRD44",0.617996789090477,"ANKRD44"
"ALG13",0.476526404328179,"ALG13"
"EIF2B1",0.283516483516484,"EIF2B1"
"DNAJC13",0.63956043956044,"DNAJC13"
"NFATC2IP",0.657142857142857,"NFATC2IP"
"IARS2",0.56043956043956,"IARS2"
"DOCK9",0.886248017566168,"DOCK9"
"DOCK11",0.847318545736323,"DOCK11"
"DOCK10",0.2464849853214,"DOCK10"
"APLP2",0.367032967032967,"APLP2"
"APP",0.0810314449625294,"APP"
"EHD2",0.547252747252747,"EHD2"
"EHD3",0.216818934998595,"EHD3"
"EHD1",0.586813186813187,"EHD1"
"EHD4",0.679120879120879,"EHD4"
"HADHA",0.591208791208791,"HADHA"
"FERMT1",0.853146853146853,"FERMT1"
"FERMT2",0.751103143627993,"FERMT2"
"UGGT1",0.371428571428571,"UGGT1"
"UGGT2",0.384615384615385,"UGGT2"
"AMIGO2",0.802197802197802,"AMIGO2"
"STAT6",0.617582417582418,"STAT6"
"STAT5A",-0.0505494505494506,"STAT5A"
"BTBD2",-0.148351648351648,"BTBD2"
"ABCB7",0.437362637362637,"ABCB7"
"STRN4",0.441758241758242,"STRN4"
"STRN",-0.112087912087912,"STRN"
"STRN3",0.692282486101277,"STRN3"
"PGM1",0.261538461538461,"PGM1"
"GTPBP8",0.776223776223776,"GTPBP8"
"SNX16",0.208791208791209,"SNX16"
"ITGA2",0.92967032967033,"ITGA2"
"PDE5A",0.836363636363636,"PDE5A"
"NUP205",-0.252747252747253,"NUP205"
"AKAP1",0.810989010989011,"AKAP1"
"LENG8",-0.0285714285714286,"LENG8"
"ALKBH5",0.12967032967033,"ALKBH5"
"P4HTM",0.151648351648352,"P4HTM"
"NHP2",0.138461538461538,"NHP2"
"ADAM17",0.476923076923077,"ADAM17"
"UBA2",0.863736263736264,"UBA2"
"TPP1",0.687912087912088,"TPP1"
"TBX3",0.727272727272727,"TBX3"
"ZNF618",0.82931221676461,"ZNF618"
"ZC3H18",0.349450549450549,"ZC3H18"
"PAX1",0.200639542926798,"PAX1"
"ZMYND8",0.292307692307692,"ZMYND8"
"ZFX",0.626373626373626,"ZFX"
"SIPA1L3",0.516483516483516,"SIPA1L3"
"SIPA1L1",0.441758241758242,"SIPA1L1"
"TSR1",0.696703296703297,"TSR1"
"CARD10",-0.0818181818181818,"CARD10"
"ULBP2",0.775824175824176,"ULBP2"
"KAT6B",0.303630546769585,"KAT6B"
"KAT6A",0.125274725274725,"KAT6A"
"KAT7",0.393406593406593,"KAT7"
"DPF2",-0.0945054945054945,"DPF2"
"KAT8",0.441758241758242,"KAT8"
"EXOC2",0.0725274725274725,"EXOC2"
"ALDH1L2",0.774725274725275,"ALDH1L2"
"ARHGAP39",0.125274725274725,"ARHGAP39"
"MTIF2",0.283516483516484,"MTIF2"
"VPS4B",0.573626373626374,"VPS4B"
"VPS4A",0.771428571428571,"VPS4A"
"SNTB2",0.114411510376945,"SNTB2"
"FIGNL1",0.235164835164835,"FIGNL1"
"SPAST",0.0153846153846154,"SPAST"
"SNTB1",0.723076923076923,"SNTB1"
"GRPEL1",0.0285714285714286,"GRPEL1"
"RABGGTA",0.494505494505494,"RABGGTA"
"GALNT10",0.714285714285714,"GALNT10"
"GALNT1",0.0989010989010989,"GALNT1"
"RPS6KA1",0.718681318681319,"RPS6KA1"
"RPS6KA2",0.27032967032967,"RPS6KA2"
"RPS6KA3",0.538461538461538,"RPS6KA3"
"MAST4",0.0659340659340659,"MAST4"
"MAST2",0.328671328671329,"MAST2"
"TLK2",0.806593406593407,"TLK2"
"TLK1",0.0461538461538462,"TLK1"
"RPS6KA6",-0.0446990156267674,"RPS6KA6"
"MASTL",0.468131868131868,"MASTL"
"NCS1",0.657142857142857,"NCS1"
"CEP164",0.363636363636364,"CEP164"
"MORF4L2",0.586813186813187,"MORF4L2"
"MORF4L1",0.736263736263736,"MORF4L1"
"DVL2",0.595604395604396,"DVL2"
"DVL3",0.274725274725275,"DVL3"
"MRPS21",-0.021978021978022,"MRPS21"
"ZDHHC3",0.463636363636364,"ZDHHC3"
"POLR2H",0.604395604395604,"POLR2H"
"COPRS",0.146853146853147,"COPRS"
"HLCS",0.701098901098901,"HLCS"
"TAF9",0.358241758241758,"TAF9"
"TAF9B",0.265934065934066,"TAF9B"
"EFEMP1",0.619733677379519,"EFEMP1"
"FBXL18",0.485714285714286,"FBXL18"
"RPS14",-0.0593406593406593,"RPS14"
"PPIG",0.450549450549451,"PPIG"
"TF",0.172234379866926,"TF"
"RBMX2",0.187018815039237,"RBMX2"
"AP5S1",0.321678321678322,"AP5S1"
"SMC3",0.520879120879121,"SMC3"
"BPNT1",0.508947327857568,"BPNT1"
"METTL17",-0.0989010989010989,"METTL17"
"ASCC2",0.375824175824176,"ASCC2"
"CLN3",0.0274725274725275,"CLN3"
"MED26",0.169230769230769,"MED26"
"OSBPL2",0.758241758241758,"OSBPL2"
"OSBPL1A",0.538461538461538,"OSBPL1A"
"SRGAP1",0.573626373626374,"SRGAP1"
"SRGAP2",0.793406593406593,"SRGAP2"
"PHC1",0.43956043956044,"PHC1"
"DDX59",0.507692307692308,"DDX59"
"ROCK2",0.534653788876878,"ROCK2"
"ROCK1",0.626373626373626,"ROCK1"
"TRIM33",0.311043288985284,"TRIM33"
"EP300",0.525274725274725,"EP300"
"CREBBP",0.235164835164835,"CREBBP"
"TRIM24",0.569230769230769,"TRIM24"
"SEC16A",0.505246082933912,"SEC16A"
"TMEM201",-0.0373626373626374,"TMEM201"
"AGAP1",0,"AGAP1"
"AGAP3",-0.153846153846154,"AGAP3"
"BCL9L",0.164835164835165,"BCL9L"
"SMPD4",0.582417582417582,"SMPD4"
"NHS",0.903679144156467,"NHS"
"SAFB2",0.0857142857142857,"SAFB2"
"SAFB",0.12967032967033,"SAFB"
"SLTM",0.371428571428571,"SLTM"
"MNT",-0.0505494505494506,"MNT"
"C17orf49",0.324175824175824,"C17orf49"
"BAZ2B",0.556656002410905,"BAZ2B"
"SMPD1",0.81978021978022,"SMPD1"
"CSF1",0.481818181818182,"CSF1"
"VAC14",0.52967032967033,"VAC14"
"AFF3",-0.0554035751750899,"AFF3"
"CLINT1",0.60070465860112,"CLINT1"
"TBC1D9B",0.252747252747253,"TBC1D9B"
"NFKBIE",0.302197802197802,"NFKBIE"
"UPF1",0.564835164835165,"UPF1"
"ARIH2",0.789010989010989,"ARIH2"
"MAN1B1",0.643956043956044,"MAN1B1"
"KRIT1",0.153846153846154,"KRIT1"
"TTF2",0.648351648351648,"TTF2"
"SNX7",0.60989010989011,"SNX7"
"MBD1",0.425448156880936,"MBD1"
"TUSC3",0.25550722774442,"TUSC3"
"MAGT1",0.191208791208791,"MAGT1"
"ERI1",0.815384615384615,"ERI1"
"L3MBTL3",0.840484556999865,"L3MBTL3"
"PHYKPL",0.481818181818182,"PHYKPL"
"LSM1",0.723076923076923,"LSM1"
"USO1",0.283516483516484,"USO1"
"ACOT2",0.96043956043956,"ACOT2"
"TGOLN2",0.52967032967033,"TGOLN2"
"KMT2D",0.30989010989011,"KMT2D"
"KMT2C",0.0461538461538462,"KMT2C"
"ERH",-0.0725274725274725,"ERH"
"ZFAND5",0.643956043956044,"ZFAND5"
"ZFAND6",0.138461538461538,"ZFAND6"
"PTPRC",-0.211124143867929,"PTPRC"
"CHPF",0.481818181818182,"CHPF"
"LGALS8",0.27032967032967,"LGALS8"
"TMEM51",0.783216783216783,"TMEM51"
"RABEP1",0.859340659340659,"RABEP1"
"RICTOR",0.265934065934066,"RICTOR"
"CHML",0.0241758241758242,"CHML"
"CHM",0.3768916907983,"CHM"
"SSRP1",-0.0549450549450549,"SSRP1"
"PNPLA6",0.810989010989011,"PNPLA6"
"NCSTN",-0.0505494505494506,"NCSTN"
"BZW2",0.507692307692308,"BZW2"
"BZW1",0.367032967032967,"BZW1"
"PUS7L",0.390909090909091,"PUS7L"
"SIRT3",0.745054945054945,"SIRT3"
"PRR12",0.745054945054945,"PRR12"
"CEP55",0.573626373626374,"CEP55"
"MAP2",0.424069833796367,"MAP2"
"DDX24",0.538461538461538,"DDX24"
"EIF2D",0.151648351648352,"EIF2D"
"ESRP2",0.608791208791209,"ESRP2"
"ESRP1",0.629696893086935,"ESRP1"
"CLSPN",-0.032967032967033,"CLSPN"
"CYB561",0.636363636363636,"CYB561"
"PARL",0.784615384615385,"PARL"
"ASNS",0.556043956043956,"ASNS"
"EPS8L3",0.818181818181818,"EPS8L3"
"USP1",-0.104895104895105,"USP1"
"MAPKAP1",0.34965034965035,"MAPKAP1"
"LIMD1",0.432967032967033,"LIMD1"
"PTPN14",0.758241758241758,"PTPN14"
"CAPN2",0.498901098901099,"CAPN2"
"CHMP2A",0.410072808740921,"CHMP2A"
"CTAGE15",0.173626373626374,"CTAGE15"
"CTAGE1",0.420403374205733,"CTAGE1"
"USP30",0.402205382928253,"USP30"
"MVP",0.542857142857143,"MVP"
"DCUN1D3",0.657142857142857,"DCUN1D3"
"TIMM8A",0.010989010989011,"TIMM8A"
"ITPK1",0.802197802197802,"ITPK1"
"RACGAP1",0.16043956043956,"RACGAP1"
"TRPS1",0.876923076923077,"TRPS1"
"ALKBH2",0.587912087912088,"ALKBH2"
"AGFG2",0.648351648351648,"AGFG2"
"AGFG1",0.156043956043956,"AGFG1"
"CEP68",0.300684151401615,"CEP68"
"ZZEF1",0.67032967032967,"ZZEF1"
"ASL",0.556043956043956,"ASL"
"CRCP",0.566433566433566,"CRCP"
"PAPSS2",0.696703296703297,"PAPSS2"
"PAPSS1",0.134065934065934,"PAPSS1"
"CHDH",0.815384615384615,"CHDH"
"GORAB",0.301098901098901,"GORAB"
"COMMD10",0.52967032967033,"COMMD10"
"ALKBH1",0.301098901098901,"ALKBH1"
"PXMP2",0.494505494505495,"PXMP2"
"ZGPAT",0.134065934065934,"ZGPAT"
"AFAP1L2",0.892072648590431,"AFAP1L2"
"DNAJB2",0.217582417582418,"DNAJB2"
"DNAJB6",0.525274725274725,"DNAJB6"
"PDE12",0.578021978021978,"PDE12"
"SDF2",0.243956043956044,"SDF2"
"TBC1D15",0.422442499853335,"TBC1D15"
"MRPS9",0.0769230769230769,"MRPS9"
"ARMC1",0.762637362637363,"ARMC1"
"ANAPC5",0.10989010989011,"ANAPC5"
"C7orf25",0.60989010989011,"C7orf25"
"EPC2",0.391608391608392,"EPC2"
"EPC1",0.587912087912088,"EPC1"
"LENG1",0.331868131868132,"LENG1"
"C7orf50",0.441758241758242,"C7orf50"
"ITGA6",0.74969237864585,"ITGA6"
"CAPN7",0.345054945054945,"CAPN7"
"CMTM6",0.617582417582418,"CMTM6"
"SPATS2",0.186813186813187,"SPATS2"
"TRIO",0.723076923076923,"TRIO"
"MCAT",0.292307692307692,"MCAT"
"COL17A1",0.727272727272727,"COL17A1"
"FKRP",0.615384615384615,"FKRP"
"MYD88",0.318681318681319,"MYD88"
"SGPP1",0.81978021978022,"SGPP1"
"NUP210",0.859340659340659,"NUP210"
"GOT2",0.564835164835165,"GOT2"
"ZNF148",0.226373626373626,"ZNF148"
"ARL6IP4",0.117356072482871,"ARL6IP4"
"RRP9",0.0461538461538462,"RRP9"
"SAE1",0.578021978021978,"SAE1"
"UBA7",0.67032967032967,"UBA7"
"FKBP4",0.736263736263736,"FKBP4"
"PNMA1",0.846153846153846,"PNMA1"
"SNAP29",0.371428571428571,"SNAP29"
"CPD",0.323076923076923,"CPD"
"HMGXB4",0.653846153846154,"HMGXB4"
"RABEP2",0.516483516483516,"RABEP2"
"MCM6",0.120879120879121,"MCM6"
"GTF2I",0.410989010989011,"GTF2I"
"HNRNPUL1",0.702413149113129,"HNRNPUL1"
"UNC45A",-0.0505494505494506,"UNC45A"
"GTF2F2",0.2,"GTF2F2"
"GABPA",0.287912087912088,"GABPA"
"XRN1",0.501650468575836,"XRN1"
"MTMR3",0.118181818181818,"MTMR3"
"GAP43",-0.0331496772065898,"GAP43"
"KIF22",0.30989010989011,"KIF22"
"NACC1",0.661538461538462,"NACC1"
"NACC2",0.436363636363636,"NACC2"
"NOMO2",-0.257142857142857,"NOMO2"
"SRCAP",0.230769230769231,"SRCAP"
"SMARCA4",0.379525113706866,"SMARCA4"
"SMARCA2",0.494505494505494,"SMARCA2"
"PAGR1",0.243956043956044,"PAGR1"
"TYMS",0.393406593406593,"TYMS"
"GRHL2",0.789879465871601,"GRHL2"
"TBCA",0.257142857142857,"TBCA"
"ANXA2",0.595604395604396,"ANXA2"
"RPS2",0.138461538461538,"RPS2"
"ATAD2B",0.287912087912088,"ATAD2B"
"ATAD2",0.494505494505494,"ATAD2"
"SRP72",0.437362637362637,"SRP72"
"ADO",0.397802197802198,"ADO"
"TMED3",0.686813186813187,"TMED3"
"TICAM2",0.248351648351648,"TICAM2"
"ESYT1",0.538461538461538,"ESYT1"
"PHF14",0.0338432378200952,"PHF14"
"GPRC5C",0.920879120879121,"GPRC5C"
"PCNA",0.318681318681319,"PCNA"
"DYNC1LI1",0.358241758241758,"DYNC1LI1"
"DYNC1LI2",0.305494505494505,"DYNC1LI2"
"ARID2",0.723076923076923,"ARID2"
"KLHL7",0.173626373626374,"KLHL7"
"SLC4A2",0.446153846153846,"SLC4A2"
"ME2",0.362637362637363,"ME2"
"ME1",0.679120879120879,"ME1"
"ME3",0.331868131868132,"ME3"
"DHRS2",0.898901098901099,"DHRS2"
"CCDC51",0.485714285714286,"CCDC51"
"STK10",0.643956043956044,"STK10"
"SPECC1",0.586813186813187,"SPECC1"
"SLK",0.45114020948913,"SLK"
"TOP1",0.740659340659341,"TOP1"
"UTP14A",-0.116611731730348,"UTP14A"
"CEP135",0.771428571428571,"CEP135"
"RDH14",0.494505494505494,"RDH14"
"TMUB2",0.290909090909091,"TMUB2"
"GOLGB1",0.40026137037228,"GOLGB1"
"MPP2",0.225274725274725,"MPP2"
"PPP1R10",-0.0813186813186813,"PPP1R10"
"SURF6",0.107692307692308,"SURF6"
"ADAT2",0.43741444406518,"ADAT2"
"EIF4G3",0.49658187985662,"EIF4G3"
"EIF4G1",0.512311763318165,"EIF4G1"
"CBFA2T2",0.225274725274725,"CBFA2T2"
"NSUN2",0.718681318681319,"NSUN2"
"GCLC",0.556043956043956,"GCLC"
"EEF2K",0.578021978021978,"EEF2K"
"ZNF414",0.594405594405594,"ZNF414"
"RALB",0.503296703296703,"RALB"
"RALA",0.70989010989011,"RALA"
"P4HA1",0.57409503268549,"P4HA1"
"DBNL",0.46009004355811,"DBNL"
"DDX23",0.626373626373626,"DDX23"
"ATP6V1E1",0.27032967032967,"ATP6V1E1"
"CDC37L1",0.490909090909091,"CDC37L1"
"CP",0.445454545454545,"CP"
"IGF2BP3",0.863736263736264,"IGF2BP3"
"IGF2BP1",0.581499207970059,"IGF2BP1"
"IGF2BP2",0.569230769230769,"IGF2BP2"
"FILIP1L",0.190909090909091,"FILIP1L"
"SIL1",-0.120879120879121,"SIL1"
"TFG",0.305494505494505,"TFG"
"ADIPOR1",-0.118181818181818,"ADIPOR1"
"MCM3AP",0.305494505494505,"MCM3AP"
"USP25",0.516483516483516,"USP25"
"USP16",0.797802197802198,"USP16"
"KCTD18",0.441758241758242,"KCTD18"
"PNO1",0.0505494505494506,"PNO1"
"ZNF277",0.164835164835165,"ZNF277"
"TBC1D2B",0.565934065934066,"TBC1D2B"
"TFIP11",-0.0989010989010989,"TFIP11"
"NBAS",0.204395604395604,"NBAS"
"CDCP1",0.578021978021978,"CDCP1"
"RPL11",0.186813186813187,"RPL11"
"TTC27",0.357142857142857,"TTC27"
"COASY",0.39010989010989,"COASY"
"UBTF",0.753846153846154,"UBTF"
"CASP4",0.49010989010989,"CASP4"
"UBXN1",0.147252747252747,"UBXN1"
"RMDN2",0.614704768862218,"RMDN2"
"SCAMP3",0.73637205454099,"SCAMP3"
"CFDP1",0.696703296703297,"CFDP1"
"SETD3",0.573626373626374,"SETD3"
"ACAA1",0.674725274725275,"ACAA1"
"RCN2",0.0857142857142857,"RCN2"
"HIF1AN",0.0549450549450549,"HIF1AN"
"STAMBP",0.512087912087912,"STAMBP"
"DNM1L",0.457143961223314,"DNM1L"
"CASP6",0.406593406593407,"CASP6"
"CASP3",0.683516483516484,"CASP3"
"ZNF622",0.481318681318681,"ZNF622"
"RMDN3",0.525274725274725,"RMDN3"
"CCDC175",-0.271234937660301,"CCDC175"
"FAM204A",0.436363636363636,"FAM204A"
"TMEM132A",0.593406593406593,"TMEM132A"
"RBCK1",0.164835164835165,"RBCK1"
"GRB2",0.841758241758242,"GRB2"
"NGRN",0.6,"NGRN"
"SFT2D3",0.070595394733503,"SFT2D3"
"PLEKHA6",0.454945054945055,"PLEKHA6"
"NKAP",0.705494505494506,"NKAP"
"MCRS1",0.30989010989011,"MCRS1"
"TAX1BP1",0.214123562361756,"TAX1BP1"
"RTN1",0.735383974110364,"RTN1"
"RTN3",0.243956043956044,"RTN3"
"OGFOD1",0.657142857142857,"OGFOD1"
"PALM3",0.826621232639249,"PALM3"
"PAFAH2",0.643956043956044,"PAFAH2"
"RBM15B",0.0153846153846154,"RBM15B"
"RBM15",0.437362637362637,"RBM15"
"TMEM87A",0.534065934065934,"TMEM87A"
"MRPS26",-0.208791208791209,"MRPS26"
"FUNDC2",0.257142857142857,"FUNDC2"
"ARHGDIA",0.657142857142857,"ARHGDIA"
"THRAP3",0.217582417582418,"THRAP3"
"BCLAF1",-0.125274725274725,"BCLAF1"
"EXOSC8",0.248351648351648,"EXOSC8"
"PDE4DIP",0.241294658893032,"PDE4DIP"
"CDK5RAP2",0.6,"CDK5RAP2"
"PAG1",0.846153846153846,"PAG1"
"UPP1",0.617582417582418,"UPP1"
"SEC24B",0.353846153846154,"SEC24B"
"SEC24A",0.301098901098901,"SEC24A"
"C1GALT1C1",0.131868131868132,"C1GALT1C1"
"PHF6",0.556043956043956,"PHF6"
"RNPEP",0.450549450549451,"RNPEP"
"APBB1IP",0.242783370597274,"APBB1IP"
"RAPH1",0.74945054945055,"RAPH1"
"ARL6IP6",0.725274725274725,"ARL6IP6"
"FIP1L1",0.488454857324841,"FIP1L1"
"SNX4",0.296703296703297,"SNX4"
"GALNT11",0,"GALNT11"
"HBP1",0.0699300699300699,"HBP1"
"ATXN10",0.30989010989011,"ATXN10"
"GPKOW",0.362637362637363,"GPKOW"
"ACADS",0.759076366923962,"ACADS"
"TGFB2",0.63956043956044,"TGFB2"
"SLC25A22",0.723076923076923,"SLC25A22"
"HNRNPU",0.0543458534658303,"HNRNPU"
"PIKFYVE",0.637362637362637,"PIKFYVE"
"TTC7A",0.230769230769231,"TTC7A"
"AASS",0.70187061173549,"AASS"
"PTPRA",0.43956043956044,"PTPRA"
"CENPI",0.767032967032967,"CENPI"
"NOP2",0.573626373626374,"NOP2"
"ELP6",0.38021978021978,"ELP6"
"DDX55",0.621978021978022,"DDX55"
"HINT2",0.591208791208791,"HINT2"
"SMYD2",0.410989010989011,"SMYD2"
"PARP2",0.731868131868132,"PARP2"
"HSD17B7",0.828571428571429,"HSD17B7"
"RB1",0.6,"RB1"
"PXDN",0.301430325416182,"PXDN"
"ATAD3A",0.30989010989011,"ATAD3A"
"ATAD3B",0.235164835164835,"ATAD3B"
"ATAD3C",0.0681318681318681,"ATAD3C"
"ARFGAP1",0.28422947512729,"ARFGAP1"
"IDE",0.731868131868132,"IDE"
"HPS6",0.63956043956044,"HPS6"
"ANXA9",0.772727272727273,"ANXA9"
"ABCF3",0.49010989010989,"ABCF3"
"RAB34",0.781540349091397,"RAB34"
"NFKBIL1",0.463736263736264,"NFKBIL1"
"KHDRBS1",0.217582417582418,"KHDRBS1"
"KHDRBS3",0.692307692307692,"KHDRBS3"
"FAM120A",0.0505494505494506,"FAM120A"
"FAM120C",0.706293706293706,"FAM120C"
"ZC2HC1A",0.67032967032967,"ZC2HC1A"
"COX6B1",0.112087912087912,"COX6B1"
"AP3D1",0.635164835164835,"AP3D1"
"MALSU1",0.125274725274725,"MALSU1"
"PML",0.239819977814326,"PML"
"ERAP1",0.762637362637363,"ERAP1"
"PPP2R2B",-0.12904191819644,"PPP2R2B"
"PPP2R2A",0.714285714285714,"PPP2R2A"
"EXTL2",0.485714285714286,"EXTL2"
"IFT122",0.354545454545455,"IFT122"
"PGM3",0.450549450549451,"PGM3"
"XXYLT1",0.252747252747253,"XXYLT1"
"PTGS2",0.527472527472527,"PTGS2"
"RLF",0.175824175824176,"RLF"
"SUN2",0.767032967032967,"SUN2"
"SUN1",0.424175824175824,"SUN1"
"NFRKB",0.151648351648352,"NFRKB"
"CRYBG3",0.48715416376741,"CRYBG3"
"ING5",0.0681318681318681,"ING5"
"ING4",0.482517482517483,"ING4"
"TM9SF2",0.617582417582418,"TM9SF2"
"TXNDC11",0.538461538461539,"TXNDC11"
"TRAPPC10",0.542857142857143,"TRAPPC10"
"ATP2A2",0.248351648351648,"ATP2A2"
"ATP2A3",0.854945054945055,"ATP2A3"
"RNASEH1",0.17032967032967,"RNASEH1"
"HNRNPA0",0.151648351648352,"HNRNPA0"
"HNRNPA1",0.25774656745392,"HNRNPA1"
"HNRNPA2B1",-0.178021978021978,"HNRNPA2B1"
"HNRNPA3",-0.120879120879121,"HNRNPA3"
"SRRT",0.112087912087912,"SRRT"
"CLASRP",0.446153846153846,"CLASRP"
"METTL2A",-0.0549450549450549,"METTL2A"
"VPS25",0.0285714285714286,"VPS25"
"RCN3",0.346153846153846,"RCN3"
"RNF214",0.477448033688405,"RNF214"
"TTC13",0.521978021978022,"TTC13"
"MCM4",0.0989010989010989,"MCM4"
"MCM8",0.475524475524476,"MCM8"
"FKBP7",0.714285714285714,"FKBP7"
"POLR2A",0.27032967032967,"POLR2A"
"KATNB1",0.331868131868132,"KATNB1"
"CNOT10",-0.0725274725274725,"CNOT10"
"MAN1A2",0.441758241758242,"MAN1A2"
"MAN1A1",0.72607304662292,"MAN1A1"
"TATDN1",0.687912087912088,"TATDN1"
"LSM14A",0.397802197802198,"LSM14A"
"LSM14B",0.137330138346183,"LSM14B"
"EIF1AD",-0.0637362637362637,"EIF1AD"
"ATIC",0.485714285714286,"ATIC"
"LZTFL1",0.727472527472527,"LZTFL1"
"TBP",0.363636363636364,"TBP"
"GANAB",0.551648351648352,"GANAB"
"TAF4",0.235164835164835,"TAF4"
"MECOM",0.672727272727273,"MECOM"
"PRDM16",0.281818181818182,"PRDM16"
"TRAF3IP1",0.336263736263736,"TRAF3IP1"
"GEMIN2",0.758241758241758,"GEMIN2"
"RNF31",0.283516483516484,"RNF31"
"DHRS9",0.373577279014128,"DHRS9"
"ZCCHC8",0.525274725274725,"ZCCHC8"
"PSMD2",0.208791208791209,"PSMD2"
"MAN2C1",0.63956043956044,"MAN2C1"
"ZHX3",0.323076923076923,"ZHX3"
"ZHX2",0.862486770533893,"ZHX2"
"ASPH",0.415384615384615,"ASPH"
"GTPBP6",0.621978021978022,"GTPBP6"
"DTNBP1",-0.0505494505494506,"DTNBP1"
"CDH1",0.626373626373626,"CDH1"
"CDH3",0.841758241758242,"CDH3"
"GLDC",0.617582417582418,"GLDC"
"TMEM199",0.604395604395604,"TMEM199"
"TOP3A",0.0813186813186813,"TOP3A"
"TOP3B",0.525274725274725,"TOP3B"
"HIRIP3",0.657142857142857,"HIRIP3"
"CCDC9",0.67032967032967,"CCDC9"
"KIAA1217",0.613186813186813,"KIAA1217"
"XPO6",0.652747252747253,"XPO6"
"SLC41A3",0.565934065934066,"SLC41A3"
"ACSS2",0.375824175824176,"ACSS2"
"PYGO2",-0.410989010989011,"PYGO2"
"VPS52",0.213186813186813,"VPS52"
"CACYBP",0.323076923076923,"CACYBP"
"DHX32",0.736363636363636,"DHX32"
"N4BP1",0.0505494505494506,"N4BP1"
"GPATCH1",0.573626373626374,"GPATCH1"
"PRPF40B",0.245454545454545,"PRPF40B"
"PRPF40A",0.516483516483516,"PRPF40A"
"BNIP1",0.507692307692308,"BNIP1"
"SMG6",0.664835164835165,"SMG6"
"DTYMK",0.648351648351648,"DTYMK"
"NFIL3",0.335164835164835,"NFIL3"
"TRIM27",-0.00659340659340659,"TRIM27"
"RPP21",-0.145454545454545,"RPP21"
"MAFG",0.23956043956044,"MAFG"
"MAFF",0.28021978021978,"MAFF"
"COG1",0.112087912087912,"COG1"
"RAB11FIP1",0.723076923076923,"RAB11FIP1"
"CTTN",0.349450549450549,"CTTN"
"ZNHIT6",0.367032967032967,"ZNHIT6"
"TPD52L2",0.292307692307692,"TPD52L2"
"TPD52L1",0.89010989010989,"TPD52L1"
"MON2",0.432967032967033,"MON2"
"SDC2",0.818181818181818,"SDC2"
"EPS15",0.257142857142857,"EPS15"
"TLE3",0.457950438954901,"TLE3"
"TLE4",0.507692307692308,"TLE4"
"TLE1",0.43956043956044,"TLE1"
"OVCA2",0.38021978021978,"OVCA2"
"NOC4L",0.406593406593407,"NOC4L"
"ESF1",0.696703296703297,"ESF1"
"ALDH6A1",0.516483516483516,"ALDH6A1"
"CEP89",0.531468531468532,"CEP89"
"PKD2",0.608791208791209,"PKD2"
"ABCA1",0.608391608391608,"ABCA1"
"ABCA2",-0.154545454545455,"ABCA2"
"WDR6",-0.265934065934066,"WDR6"
"TAF2",0.758241758241758,"TAF2"
"SCPEP1",0.402197802197802,"SCPEP1"
"TSEN2",0.372727272727273,"TSEN2"
"SLC38A10",0.345054945054945,"SLC38A10"
"NCALD",0.510451353989447,"NCALD"
"HPCAL1",0.804195804195804,"HPCAL1"
"HPCA",0.0659340659340659,"HPCA"
"CWF19L2",0.696703296703297,"CWF19L2"
"EPCAM",0.525274725274725,"EPCAM"
"CCZ1",0.305494505494505,"CCZ1"
"RIPK1",0.635164835164835,"RIPK1"
"HEBP2",0.718681318681319,"HEBP2"
"MOXD1",0.619591584706359,"MOXD1"
"ATP13A1",0.679120879120879,"ATP13A1"
"SUGP2",0.687912087912088,"SUGP2"
"GATM",0.771428571428571,"GATM"
"ARPC4",0.723076923076923,"ARPC4"
"ZC3H15",0.652747252747253,"ZC3H15"
"TBK1",0.23956043956044,"TBK1"
"EXOSC5",0.27032967032967,"EXOSC5"
"TSEN54",-0.00659340659340659,"TSEN54"
"SLC30A1",0.468131868131868,"SLC30A1"
"GINM1",0.657342657342657,"GINM1"
"TM9SF4",0.0549450549450549,"TM9SF4"
"SIK3",0.55944055944056,"SIK3"
"MARK2",0.265934065934066,"MARK2"
"MARK3",0.70989010989011,"MARK3"
"MARK1",0.290477056957226,"MARK1"
"HEXIM1",0.665934065934066,"HEXIM1"
"HEXIM2",0.916483516483517,"HEXIM2"
"LPCAT4",0.463736263736264,"LPCAT4"
"SAMD9",0.586813186813187,"SAMD9"
"RSU1",0.485714285714286,"RSU1"
"POLDIP2",-0.0857142857142857,"POLDIP2"
"CDH17",0.622377622377623,"CDH17"
"RBM12B",0.468131868131868,"RBM12B"
"TRAM1",0.741758241758242,"TRAM1"
"BCAP31",0.78021978021978,"BCAP31"
"KANSL3",0.358241758241758,"KANSL3"
"NDE1",0.331868131868132,"NDE1"
"NDEL1",-0.0769230769230769,"NDEL1"
"HMOX2",0.353846153846154,"HMOX2"
"HABP4",0.687912087912088,"HABP4"
"ZNF292",0.510989010989011,"ZNF292"
"MYL6B",0.393406593406593,"MYL6B"
"MYL6",-0.363457203385769,"MYL6"
"MYL4",0.0540083212980493,"MYL4"
"MYL3",0.154000609279624,"MYL3"
"UBE2N",0.010989010989011,"UBE2N"
"MSL3",0.0989010989010989,"MSL3"
"ACTR3",0.182417582417582,"ACTR3"
"ACTR3B",0.0164835164835165,"ACTR3B"
"LPGAT1",0.293706293706294,"LPGAT1"
"VPS13B",0.679120879120879,"VPS13B"
"RPUSD4",0.21978021978022,"RPUSD4"
"NAA38",0.125274725274725,"NAA38"
"BBX",0.261538461538461,"BBX"
"DACH1",0.291535842660832,"DACH1"
"CHORDC1",-0.0373626373626374,"CHORDC1"
"NT5E",0.753846153846154,"NT5E"
"UBN2",0.38021978021978,"UBN2"
"PLEKHM2",0.78021978021978,"PLEKHM2"
"PRCC",0.0989010989010989,"PRCC"
"TRIP11",-0.248351648351648,"TRIP11"
"ILF3",0.441572816220249,"ILF3"
"STRBP",0.441758241758242,"STRBP"
"NADSYN1",0.362637362637363,"NADSYN1"
"SIGIRR",0.450549450549451,"SIGIRR"
"NOL11",0.573626373626374,"NOL11"
"PYCARD",0.85054945054945,"PYCARD"
"PARP1",0.714285714285714,"PARP1"
"EPN2",0.397802197802198,"EPN2"
"EPN1",0.713548578903916,"EPN1"
"LEMD2",0.789010989010989,"LEMD2"
"USP47",0.30989010989011,"USP47"
"CCP110",0.269230769230769,"CCP110"
"PI4K2B",0.608391608391608,"PI4K2B"
"DUS3L",0.512087912087912,"DUS3L"
"RRS1",-0.0989010989010989,"RRS1"
"LRRFIP2",0.178021978021978,"LRRFIP2"
"LRRFIP1",0.312586640066367,"LRRFIP1"
"METTL3",0.498901098901099,"METTL3"
"SH2D4A",0.468131868131868,"SH2D4A"
"MRPL38",0.221978021978022,"MRPL38"
"PIP4K2B",0.674725274725275,"PIP4K2B"
"PIP4K2A",0.863736263736264,"PIP4K2A"
"OGDH",0.588978326479809,"OGDH"
"OGDHL",0.0616741584210668,"OGDHL"
"CKAP2L",0.6,"CKAP2L"
"CKAP2",0.296703296703297,"CKAP2"
"STOML2",0.0153846153846154,"STOML2"
"TJP3",0.894505494505494,"TJP3"
"ZNF608",0.872527472527473,"ZNF608"
"ZNF609",0.494505494505494,"ZNF609"
"PRDM15",0.467032967032967,"PRDM15"
"AK5",-0.0909094358673449,"AK5"
"AK1",0.459340659340659,"AK1"
"SP2",0.0725274725274725,"SP2"
"BSDC1",0.427829732595782,"BSDC1"
"STIM1",0.661538461538462,"STIM1"
"STIM2",0.223776223776224,"STIM2"
"CDK5RAP1",0.740659340659341,"CDK5RAP1"
"EPHX2",0.906593406593407,"EPHX2"
"STK38",0.362637362637363,"STK38"
"STK38L",0.665934065934066,"STK38L"
"CCDC174",0.503296703296703,"CCDC174"
"SPAG5",0.512087912087912,"SPAG5"
"LPIN3",0.175824175824176,"LPIN3"
"LPIN1",0.213186813186813,"LPIN1"
"LPIN2",0.881818181818182,"LPIN2"
"MRPL3",0.0505494505494506,"MRPL3"
"GBP2",0.67032967032967,"GBP2"
"GBP1",0.851139659031091,"GBP1"
"CDS2",0.648351648351648,"CDS2"
"RTN4",0.639037051278277,"RTN4"
"SLC9A6",0.730769230769231,"SLC9A6"
"IP6K1",0.156043956043956,"IP6K1"
"NR2C1",0.433566433566434,"NR2C1"
"NR2C2",0.151648351648352,"NR2C2"
"RRP1B",0.217582417582418,"RRP1B"
"SKA2",0.393406593406593,"SKA2"
"ARHGAP32",0.67032967032967,"ARHGAP32"
"HSPA4",0.70989010989011,"HSPA4"
"HSPA4L",0.912087912087912,"HSPA4L"
"HSPH1",0.492308881317415,"HSPH1"
"DIABLO",0.503296703296703,"DIABLO"
"PAM",0.661538461538462,"PAM"
"APEH",0.578021978021978,"APEH"
"MTAP",0.70989010989011,"MTAP"
"PIH1D1",0.138461538461538,"PIH1D1"
"CASP8AP2",0.3,"CASP8AP2"
"HTATSF1",0.402197802197802,"HTATSF1"
"WDR55",0.485714285714286,"WDR55"
"CHMP5",0.336263736263736,"CHMP5"
"SDE2",-0.0813186813186813,"SDE2"
"FECH",0.608791208791209,"FECH"
"ARHGEF28",0.428571428571429,"ARHGEF28"
"ARHGEF18",0.181318681318681,"ARHGEF18"
"PLOD1",0.265934065934066,"PLOD1"
"NCOA7",0.494505494505494,"NCOA7"
"WDR44",0.0857142857142857,"WDR44"
"FCHO2",0.679868398201462,"FCHO2"
"PMS2",0.369637187371669,"PMS2"
"WDR76",0.441758241758242,"WDR76"
"GPS1",0.142857142857143,"GPS1"
"RNF14",0.116483516483516,"RNF14"
"MVD",0.437362637362637,"MVD"
"DMAP1",0.63956043956044,"DMAP1"
"RBM19",0.613186813186813,"RBM19"
"WAC",0.410989010989011,"WAC"
"MED1",0.556043956043956,"MED1"
"DNMBP",0.221978021978022,"DNMBP"
"SEH1L",0.182417582417582,"SEH1L"
"LLGL1",0.261538461538461,"LLGL1"
"POLR1D",0.401285393118467,"POLR1D"
"TACC3",0.208791208791209,"TACC3"
"LIG1",0.481318681318681,"LIG1"
"COG8",0.0901098901098901,"COG8"
"SNRNP70",0.248351648351648,"SNRNP70"
"FAM114A2",0.327472527472527,"FAM114A2"
"DPP8",0.445054945054945,"DPP8"
"DPP9",0.573626373626374,"DPP9"
"RMI1",0.65034965034965,"RMI1"
"UBA3",0.393406593406593,"UBA3"
"NPLOC4",0.164835164835165,"NPLOC4"
"FER",0.56043956043956,"FER"
"ATF3",0.186813186813187,"ATF3"
"ATG9A",0.63956043956044,"ATG9A"
"GIT1",0.881318681318681,"GIT1"
"GIT2",0.349450549450549,"GIT2"
"BLOC1S5",0.52967032967033,"BLOC1S5"
"SLC30A9",0.178021978021978,"SLC30A9"
"POT1",0.468531468531469,"POT1"
"ANXA11",0.762637362637363,"ANXA11"
"ODF2",0.296703296703297,"ODF2"
"ARHGAP4",0.763736263736264,"ARHGAP4"
"GSDMD",0.70989010989011,"GSDMD"
"GET4",0.225274725274725,"GET4"
"CISD3",0.349450549450549,"CISD3"
"AP3B1",0.274725274725275,"AP3B1"
"SF3B3",0.6,"SF3B3"
"INTS9",0.301098901098901,"INTS9"
"NF1",0.331868131868132,"NF1"
"RASA2",0.736263736263736,"RASA2"
"RASA3",0.664835164835165,"RASA3"
"RBPMS",0.554945054945055,"RBPMS"
"UBE2J1",0.217582417582418,"UBE2J1"
"PCCA",0.763476809630768,"PCCA"
"MYEF2",0.592869965042119,"MYEF2"
"NTAN1",0.126373626373626,"NTAN1"
"SLC12A9",0.204395604395604,"SLC12A9"
"TNPO3",0.78021978021978,"TNPO3"
"FAM114A1",0.745054945054945,"FAM114A1"
"THOC5",0.349450549450549,"THOC5"
"KEAP1",0.32967032967033,"KEAP1"
"KCNAB2",0.703500272174687,"KCNAB2"
"FADD",0.507692307692308,"FADD"
"ANKRD13A",0.327472527472527,"ANKRD13A"
"CCDC86",0.27032967032967,"CCDC86"
"RABGAP1L",0.0462488130158934,"RABGAP1L"
"RABGAP1",0.49010989010989,"RABGAP1"
"FNTA",0.0505494505494506,"FNTA"
"LAS1L",0.563256666471114,"LAS1L"
"PLEK2",0.802197802197802,"PLEK2"
"CANT1",0.652747252747253,"CANT1"
"AASDHPPT",0.331868131868132,"AASDHPPT"
"CEP97",0.734873932036531,"CEP97"
"TFAM",0.551648351648352,"TFAM"
"COG5",0.349450549450549,"COG5"
"CAMK1D",0.714285714285714,"CAMK1D"
"MOV10",0.586813186813187,"MOV10"
"ENPP1",0.703296703296703,"ENPP1"
"ZNF800",0.389010989010989,"ZNF800"
"PGS1",0.48951048951049,"PGS1"
"SULF2",0.863636363636364,"SULF2"
"SUPT20H",0.446153846153846,"SUPT20H"
"ECHS1",0.525274725274725,"ECHS1"
"GMIP",0.503496503496504,"GMIP"
"SCRIB",0.582417582417582,"SCRIB"
"LRRC1",0.573626373626374,"LRRC1"
"CCT5",0.235164835164835,"CCT5"
"CCT4",-0.156043956043956,"CCT4"
"THSD4",0.747154558028256,"THSD4"
"LDHD",0.956218629281843,"LDHD"
"TARDBP",-0.402197802197802,"TARDBP"
"ANKLE2",0.613186813186813,"ANKLE2"
"UGT1A6",0.943054838486885,"UGT1A6"
"TTLL12",0.832967032967033,"TTLL12"
"PCBP3",-0.190269677651828,"PCBP3"
"PCBP2",0.39460145839268,"PCBP2"
"PCBP1",0.595604395604396,"PCBP1"
"PCBP4",0.476923076923077,"PCBP4"
"PTGES",0.818181818181818,"PTGES"
"EOGT",0.758241758241758,"EOGT"
"DHRS13",0.208791208791209,"DHRS13"
"TRNAU1AP",-0.520879120879121,"TRNAU1AP"
"HIBCH",0.868131868131868,"HIBCH"
"NSUN6",0.52967032967033,"NSUN6"
"DCAF11",0.402197802197802,"DCAF11"
"CST3",0.440559440559441,"CST3"
"ZFYVE19",0.204395604395604,"ZFYVE19"
"CKAP4",0.696703296703297,"CKAP4"
"TUBGCP4",-0.287912087912088,"TUBGCP4"
"MID1",0.576923076923077,"MID1"
"CHST12",0.527272727272727,"CHST12"
"SETD1A",0.16043956043956,"SETD1A"
"NUP93",0.349450549450549,"NUP93"
"SNRPB",0.0505494505494506,"SNRPB"
"EME1",0.7,"EME1"
"MRPS23",0.323076923076923,"MRPS23"
"GDPD1",0.618982703865821,"GDPD1"
"NDUFB10",0.336263736263736,"NDUFB10"
"ANTXR2",0.672727272727273,"ANTXR2"
"ANTXR1",0.608391608391608,"ANTXR1"
"CPVL",0.806593406593407,"CPVL"
"GIPC1",0.305494505494505,"GIPC1"
"FAM3A",0.621978021978022,"FAM3A"
"TRAPPC2L",0.243956043956044,"TRAPPC2L"
"UQCR10",0.340659340659341,"UQCR10"
"SNRPD2",0.714285714285714,"SNRPD2"
"CLCC1",0.221978021978022,"CLCC1"
"SRD5A3",0.454545454545455,"SRD5A3"
"FNDC3A",0.815384615384615,"FNDC3A"
"DPH2",0.56043956043956,"DPH2"
"DNAJC8",0.0241758241758242,"DNAJC8"
"ORC1",0.395797454611166,"ORC1"
"TAF5",0.0506050911282641,"TAF5"
"STEAP2",0.681318681318681,"STEAP2"
"CPNE7",0.6,"CPNE7"
"CPNE5",0.0165289883395173,"CPNE5"
"CPNE8",0.386210203002812,"CPNE8"
"CPNE2",0.74945054945055,"CPNE2"
"CPNE3",-0.243956043956044,"CPNE3"
"TDRD7",0.750275481510351,"TDRD7"
"ACY1",0.859340659340659,"ACY1"
"SLC2A3",0.829483450232851,"SLC2A3"
"ORC4",0.415384615384615,"ORC4"
"PSMA3",0.305494505494505,"PSMA3"
"CALB2",0.78021978021978,"CALB2"
"CBR3",0.758241758241758,"CBR3"
"CBR1",0.78021978021978,"CBR1"
"PCCB",-0.410989010989011,"PCCB"
"ALDH9A1",0.49010989010989,"ALDH9A1"
"SNX21",0.663636363636364,"SNX21"
"CRTC3",0.285714285714286,"CRTC3"
"TRAFD1",0.736263736263736,"TRAFD1"
"NBEAL2",0.613186813186813,"NBEAL2"
"NPEPPS",0.542857142857143,"NPEPPS"
"PIGO",0.296703296703297,"PIGO"
"PLEKHA7",0.620196851761465,"PLEKHA7"
"ARHGEF11",0.406593406593407,"ARHGEF11"
"CADPS",0.426052717520126,"CADPS"
"PADI2",0.594405594405594,"PADI2"
"QSOX2",0.551648351648352,"QSOX2"
"L1CAM",0.84241623024491,"L1CAM"
"ALAS1",-0.0461538461538462,"ALAS1"
"GALNT3",0.604395604395604,"GALNT3"
"GALNT6",0.811188811188811,"GALNT6"
"PPP1R11",0.521978021978022,"PPP1R11"
"CTBP1",-0.169230769230769,"CTBP1"
"CTBP2",0.507692307692308,"CTBP2"
"OTUB1",0.243956043956044,"OTUB1"
"ZNF318",0.665934065934066,"ZNF318"
"FN3K",0.793406593406593,"FN3K"
"MPST",0.841758241758242,"MPST"
"SLC38A2",0.538461538461538,"SLC38A2"
"ZFYVE21",0.164835164835165,"ZFYVE21"
"CUL4B",0.6,"CUL4B"
"CUL4A",0.287912087912088,"CUL4A"
"FSD1",0.738042917076692,"FSD1"
"DAB2",0.938461538461538,"DAB2"
"PPCDC",0.254545454545455,"PPCDC"
"SRSF3",-0.314285714285714,"SRSF3"
"SRSF7",-0.701098901098901,"SRSF7"
"ARPC5L",0.41978021978022,"ARPC5L"
"ARPC5",0.00659340659340659,"ARPC5"
"ZBTB38",0.336263736263736,"ZBTB38"
"XYLB",0.696703296703297,"XYLB"
"NSDHL",0.907692307692308,"NSDHL"
"NCAPD3",0.138461538461538,"NCAPD3"
"PIGS",-0.16043956043956,"PIGS"
"BAZ1B",0.384615384615385,"BAZ1B"
"CDK19",0.192307692307692,"CDK19"
"TCP1",0.173626373626374,"TCP1"
"FADS2",0.565934065934066,"FADS2"
"FADS1",0.857142857142857,"FADS1"
"OSBP",0.16043956043956,"OSBP"
"SNAPC3",0.20979020979021,"SNAPC3"
"TAF1",0.221978021978022,"TAF1"
"MED27",0.521978021978022,"MED27"
"AK3",0.718681318681319,"AK3"
"PPCS",-0.116483516483516,"PPCS"
"CABIN1",0.586813186813187,"CABIN1"
"ERMP1",0.446153846153846,"ERMP1"
"EFTUD2",0.261538461538461,"EFTUD2"
"EEF2",0.630769230769231,"EEF2"
"NRF1",0.198019921806251,"NRF1"
"SDR39U1",0.70989010989011,"SDR39U1"
"NDC80",0.441758241758242,"NDC80"
"UBE2V1",0.0637362637362637,"UBE2V1"
"UBE2V2",0.336263736263736,"UBE2V2"
"STX6",-0.0021978021978022,"STX6"
"STX10",0.824175824175824,"STX10"
"MAP3K7",0.78021978021978,"MAP3K7"
"TBL2",0.525274725274725,"TBL2"
"MRPL39",0.00659340659340659,"MRPL39"
"MOSPD2",0.643956043956044,"MOSPD2"
"ANAPC1",0.52967032967033,"ANAPC1"
"RPLP0",0.178021978021978,"RPLP0"
"DTNA",0.291868836781039,"DTNA"
"DTNB",0.706293706293706,"DTNB"
"GSTP1",0.305494505494505,"GSTP1"
"PTGES2",0.648351648351648,"PTGES2"
"EIF4G2",0.763368557225228,"EIF4G2"
"TXNIP",0.472527472527473,"TXNIP"
"THUMPD1",0.318681318681319,"THUMPD1"
"HJURP",0.261538461538461,"HJURP"
"RRAGD",0.299560198045182,"RRAGD"
"RRAGC",0.175824175824176,"RRAGC"
"MPG",0.032967032967033,"MPG"
"MTHFSD",0.474486939610014,"MTHFSD"
"ERF",0.718681318681319,"ERF"
"ETV3",-0.218181818181818,"ETV3"
"RPL34",-0.0461538461538462,"RPL34"
"VCPIP1",0.52967032967033,"VCPIP1"
"ANKS1B",-0.331013259625712,"ANKS1B"
"ANKS1A",0.635164835164835,"ANKS1A"
"FRRS1",0.697802197802198,"FRRS1"
"CAP2",0.564835164835165,"CAP2"
"CAP1",0.635164835164835,"CAP1"
"ARMC9",0.368131868131868,"ARMC9"
"PLD3",0.195604395604396,"PLD3"
"NKTR",-0.120879120879121,"NKTR"
"LONP1",0.525274725274725,"LONP1"
"DYRK1A",0.265734265734266,"DYRK1A"
"HSD17B11",0.503296703296703,"HSD17B11"
"HECTD1",0.454945054945055,"HECTD1"
"SAPCD2",0.0742779244638985,"SAPCD2"
"SOS1",0.395604395604396,"SOS1"
"LRP2",0.0318907433304744,"LRP2"
"RPL3",-0.010989010989011,"RPL3"
"ASAP2",0.257142857142857,"ASAP2"
"ASAP1",0.578021978021978,"ASAP1"
"DEPTOR",0.604395604395604,"DEPTOR"
"VAMP7",0.476923076923077,"VAMP7"
"DDB1",-0.0461538461538462,"DDB1"
"ITGB1",0.595604395604396,"ITGB1"
"ITGB6",0.86013986013986,"ITGB6"
"NOL4",0.520617394102878,"NOL4"
"CNTN1",0.565554602542195,"CNTN1"
"SYNRG",0.221978021978022,"SYNRG"
"RANGAP1",0.349450549450549,"RANGAP1"
"CD44",0.767032967032967,"CD44"
"ARHGAP5",0.793406593406593,"ARHGAP5"
"STEAP3",0.595604395604396,"STEAP3"
"SLC25A20",0.630769230769231,"SLC25A20"
"SLC25A15",-0.0197802197802198,"SLC25A15"
"BAIAP2",0.393465741391322,"BAIAP2"
"SPR",0.745054945054945,"SPR"
"PIBF1",0.595604395604396,"PIBF1"
"XPR1",0.587912087912088,"XPR1"
"BUB3",-0.213186813186813,"BUB3"
"LANCL1",0.353846153846154,"LANCL1"
"CCDC117",0.657142857142857,"CCDC117"
"LYPLA2",0.701098901098901,"LYPLA2"
"SLC9A1",0.507692307692308,"SLC9A1"
"PIGT",0.27032967032967,"PIGT"
"DDR1",0.775824175824176,"DDR1"
"DDR2",0.564921738996974,"DDR2"
"FAM221A",0.685314685314685,"FAM221A"
"BRAT1",0.340659340659341,"BRAT1"
"SETD7",0.478021978021978,"SETD7"
"ARHGAP18",0.718681318681319,"ARHGAP18"
"FBXO45",0.0989010989010989,"FBXO45"
"COIL",0.832967032967033,"COIL"
"SCAP",-0.197802197802198,"SCAP"
"PHAX",0.125274725274725,"PHAX"
"GNS",0.191208791208791,"GNS"
"DNASE2",0.692307692307692,"DNASE2"
"TSPYL1",0.191208791208791,"TSPYL1"
"TCTN3",0,"TCTN3"
"ZMIZ1",-0.14961505203139,"ZMIZ1"
"ZMIZ2",0.345454545454545,"ZMIZ2"
"SYNJ1",0.454545454545455,"SYNJ1"
"SYNJ2",0.520879120879121,"SYNJ2"
"DOHH",0.142857142857143,"DOHH"
"PLG",0.390562004617526,"PLG"
"PRDX3",0.415384615384615,"PRDX3"
"GPC1",0.52967032967033,"GPC1"
"GALK1",0.582417582417582,"GALK1"
"OPLAH",0.789010989010989,"OPLAH"
"WASF2",0.525274725274725,"WASF2"
"WASF1",0.546698457093846,"WASF1"
"CDCA7L",0.510489510489511,"CDCA7L"
"TFB1M",0.301098901098901,"TFB1M"
"UBXN2B",0.401098901098901,"UBXN2B"
"ESD",0.604395604395604,"ESD"
"CLMN",0.6,"CLMN"
"PTPN9",0.164835164835165,"PTPN9"
"PSD3",0.661979620771453,"PSD3"
"TOLLIP",0.2,"TOLLIP"
"FITM2",0.626373626373626,"FITM2"
"SEC61A1",0.27032967032967,"SEC61A1"
"PITRM1",0.463736263736264,"PITRM1"
"CIZ1",-0.0754913713912839,"CIZ1"
"G3BP2",0.520879120879121,"G3BP2"
"G3BP1",0.0637362637362637,"G3BP1"
"NUMB",0.740659340659341,"NUMB"
"NUMBL",0.785714285714286,"NUMBL"
"EPM2AIP1",0.730769230769231,"EPM2AIP1"
"PTPN13",0.704847524812192,"PTPN13"
"THUMPD2",0.554545454545455,"THUMPD2"
"SPC25",0.437362637362637,"SPC25"
"NAA20",0.16043956043956,"NAA20"
"PBK",0.538461538461538,"PBK"
"PFDN1",-0.00659340659340659,"PFDN1"
"VIPAS39",0.261538461538461,"VIPAS39"
"NSFL1C",0.520879120879121,"NSFL1C"
"VEZT",0.667925430903708,"VEZT"
"PEPD",0.406593406593407,"PEPD"
"RPP14",0.330384918272713,"RPP14"
"USP32",0.586813186813187,"USP32"
"NPC1",0.257142857142857,"NPC1"
"RTCA",0.542857142857143,"RTCA"
"C1QBP",0.468131868131868,"C1QBP"
"DDI2",0.604395604395604,"DDI2"
"GOPC",0.547252747252747,"GOPC"
"URI1",0.626373626373626,"URI1"
"PREP",0.287912087912088,"PREP"
"KRI1",0.727472527472527,"KRI1"
"VPS45",0.525274725274725,"VPS45"
"RBBP8",-0.0714285714285714,"RBBP8"
"YY1",0.226373626373626,"YY1"
"CROT",0.0962861983791277,"CROT"
"TUBA1B",0.70989010989011,"TUBA1B"
"TUBA3C",0.474429889332287,"TUBA3C"
"TUBA1C",0.454945054945055,"TUBA1C"
"TUBA4A",0.687912087912088,"TUBA4A"
"TUBAL3",-0.105754112670492,"TUBAL3"
"GRB10",0.654545454545455,"GRB10"
"LANCL2",0.413641614439724,"LANCL2"
"MED31",-0.265734265734266,"MED31"
"TOR1A",0.793406593406593,"TOR1A"
"XPNPEP1",0.758241758241758,"XPNPEP1"
"MANBA",0.424175824175824,"MANBA"
"ODR4",0.296703296703297,"ODR4"
"PLA2G15",0.679120879120879,"PLA2G15"
"STAT2",0.107692307692308,"STAT2"
"SUV39H1",0.147252747252747,"SUV39H1"
"DHRS1",0.542857142857143,"DHRS1"
"SUMF2",0.88949985619204,"SUMF2"
"PSME2",-0.261538461538461,"PSME2"
"CRTAP",0.437362637362637,"CRTAP"
"THEM6",0.692307692307692,"THEM6"
"OAT",0.466446926921391,"OAT"
"CMPK2",0.657866184667434,"CMPK2"
"MBTPS2",0.554545454545455,"MBTPS2"
"ARHGAP12",0.934065934065934,"ARHGAP12"
"ZBTB7A",0.648351648351648,"ZBTB7A"
"IBA57",0.573626373626374,"IBA57"
"WEE1",0.663636363636364,"WEE1"
"PCDH7",0.693218355304354,"PCDH7"
"PCNP",0.345054945054945,"PCNP"
"MYC",0.230769230769231,"MYC"
"CUTC",0.696703296703297,"CUTC"
"C12orf43",0.437362637362637,"C12orf43"
"ARHGEF2",-0.0505494505494506,"ARHGEF2"
"MXRA7",0.815110954771886,"MXRA7"
"NFKB1",0.367032967032967,"NFKB1"
"HTATIP2",0.683516483516484,"HTATIP2"
"TRADD",0.182417582417582,"TRADD"
"SRP54",0.274725274725275,"SRP54"
"TPBG",0.806593406593407,"TPBG"
"RRP36",0.125274725274725,"RRP36"
"ING2",0.00659340659340659,"ING2"
"FKBP10",0.775824175824176,"FKBP10"
"FKBP9",0.333947773178909,"FKBP9"
"DDAH2",0.591208791208791,"DDAH2"
"DDAH1",0.498901098901099,"DDAH1"
"CHST14",0.494505494505495,"CHST14"
"MDH2",0.723076923076923,"MDH2"
"MON1B",0.620879120879121,"MON1B"
"GK",0.835164835164835,"GK"
"GSN",0.729014045404249,"GSN"
"PLK1",0.147252747252747,"PLK1"
"NFKBIB",0.27032967032967,"NFKBIB"
"PFDN6",0.0197802197802198,"PFDN6"
"USP42",0.423076923076923,"USP42"
"GATA6",0.314685314685315,"GATA6"
"PLEKHG3",0.512087912087912,"PLEKHG3"
"PSMB9",0.881318681318681,"PSMB9"
"MED18",-0.120879120879121,"MED18"
"SLAIN2",0.489074347027832,"SLAIN2"
"DCTN4",0.319032096243404,"DCTN4"
"ITGA5",0.85054945054945,"ITGA5"
"GLB1",0.648351648351648,"GLB1"
"ANKRD10",0.0636363636363636,"ANKRD10"
"DGKA",0.463736263736264,"DGKA"
"ABCB6",0.74945054945055,"ABCB6"
"HEXA",0.815384615384615,"HEXA"
"HEXB",0.604395604395604,"HEXB"
"SEC11C",0.296703296703297,"SEC11C"
"DPP4",0.87568809865431,"DPP4"
"SNX15",0.683516483516484,"SNX15"
"UBR1",0.23956043956044,"UBR1"
"CAMK2B",-0.283516483516484,"CAMK2B"
"CAMK2G",0.243020168177421,"CAMK2G"
"CAMK2D",0.881318681318681,"CAMK2D"
"TXNL1",0.547252747252747,"TXNL1"
"ARHGAP11A",0.345454545454545,"ARHGAP11A"
"SLC25A25",0.454945054945055,"SLC25A25"
"DMXL1",0.285714285714286,"DMXL1"
"GC",0.32693412155289,"GC"
"DUS1L",0.604395604395604,"DUS1L"
"NEU1",0.78021978021978,"NEU1"
"PIAS1",0.428571428571429,"PIAS1"
"PIAS2",0.604395604395604,"PIAS2"
"TNFAIP3",0.65034965034965,"TNFAIP3"
"CTU2",0.665934065934066,"CTU2"
"FERMT3",0.261538461538461,"FERMT3"
"FAM83B",0.793406593406593,"FAM83B"
"DNMT3A",0.643956043956044,"DNMT3A"
"HADH",0.771428571428571,"HADH"
"ZNF512",0.569230769230769,"ZNF512"
"NCDN",0.661538461538462,"NCDN"
"SDHB",0.0813186813186813,"SDHB"
"TBC1D20",0.362637362637363,"TBC1D20"
"HDGF",0.120879120879121,"HDGF"
"PSIP1",0.591208791208791,"PSIP1"
"XRCC6",0.657142857142857,"XRCC6"
"COL4A1",0.118811953083751,"COL4A1"
"RFTN1",0.167216822858612,"RFTN1"
"GTF2B",0.296703296703297,"GTF2B"
"PEX13",-0.10989010989011,"PEX13"
"SMPDL3B",0.492849583162225,"SMPDL3B"
"TMX2",-0.0857142857142857,"TMX2"
"C1orf50",0.43956043956044,"C1orf50"
"TM9SF1",0.806593406593407,"TM9SF1"
"CHMP4A",0.679120879120879,"CHMP4A"
"CTH",0.318681318681319,"CTH"
"TTI1",0.437362637362637,"TTI1"
"PDLIM2",0.164835164835165,"PDLIM2"
"LYSMD2",0.706293706293706,"LYSMD2"
"LYSMD1",0.0839160839160839,"LYSMD1"
"CARM1",0.441758241758242,"CARM1"
"NIPSNAP1",0.635164835164835,"NIPSNAP1"
"POLR2D",-0.125274725274725,"POLR2D"
"CDK11A",-0.191208791208791,"CDK11A"
"CDK11B",-0.0461538461538462,"CDK11B"
"ANKZF1",0.23956043956044,"ANKZF1"
"CASKIN2",0.635164835164835,"CASKIN2"
"LSM7",0.182417582417582,"LSM7"
"ATG4C",0.318181818181818,"ATG4C"
"TRAPPC9",0.151648351648352,"TRAPPC9"
"RIC8B",0.556043956043956,"RIC8B"
"RIC8A",0.740659340659341,"RIC8A"
"CORO1B",0.432967032967033,"CORO1B"
"DDX46",0.652747252747253,"DDX46"
"CORO1A",0.679120879120879,"CORO1A"
"CORO1C",0.815384615384615,"CORO1C"
"CLTB",0.358636080604655,"CLTB"
"CORO6",0.244755244755245,"CORO6"
"SQSTM1",0.243956043956044,"SQSTM1"
"MRPL9",0.112087912087912,"MRPL9"
"C19orf25",0.340659340659341,"C19orf25"
"FBRS",0.0857142857142857,"FBRS"
"CADM1",0.756876145570559,"CADM1"
"WRNIP1",0.52967032967033,"WRNIP1"
"LIAS",0.701098901098901,"LIAS"
"PES1",0.437408427242549,"PES1"
"MARVELD3",0.721776131715178,"MARVELD3"
"GPT2",0.578021978021978,"GPT2"
"NME7",0.631868131868132,"NME7"
"STAM",0.643956043956044,"STAM"
"STAM2",0.23956043956044,"STAM2"
"EXPH5",0.835164835164835,"EXPH5"
"RTKN",0.608791208791209,"RTKN"
"AMMECR1",0.6,"AMMECR1"
"DTL",0.324175824175824,"DTL"
"NAGPA",0.0373626373626374,"NAGPA"
"MED14",-0.0813186813186813,"MED14"
"NAGK",0.723076923076923,"NAGK"
"SEC14L2",0.687912087912088,"SEC14L2"
"ANXA3",0.424175824175824,"ANXA3"
"TAF10",-0.208791208791209,"TAF10"
"CDK12",0.551648351648352,"CDK12"
"PHF20L1",0.454945054945055,"PHF20L1"
"FYN",0.375824175824176,"FYN"
"CDK2",0.635164835164835,"CDK2"
"CDK13",0.446153846153846,"CDK13"
"SRC",0.758241758241758,"SRC"
"YES1",0.745054945054945,"YES1"
"CDK9",0.2,"CDK9"
"LYN",0.617582417582418,"LYN"
"MST1R",0.747252747252747,"MST1R"
"CDK6",0.745054945054945,"CDK6"
"CDK16",0.621978021978022,"CDK16"
"MET",0.608791208791209,"MET"
"CDK1",0.648351648351648,"CDK1"
"CDK5",0.512087912087912,"CDK5"
"STK3",0.802197802197802,"STK3"
"STK4",0.468131868131868,"STK4"
"CDK3",0.285714285714286,"CDK3"
"CDK4",0.551648351648352,"CDK4"
"PRKD2",0.302197802197802,"PRKD2"
"CDK17",0.601398601398601,"CDK17"
"CDK10",0.377622377622378,"CDK10"
"FGFR2",0.736363636363636,"FGFR2"
"FRK",0.709090909090909,"FRK"
"CHUK",0.613186813186813,"CHUK"
"IKBKB",0.0593406593406593,"IKBKB"
"CSK",0.6,"CSK"
"SYK",0.754675924217156,"SYK"
"USP7",0.569230769230769,"USP7"
"PLCG1",0.679120879120879,"PLCG1"
"MED22",-0.296703296703297,"MED22"
"CRYZ",0.674725274725275,"CRYZ"
"ST7",0.314285714285714,"ST7"
"KIDINS220",0.353846153846154,"KIDINS220"
"ARL1",0.556043956043956,"ARL1"
"CCNB2",0.692307692307692,"CCNB2"
"CCNB1",0.485714285714286,"CCNB1"
"PARG",0.56043956043956,"PARG"
"FAM83H",0.301098901098901,"FAM83H"
"INPP5F",0.0839160839160839,"INPP5F"
"NHLRC2",0.587459101358545,"NHLRC2"
"DNAJC11",0.27032967032967,"DNAJC11"
"EIF2AK3",0.81978021978022,"EIF2AK3"
"SBNO1",0.243956043956044,"SBNO1"
"XIAP",0.52967032967033,"XIAP"
"COL4A2",0.195819700452848,"COL4A2"
"PECR",0.894505494505494,"PECR"
"ACTR8",0.527472527472527,"ACTR8"
"CASC3",0.213186813186813,"CASC3"
"METTL9",0.27032967032967,"METTL9"
"NAT10",0.569230769230769,"NAT10"
"PTPN6",0.727472527472527,"PTPN6"
"BIRC2",0.740659340659341,"BIRC2"
"SIRT1",0.626373626373626,"SIRT1"
"RBBP5",0.0813186813186813,"RBBP5"
"PPP1R16A",0.802197802197802,"PPP1R16A"
"PUS1",0.556043956043956,"PUS1"
"EIF4EBP1",0.0384615384615385,"EIF4EBP1"
"XPO5",0.613186813186813,"XPO5"
"NEK9",0.652747252747253,"NEK9"
"PRPF38B",0.41978021978022,"PRPF38B"
"PPTC7",-0.186813186813187,"PPTC7"
"LRP11",0.586813186813187,"LRP11"
"SMARCAD1",0.503296703296703,"SMARCAD1"
"TRAPPC4",0.349450549450549,"TRAPPC4"
"REEP4",0.0274725274725275,"REEP4"
"REEP3",0.503296703296703,"REEP3"
"FBP1",0.745454545454545,"FBP1"
"MCEE",0.771428571428571,"MCEE"
"FOXJ3",-0.013986013986014,"FOXJ3"
"FOXJ2",0.510989010989011,"FOXJ2"
"FOXC1",0.741258741258741,"FOXC1"
"ZSCAN18",0.506336203447675,"ZSCAN18"
"CENPH",0.503296703296703,"CENPH"
"TMEM223",0.354545454545455,"TMEM223"
"LRRC40",0.292307692307692,"LRRC40"
"PHLDA1",0.67032967032967,"PHLDA1"
"MEGF8",-0.283516483516484,"MEGF8"
"SYNGR2",0.872527472527473,"SYNGR2"
"SASH1",0.131868131868132,"SASH1"
"SAMSN1",0.155565158639527,"SAMSN1"
"DNAJB12",0.186813186813187,"DNAJB12"
"DNAJB1",0.0989010989010989,"DNAJB1"
"DNAJB4",0.635164835164835,"DNAJB4"
"ZRANB2",0.525274725274725,"ZRANB2"
"SRXN1",0.397802197802198,"SRXN1"
"SYTL4",0.713286713286713,"SYTL4"
"SCIN",0.775824175824176,"SCIN"
"NPM3",0.705494505494506,"NPM3"
"HLTF",0.696703296703297,"HLTF"
"TPST1",0.643356643356643,"TPST1"
"TPST2",0.593406593406593,"TPST2"
"CXorf38",0.828571428571429,"CXorf38"
"ACAT2",0.573626373626374,"ACAT2"
"YARS2",0.626373626373626,"YARS2"
"DNAH9",-0.0814526063982764,"DNAH9"
"VBP1",0.371428571428571,"VBP1"
"DAP",0.367032967032967,"DAP"
"PTCD3",-0.138461538461538,"PTCD3"
"CLIC2",0.451026227102423,"CLIC2"
"CLIC4",0.815384615384615,"CLIC4"
"GDPGP1",0.555708916359537,"GDPGP1"
"COL6A1",0.868131868131868,"COL6A1"
"COX6C",-0.265934065934066,"COX6C"
"PARK7",0.551648351648352,"PARK7"
"MCM7",-0.371428571428571,"MCM7"
"LCORL",-0.156215716091598,"LCORL"
"UBR2",0.123212395790556,"UBR2"
"RIOK3",0.314685314685315,"RIOK3"
"AHCY",0.450549450549451,"AHCY"
"AHCYL2",0.63956043956044,"AHCYL2"
"AHCYL1",0.257142857142857,"AHCYL1"
"CUL1",0.578021978021978,"CUL1"
"MCM5",0.208791208791209,"MCM5"
"SMIM20",0.489010989010989,"SMIM20"
"MCM2",0.16043956043956,"MCM2"
"SLC29A1",0.362637362637363,"SLC29A1"
"RPL10A",0.0241758241758242,"RPL10A"
"SHB",0.752747252747253,"SHB"
"SLC4A1AP",0.556043956043956,"SLC4A1AP"
"ADRM1",0.0549450549450549,"ADRM1"
"DCBLD2",0.78021978021978,"DCBLD2"
"TGFB1I1",0.813186813186813,"TGFB1I1"
"DNAJC10",0.573626373626374,"DNAJC10"
"NSA2",-0.0153846153846154,"NSA2"
"ZFAND2B",0.62937062937063,"ZFAND2B"
"TTC39C",0.590909090909091,"TTC39C"
"RSRC1",-0.345054945054945,"RSRC1"
"IL1RAP",0.53861553146465,"IL1RAP"
"FAAH",0.762237762237762,"FAAH"
"PRMT6",0.846153846153846,"PRMT6"
"DKC1",0.164835164835165,"DKC1"
"SCD5",0.923076923076923,"SCD5"
"ISY1",-0.283516483516484,"ISY1"
"ZBED4",-0.109090909090909,"ZBED4"
"OSGEPL1",0.81978021978022,"OSGEPL1"
"C1orf122",0.0272727272727273,"C1orf122"
"RANBP10",0.318681318681319,"RANBP10"
"RANBP9",-0.0637362637362637,"RANBP9"
"ACADVL",0.468131868131868,"ACADVL"
"MPP7",0.753846153846154,"MPP7"
"IPO11",0.415384615384615,"IPO11"
"DPP3",0.525274725274725,"DPP3"
"CPT2",0.542857142857143,"CPT2"
"TIMM9",0.410989010989011,"TIMM9"
"VPS33A",0.0813186813186813,"VPS33A"
"BRI3BP",0.362637362637363,"BRI3BP"
"MRPS18A",0.134065934065934,"MRPS18A"
"E2F3",-0.148351648351648,"E2F3"
"CALCOCO1",0.459340659340659,"CALCOCO1"
"DGCR8",0.389010989010989,"DGCR8"
"EXOSC6",0.389439179552294,"EXOSC6"
"VPS33B",0.358241758241758,"VPS33B"
"MBTPS1",0.318681318681319,"MBTPS1"
"POU2F1",0.516483516483516,"POU2F1"
"PDZK1",0.974945581817359,"PDZK1"
"PDZD11",-0.192307692307692,"PDZD11"
"RHOC",0.0637362637362637,"RHOC"
"RHOA",0.010989010989011,"RHOA"
"PPM1H",0.72027972027972,"PPM1H"
"RHOB",0.718681318681319,"RHOB"
"CD59",0.446153846153846,"CD59"
"HTRA2",0.512087912087912,"HTRA2"
"CENPT",0.274725274725275,"CENPT"
"MTX3",0.775824175824176,"MTX3"
"SLC37A4",0.269230769230769,"SLC37A4"
"ZNF644",0.626373626373626,"ZNF644"
"PRPSAP1",0.30989010989011,"PRPSAP1"
"PRPSAP2",0.648351648351648,"PRPSAP2"
"ENDOG",0.235164835164835,"ENDOG"
"MRPL45",0.402197802197802,"MRPL45"
"TRMU",0.454945054945055,"TRMU"
"CHAC2",0.63956043956044,"CHAC2"
"CD2AP",0.692307692307692,"CD2AP"
"GSTK1",0.753846153846154,"GSTK1"
"ZDHHC20",0.132736760616822,"ZDHHC20"
"CCT6A",0.0989010989010989,"CCT6A"
"MFGE8",0.336263736263736,"MFGE8"
"MAVS",0.393406593406593,"MAVS"
"TFPT",-0.0989010989010989,"TFPT"
"NMNAT1",0.349450549450549,"NMNAT1"
"PDPK1",0.402197802197802,"PDPK1"
"RPL7",-0.147252747252747,"RPL7"
"NFAT5",0.426842942560141,"NFAT5"
"RPL22",0.0637362637362637,"RPL22"
"RPL22L1",0.397802197802198,"RPL22L1"
"FMN1",0.760262868715015,"FMN1"
"HS1BP3",0.762637362637363,"HS1BP3"
"TNK2",0.572727272727273,"TNK2"
"SORBS1",0.405378323087442,"SORBS1"
"SORBS2",0.838678112305907,"SORBS2"
"MPDZ",0.471887917570479,"MPDZ"
"FXR2",0.696703296703297,"FXR2"
"FMR1",0.455636454156579,"FMR1"
"FXR1",0.604742156651686,"FXR1"
"FRMD8",-0.331868131868132,"FRMD8"
"RCCD1",0.195804195804196,"RCCD1"
"SMG9",0.147252747252747,"SMG9"
"DUSP12",0.261538461538461,"DUSP12"
"PPP1R18",0.723076923076923,"PPP1R18"
"MAPRE1",0.771428571428571,"MAPRE1"
"MAPRE2",0.516483516483516,"MAPRE2"
"MAPRE3",0.498901098901099,"MAPRE3"
"MMAB",0.758241758241758,"MMAB"
"ZNF385A",0.800880572638615,"ZNF385A"
"DDX5",0.494505494505494,"DDX5"
"DDX17",0.375824175824176,"DDX17"
"DDX3X",0.789010989010989,"DDX3X"
"DDX4",-0.457776472563472,"DDX4"
"CDC42BPA",0.468131868131868,"CDC42BPA"
"CDC42BPB",0.591208791208791,"CDC42BPB"
"CDC42BPG",0.181818181818182,"CDC42BPG"
"CUL3",0.362637362637363,"CUL3"
"DTX2",0.714285714285714,"DTX2"
"MTX1",0.384615384615385,"MTX1"
"ATL1",0.741758241758242,"ATL1"
"ATL3",0.112087912087912,"ATL3"
"ATL2",0.327472527472527,"ATL2"
"GTPBP2",0.236263736263736,"GTPBP2"
"EEFSEC",0.736263736263736,"EEFSEC"
"PGD",0.450549450549451,"PGD"
"CNN2",0.542857142857143,"CNN2"
"CNN3",0.635164835164835,"CNN3"
"CNN1",0.127965519268485,"CNN1"
"GABPB1",-0.27032967032967,"GABPB1"
"MPHOSPH8",0.243956043956044,"MPHOSPH8"
"DCP1A",0.556043956043956,"DCP1A"
"ANAPC7",0.296703296703297,"ANAPC7"
"RAD23A",0.564835164835165,"RAD23A"
"RAD23B",0.49010989010989,"RAD23B"
"HOOK2",0.723076923076923,"HOOK2"
"ALPP",0.862637362637363,"ALPP"
"TBC1D24",0.521978021978022,"TBC1D24"
"SIRT2",0.534065934065934,"SIRT2"
"FAR1",0.291208791208791,"FAR1"
"ALG9",0.714285714285714,"ALG9"
"IRF3",0.476923076923077,"IRF3"
"DHX33",0.301098901098901,"DHX33"
"MAP2K1",0.00659340659340659,"MAP2K1"
"MAP2K2",0.683516483516484,"MAP2K2"
"ACO2",0.578021978021978,"ACO2"
"ATP9B",0.118181818181818,"ATP9B"
"ATP9A",0.674725274725275,"ATP9A"
"CLIC1",0.630769230769231,"CLIC1"
"R3HDM1",0.137622932523437,"R3HDM1"
"R3HDM2",0.758241758241758,"R3HDM2"
"SDC4",0.507692307692308,"SDC4"
"RBM47",0.745054945054945,"RBM47"
"A1CF",0.738557399913529,"A1CF"
"COBLL1",0.384326528481039,"COBLL1"
"PPIP5K1",0.362637362637363,"PPIP5K1"
"PPIP5K2",0.789010989010989,"PPIP5K2"
"ARHGAP35",0.0725274725274725,"ARHGAP35"
"THBS2",0.328770550783601,"THBS2"
"THBS1",0.620462421659586,"THBS1"
"THBS3",0.236363636363636,"THBS3"
"PTPRJ",0.525274725274725,"PTPRJ"
"DHX16",0.481318681318681,"DHX16"
"DHX8",0.138461538461538,"DHX8"
"DHX15",0.2,"DHX15"
"DHX38",0.472527472527473,"DHX38"
"ERN1",0.349450549450549,"ERN1"
"NUP153",0.0505494505494506,"NUP153"
"OSTF1",0.621978021978022,"OSTF1"
"RPP25L",-0.107692307692308,"RPP25L"
"VWA8",0.696703296703297,"VWA8"
"TNFRSF10A",0.923076923076923,"TNFRSF10A"
"ACTL8",0.389010989010989,"ACTL8"
"CORO7",0.513506050770291,"CORO7"
"PSMG1",0.6,"PSMG1"
"NIT2",0.305494505494505,"NIT2"
"SETDB1",0.0989010989010989,"SETDB1"
"TRIP13",0.679120879120879,"TRIP13"
"FLVCR1",0.769230769230769,"FLVCR1"
"PHGDH",0.964835164835165,"PHGDH"
"AKAP10",0.741758241758242,"AKAP10"
"ITGAV",0.265934065934066,"ITGAV"
"PHACTR2",0.398240064965905,"PHACTR2"
"NUP160",-0.147252747252747,"NUP160"
"MGAT2",0.613186813186813,"MGAT2"
"SUSD2",0.84456751149692,"SUSD2"
"TTC9C",-0.00699300699300699,"TTC9C"
"MED15",0.0769230769230769,"MED15"
"TSR2",0.373626373626374,"TSR2"
"SLPI",0.32967032967033,"SLPI"
"TXNRD2",0.305494505494505,"TXNRD2"
"TXNRD1",0.353846153846154,"TXNRD1"
"DECR1",0.824175824175824,"DECR1"
"AURKA",0.942857142857143,"AURKA"
"AURKB",0.358241758241758,"AURKB"
"EDEM2",0.301098901098901,"EDEM2"
"F3",0.661538461538462,"F3"
"CCDC115",-0.169230769230769,"CCDC115"
"CKMT1A",0.854945054945055,"CKMT1A"
"CKMT2",0.00881059406015241,"CKMT2"
"CKB",0.534065934065934,"CKB"
"ABCC4",0.67106751278785,"ABCC4"
"ABCC3",0.74945054945055,"ABCC3"
"ABCB8",0.156043956043956,"ABCB8"
"ABCC1",0.437362637362637,"ABCC1"
"TAP2",0.327472527472527,"TAP2"
"ABCB10",0.758241758241758,"ABCB10"
"ABCC2",0.373577279014128,"ABCC2"
"ABCC5",0.461538461538462,"ABCC5"
"GRB7",0.54945054945055,"GRB7"
"PDCD6",0.745054945054945,"PDCD6"
"PSMD14",0.252747252747253,"PSMD14"
"METTL15",0.718681318681319,"METTL15"
"PAF1",0.0021978021978022,"PAF1"
"ARHGEF12",0.78021978021978,"ARHGEF12"
"THAP11",0.774725274725275,"THAP11"
"CPOX",0.81978021978022,"CPOX"
"WARS2",0.314285714285714,"WARS2"
"POLR2B",0.30989010989011,"POLR2B"
"GPATCH4",0.78021978021978,"GPATCH4"
"STARD10",0.928571428571429,"STARD10"
"CMBL",0.704070833088892,"CMBL"
"SFXN3",0.679120879120879,"SFXN3"
"SFXN1",0.586813186813187,"SFXN1"
"RXRB",0.176017708272223,"RXRB"
"RXRA",0.321678321678322,"RXRA"
"ACTL6A",0.138461538461538,"ACTL6A"
"TATDN3",0.851648351648352,"TATDN3"
"ATE1",0.277802868743399,"ATE1"
"GAA",0.78021978021978,"GAA"
"RPAP1",0.582417582417582,"RPAP1"
"RPL5",0.362637362637363,"RPL5"
"WDR77",0.217582417582418,"WDR77"
"FUT11",0.681318681318681,"FUT11"
"AIP",0.38021978021978,"AIP"
"RABL2B",0.412087912087912,"RABL2B"
"NES",0.770426934790279,"NES"
"MICU1",0.345054945054945,"MICU1"
"CDH4",0.024896860925035,"CDH4"
"CDH2",0.212157934122175,"CDH2"
"GPRC5A",0.661538461538462,"GPRC5A"
"PRKCI",0.274725274725275,"PRKCI"
"PRKCZ",0.482517482517483,"PRKCZ"
"ECD",0.401098901098901,"ECD"
"CSTF1",0.437362637362637,"CSTF1"
"WDR1",0.92967032967033,"WDR1"
"NLE1",0.683516483516484,"NLE1"
"WDSUB1",-0.181318681318681,"WDSUB1"
"ELL",0.27032967032967,"ELL"
"MFSD10",0.318681318681319,"MFSD10"
"POGK",0.810989010989011,"POGK"
"ARHGAP10",0.582417582417582,"ARHGAP10"
"ARHGAP26",0.356643356643357,"ARHGAP26"
"PREB",0.410989010989011,"PREB"
"FAH",0.586813186813187,"FAH"
"CCT8",0.279120879120879,"CCT8"
"MALT1",0.525274725274725,"MALT1"
"SLX4",0.393839622259099,"SLX4"
"COX4I1",0.52967032967033,"COX4I1"
"KNTC1",0.538461538461538,"KNTC1"
"ACSF3",0.798680351285212,"ACSF3"
"FBXO28",0.622377622377623,"FBXO28"
"STUB1",0.604395604395604,"STUB1"
"AP1M1",0.81978021978022,"AP1M1"
"AP1M2",0.384615384615385,"AP1M2"
"GRAMD1C",-0.027972027972028,"GRAMD1C"
"ATP13A3",0.15907066226735,"ATP13A3"
"ATF1",0.182417582417582,"ATF1"
"CREB1",0.0769230769230769,"CREB1"
"HDHD3",0.885714285714286,"HDHD3"
"ITIH2",-0.118864327762549,"ITIH2"
"RPL35A",-0.226373626373626,"RPL35A"
"WDR41",0.692307692307692,"WDR41"
"STC2",0.551648351648352,"STC2"
"MAX",0.287912087912088,"MAX"
"PCYT2",0.613186813186813,"PCYT2"
"UXT",-0.175824175824176,"UXT"
"UBE2R2",-0.0725274725274725,"UBE2R2"
"CDC34",0.679120879120879,"CDC34"
"VPS39",0.192307692307692,"VPS39"
"PARD6G",0.0769230769230769,"PARD6G"
"PARD6B",0.665934065934066,"PARD6B"
"CDC42EP3",0.72027972027972,"CDC42EP3"
"FAM169A",0.613186813186813,"FAM169A"
"RPS23",-0.032967032967033,"RPS23"
"VTI1A",0.472527472527473,"VTI1A"
"CSPG4",0.38588965221885,"CSPG4"
"RBM10",-0.103296703296703,"RBM10"
"RBM6",0.116483516483516,"RBM6"
"RBM5",0.323076923076923,"RBM5"
"UBE2G1",0.6,"UBE2G1"
"SDR16C5",-0.0136987729493167,"SDR16C5"
"JMY",0.78021978021978,"JMY"
"EBNA1BP2",0.331868131868132,"EBNA1BP2"
"CHMP3",0.613186813186813,"CHMP3"
"NT5C3B",0.586813186813187,"NT5C3B"
"COG2",0.178217929625626,"COG2"
"CLPB",0.573626373626374,"CLPB"
"SULT1A3",0.56043956043956,"SULT1A3"
"SULT1A1",0.6,"SULT1A1"
"SNRPG",-0.00659340659340659,"SNRPG"
"AMDHD2",0.67032967032967,"AMDHD2"
"FAF2",0.186813186813187,"FAF2"
"GTF2H4",-0.2,"GTF2H4"
"ZNHIT2",0.213186813186813,"ZNHIT2"
"CRAT",0.891089648128129,"CRAT"
"DCP1B",0.582417582417582,"DCP1B"
"SNAP23",0.494505494505494,"SNAP23"
"PPP6C",0.503296703296703,"PPP6C"
"PPP4C",0.397802197802198,"PPP4C"
"PPP2CA",0.147252747252747,"PPP2CA"
"PPP2CB",0.727472527472527,"PPP2CB"
"SKP1",0.415384615384615,"SKP1"
"RAVER2",0.5,"RAVER2"
"MGST3",0.665934065934066,"MGST3"
"PPP1CC",0.27032967032967,"PPP1CC"
"PPP1CA",0.0505494505494506,"PPP1CA"
"PPP1CB",0.520879120879121,"PPP1CB"
"PEX5",0.509383581417918,"PEX5"
"PROS1",0.732673710683129,"PROS1"
"SIAE",0.67032967032967,"SIAE"
"RPL18A",-0.0681318681318681,"RPL18A"
"DAXX",0.459340659340659,"DAXX"
"PHACTR4",0.336263736263736,"PHACTR4"
"POLD2",0.265934065934066,"POLD2"
"MRPL30",-0.198019921806251,"MRPL30"
"TIPIN",0.116483516483516,"TIPIN"
"C2CD5",0.630769230769231,"C2CD5"
"UGP2",0.0549450549450549,"UGP2"
"LRRC57",0.446644934740766,"LRRC57"
"RAD21",0.173626373626374,"RAD21"
"MTUS1",0.835164835164835,"MTUS1"
"MCMBP",0.393406593406593,"MCMBP"
"GLMN",0.446153846153846,"GLMN"
"TRABD",-0.301430325416182,"TRABD"
"GRPEL2",0.494505494505494,"GRPEL2"
"SIRT5",0.27032967032967,"SIRT5"
"CCDC12",0.00659340659340659,"CCDC12"
"SHARPIN",0.472527472527473,"SHARPIN"
"PRRC1",0.208791208791209,"PRRC1"
"NUDT12",0.56043956043956,"NUDT12"
"CDA",0.682068619554864,"CDA"
"NAA16",0.752747252747253,"NAA16"
"NAA15",0.683516483516484,"NAA15"
"PRPF18",0.648351648351648,"PRPF18"
"SGTB",0.630769230769231,"SGTB"
"LARP4B",0.78039312334601,"LARP4B"
"LARP4",-0.0242024348874307,"LARP4"
"ARSB",0.621978021978022,"ARSB"
"CRNKL1",0.543454674290489,"CRNKL1"
"PTPN12",0.797802197802198,"PTPN12"
"MME",0.481848476395211,"MME"
"HELZ",0.542857142857143,"HELZ"
"SLC4A7",0.606210098445733,"SLC4A7"
"TRIM5",0.169230769230769,"TRIM5"
"AGO2",0.402197802197802,"AGO2"
"AGO3",0.367436966018266,"AGO3"
"AGO4",0.314631653536599,"AGO4"
"ATP7A",0.30989010989011,"ATP7A"
"SLC25A17",0.397802197802198,"SLC25A17"
"PSMB8",0.564835164835165,"PSMB8"
"MDH1",0.0285714285714286,"MDH1"
"RPGR",0.360734354332006,"RPGR"
"SGTA",0.397802197802198,"SGTA"
"REXO1",0.172727272727273,"REXO1"
"AKR1C3",0.731868131868132,"AKR1C3"
"AKR1C1",0.705494505494506,"AKR1C1"
"AKR1D1",-0.203780960449933,"AKR1D1"
"PCMTD1",0.384615384615385,"PCMTD1"
"ADAM10",0.815384615384615,"ADAM10"
"PCK2",0.52967032967033,"PCK2"
"TSPAN3",0.0979020979020979,"TSPAN3"
"FLYWCH2",0.578021978021978,"FLYWCH2"
"RBM18",0.55944055944056,"RBM18"
"RPAP3",0.832967032967033,"RPAP3"
"TTC14",0.395604395604396,"TTC14"
"SPRED1",0.188811188811189,"SPRED1"
"OTUD6B",0.236263736263736,"OTUD6B"
"AP1S3",0.6993006993007,"AP1S3"
"AP1S2",0.503496503496504,"AP1S2"
"AP1S1",0.164835164835165,"AP1S1"
"DIS3",0.595604395604396,"DIS3"
"FANCD2",0.389010989010989,"FANCD2"
"GSS",0.432967032967033,"GSS"
"FGFR1OP2",0.138461538461538,"FGFR1OP2"
"IKBIP",0.820401840236308,"IKBIP"
"NOSTRIN",0.681818181818182,"NOSTRIN"
"NMT1",0.432967032967033,"NMT1"
"NMT2",0.569230769230769,"NMT2"
"LIN7A",0.00442487622446112,"LIN7A"
"LIN7C",0.164835164835165,"LIN7C"
"HAUS6",0.633663749780003,"HAUS6"
"SMAD2",0.375824175824176,"SMAD2"
"SMAD3",0.384615384615385,"SMAD3"
"SMAD9",0.0616741584210668,"SMAD9"
"SMAD1",0.23956043956044,"SMAD1"
"SMAD5",0.725274725274725,"SMAD5"
"NSMCE2",0.134065934065934,"NSMCE2"
"PPP1R7",0.498901098901099,"PPP1R7"
"RSF1",0.296703296703297,"RSF1"
"GGCT",0.736263736263736,"GGCT"
"STX4",0.257142857142857,"STX4"
"BIRC5",0.230769230769231,"BIRC5"
"STX2",0.881818181818182,"STX2"
"PAXBP1",0.151648351648352,"PAXBP1"
"NRDE2",0.353846153846154,"NRDE2"
"REEP5",0.415384615384615,"REEP5"
"REEP6",0.85054945054945,"REEP6"
"S100A14",0.762637362637363,"S100A14"
"NIT1",0.243956043956044,"NIT1"
"MLH1",0.745054945054945,"MLH1"
"NCAPG",0.797802197802198,"NCAPG"
"DERL2",0.872727272727273,"DERL2"
"TOR1B",0.512087912087912,"TOR1B"
"SETMAR",0.70187061173549,"SETMAR"
"GABARAPL2",0.186813186813187,"GABARAPL2"
"GABARAPL1",-0.032967032967033,"GABARAPL1"
"MAD2L1BP",0.654545454545455,"MAD2L1BP"
"RHOJ",-0.15463533849702,"RHOJ"
"RHOG",0.679120879120879,"RHOG"
"RAC1",0.2,"RAC1"
"RAC2",0.718681318681319,"RAC2"
"CDC42",0.0859460331297936,"CDC42"
"PCGF6",0.296703296703297,"PCGF6"
"GTF2A1",0.461538461538462,"GTF2A1"
"PPM1G",0.481318681318681,"PPM1G"
"PPM1F",0.503296703296703,"PPM1F"
"GTF2IRD1",0.8,"GTF2IRD1"
"NUBPL",0.648351648351648,"NUBPL"
"AUH",0.586813186813187,"AUH"
"CDC16",0.0813186813186813,"CDC16"
"KPNA2",0.604395604395604,"KPNA2"
"NCOA6",-0.138461538461538,"NCOA6"
"INTS8",-0.142857142857143,"INTS8"
"NFS1",0.393406593406593,"NFS1"
"ALMS1",0.657342657342657,"ALMS1"
"MTX2",0.362637362637363,"MTX2"
"NEK1",-0.153846153846154,"NEK1"
"TRNT1",0.85054945054945,"TRNT1"
"CD63",0.665934065934066,"CD63"
"CYP1B1",0.506190300050271,"CYP1B1"
"TBC1D4",0.947252747252747,"TBC1D4"
"TBC1D1",0.209090909090909,"TBC1D1"
"PSMB4",0.402197802197802,"PSMB4"
"CD9",0.657142857142857,"CD9"
"XPO1",0.468131868131868,"XPO1"
"EXOC4",0.349450549450549,"EXOC4"
"SCRN1",0.898901098901099,"SCRN1"
"DAPK1",0.358241758241758,"DAPK1"
"DAPK3",0.314285714285714,"DAPK3"
"RPS7",-0.0021978021978022,"RPS7"
"CPQ",0.675824175824176,"CPQ"
"FKBP11",0.815384615384615,"FKBP11"
"MRPS5",-0.305494505494505,"MRPS5"
"FDFT1",0.745054945054945,"FDFT1"
"TGM2",0.739274374743337,"TGM2"
"CCT7",0.0021978021978022,"CCT7"
"BRD8",0.226373626373626,"BRD8"
"SZT2",-0.0909090909090909,"SZT2"
"MCM3",-0.208791208791209,"MCM3"
"NOP56",0.384615384615385,"NOP56"
"CARD11",0.818181818181818,"CARD11"
"PLBD1",0.714285714285714,"PLBD1"
"NSMCE1",-0.181318681318681,"NSMCE1"
"PXN",0.56868910819543,"PXN"
"FGF2",0.572095860907827,"FGF2"
"FUCA2",0.0725274725274725,"FUCA2"
"TCF25",0.534065934065934,"TCF25"
"AP3S1",0.16043956043956,"AP3S1"
"COPZ1",0.415384615384615,"COPZ1"
"EIF2AK4",0.593406593406593,"EIF2AK4"
"TMEM109",0.635164835164835,"TMEM109"
"EIF4A2",0.494505494505494,"EIF4A2"
"EIF4A1",0.605060872185767,"EIF4A1"
"DDX28",-0.0417582417582418,"DDX28"
"EIF4A3",0.507692307692308,"EIF4A3"
"LTA4H",-0.0725274725274725,"LTA4H"
"RASA1",0.503296703296703,"RASA1"
"APOBEC3D",0.0357634451122474,"APOBEC3D"
"APOBEC3F",0.00350263234169173,"APOBEC3F"
"SLC23A2",0.531468531468532,"SLC23A2"
"LOXL2",0.616061978952781,"LOXL2"
"RDH10",0.797802197802198,"RDH10"
"NBEAL1",-0.227272727272727,"NBEAL1"
"ABCA3",0.718181818181818,"ABCA3"
"CYB5R3",0.538461538461538,"CYB5R3"
"C1orf131",0.0322581471687944,"C1orf131"
"ENOX1",0.0358128080689541,"ENOX1"
"GTF2A2",-0.0461538461538462,"GTF2A2"
"CTSC",0.714285714285714,"CTSC"
"PLAA",0.704070833088892,"PLAA"
"ZNF507",0.626373626373626,"ZNF507"
"TMED2",0.657142857142857,"TMED2"
"ANXA6",0.859748406929727,"ANXA6"
"ABHD11",0.67032967032967,"ABHD11"
"NUP188",0.178021978021978,"NUP188"
"ARHGAP1",0.63956043956044,"ARHGAP1"
"PSMA6",-0.0153846153846154,"PSMA6"
"PDCD10",0.753846153846154,"PDCD10"
"UBAP2L",0.107228729436849,"UBAP2L"
"SLIT1",0.506854599124718,"SLIT1"
"GEMIN4",0.27032967032967,"GEMIN4"
"DDX56",0.301098901098901,"DDX56"
"EDF1",0.221978021978022,"EDF1"
"RPL6",0.248351648351648,"RPL6"
"GTSE1",0.41978021978022,"GTSE1"
"PUF60",0.0535749902961022,"PUF60"
"CNOT4",0.81978021978022,"CNOT4"
"MAD2L1",0.696703296703297,"MAD2L1"
"FAM3C",0.257142857142857,"FAM3C"
"C17orf75",0.894505494505494,"C17orf75"
"GNPAT",0.824175824175824,"GNPAT"
"TTK",0.74945054945055,"TTK"
"C18orf32",0.645454545454545,"C18orf32"
"POLRMT",-0.0021978021978022,"POLRMT"
"PSMD3",0.0813186813186813,"PSMD3"
"TTC1",0.221978021978022,"TTC1"
"COPS4",0.542857142857143,"COPS4"
"ATXN3",0.498901098901099,"ATXN3"
"PLEK",-0.267284444694246,"PLEK"
"WDR33",0.294829661355974,"WDR33"
"RALGPS2",0.736363636363636,"RALGPS2"
"SYBU",0.58041958041958,"SYBU"
"EZH2",0.0813186813186813,"EZH2"
"EZH1",0.0681318681318681,"EZH1"
"NDUFAF1",0.318681318681319,"NDUFAF1"
"EMD",0.494505494505494,"EMD"
"ICA1",0.845454545454546,"ICA1"
"ZC3H14",-0.109435260692859,"ZC3H14"
"EIF2S3",0.450549450549451,"EIF2S3"
"PPP2R1A",0.230769230769231,"PPP2R1A"
"PPP2R1B",0.459340659340659,"PPP2R1B"
"FASTKD1",0.748251748251748,"FASTKD1"
"MTG2",0.13421350255757,"MTG2"
"VPS41",0.0373626373626374,"VPS41"
"ARFGAP3",0.197349256735696,"ARFGAP3"
"CPSF7",-0.032967032967033,"CPSF7"
"CSTF3",0.472527472527473,"CSTF3"
"POLA2",0.476923076923077,"POLA2"
"PIK3CA",0.328671328671329,"PIK3CA"
"PDCL3",0.815384615384615,"PDCL3"
"TNS4",0.516483516483516,"TNS4"
"DNAJC25",0.601398601398601,"DNAJC25"
"GNG10",0.517482517482518,"GNG10"
"RABGEF1",0.125274725274725,"RABGEF1"
"PWWP2A",0.301098901098901,"PWWP2A"
"RFC4",-0.0417582417582418,"RFC4"
"RPL24",-0.0637362637362637,"RPL24"
"TSPAN6",0.384615384615385,"TSPAN6"
"PAN2",0.769230769230769,"PAN2"
"FBLN1",0.145910452365413,"FBLN1"
"FHL1",0.59456762945957,"FHL1"
"TSNAX",0.437362637362637,"TSNAX"
"PSMA8",-0.284901441149095,"PSMA8"
"PSMA7",0.323076923076923,"PSMA7"
"PUS7",0.410989010989011,"PUS7"
"TMEM70",0.63956043956044,"TMEM70"
"UTP3",0.340659340659341,"UTP3"
"DDX39B",0.340659340659341,"DDX39B"
"DDX39A",0.635164835164835,"DDX39A"
"PAXIP1",-0.0373626373626374,"PAXIP1"
"CHAF1B",0.147252747252747,"CHAF1B"
"POLR2G",-0.0241758241758242,"POLR2G"
"RPP25",0.485714285714286,"RPP25"
"SRPRB",0.740659340659341,"SRPRB"
"EHHADH",0.793406593406593,"EHHADH"
"CLPTM1L",0.468131868131868,"CLPTM1L"
"TSC2",0.217582417582418,"TSC2"
"EEF1E1",0.70989010989011,"EEF1E1"
"ATP6V1B1",0.367842302011363,"ATP6V1B1"
"ATP6V1B2",0.630769230769231,"ATP6V1B2"
"ULK3",0.510989010989011,"ULK3"
"ZNF185",0.789691610922649,"ZNF185"
"SOD2",0.806593406593407,"SOD2"
"GTF3C5",0.248351648351648,"GTF3C5"
"PSMD12",0.38021978021978,"PSMD12"
"ATP13A2",0.230769230769231,"ATP13A2"
"RFC3",-0.0021978021978022,"RFC3"
"COMT",0.714285714285714,"COMT"
"TTPAL",0.181818181818182,"TTPAL"
"PSMB5",0.437362637362637,"PSMB5"
"USP22",0.0824175824175824,"USP22"
"SEC24D",0.314285714285714,"SEC24D"
"CPS1",0.919692525722366,"CPS1"
"RNF213",0.175801823787921,"RNF213"
"CAD",0.740659340659341,"CAD"
"SEC24C",0.591208791208791,"SEC24C"
"CPSF2",0.142857142857143,"CPSF2"
"HMBS",0.815384615384615,"HMBS"
"FAM136A",0.446153846153846,"FAM136A"
"RPL13",0.208791208791209,"RPL13"
"PRKACB",0.65770564664187,"PRKACB"
"PRKACA",0.331868131868132,"PRKACA"
"SMNDC1",0.221978021978022,"SMNDC1"
"NXN",0.863736263736264,"NXN"
"RRP7A",0.582417582417582,"RRP7A"
"ATP1B1",0.6,"ATP1B1"
"UBE4A",0.635164835164835,"UBE4A"
"RBM25",0.235164835164835,"RBM25"
"TPX2",0.38021978021978,"TPX2"
"VANGL1",0.454945054945055,"VANGL1"
"POR",0.692307692307692,"POR"
"FUT8",0.762637362637363,"FUT8"
"FKBP5",0.828571428571429,"FKBP5"
"IFI16",0.863736263736264,"IFI16"
"RWDD1",0.0839160839160839,"RWDD1"
"EPS15L1",0.507692307692308,"EPS15L1"
"LYAR",0.389010989010989,"LYAR"
"WDR7",0.653846153846154,"WDR7"
"NXF1",0.217582417582418,"NXF1"
"CXADR",0.30989010989011,"CXADR"
"GSTO1",0.472527472527473,"GSTO1"
"RAB21",0.608791208791209,"RAB21"
"CSTB",0.578021978021978,"CSTB"
"ACP1",0.462255383724711,"ACP1"
"SERPINE2",0.85054945054945,"SERPINE2"
"RPS27A",-0.0637362637362637,"RPS27A"
"UBA52",0.27032967032967,"UBA52"
"SEC62",0.745054945054945,"SEC62"
"VMP1",0.1,"VMP1"
"IDH1",0.67032967032967,"IDH1"
"IDH2",0.868131868131868,"IDH2"
"IREB2",0.412087912087912,"IREB2"
"RPL30",-0.146102150765773,"RPL30"
"CTNNBL1",0.736263736263736,"CTNNBL1"
"AKR1B10",0.554455781057503,"AKR1B10"
"AKR1B1",0.806593406593407,"AKR1B1"
"AKR1A1",0.810989010989011,"AKR1A1"
"AKR1B15",0.498695315065668,"AKR1B15"
"GALNT7",0.693667909869497,"GALNT7"
"EMC10",0.630769230769231,"EMC10"
"COX11",0.664835164835165,"COX11"
"RNH1",0.762637362637363,"RNH1"
"MUL1",0.543956043956044,"MUL1"
"TMEM192",0.621978021978022,"TMEM192"
"GNL2",0.450549450549451,"GNL2"
"TINF2",0.5,"TINF2"
"GFM2",0.661538461538462,"GFM2"
"NT5DC1",0.740659340659341,"NT5DC1"
"SIRPA",0.828571428571429,"SIRPA"
"WDR46",-0.0417582417582418,"WDR46"
"GLUD1",0.459340659340659,"GLUD1"
"FAM50A",0.318681318681319,"FAM50A"
"NSL1",0.0241758241758242,"NSL1"
"RRP15",-0.226373626373626,"RRP15"
"ATG3",0.441758241758242,"ATG3"
"ARPC2",0.516483516483516,"ARPC2"
"RPL10",0.114285990305829,"RPL10"
"ZCCHC9",0.0549450549450549,"ZCCHC9"
"WWOX",0.230769230769231,"WWOX"
"DIAPH2",0.816282122112435,"DIAPH2"
"SERBP1",0.027128931422191,"SERBP1"
"NFX1",0.832967032967033,"NFX1"
"TRIM25",0.0373626373626374,"TRIM25"
"REXO4",0.323076923076923,"REXO4"
"LPCAT3",0.52967032967033,"LPCAT3"
"DBI",0.221978021978022,"DBI"
"ITGB3",0.257709876259458,"ITGB3"
"PHPT1",0.107692307692308,"PHPT1"
"NENF",0.503296703296703,"NENF"
"ZBTB8OS",0.664335664335664,"ZBTB8OS"
"ENSA",0.032967032967033,"ENSA"
"ARPP19",0.151648351648352,"ARPP19"
"SLC25A1",-0.173626373626374,"SLC25A1"
"ATG7",0.0857142857142857,"ATG7"
"RPS19",-0.16043956043956,"RPS19"
"MPV17",0.518181818181818,"MPV17"
"SLC7A5",0.331868131868132,"SLC7A5"
"SLC7A6",0.384615384615385,"SLC7A6"
"UROS",0.503296703296703,"UROS"
"FAHD2A",0.793406593406593,"FAHD2A"
"FAHD2B",0.459340659340659,"FAHD2B"
"HBS1L",0.275609081950928,"HBS1L"
"NGLY1",0.595604395604396,"NGLY1"
"SAAL1",0.613186813186813,"SAAL1"
"THOP1",0.578021978021978,"THOP1"
"PAFAH1B1",0.371428571428571,"PAFAH1B1"
"ERP44",0.476923076923077,"ERP44"
"MGAT5",0.468131868131868,"MGAT5"
"APOL2",0.551648351648352,"APOL2"
"RAP2B",0.564835164835165,"RAP2B"
"RHOT2",-0.0857142857142857,"RHOT2"
"RHOT1",0.173626373626374,"RHOT1"
"FAM133A",-0.222260335972991,"FAM133A"
"RHEB",0.41978021978022,"RHEB"
"RSRC2",0.454945054945055,"RSRC2"
"NOC3L",0.569230769230769,"NOC3L"
"SREK1",0.336263736263736,"SREK1"
"TRIM47",0.868131868131868,"TRIM47"
"TMEM161A",0.776223776223776,"TMEM161A"
"SH3BGRL3",0.52967032967033,"SH3BGRL3"
"RTF1",0.701098901098901,"RTF1"
"IMPDH2",0.786204447820674,"IMPDH2"
"IMPDH1",0.784615384615385,"IMPDH1"
"DHRS4",0.367032967032967,"DHRS4"
"SENP1",0.586813186813187,"SENP1"
"PRIM2",0.569230769230769,"PRIM2"
"USE1",0.107692307692308,"USE1"
"RAB22A",0.881318681318681,"RAB22A"
"RAB31",0.687912087912088,"RAB31"
"SLC30A7",0.467032967032967,"SLC30A7"
"PITX1",0.845454545454546,"PITX1"
"TXNDC5",0.2,"TXNDC5"
"IGFBP3",0.642857142857143,"IGFBP3"
"SCFD2",0.532453567523475,"SCFD2"
"AGA",0.507692307692308,"AGA"
"UBE2S",0.467032967032967,"UBE2S"
"POLR3C",0.6,"POLR3C"
"IFRD1",0.648351648351648,"IFRD1"
"PNKD",0.390612584333543,"PNKD"
"MAP4K5",0.520879120879121,"MAP4K5"
"MAP4K3",0.406593406593407,"MAP4K3"
"GCC1",0.0813186813186813,"GCC1"
"EXOSC4",0.010989010989011,"EXOSC4"
"XPOT",0.586813186813187,"XPOT"
"EIF2B3",0.665934065934066,"EIF2B3"
"TWSG1",0.648351648351648,"TWSG1"
"VKORC1L1",0.134065934065934,"VKORC1L1"
"VKORC1",0.818681318681319,"VKORC1"
"SMC5",0.252747252747253,"SMC5"
"BDP1",0.7,"BDP1"
"SIVA1",0.395604395604396,"SIVA1"
"DLAT",0.0241758241758242,"DLAT"
"ARHGAP29",0.714285714285714,"ARHGAP29"
"HUS1",0.226373626373626,"HUS1"
"CTU1",0.2,"CTU1"
"TYMP",0.415384615384615,"TYMP"
"FDPS",0.371428571428571,"FDPS"
"ZC3HC1",0.507692307692308,"ZC3HC1"
"TIMM10B",0.16043956043956,"TIMM10B"
"ERCC5",0.740659340659341,"ERCC5"
"LIX1L",0.686813186813187,"LIX1L"
"PELO",0.569230769230769,"PELO"
"REXO2",-0.0285714285714286,"REXO2"
"COPA",0.550055338350697,"COPA"
"WIPF1",0.526319029366878,"WIPF1"
"GFPT2",0.618181818181818,"GFPT2"
"GFPT1",0.446153846153846,"GFPT1"
"ATP6V1A",-0.0373626373626374,"ATP6V1A"
"IMPACT",0.824175824175824,"IMPACT"
"EDEM3",0.371428571428571,"EDEM3"
"SKA3",0.0021978021978022,"SKA3"
"H6PD",0.349450549450549,"H6PD"
"SRSF6",-0.274725274725275,"SRSF6"
"SRSF4",-0.287912087912088,"SRSF4"
"SRSF5",0.643956043956044,"SRSF5"
"RNF138",0.354545454545455,"RNF138"
"RPTOR",0.718681318681319,"RPTOR"
"GCAT",0.784615384615385,"GCAT"
"UQCRB",0.182621700262883,"UQCRB"
"METAP2",0.279248143229543,"METAP2"
"GLYR1",0.615611860563588,"GLYR1"
"NCOA5",-0.195604395604396,"NCOA5"
"TGFB1",0.734265734265734,"TGFB1"
"TMEM214",0.679120879120879,"TMEM214"
"PCMT1",0.120879120879121,"PCMT1"
"MTO1",0.56043956043956,"MTO1"
"S100A4",0.881318681318681,"S100A4"
"RBP1",0.543454674290489,"RBP1"
"FANCI",0.415384615384615,"FANCI"
"CSNK2A2",0.432967032967033,"CSNK2A2"
"CSNK2A1",0.621978021978022,"CSNK2A1"
"DSG3",0.562889746615504,"DSG3"
"SPIRE1",-0.0979020979020979,"SPIRE1"
"MAPKAPK2",0.454945054945055,"MAPKAPK2"
"MAPKAPK3",-0.0989010989010989,"MAPKAPK3"
"TAB1",0.358241758241758,"TAB1"
"CTDP1",0.731868131868132,"CTDP1"
"SORD",0.485714285714286,"SORD"
"MARS2",0.621978021978022,"MARS2"
"SDSL",0.727472527472527,"SDSL"
"ING3",0.0285714285714286,"ING3"
"EXOC7",0.208791208791209,"EXOC7"
"MED11",0.186813186813187,"MED11"
"PARS2",0.534065934065934,"PARS2"
"PEX19",0.128348717759727,"PEX19"
"DCAF8",-0.0637362637362637,"DCAF8"
"TNIP1",0.0549450549450549,"TNIP1"
"LRCH4",-0.0461538461538462,"LRCH4"
"SMC2",0.617582417582418,"SMC2"
"TPPP3",0.806053032145269,"TPPP3"
"TBC1D22B",0.636363636363636,"TBC1D22B"
"TBC1D22A",0.446153846153846,"TBC1D22A"
"IMP4",-0.0241758241758242,"IMP4"
"ESAM",0.791208791208791,"ESAM"
"ARL13B",0.308115834813209,"ARL13B"
"PUM1",0.480880282286832,"PUM1"
"PUM2",0.592555559002817,"PUM2"
"TELO2",-0.107692307692308,"TELO2"
"GPAA1",0.12967032967033,"GPAA1"
"GBP4",0.420315881003008,"GBP4"
"ZBTB21",0.494505494505494,"ZBTB21"
"CDR2",0.373626373626374,"CDR2"
"MSH2",0.595604395604396,"MSH2"
"PSAT1",0.731868131868132,"PSAT1"
"P4HA2",0.595604395604396,"P4HA2"
"TACO1",0.38021978021978,"TACO1"
"TANGO6",0.62937062937063,"TANGO6"
"EXOSC9",0.692307692307692,"EXOSC9"
"NDUFA2",0.134065934065934,"NDUFA2"
"MAK16",0.173626373626374,"MAK16"
"NDUFAF5",0.384615384615385,"NDUFAF5"
"SUGT1",0.683516483516484,"SUGT1"
"NANS",0.331868131868132,"NANS"
"PBXIP1",0.498901098901099,"PBXIP1"
"SMG7",0.563678908438858,"SMG7"
"RUVBL1",0.731868131868132,"RUVBL1"
"TSFM",0.446153846153846,"TSFM"
"SUZ12",0.318681318681319,"SUZ12"
"STAP2",0.845454545454546,"STAP2"
"NDUFA9",0.147252747252747,"NDUFA9"
"NUDT21",-0.0417582417582418,"NUDT21"
"CRK",0.468131868131868,"CRK"
"ABI2",0.586813186813187,"ABI2"
"ABI1",0.301098901098901,"ABI1"
"EDIL3",0.671833458053553,"EDIL3"
"NAPG",0.714285714285714,"NAPG"
"C12orf57",0.368131868131868,"C12orf57"
"NT5DC2",0.336263736263736,"NT5DC2"
"ARMCX1",0.47568087233039,"ARMCX1"
"PNPLA2",0.163636363636364,"PNPLA2"
"ZNF207",0.261538461538461,"ZNF207"
"ZW10",0.485714285714286,"ZW10"
"NOP16",0.265934065934066,"NOP16"
"MUC16",0.536719835499101,"MUC16"
"NMNAT3",0.78021978021978,"NMNAT3"
"ANAPC16",0.055944055944056,"ANAPC16"
"RNF167",-0.485714285714286,"RNF167"
"VARS2",0.402197802197802,"VARS2"
"SIX5",0.621978021978022,"SIX5"
"SIX4",0.859340659340659,"SIX4"
"GPI",0.208791208791209,"GPI"
"PDCD2L",0.353846153846154,"PDCD2L"
"SLC25A29",0.208791208791209,"SLC25A29"
"MTMR12",0.468531468531469,"MTMR12"
"GTF2E2",0.138461538461538,"GTF2E2"
"OTUD3",0.654545454545455,"OTUD3"
"VGLL4",0.783216783216783,"VGLL4"
"PRPF4",0.0021978021978022,"PRPF4"
"CETN3",0.230769230769231,"CETN3"
"CETN2",0.107692307692308,"CETN2"
"INTS12",0.358241758241758,"INTS12"
"FLAD1",0.283516483516484,"FLAD1"
"DHX35",0.541254452937086,"DHX35"
"SERPINI1",0.536363636363636,"SERPINI1"
"GPD1L",0.727472527472527,"GPD1L"
"WDR36",0.0901098901098901,"WDR36"
"TRMT13",0.573426573426573,"TRMT13"
"ATPAF1",0.182618372332431,"ATPAF1"
"ABCD3",-0.0153846153846154,"ABCD3"
"R3HCC1",0.654545454545455,"R3HCC1"
"DPH1",0.363636363636364,"DPH1"
"NVL",0.450549450549451,"NVL"
"HEATR6",0.825174825174825,"HEATR6"
"FOSL1",0.450549450549451,"FOSL1"
"FBLIM1",0.6,"FBLIM1"
"RECQL5",0.116483516483516,"RECQL5"
"ZYX",0.784615384615385,"ZYX"
"APEX1",0.621978021978022,"APEX1"
"DCXR",0.85054945054945,"DCXR"
"PTTG1",0.34965034965035,"PTTG1"
"STX18",0.208791208791209,"STX18"
"FABP7",-0.344060492323112,"FABP7"
"CRABP1",0.757824558515408,"CRABP1"
"CRABP2",0.660066406020837,"CRABP2"
"TAPBP",0.252747252747253,"TAPBP"
"RNF149",0.608791208791209,"RNF149"
"SOWAHC",0.679120879120879,"SOWAHC"
"HAUS5",0.274725274725275,"HAUS5"
"TIMMDC1",0.613186813186813,"TIMMDC1"
"LRRC41",0.657142857142857,"LRRC41"
"CA5B",0.532132486477741,"CA5B"
"COPE",-0.103296703296703,"COPE"
"IPO13",0.595604395604396,"IPO13"
"TBCEL",0.773492468153762,"TBCEL"
"PSMD5",0.362637362637363,"PSMD5"
"UNC13D",0.837362637362637,"UNC13D"
"UVRAG",0.485714285714286,"UVRAG"
"SLC38A9",0.663636363636364,"SLC38A9"
"PSMF1",0.406593406593407,"PSMF1"
"LYPLA1",0.683516483516484,"LYPLA1"
"CASP1",0.626373626373626,"CASP1"
"SNX5",0.00659340659340659,"SNX5"
"SNX6",0.0197802197802198,"SNX6"
"MTFR1",0.642857142857143,"MTFR1"
"OAF",0.172727272727273,"OAF"
"MED23",-0.0285714285714286,"MED23"
"GMPPB",0.657866184667434,"GMPPB"
"NSMCE4A",0.195604395604396,"NSMCE4A"
"HPS5",0.146853146853147,"HPS5"
"SRF",0.615384615384615,"SRF"
"ARMC10",0.740659340659341,"ARMC10"
"SNUPN",0.6314635284266,"SNUPN"
"MRPL14",0.107692307692308,"MRPL14"
"NQO1",0.516483516483516,"NQO1"
"ARMCX3",0.76567703098417,"ARMCX3"
"SRSF11",0.204395604395604,"SRSF11"
"POLR2E",0.204395604395604,"POLR2E"
"EIF3M",0.323076923076923,"EIF3M"
"RPL12",0.0857142857142857,"RPL12"
"ENTPD6",0.706293706293706,"ENTPD6"
"PPP1R37",0.703296703296703,"PPP1R37"
"RBM45",-0.00491099666439572,"RBM45"
"MFSD1",0.706293706293706,"MFSD1"
"TMEM33",0.459340659340659,"TMEM33"
"RAB11FIP5",0.569230769230769,"RAB11FIP5"
"RPRD2",0.511649587369171,"RPRD2"
"DHPS",0.274725274725275,"DHPS"
"CDKN2A",0.513417851175359,"CDKN2A"
"SUCLG2",0.156043956043956,"SUCLG2"
"DCTN3",0.261538461538461,"DCTN3"
"ITPA",0.516483516483516,"ITPA"
"EMSY",0.292307692307692,"EMSY"
"HAGH",0.432967032967033,"HAGH"
"AP5M1",-0.0839160839160839,"AP5M1"
"ENTPD5",0.839160839160839,"ENTPD5"
"PRMT7",0.230769230769231,"PRMT7"
"RFC2",-0.142857142857143,"RFC2"
"CEP192",0.349450549450549,"CEP192"
"GTF2E1",0.586813186813187,"GTF2E1"
"FAM20B",0.582417582417582,"FAM20B"
"CCDC82",0.472727272727273,"CCDC82"
"TPRG1L",0.208791208791209,"TPRG1L"
"CMIP",0.235164835164835,"CMIP"
"GHDC",0.428571428571429,"GHDC"
"NOL9",0.0417582417582418,"NOL9"
"ETV6",0.67032967032967,"ETV6"
"EXD2",0.810989010989011,"EXD2"
"PDP1",0.556043956043956,"PDP1"
"VPS72",-0.010989010989011,"VPS72"
"DHRS7B",0.854945054945055,"DHRS7B"
"GLA",0.323076923076923,"GLA"
"STX8",0.424175824175824,"STX8"
"HEATR3",0.498901098901099,"HEATR3"
"XRCC4",0.415384615384615,"XRCC4"
"PRTFDC1",0.95054945054945,"PRTFDC1"
"HPRT1",0.52967032967033,"HPRT1"
"PPT2",0.16043956043956,"PPT2"
"ABAT",0.595604395604396,"ABAT"
"AATF",0.204395604395604,"AATF"
"PXMP4",0.436363636363636,"PXMP4"
"MTIF3",0.21978021978022,"MTIF3"
"BSG",-0.336263736263736,"BSG"
"ABHD16A",0.498901098901099,"ABHD16A"
"NIF3L1",0.618262200306184,"NIF3L1"
"PIGG",-0.136363636363636,"PIGG"
"FNDC3B",0.538461538461538,"FNDC3B"
"PLEKHO2",0.551648351648352,"PLEKHO2"
"KRR1",0.186813186813187,"KRR1"
"LAMTOR1",0.147252747252747,"LAMTOR1"
"RBFA",0.261538461538461,"RBFA"
"FBL",0.564835164835165,"FBL"
"RFC5",0.485714285714286,"RFC5"
"CTSA",0.353846153846154,"CTSA"
"CLEC16A",0.283516483516484,"CLEC16A"
"PROX1",0.148760895055655,"PROX1"
"PCNT",0.318681318681319,"PCNT"
"LETM1",0.178021978021978,"LETM1"
"KPNA6",0.248351648351648,"KPNA6"
"KPNA1",0.296703296703297,"KPNA1"
"CDIPT",0.67032967032967,"CDIPT"
"TPCN1",0.314685314685315,"TPCN1"
"EIF5",0.617582417582418,"EIF5"
"TMEM245",0.679120879120879,"TMEM245"
"NOP9",0.424175824175824,"NOP9"
"SCRN3",0.274725274725275,"SCRN3"
"NBR1",0.17032967032967,"NBR1"
"PHF20",-0.00549450549450549,"PHF20"
"MREG",0.818181818181818,"MREG"
"GALT",0.370629370629371,"GALT"
"SEMA3C",-0.0813186813186813,"SEMA3C"
"PGAM1",0.652747252747253,"PGAM1"
"DNAJC1",0.771428571428571,"DNAJC1"
"CNST",0.725274725274725,"CNST"
"CLPP",0.652747252747253,"CLPP"
"HP1BP3",0.16043956043956,"HP1BP3"
"AJUBA",0.415384615384615,"AJUBA"
"TP53",0.806593406593407,"TP53"
"SIRT6",0.591208791208791,"SIRT6"
"VASN",0.808372005018983,"VASN"
"MRPS35",-0.0549450549450549,"MRPS35"
"TMEM237",0.745054945054945,"TMEM237"
"ERLEC1",0.178021978021978,"ERLEC1"
"SKI",0.181818181818182,"SKI"
"PTK2",0.402197802197802,"PTK2"
"PTK2B",0.70989010989011,"PTK2B"
"ANKRD26",0.0164835164835165,"ANKRD26"
"DAB2IP",0.674725274725275,"DAB2IP"
"RASAL2",0.674725274725275,"RASAL2"
"NDUFAF4",0.362637362637363,"NDUFAF4"
"RAD50",-0.17381748691882,"RAD50"
"SYNGAP1",-0.372727272727273,"SYNGAP1"
"POFUT2",0.542857142857143,"POFUT2"
"CENPF",0.481318681318681,"CENPF"
"ATAD5",0.335164835164835,"ATAD5"
"SYNE2",0.620196851761465,"SYNE2"
"SYNE1",0.520565646425946,"SYNE1"
"ELMO2",0.630769230769231,"ELMO2"
"ELMO1",0.563878019849754,"ELMO1"
"PLCB4",0.70151373104793,"PLCB4"
"INO80C",0.354545454545455,"INO80C"
"PRR11",0.54945054945055,"PRR11"
"SMG8",0.336263736263736,"SMG8"
"HSCB",0.265934065934066,"HSCB"
"SASS6",0.446153846153846,"SASS6"
"UBL7",0.373626373626374,"UBL7"
"PRPF19",0.30989010989011,"PRPF19"
"RPRD1A",0.613186813186813,"RPRD1A"
"RPRD1B",0.485714285714286,"RPRD1B"
"SCAI",0.43956043956044,"SCAI"
"GRIPAP1",0.459340659340659,"GRIPAP1"
"EXOC1",0.41978021978022,"EXOC1"
"AVEN",0.208791208791209,"AVEN"
"MCM10",0.00909090909090909,"MCM10"
"ACBD5",0.699670390382087,"ACBD5"
"HACL1",0.362637362637363,"HACL1"
"ENOSF1",0.745454545454545,"ENOSF1"
"PPT1",0.208791208791209,"PPT1"
"TEAD1",0.424466770517566,"TEAD1"
"TEAD3",0.221978021978022,"TEAD3"
"TEAD2",0.428571428571429,"TEAD2"
"POMGNT2",0.622377622377623,"POMGNT2"
"GAPVD1",0.463736263736264,"GAPVD1"
"TTC19",0.318681318681319,"TTC19"
"DGKE",0.587912087912088,"DGKE"
"PGGT1B",0.243956043956044,"PGGT1B"
"INTS4",0.186813186813187,"INTS4"
"THG1L",0.182417582417582,"THG1L"
"TMEM126A",0.226373626373626,"TMEM126A"
"NAA25",0.353846153846154,"NAA25"
"GPX7",0.24445953500497,"GPX7"
"ELOVL1",0.806593406593407,"ELOVL1"
"MICALL2",0.78021978021978,"MICALL2"
"MICALL1",0.345054945054945,"MICALL1"
"VRK3",0.67032967032967,"VRK3"
"DDX31",0.881318681318681,"DDX31"
"SNX9",0.824175824175824,"SNX9"
"MTF2",0.0714285714285714,"MTF2"
"GTPBP3",0.762637362637363,"GTPBP3"
"GDE1",0.0384615384615385,"GDE1"
"MRPS27",-0.410989010989011,"MRPS27"
"HSDL1",0.797802197802198,"HSDL1"
"NAB1",0.0384615384615385,"NAB1"
"NAB2",0.841758241758242,"NAB2"
"CCDC134",0.661538461538462,"CCDC134"
"NT5C",0.78021978021978,"NT5C"
"CAPS",0.454545454545455,"CAPS"
"PRMT3",0.696703296703297,"PRMT3"
"SPATA20",0.437362637362637,"SPATA20"
"KDM6A",0.591208791208791,"KDM6A"
"NDUFS1",0.0901098901098901,"NDUFS1"
"SEMA4C",0.917582417582418,"SEMA4C"
"NOSIP",0.12967032967033,"NOSIP"
"BIN3",0.358241758241758,"BIN3"
"FBXO7",0.230769230769231,"FBXO7"
"CDT1",0.0727272727272727,"CDT1"
"AMFR",0.0725274725274725,"AMFR"
"FAAP100",-0.8,"FAAP100"
"NGDN",-0.0593406593406593,"NGDN"
"PPIA",0.13304812957815,"PPIA"
"CHMP1A",0.138573202279891,"CHMP1A"
"OXSM",0.626373626373626,"OXSM"
"CCM2",0.643956043956044,"CCM2"
"INTS7",0.459340659340659,"INTS7"
"PSMD13",0.626373626373626,"PSMD13"
"TRPT1",0.67032967032967,"TRPT1"
"AARSD1",0.784859486069717,"AARSD1"
"HMMR",0.864686991887296,"HMMR"
"ORC3",0.774709723808425,"ORC3"
"METTL16",0.613186813186813,"METTL16"
"SCFD1",0.674725274725275,"SCFD1"
"GCA",0.683516483516484,"GCA"
"SRI",0.621978021978022,"SRI"
"NMRAL1",0.696703296703297,"NMRAL1"
"SPG11",-0.274725274725275,"SPG11"
"EIF3K",-0.257142857142857,"EIF3K"
"POLDIP3",0.265934065934066,"POLDIP3"
"STAMBPL1",0.389010989010989,"STAMBPL1"
"ENDOD1",0.582417582417582,"ENDOD1"
"ZWINT",0.0241758241758242,"ZWINT"
"MYADM",0.545454545454546,"MYADM"
"MCUR1",0.753846153846154,"MCUR1"
"LAMTOR2",0.283516483516484,"LAMTOR2"
"RPN1",0.402197802197802,"RPN1"
"CUL2",0.230769230769231,"CUL2"
"ATRIP",0.340659340659341,"ATRIP"
"DOT1L",0.195804195804196,"DOT1L"
"MVK",0.494505494505494,"MVK"
"APC",0.296703296703297,"APC"
"RPS16",0.0681318681318681,"RPS16"
"CNPY2",0.407040950379516,"CNPY2"
"CS",0.687912087912088,"CS"
"RPL14",-0.191208791208791,"RPL14"
"MTRR",0.587412587412588,"MTRR"
"GUF1",0.283516483516484,"GUF1"
"PFN2",0.847226020532129,"PFN2"
"RGS14",0.525119629723807,"RGS14"
"RAD1",0.573626373626374,"RAD1"
"IMPA2",0.811188811188811,"IMPA2"
"ENY2",-0.498901098901099,"ENY2"
"NDUFA7",0.481318681318681,"NDUFA7"
"DDX51",0.0593406593406593,"DDX51"
"TTC17",-0.0675262041354412,"TTC17"
"MECR",0.507692307692308,"MECR"
"MATR3",0.423090993145395,"MATR3"
"SH3GL1",0.608791208791209,"SH3GL1"
"SNX33",0.252747252747253,"SNX33"
"SH3D19",0.578021978021978,"SH3D19"
"GMNN",0.27972027972028,"GMNN"
"GINS1",0.827283228879448,"GINS1"
"PEX11B",0.78021978021978,"PEX11B"
"PAK1",0.89010989010989,"PAK1"
"PAK2",0.345054945054945,"PAK2"
"PAK3",-0.432956216608407,"PAK3"
"PNPT1",0.358636080604655,"PNPT1"
"GDAP2",0.213186813186813,"GDAP2"
"STOM",0.815384615384615,"STOM"
"CAV1",0.621978021978022,"CAV1"
"OSGEP",0.112087912087912,"OSGEP"
"BRMS1L",0.476923076923077,"BRMS1L"
"SAP30L",0.616741584210668,"SAP30L"
"VPS28",0.412523719809241,"VPS28"
"SUOX",0.551648351648352,"SUOX"
"COPS3",0.718681318681319,"COPS3"
"ADIRF",0.859340659340659,"ADIRF"
"WRAP53",-0.248351648351648,"WRAP53"
"RNF168",0.0769230769230769,"RNF168"
"SDF2L1",0.617582417582418,"SDF2L1"
"TPRKB",-0.23956043956044,"TPRKB"
"RIOK1",0.753846153846154,"RIOK1"
"PAN3",0.39010989010989,"PAN3"
"ALOX5",0.636363636363636,"ALOX5"
"PLCB3",0.362637362637363,"PLCB3"
"TIMM22",0.0153846153846154,"TIMM22"
"MEMO1",0.292307692307692,"MEMO1"
"NUP35",0.305494505494505,"NUP35"
"MRPL51",-0.160839160839161,"MRPL51"
"LCMT1",0.318681318681319,"LCMT1"
"KBTBD2",0.0545454545454545,"KBTBD2"
"EAPP",-0.0197802197802198,"EAPP"
"PLP2",0.55944055944056,"PLP2"
"PSPH",0.701098901098901,"PSPH"
"INPP1",0.793406593406593,"INPP1"
"BRD7",0.648012484803777,"BRD7"
"ZNFX1",0.725274725274725,"ZNFX1"
"MIPEP",0.652747252747253,"MIPEP"
"ETNK1",0.472527472527473,"ETNK1"
"PIK3C2B",-0.0181818181818182,"PIK3C2B"
"GPBP1L1",0.648351648351648,"GPBP1L1"
"PEG10",0.578021978021978,"PEG10"
"NME4",0.824175824175824,"NME4"
"MRPS34",0.415384615384615,"MRPS34"
"CISD1",0.375824175824176,"CISD1"
"CDC37",0.582417582417582,"CDC37"
"OS9",-0.032967032967033,"OS9"
"PLEKHA5",0.776926910234702,"PLEKHA5"
"SNAPIN",-0.126373626373626,"SNAPIN"
"MRPL40",0.287912087912088,"MRPL40"
"KIF11",0.63956043956044,"KIF11"
"B4GALT1",0.512087912087912,"B4GALT1"
"RSPRY1",0.525274725274725,"RSPRY1"
"GLCE",0.582417582417582,"GLCE"
"PTPRG",0.854945054945055,"PTPRG"
"YAP1",0.432136798199339,"YAP1"
"NANP",0.390909090909091,"NANP"
"PRCP",0.49010989010989,"PRCP"
"RBM3",0.279120879120879,"RBM3"
"TNRC6B",0.49668507522368,"TNRC6B"
"WWTR1",0.510989010989011,"WWTR1"
"A2M",-0.197126631757849,"A2M"
"TCEA1",0.586813186813187,"TCEA1"
"TCEA3",0.846153846153846,"TCEA3"
"U2AF2",0.284241839925293,"U2AF2"
"SUGP1",0.279120879120879,"SUGP1"
"CHCHD4",0.0417582417582418,"CHCHD4"
"ANXA7",0.195604395604396,"ANXA7"
"PBDC1",0.70989010989011,"PBDC1"
"MRPS6",0.107692307692308,"MRPS6"
"ORC5",0.147252747252747,"ORC5"
"MTHFS",0.336263736263736,"MTHFS"
"LSR",0.6,"LSR"
"PTER",0.503296703296703,"PTER"
"MCCC1",0.613186813186813,"MCCC1"
"RELL1",0.763736263736264,"RELL1"
"AK2",0.287912087912088,"AK2"
"PLA2G4A",0.679120879120879,"PLA2G4A"
"GLS",0.47381496655359,"GLS"
"RAD51",-0.188811188811189,"RAD51"
"NDUFB9",-0.0769230769230769,"NDUFB9"
"SORBS3",0.854945054945055,"SORBS3"
"HDAC1",0.498901098901099,"HDAC1"
"HDAC2",0.428571428571429,"HDAC2"
"HDAC3",0.283516483516484,"HDAC3"
"RAB11FIP3",0.590909090909091,"RAB11FIP3"
"YME1L1",0.327472527472527,"YME1L1"
"CAPG",0.63956043956044,"CAPG"
"BEND3",0.318681318681319,"BEND3"
"DDX18",0.67032967032967,"DDX18"
"RBBP9",0.00549450549450549,"RBBP9"
"POGLUT1",0.468131868131868,"POGLUT1"
"CMSS1",0.274725274725275,"CMSS1"
"PCDH1",0.516483516483516,"PCDH1"
"PIK3R4",0.538461538461538,"PIK3R4"
"USP39",0.578021978021978,"USP39"
"PSMD6",0.621978021978022,"PSMD6"
"CENPQ",0.279120879120879,"CENPQ"
"PODXL",0.876923076923077,"PODXL"
"ANAPC4",0.0857142857142857,"ANAPC4"
"ESCO1",0.358636080604655,"ESCO1"
"RNF146",0.321678321678322,"RNF146"
"AIF1L",0.621978021978022,"AIF1L"
"GOSR1",0.80854285035744,"GOSR1"
"ACYP1",0.27032967032967,"ACYP1"
"SERPINB2",0.642857142857143,"SERPINB2"
"BCAS1",0.675352949038517,"BCAS1"
"SPTLC2",0.683516483516484,"SPTLC2"
"FZD7",0.538461538461538,"FZD7"
"EXOSC3",-0.169230769230769,"EXOSC3"
"NCAPH2",0.252747252747253,"NCAPH2"
"SLC44A2",0.723076923076923,"SLC44A2"
"INTS2",-0.0769230769230769,"INTS2"
"RBMS3",0.852424975319745,"RBMS3"
"RBMS2",0.191208791208791,"RBMS2"
"RBMS1",0.615480973268484,"RBMS1"
"ZBTB7B",0.714285714285714,"ZBTB7B"
"CLCN3",0.862637362637363,"CLCN3"
"APPL1",0.428571428571429,"APPL1"
"APPL2",0.389010989010989,"APPL2"
"CLCN5",0.225584807631099,"CLCN5"
"MID1IP1",0.828571428571429,"MID1IP1"
"SCARB2",0.70989010989011,"SCARB2"
"NHSL1",0.730232939118209,"NHSL1"
"EIF3H",-0.156043956043956,"EIF3H"
"MBLAC2",0.758241758241758,"MBLAC2"
"PRMT1",0.556043956043956,"PRMT1"
"FAS",0.727472527472527,"FAS"
"MRS2",0.283516483516484,"MRS2"
"LNPEP",0.586813186813187,"LNPEP"
"ARMC8",0.758241758241758,"ARMC8"
"AAR2",0.468131868131868,"AAR2"
"MRPL37",0.287912087912088,"MRPL37"
"TBC1D13",0.0285714285714286,"TBC1D13"
"POF1B",0.683516483516484,"POF1B"
"SEC22B",0.292307692307692,"SEC22B"
"EEPD1",0.771428571428571,"EEPD1"
"C11orf68",0.542857142857143,"C11orf68"
"NCBP1",0.863736263736264,"NCBP1"
"SLC25A3",0.485714285714286,"SLC25A3"
"INTS6",0.230769230769231,"INTS6"
"COX18",0.420908238628758,"COX18"
"ATG16L1",0.367032967032967,"ATG16L1"
"BRAP",0.661538461538462,"BRAP"
"SMARCA5",0.358241758241758,"SMARCA5"
"SMARCA1",0.375824175824176,"SMARCA1"
"LEO1",0.116483516483516,"LEO1"
"BST2",0.771428571428571,"BST2"
"VPS11",-0.310751441576357,"VPS11"
"CCDC25",0.837362637362637,"CCDC25"
"PACS2",0.281818181818182,"PACS2"
"PACS1",0.257142857142857,"PACS1"
"SH3KBP1",0.366923416497077,"SH3KBP1"
"NEO1",0.674725274725275,"NEO1"
"MINPP1",0.24422457022771,"MINPP1"
"ATP6AP2",0.292307692307692,"ATP6AP2"
"DLGAP4",0.0505494505494506,"DLGAP4"
"LRRC7",0.0913251529954446,"LRRC7"
"F2",0.0843549299149492,"F2"
"MPHOSPH9",0.405594405594406,"MPHOSPH9"
"SCEL",0.468054927101785,"SCEL"
"TMEM9",0.507692307692308,"TMEM9"
"TMEM9B",0.41978021978022,"TMEM9B"
"CDCA8",0.318681318681319,"CDCA8"
"SDCBP",-0.0143182929238864,"SDCBP"
"RPS24",0.0241758241758242,"RPS24"
"MOGS",0.318681318681319,"MOGS"
"PSMD9",0.23956043956044,"PSMD9"
"MIS18BP1",0.351648351648352,"MIS18BP1"
"EPS8L2",0.868131868131868,"EPS8L2"
"POLD3",0.410989010989011,"POLD3"
"TSR3",0.372727272727273,"TSR3"
"HAUS8",0.153846153846154,"HAUS8"
"UNG",0.731868131868132,"UNG"
"GRN",-0.296703296703297,"GRN"
"CD99L2",0.692307692307692,"CD99L2"
"PHF1",0.492028611384462,"PHF1"
"TAF3",0.370044950526401,"TAF3"
"C1orf198",0.450549450549451,"C1orf198"
"PRKAB1",0.740659340659341,"PRKAB1"
"PRKAB2",0.132867132867133,"PRKAB2"
"SENP8",0.49010989010989,"SENP8"
"BAIAP2L1",0.771428571428571,"BAIAP2L1"
"IGFBP6",0.835164835164835,"IGFBP6"
"IL6ST",0.564835164835165,"IL6ST"
"BUB1",0.753846153846154,"BUB1"
"TSPAN4",0.872727272727273,"TSPAN4"
"ZNF830",0.424175824175824,"ZNF830"
"LRRC42",0.510489510489511,"LRRC42"
"PTRH2",0.665934065934066,"PTRH2"
"RP2",0.832967032967033,"RP2"
"SLC26A6",0.525274725274725,"SLC26A6"
"ARHGEF10",0.863736263736264,"ARHGEF10"
"SDHAF2",0.428571428571429,"SDHAF2"
"TIMM50",0.701098901098901,"TIMM50"
"BANP",0.319032096243404,"BANP"
"MGRN1",0.134065934065934,"MGRN1"
"CTSL",0.679120879120879,"CTSL"
"CTSV",0.642857142857143,"CTSV"
"UTP23",0.49010989010989,"UTP23"
"TMLHE",0.314285714285714,"TMLHE"
"MCAM",0.723076923076923,"MCAM"
"C1orf52",0.103296703296703,"C1orf52"
"DNAJC5",0.696703296703297,"DNAJC5"
"OGFOD3",0.175824175824176,"OGFOD3"
"SIN3B",0.67032967032967,"SIN3B"
"SIN3A",0.265934065934066,"SIN3A"
"CDK7",0.2,"CDK7"
"TYK2",0.203296703296703,"TYK2"
"JAK1",0.807692307692308,"JAK1"
"CHEK2",-0.221978021978022,"CHEK2"
"DNTTIP2",-0.0549450549450549,"DNTTIP2"
"HEG1",0.620879120879121,"HEG1"
"ARHGDIB",0.56043956043956,"ARHGDIB"
"KCTD12",0.81216709156145,"KCTD12"
"GATAD1",0.0197802197802198,"GATAD1"
"PSMB2",0.103296703296703,"PSMB2"
"TXNDC9",0.265934065934066,"TXNDC9"
"PREX1",0.202797202797203,"PREX1"
"KLF16",0.357142857142857,"KLF16"
"TRMT61B",0.556043956043956,"TRMT61B"
"NDUFS2",0.0681318681318681,"NDUFS2"
"ARCN1",0.290429218649168,"ARCN1"
"MEIS1",0.374781660561015,"MEIS1"
"RBM22",0.415384615384615,"RBM22"
"EIF4E",0.498901098901099,"EIF4E"
"HMG20B",0.30989010989011,"HMG20B"
"ITGBL1",0.636363636363636,"ITGBL1"
"CEP85",0.696703296703297,"CEP85"
"KHNYN",0.67032967032967,"KHNYN"
"RCSD1",-0.0796477720403002,"RCSD1"
"FARS2",0.512087912087912,"FARS2"
"RPL18",-0.318681318681319,"RPL18"
"USP54",0.807692307692308,"USP54"
"PCF11",0.672529096799683,"PCF11"
"FAM8A1",0.67032967032967,"FAM8A1"
"NCK1",0.503296703296703,"NCK1"
"NCK2",0.621978021978022,"NCK2"
"CWF19L1",0.797802197802198,"CWF19L1"
"IDH3A",0.120879120879121,"IDH3A"
"BTF3L4",0.0417582417582418,"BTF3L4"
"BTF3",0.156043956043956,"BTF3"
"MAOB",0.812610703272482,"MAOB"
"MAOA",0.884488984067921,"MAOA"
"HMGCS1",0.591208791208791,"HMGCS1"
"PSME1",-0.0373626373626374,"PSME1"
"CLIC3",0.916094401721415,"CLIC3"
"SPARC",0.630769230769231,"SPARC"
"DAG1",0.23956043956044,"DAG1"
"LRP10",0.621978021978022,"LRP10"
"GEMIN7",0.0659340659340659,"GEMIN7"
"ID1",0.318681318681319,"ID1"
"LDLRAP1",0.538461538461538,"LDLRAP1"
"MZB1",0.359621324472728,"MZB1"
"LGMN",0.621978021978022,"LGMN"
"C11orf54",0.393406593406593,"C11orf54"
"WDR12",-0.0264026562408335,"WDR12"
"CBFB",0.428914917747396,"CBFB"
"USP5",0.6,"USP5"
"USP13",0.862637362637363,"USP13"
"RELA",0.613186813186813,"RELA"
"ASS1",0.912087912087912,"ASS1"
"RAE1",0.138461538461538,"RAE1"
"GUK1",0.815384615384615,"GUK1"
"BUD31",0.283516483516484,"BUD31"
"SOAT1",0.863736263736264,"SOAT1"
"ROR1",0.607978566908206,"ROR1"
"SYP",0.254545454545455,"SYP"
"GPR108",0.252747252747253,"GPR108"
"CERS2",0.731868131868132,"CERS2"
"ZMAT5",-0.423076923076923,"ZMAT5"
"FAM117B",0.417582417582418,"FAM117B"
"GLCCI1",0.727472527472527,"GLCCI1"
"COBL",0.512087912087912,"COBL"
"SAP18",-0.327472527472527,"SAP18"
"CTIF",0.227272727272727,"CTIF"
"DNM2",0.487745702091256,"DNM2"
"CNTRL",0.0197802197802198,"CNTRL"
"MX1",0.687912087912088,"MX1"
"MX2",0.70989010989011,"MX2"
"DNM1",0.534065934065934,"DNM1"
"PLCD3",0.705494505494506,"PLCD3"
"DUS2",0.49010989010989,"DUS2"
"DHX36",0.683516483516484,"DHX36"
"HOMER3",0.797802197802198,"HOMER3"
"HOMER1",0.516483516483516,"HOMER1"
"HOMER2",0.685314685314685,"HOMER2"
"SHANK2",0.132867132867133,"SHANK2"
"DHX29",0.6,"DHX29"
"TTN",0.294766958721391,"TTN"
"ZC3H13",-0.0899691686444068,"ZC3H13"
"DYNC1I2",-0.186680334709039,"DYNC1I2"
"DHX57",0.485714285714286,"DHX57"
"ADPGK",0.331868131868132,"ADPGK"
"CSNK1G3",0.125384734674012,"CSNK1G3"
"CSNK1G1",0.654545454545455,"CSNK1G1"
"PDCD4",0.718681318681319,"PDCD4"
"MAN2B1",0.772277695044379,"MAN2B1"
"MRPL13",0.432967032967033,"MRPL13"
"SS18L1",0.279120879120879,"SS18L1"
"MVB12A",0.373626373626374,"MVB12A"
"GAB1",0.481318681318681,"GAB1"
"AP5Z1",0.630769230769231,"AP5Z1"
"CAPN1",0.169230769230769,"CAPN1"
"MRPS18B",0.120879120879121,"MRPS18B"
"SSH3",0.547252747252747,"SSH3"
"ZFAND3",0.375824175824176,"ZFAND3"
"OSMR",0.604395604395604,"OSMR"
"LIMK1",0.292307692307692,"LIMK1"
"LIMK2",0.954545454545455,"LIMK2"
"PPP1R14B",0.43956043956044,"PPP1R14B"
"TSTD1",0.520879120879121,"TSTD1"
"SPTBN2",0.516483516483516,"SPTBN2"
"ZC3H4",0.134065934065934,"ZC3H4"
"SPTBN1",0.717370477446524,"SPTBN1"
"LUC7L2",0.410989010989011,"LUC7L2"
"LUC7L",0.635164835164835,"LUC7L"
"PPFIA1",0.248625012934515,"PPFIA1"
"PPFIA2",-0.0202298276435393,"PPFIA2"
"ACTN1",0.777626877977998,"ACTN1"
"ACTN4",0.58930067700426,"ACTN4"
"SPTBN4",0.0769230769230769,"SPTBN4"
"MPRIP",0.210584429579373,"MPRIP"
"TRIOBP",0.454945054945055,"TRIOBP"
"MFN1",0.186813186813187,"MFN1"
"MFN2",0.0593406593406593,"MFN2"
"CENPE",0.552447552447553,"CENPE"
"AKAP9",0.6,"AKAP9"
"THOC2",0.112087912087912,"THOC2"
"OTUD7B",0.681318681318681,"OTUD7B"
"DNAJC21",0.547252747252747,"DNAJC21"
"PLEKHA2",0.564835164835165,"PLEKHA2"
"CRYAB",0.259626119701529,"CRYAB"
"DAP3",-0.41978021978022,"DAP3"
"FASTKD2",0.112087912087912,"FASTKD2"
"MRPL32",0.134065934065934,"MRPL32"
"EAF1",0.393406593406593,"EAF1"
"SEC63",0.375824175824176,"SEC63"
"MED16",0.327472527472527,"MED16"
"PLRG1",0.432967032967033,"PLRG1"
"TMEM115",0.265934065934066,"TMEM115"
"IFNGR1",0.265934065934066,"IFNGR1"
"CRLF3",0.525852903463266,"CRLF3"
"PEBP1",0.323076923076923,"PEBP1"
"SPRYD4",0.331868131868132,"SPRYD4"
"TMEM259",0.0769230769230769,"TMEM259"
"AAMP",0.481318681318681,"AAMP"
"FLCN",0.709090909090909,"FLCN"
"PTP4A2",0.244755244755245,"PTP4A2"
"PTP4A1",0.736263736263736,"PTP4A1"
"RHBDF2",0.714285714285714,"RHBDF2"
"PAAF1",0.586813186813187,"PAAF1"
"STX5",0.485714285714286,"STX5"
"ACP2",0.472527472527473,"ACP2"
"ANGEL2",0.6993006993007,"ANGEL2"
"CTBS",0.525274725274725,"CTBS"
"RPL29",-0.0637362637362637,"RPL29"
"TAF6L",0.0769230769230769,"TAF6L"
"DENND1A",0.153846153846154,"DENND1A"
"KTI12",0.665934065934066,"KTI12"
"PTBP1",0.0158461073811622,"PTBP1"
"PTBP3",-0.0197802197802198,"PTBP3"
"PTBP2",0.331868131868132,"PTBP2"
"SMPD2",0.781818181818182,"SMPD2"
"PDXK",0.12967032967033,"PDXK"
"SMOC1",0.717288764199857,"SMOC1"
"MOB3A",0.538461538461539,"MOB3A"
"RAB7A",0.49010989010989,"RAB7A"
"VCAN",0.574033379948539,"VCAN"
"PLAT",0.711034365363421,"PLAT"
"RPS5",0.0197802197802198,"RPS5"
"SLC6A8",0.916083916083916,"SLC6A8"
"SLC6A6",0.54945054945055,"SLC6A6"
"UBE2J2",0.17032967032967,"UBE2J2"
"SEC31A",0.35454408395669,"SEC31A"
"NUDCD2",0.191208791208791,"NUDCD2"
"TBRG4",0.0505494505494506,"TBRG4"
"ILF2",0.635164835164835,"ILF2"
"CEBPG",0.531468531468532,"CEBPG"
"PPOX",0.701098901098901,"PPOX"
"PTEN",-0.127272727272727,"PTEN"
"PLIN3",0.542857142857143,"PLIN3"
"CENPV",0.412564724316687,"CENPV"
"TCHP",-0.345454545454545,"TCHP"
"CCDC59",0.476923076923077,"CCDC59"
"WDR91",0.468131868131868,"WDR91"
"PHC3",0.2,"PHC3"
"PHC2",0.608791208791209,"PHC2"
"GLRX",0.305494505494505,"GLRX"
"FAU",-0.0714285714285714,"FAU"
"BMPR2",0.467032967032967,"BMPR2"
"TRIP4",0.292307692307692,"TRIP4"
"LOXL4",0.583701856485097,"LOXL4"
"UFL1",0.793406593406593,"UFL1"
"KIFAP3",0.538461538461539,"KIFAP3"
"MPP1",0.85054945054945,"MPP1"
"DPY30",-0.142857142857143,"DPY30"
"ATAD1",0.701098901098901,"ATAD1"
"SH3BP5L",0.314685314685315,"SH3BP5L"
"TIMM8B",0.397802197802198,"TIMM8B"
"C17orf80",0.375824175824176,"C17orf80"
"PDXDC1",0.705494505494506,"PDXDC1"
"EPHA1",0.664835164835165,"EPHA1"
"DNAJA3",0.375824175824176,"DNAJA3"
"PHLDB3",0.706293706293706,"PHLDB3"
"ST14",0.410989010989011,"ST14"
"NCR3LG1",0.762637362637363,"NCR3LG1"
"CPNE1",0.679120879120879,"CPNE1"
"BLMH",0.718681318681319,"BLMH"
"THNSL1",0.569230769230769,"THNSL1"
"MRPS18C",-0.132867132867133,"MRPS18C"
"CASP8",-0.296703296703297,"CASP8"
"MED29",0.538461538461538,"MED29"
"STXBP4",0.574257773238128,"STXBP4"
"DCK",0.525274725274725,"DCK"
"EARS2",-0.0021978021978022,"EARS2"
"MIS18A",-0.0549450549450549,"MIS18A"
"HSPB1",0.789010989010989,"HSPB1"
"PDF",0.613186813186813,"PDF"
"TTC33",-0.134065934065934,"TTC33"
"G6PC3",0.391608391608392,"G6PC3"
"SPNS1",0.302197802197802,"SPNS1"
"SEMA4B",0.767032967032967,"SEMA4B"
"DRG2",0.512087912087912,"DRG2"
"DRG1",0.410989010989011,"DRG1"
"PATL1",0.591208791208791,"PATL1"
"RPL8",-0.0813186813186813,"RPL8"
"FBXL20",0.433443606620349,"FBXL20"
"TFDP1",-0.188811188811189,"TFDP1"
"RRP8",0.613186813186813,"RRP8"
"NAGA",0.274725274725275,"NAGA"
"IFT74",0.81978021978022,"IFT74"
"BCAP29",0.327472527472527,"BCAP29"
"CCNYL1",0.621978021978022,"CCNYL1"
"CCNY",-0.1,"CCNY"
"GRAMD4",0.48951048951049,"GRAMD4"
"KPNA3",0.428571428571429,"KPNA3"
"KPNA4",0.745054945054945,"KPNA4"
"RPUSD2",0.67032967032967,"RPUSD2"
"WDR5",0.437362637362637,"WDR5"
"MFSD6",0.401098901098901,"MFSD6"
"SAP30BP",0.257142857142857,"SAP30BP"
"PRKCSH",-0.168620171847806,"PRKCSH"
"SNX17",0.564835164835165,"SNX17"
"PISD",0.687912087912088,"PISD"
"TAPBPL",0.927272727272727,"TAPBPL"
"FPGS",0.545454545454545,"FPGS"
"TIMM10",-0.0725274725274725,"TIMM10"
"RRM1",0.674725274725275,"RRM1"
"PPAN",-0.0681318681318681,"PPAN"
"SMG5",0.446153846153846,"SMG5"
"RAPGEF2",0.321678321678322,"RAPGEF2"
"MORC3",0.235164835164835,"MORC3"
"RAPGEF6",0.498901098901099,"RAPGEF6"
"FNIP1",0.0839160839160839,"FNIP1"
"HDAC7",0.230769230769231,"HDAC7"
"HDAC4",0.6993006993007,"HDAC4"
"HDAC5",0.507692307692308,"HDAC5"
"AACS",0.349450549450549,"AACS"
"STARD7",0.331868131868132,"STARD7"
"SCAMP4",0.49010989010989,"SCAMP4"
"MICA",0.125223813966152,"MICA"
"BRF1",-0.032967032967033,"BRF1"
"TM7SF2",0.67032967032967,"TM7SF2"
"HINT1",0.397802197802198,"HINT1"
"MKLN1",0.571428571428571,"MKLN1"
"CCDC102A",0.741758241758242,"CCDC102A"
"USP20",0.538461538461538,"USP20"
"LYRM4",0.538461538461538,"LYRM4"
"ARHGEF16",0.815384615384615,"ARHGEF16"
"CCDC127",0.679120879120879,"CCDC127"
"AP1AR",0.72607304662292,"AP1AR"
"CIB1",0.582417582417582,"CIB1"
"THOC6",-0.349450549450549,"THOC6"
"CRIM1",0.551648351648352,"CRIM1"
"MRPL53",-0.134065934065934,"MRPL53"
"COX17",0.318681318681319,"COX17"
"RCL1",0.617582417582418,"RCL1"
"MTCH1",0.472527472527473,"MTCH1"
"SNW1",0.032967032967033,"SNW1"
"KDM6B",0.736363636363636,"KDM6B"
"MED9",-0.285714285714286,"MED9"
"TRMT61A",0.265934065934066,"TRMT61A"
"CWC25",0.56043956043956,"CWC25"
"TSN",0.503296703296703,"TSN"
"SF3A3",0.0901098901098901,"SF3A3"
"MRPS16",-0.305494505494505,"MRPS16"
"ZFP36L1",0.687912087912088,"ZFP36L1"
"ZFP36L2",0.74945054945055,"ZFP36L2"
"CUEDC2",0.772727272727273,"CUEDC2"
"PIN1",0.279120879120879,"PIN1"
"UCHL5",0.575335042941619,"UCHL5"
"MRPL34",0.305494505494505,"MRPL34"
"KAT5",0.203296703296703,"KAT5"
"GOT1",0.753846153846154,"GOT1"
"FKBP3",0.586813186813187,"FKBP3"
"SYF2",-0.261538461538461,"SYF2"
"ERCC2",0.573626373626374,"ERCC2"
"RPS27L",0.112087912087912,"RPS27L"
"DCAKD",0.41978021978022,"DCAKD"
"CDKN2AIPNL",-0.516483516483516,"CDKN2AIPNL"
"NUDT8",0.683516483516484,"NUDT8"
"PARVB",0.0577717190274766,"PARVB"
"PARVA",0.806593406593407,"PARVA"
"MRPL48",0.27032967032967,"MRPL48"
"MRPL47",-0.437362637362637,"MRPL47"
"TSEN34",0.600660429478961,"TSEN34"
"PIN4",-0.16043956043956,"PIN4"
"ASH2L",0.463736263736264,"ASH2L"
"USP19",0.652747252747253,"USP19"
"ALG1",0.613186813186813,"ALG1"
"NUDT9",0.727472527472527,"NUDT9"
"ATN1",0.186813186813187,"ATN1"
"RERE",0.0901098901098901,"RERE"
"CCDC47",0.248351648351648,"CCDC47"
"PHYH",-0.331868131868132,"PHYH"
"MDK",0.806593406593407,"MDK"
"TPD52",0.173626373626374,"TPD52"
"MRPS28",-0.428571428571429,"MRPS28"
"IMP3",-0.151648351648352,"IMP3"
"UBE2M",0.367032967032967,"UBE2M"
"GNG12",0.371428571428571,"GNG12"
"FSCN1",0.866887213240699,"FSCN1"
"ISOC1",0.758241758241758,"ISOC1"
"KANSL2",0.375824175824176,"KANSL2"
"CDKN2AIP",0.551648351648352,"CDKN2AIP"
"ITM2C",0.582417582417582,"ITM2C"
"GLIPR2",0.872527472527473,"GLIPR2"
"OTUD5",0.208791208791209,"OTUD5"
"PIGA",0.790909090909091,"PIGA"
"PANK2",-0.0818181818181818,"PANK2"
"PANK1",-0.203296703296703,"PANK1"
"LYPLAL1",0.665934065934066,"LYPLAL1"
"PTCD2",0.797202797202797,"PTCD2"
"DSN1",0.613186813186813,"DSN1"
"ANKMY2",0.556043956043956,"ANKMY2"
"NOL3",0.397802197802198,"NOL3"
"TOMM40",0.459340659340659,"TOMM40"
"GALM",0.358241758241758,"GALM"
"NECAP1",0.626373626373626,"NECAP1"
"MLEC",0.679120879120879,"MLEC"
"EXOC6B",0.723076923076923,"EXOC6B"
"EXOC6",0.52967032967033,"EXOC6"
"COPS6",0.432967032967033,"COPS6"
"API5",0.687912087912088,"API5"
"CASP7",0.573626373626374,"CASP7"
"NME2",0.643956043956044,"NME2"
"MEF2D",0.468531468531469,"MEF2D"
"MEF2A",0.467493316781656,"MEF2A"
"CAB39",0.613186813186813,"CAB39"
"NUP88",0.182417582417582,"NUP88"
"AP2M1",0.52967032967033,"AP2M1"
"RPAP2",-0.034965034965035,"RPAP2"
"BNIP3",0.572727272727273,"BNIP3"
"BNIP3L",0.0725274725274725,"BNIP3L"
"SMARCB1",0.156043956043956,"SMARCB1"
"HERC4",0.0989010989010989,"HERC4"
"PRPF31",0.70989010989011,"PRPF31"
"SHCBP1",0.52967032967033,"SHCBP1"
"USP33",-0.204395604395604,"USP33"
"LOX",0.48951048951049,"LOX"
"EIF6",0.279120879120879,"EIF6"
"DDB2",0.595604395604396,"DDB2"
"SACM1L",0.582417582417582,"SACM1L"
"WDR48",0.740659340659341,"WDR48"
"ANKRD54",0.305494505494505,"ANKRD54"
"SHOC2",0.318681318681319,"SHOC2"
"RUNX1",0.424175824175824,"RUNX1"
"CRIP2",0.868131868131868,"CRIP2"
"TK1",0.56043956043956,"TK1"
"DCAF5",0.0824175824175824,"DCAF5"
"CABLES1",0.203296703296703,"CABLES1"
"ERP29",0.265934065934066,"ERP29"
"GNE",0.687912087912088,"GNE"
"OARD1",0.432967032967033,"OARD1"
"MRPS11",-0.125274725274725,"MRPS11"
"ZCRB1",0.142857142857143,"ZCRB1"
"CLYBL",0.705494505494506,"CLYBL"
"DDHD1",0.541953745162519,"DDHD1"
"ZNRF1",0.645454545454545,"ZNRF1"
"ZNRF2",0.52967032967033,"ZNRF2"
"TAPT1",0.472527472527473,"TAPT1"
"RPN2",0.0430770271152738,"RPN2"
"LPXN",0.569230769230769,"LPXN"
"PTDSS2",0.802197802197802,"PTDSS2"
"CPM",0.428571428571429,"CPM"
"BICD2",0.837362637362637,"BICD2"
"BICD1",0.402197802197802,"BICD1"
"SPC24",0.235164835164835,"SPC24"
"TKT",0.463736263736264,"TKT"
"CHCHD6",0.573626373626374,"CHCHD6"
"AMPD2",0.692307692307692,"AMPD2"
"SLC35A1",0.340659340659341,"SLC35A1"
"RFFL",0.840659340659341,"RFFL"
"NUSAP1",0.687912087912088,"NUSAP1"
"POMGNT1",0.505494505494506,"POMGNT1"
"RAD17",-0.12967032967033,"RAD17"
"HNRNPH1",-0.340659340659341,"HNRNPH1"
"HNRNPH3",0.125230414942091,"HNRNPH3"
"HNRNPH2",0.142857142857143,"HNRNPH2"
"HNRNPF",0.261538461538461,"HNRNPF"
"ZNF281",0.846153846153846,"ZNF281"
"CHTOP",0.542857142857143,"CHTOP"
"MIEN1",0.538461538461538,"MIEN1"
"SUPT5H",0.305494505494505,"SUPT5H"
"UBAC2",0.406593406593407,"UBAC2"
"SURF2",0.437362637362637,"SURF2"
"RFX1",0.745054945054945,"RFX1"
"IGFBP2",0.854945054945055,"IGFBP2"
"PTGR1",0.547252747252747,"PTGR1"
"LIN52",-0.563636363636364,"LIN52"
"GBE1",0.512087912087912,"GBE1"
"CNPY3",0.564835164835165,"CNPY3"
"ERRFI1",0.340659340659341,"ERRFI1"
"BACH1",0.264026562408335,"BACH1"
"INPP4A",0.146853146853147,"INPP4A"
"LCOR",0.566433566433566,"LCOR"
"STXBP6",0.867132867132867,"STXBP6"
"CARHSP1",0.6,"CARHSP1"
"ITGA1",0.817057169102883,"ITGA1"
"NBN",0.279120879120879,"NBN"
"CTDSPL2",0.468131868131868,"CTDSPL2"
"GAB2",0.945054945054945,"GAB2"
"ARPC1B",0.810989010989011,"ARPC1B"
"ARPC1A",0.494505494505494,"ARPC1A"
"OXA1L",-0.323076923076923,"OXA1L"
"ASAH1",0.564835164835165,"ASAH1"
"CLU",0.718681318681319,"CLU"
"RGS10",0.0989010989010989,"RGS10"
"DR1",0.718681318681319,"DR1"
"GJA1",0.498624481575437,"GJA1"
"C19orf53",0.402197802197802,"C19orf53"
"SNX29",0.0454545454545455,"SNX29"
"OMA1",0.545454545454546,"OMA1"
"ILKAP",0.621978021978022,"ILKAP"
"EI24",0.70989010989011,"EI24"
"NOS1AP",0.629986840823435,"NOS1AP"
"FAM111A",0.686813186813187,"FAM111A"
"AK4",0.775824175824176,"AK4"
"CHP1",0.626373626373626,"CHP1"
"PSMD10",-0.112087912087912,"PSMD10"
"FAM185A",0.810989010989011,"FAM185A"
"MBP",0.472527472527473,"MBP"
"UBE2E1",0.415384615384615,"UBE2E1"
"UBE2E2",0.759076366923962,"UBE2E2"
"TMEM147",0.115384615384615,"TMEM147"
"DCTN2",0.147252747252747,"DCTN2"
"AIFM2",0.70989010989011,"AIFM2"
"TAF8",0.021978021978022,"TAF8"
"PLXDC2",0.425355573718264,"PLXDC2"
"GLRX3",0.287912087912088,"GLRX3"
"RNMT",0.595604395604396,"RNMT"
"MIF",-0.0153846153846154,"MIF"
"BARD1",0.13986013986014,"BARD1"
"CLP1",0.169230769230769,"CLP1"
"ICAM1",0.863736263736264,"ICAM1"
"ELP4",0.236263736263736,"ELP4"
"DTD1",0.854945054945055,"DTD1"
"MRPS22",0.107692307692308,"MRPS22"
"BCAS3",-0.0714285714285714,"BCAS3"
"METTL14",0.257142857142857,"METTL14"
"PCYOX1L",0.674725274725275,"PCYOX1L"
"TEX2",0.208791208791209,"TEX2"
"CXXC5",0.516483516483516,"CXXC5"
"PKMYT1",-0.0945054945054945,"PKMYT1"
"SV2A",0.851139659031091,"SV2A"
"RPA1",0.578021978021978,"RPA1"
"TRIT1",0.38021978021978,"TRIT1"
"COPS7B",0.657142857142857,"COPS7B"
"EIF2A",0.481318681318681,"EIF2A"
"PSMA4",0.0505494505494506,"PSMA4"
"QTRT1",0.806593406593407,"QTRT1"
"DBR1",0.643956043956044,"DBR1"
"C9orf78",0.472527472527473,"C9orf78"
"PLEKHF1",0.0934065934065934,"PLEKHF1"
"PLEKHF2",0.454945054945055,"PLEKHF2"
"GGA2",0.261538461538461,"GGA2"
"GGA1",0.547252747252747,"GGA1"
"GGA3",0.331868131868132,"GGA3"
"APLF",0.725274725274725,"APLF"
"PNISR",0.213186813186813,"PNISR"
"SUPT7L",0.0285714285714286,"SUPT7L"
"SEMA4D",0.433566433566434,"SEMA4D"
"PSMB7",-0.0417582417582418,"PSMB7"
"NKRF",0.481318681318681,"NKRF"
"CHRAC1",0.505494505494506,"CHRAC1"
"MRPL4",0.367032967032967,"MRPL4"
"SNX14",0.21978021978022,"SNX14"
"STX12",0.70989010989011,"STX12"
"PDE8A",0.398601398601399,"PDE8A"
"MRPS31",0.393406593406593,"MRPS31"
"TOM1L1",0.767032967032967,"TOM1L1"
"WDR4",0.375824175824176,"WDR4"
"PREPL",0.758241758241758,"PREPL"
"RPS6KA5",0.763736263736264,"RPS6KA5"
"RPS6KA4",0.459340659340659,"RPS6KA4"
"RRAGB",0.0197802197802198,"RRAGB"
"TRIM14",0.635164835164835,"TRIM14"
"AKAP17A",0.753846153846154,"AKAP17A"
"ORC2",0.472527472527473,"ORC2"
"RBM12",0.208791208791209,"RBM12"
"THYN1",0.635164835164835,"THYN1"
"PHKG2",0.563636363636364,"PHKG2"
"FN3KRP",0.551648351648352,"FN3KRP"
"TMED8",0.682068619554864,"TMED8"
"PLCD1",0.561210984838344,"PLCD1"
"PLCH1",-0.38021978021978,"PLCH1"
"TNFRSF21",0.706293706293706,"TNFRSF21"
"MPHOSPH10",0.595604395604396,"MPHOSPH10"
"NRP1",0.569230769230769,"NRP1"
"AGPAT5",0.621978021978022,"AGPAT5"
"KIAA1191",0.287912087912088,"KIAA1191"
"ELMOD2",0.538461538461538,"ELMOD2"
"GTF2H2",0.173626373626374,"GTF2H2"
"BAG1",0.740659340659341,"BAG1"
"RAB32",0.85054945054945,"RAB32"
"RAB38",0.604395604395604,"RAB38"
"RPA3",0.393406593406593,"RPA3"
"LRRC59",0.459340659340659,"LRRC59"
"RABAC1",0.41958041958042,"RABAC1"
"BCAT1",0.684268840908267,"BCAT1"
"ACAD9",0.674725274725275,"ACAD9"
"RPL28",0.182417582417582,"RPL28"
"SNAP47",0.472727272727273,"SNAP47"
"FYTTD1",0.643956043956044,"FYTTD1"
"ISG20",0.6993006993007,"ISG20"
"ALG2",0.520879120879121,"ALG2"
"EIF3J",0.187551757594129,"EIF3J"
"SLC35E1",0.363636363636364,"SLC35E1"
"ADNP",0.0725274725274725,"ADNP"
"PSMB10",0.261538461538461,"PSMB10"
"CSDE1",0.436742852024861,"CSDE1"
"STON2",0.554945054945055,"STON2"
"BCS1L",0.705494505494506,"BCS1L"
"PICALM",0.475506314563408,"PICALM"
"LYZ",0.692307692307692,"LYZ"
"HIRA",0.338834088424029,"HIRA"
"DCAF16",-0.18921903639264,"DCAF16"
"CHERP",0.0197802197802198,"CHERP"
"NDUFA3",0.30989010989011,"NDUFA3"
"ELMO3",0.587912087912088,"ELMO3"
"VASP",0.881318681318681,"VASP"
"ZDHHC13",0.642857142857143,"ZDHHC13"
"GMEB2",0.0197802197802198,"GMEB2"
"GMEB1",-0.0901098901098901,"GMEB1"
"MORC2",0.345054945054945,"MORC2"
"RAPGEF1",0.190909090909091,"RAPGEF1"
"MYL9",-0.476923076923077,"MYL9"
"MYL12A",0.353846153846154,"MYL12A"
"UCHL3",0.41978021978022,"UCHL3"
"IQGAP2",0.784615384615385,"IQGAP2"
"IQGAP3",0.415384615384615,"IQGAP3"
"IQGAP1",0.415384615384615,"IQGAP1"
"RNF220",0.00549450549450549,"RNF220"
"NARS2",0.485714285714286,"NARS2"
"TP53RK",0.269230769230769,"TP53RK"
"PEX14",-0.169230769230769,"PEX14"
"MUC1",0.494505494505494,"MUC1"
"SH3GLB2",0.217582417582418,"SH3GLB2"
"SH3GLB1",0.784615384615385,"SH3GLB1"
"COMMD4",-0.132867132867133,"COMMD4"
"FABP6",0.718181818181818,"FABP6"
"AP4E1",0.554945054945055,"AP4E1"
"NUCKS1",0.498901098901099,"NUCKS1"
"HDHD2",0.327472527472527,"HDHD2"
"APOH",0.317120581553593,"APOH"
"RABEPK",0.230769230769231,"RABEPK"
"COMMD7",0.483516483516484,"COMMD7"
"VTA1",0.375824175824176,"VTA1"
"PYROXD2",0.636363636363636,"PYROXD2"
"U2AF1",-0.0197802197802198,"U2AF1"
"FOXRED1",0.498901098901099,"FOXRED1"
"BCKDHA",0.186813186813187,"BCKDHA"
"BOP1",-0.221978021978022,"BOP1"
"DNPH1",0.446244961126237,"DNPH1"
"POGZ",0.665934065934066,"POGZ"
"ZNF280C",0.652747252747253,"ZNF280C"
"ZNF280D",0.261538461538461,"ZNF280D"
"ABHD14B",0.846153846153846,"ABHD14B"
"NDUFS7",-0.151648351648352,"NDUFS7"
"PANK4",0.450549450549451,"PANK4"
"CDC20",0.661538461538462,"CDC20"
"CUEDC1",0.762637362637363,"CUEDC1"
"SIKE1",-0.496010663103968,"SIKE1"
"PMS1",0.107692307692308,"PMS1"
"CHEK1",0.520879120879121,"CHEK1"
"FTSJ1",0.217582417582418,"FTSJ1"
"FEN1",0.635164835164835,"FEN1"
"SDF4",0.0505494505494506,"SDF4"
"IFT27",0.41978021978022,"IFT27"
"ACP6",0.652747252747253,"ACP6"
"ARIH1",0.191208791208791,"ARIH1"
"PDPR",0.318681318681319,"PDPR"
"PHLDA3",0.5,"PHLDA3"
"PAPOLG",0.447552447552448,"PAPOLG"
"PAPOLA",0.78021978021978,"PAPOLA"
"JMJD1C",0.327472527472527,"JMJD1C"
"KDM3B",0.459340659340659,"KDM3B"
"KDM3A",0.331868131868132,"KDM3A"
"CD47",0.151648351648352,"CD47"
"QKI",0.828571428571429,"QKI"
"NR3C1",0.846153846153846,"NR3C1"
"MITD1",0.370629370629371,"MITD1"
"NOVA1",-0.00281780709804112,"NOVA1"
"NOVA2",0.230581852493809,"NOVA2"
"CDK5RAP3",0.476923076923077,"CDK5RAP3"
"PGP",0.56043956043956,"PGP"
"SRP19",-0.23956043956044,"SRP19"
"PDCD5",0.621978021978022,"PDCD5"
"TXNDC17",0.745054945054945,"TXNDC17"
"MAEA",0.225274725274725,"MAEA"
"NRBP1",0.248351648351648,"NRBP1"
"MARVELD2",0.55020684788073,"MARVELD2"
"DUSP23",0.569230769230769,"DUSP23"
"TOMM40L",0.763636363636364,"TOMM40L"
"DCP2",0.591208791208791,"DCP2"
"GRK6",0.4,"GRK6"
"RABL3",-0.0813186813186813,"RABL3"
"BABAM1",-0.0989010989010989,"BABAM1"
"ATG12",0.186813186813187,"ATG12"
"GALE",0.859340659340659,"GALE"
"MGMT",0.556043956043956,"MGMT"
"SNX11",0.654545454545455,"SNX11"
"VPS36",0.67032967032967,"VPS36"
"RPL37A",-0.125274725274725,"RPL37A"
"SLC30A5",0.506190300050271,"SLC30A5"
"CHCHD7",0.354545454545455,"CHCHD7"
"BPGM",0.181318681318681,"BPGM"
"AVL9",0.784615384615385,"AVL9"
"GTPBP1",0.406593406593407,"GTPBP1"
"PUSL1",0.258741258741259,"PUSL1"
"NUP54",0.0901098901098901,"NUP54"
"NIPSNAP3A",0.863736263736264,"NIPSNAP3A"
"NIPSNAP3B",0.918181818181818,"NIPSNAP3B"
"ELP2",0.318681318681319,"ELP2"
"UTP15",0.16043956043956,"UTP15"
"BAG5",0.648351648351648,"BAG5"
"DSTN",0.279120879120879,"DSTN"
"CFL2",0.837362637362637,"CFL2"
"CFL1",0.0593406593406593,"CFL1"
"SLC25A11",0.762637362637363,"SLC25A11"
"KLK6",0.969230769230769,"KLK6"
"TERF2",0.6,"TERF2"
"GMPPA",0.762637362637363,"GMPPA"
"KLHL11",0.254545454545455,"KLHL11"
"KDSR",0.723076923076923,"KDSR"
"IGSF8",0.481318681318681,"IGSF8"
"RLIM",-0.0545454545454545,"RLIM"
"IDH3G",-0.107692307692308,"IDH3G"
"YBEY",0.881318681318681,"YBEY"
"MRPS10",-0.0901098901098901,"MRPS10"
"ROGDI",0.290909090909091,"ROGDI"
"PIK3C3",-0.116483516483516,"PIK3C3"
"MAT2B",0.797802197802198,"MAT2B"
"EXOG",0.213186813186813,"EXOG"
"PSMG3",0.972527472527473,"PSMG3"
"TUBG2",0.406593406593407,"TUBG2"
"TUBG1",0.516483516483516,"TUBG1"
"TWF2",0.415384615384615,"TWF2"
"TLR9",0.138063693915934,"TLR9"
"TWF1",0.243956043956044,"TWF1"
"ADAM9",0.718681318681319,"ADAM9"
"PTDSS1",0.657142857142857,"PTDSS1"
"AKAP8L",0.30989010989011,"AKAP8L"
"F11R",0.679120879120879,"F11R"
"PROSER1",0.718181818181818,"PROSER1"
"SERPINA1",0.783216783216783,"SERPINA1"
"GOLM1",0.41978021978022,"GOLM1"
"DHX40",0.345054945054945,"DHX40"
"BDH1",0.81978021978022,"BDH1"
"PLOD3",0.604395604395604,"PLOD3"
"GDA",0.898901098901099,"GDA"
"THOC1",0.556043956043956,"THOC1"
"POLR3F",-0.0505494505494506,"POLR3F"
"D2HGDH",0.208791208791209,"D2HGDH"
"FAHD1",0.695140665516779,"FAHD1"
"NAMPT",0.410989010989011,"NAMPT"
"KCTD3",0.586813186813187,"KCTD3"
"ARL15",0.71978021978022,"ARL15"
"PRKRIP1",0.534065934065934,"PRKRIP1"
"GINS4",0.503296703296703,"GINS4"
"VAPA",0.0987114513653312,"VAPA"
"VAPB",0.323076923076923,"VAPB"
"RBFOX2",0.138461538461538,"RBFOX2"
"S100A11",0.336263736263736,"S100A11"
"STX16",0.120879120879121,"STX16"
"EXTL3",0.1,"EXTL3"
"ECI1",0.696703296703297,"ECI1"
"SNRPA",0.627393905741839,"SNRPA"
"SNRPB2",0.261538461538461,"SNRPB2"
"FAM120B",0.402197802197802,"FAM120B"
"MTDH",0.518388340536767,"MTDH"
"LPCAT2",0.920879120879121,"LPCAT2"
"CA2",0.92967032967033,"CA2"
"TAX1BP3",0.463736263736264,"TAX1BP3"
"POMP",0.0373626373626374,"POMP"
"TAF7",0.406593406593407,"TAF7"
"PKP1",0.441914586150859,"PKP1"
"VTN",0.263159514683439,"VTN"
"TMBIM1",0.496503496503497,"TMBIM1"
"PLEKHA1",0.828571428571429,"PLEKHA1"
"EIF2AK2",0.613186813186813,"EIF2AK2"
"WDR59",0.0417582417582418,"WDR59"
"PQBP1",-0.107692307692308,"PQBP1"
"BTN2A1",0.74945054945055,"BTN2A1"
"WDR73",0.384615384615385,"WDR73"
"SLC16A3",0.657142857142857,"SLC16A3"
"IBTK",0.741758241758242,"IBTK"
"EIF2B2",0.17032967032967,"EIF2B2"
"WDR82",-0.0901098901098901,"WDR82"
"SMYD3",0.432967032967033,"SMYD3"
"LARP1",0.846153846153846,"LARP1"
"LARP1B",0.698833944071939,"LARP1B"
"ISCA2",0.164835164835165,"ISCA2"
"SPPL2A",0.318181818181818,"SPPL2A"
"GNB1L",0.410989010989011,"GNB1L"
"ZNF451",0.427256709802428,"ZNF451"
"MLST8",0.169230769230769,"MLST8"
"NPC2",0.525274725274725,"NPC2"
"WDR83",0.424175824175824,"WDR83"
"M6PR",0.393406593406593,"M6PR"
"PTPN2",0.793406593406593,"PTPN2"
"CUL5",0.547252747252747,"CUL5"
"EIF4E2",0.578021978021978,"EIF4E2"
"EMC7",0.0593406593406593,"EMC7"
"SLC31A1",0.571428571428571,"SLC31A1"
"DNAJC9",0.406593406593407,"DNAJC9"
"GXYLT1",0.5,"GXYLT1"
"WDR13",0.63956043956044,"WDR13"
"HERC5",0.730601223963557,"HERC5"
"TMEM168",0.965034965034965,"TMEM168"
"TEX10",0.371428571428571,"TEX10"
"NAT14",0.881318681318681,"NAT14"
"GLIPR1",0.582417582417582,"GLIPR1"
"IRF6",0.91529208301556,"IRF6"
"RTN4IP1",0.586813186813187,"RTN4IP1"
"ARL6IP5",0.182417582417582,"ARL6IP5"
"ANXA8",0.774081747513873,"ANXA8"
"CDCA3",0.48951048951049,"CDCA3"
"CDYL",0.0813186813186813,"CDYL"
"LTBR",0.247252747252747,"LTBR"
"TMUB1",0.507692307692308,"TMUB1"
"ESCO2",0.706293706293706,"ESCO2"
"AFTPH",0.608791208791209,"AFTPH"
"CPPED1",0.49010989010989,"CPPED1"
"TBC1D5",0.296703296703297,"TBC1D5"
"R3HCC1L",0.038528955758609,"R3HCC1L"
"FBXO11",-0.0153846153846154,"FBXO11"
"TRIP6",0.613186813186813,"TRIP6"
"LPP",0.0505494505494506,"LPP"
"DNAJC16",0.178021978021978,"DNAJC16"
"ACOT9",0.824175824175824,"ACOT9"
"FOXA1",0.909090909090909,"FOXA1"
"ERCC1",-0.291208791208791,"ERCC1"
"HCCS",0.503296703296703,"HCCS"
"POLR3K",-0.243956043956044,"POLR3K"
"MMACHC",0.685314685314685,"MMACHC"
"EIF1AX",0.336263736263736,"EIF1AX"
"ADA",0.564835164835165,"ADA"
"NME6",0.297357549530144,"NME6"
"USP3",0.692307692307692,"USP3"
"SF1",-0.268714506494513,"SF1"
"RPP40",0.63956043956044,"RPP40"
"MOB2",-0.041958041958042,"MOB2"
"TRAF3",0.79020979020979,"TRAF3"
"ARPC3",0.450549450549451,"ARPC3"
"PI4K2A",0.437362637362637,"PI4K2A"
"ACSS1",0.907692307692308,"ACSS1"
"UQCRQ",0.0989010989010989,"UQCRQ"
"MRPL1",0.138461538461538,"MRPL1"
"WBP4",0.182417582417582,"WBP4"
"RPS11",-0.213186813186813,"RPS11"
"PLIN2",0.705494505494506,"PLIN2"
"MFF",0.230769230769231,"MFF"
"ERI3",0.512087912087912,"ERI3"
"GEMIN6",-0.0637362637362637,"GEMIN6"
"EIF4H",0.23956043956044,"EIF4H"
"NDUFA11",0.0909090909090909,"NDUFA11"
"WDR45B",0.538461538461538,"WDR45B"
"WIPI2",0.0417582417582418,"WIPI2"
"MRPL50",0.446153846153846,"MRPL50"
"CYB5R2",0.867132867132867,"CYB5R2"
"CEACAM5",0.877579922369764,"CEACAM5"
"CEACAM1",0.863736263736264,"CEACAM1"
"EIF3F",0.463736263736264,"EIF3F"
"BANF1",0.191208791208791,"BANF1"
"ABHD12",0.810989010989011,"ABHD12"
"SUMF1",0.551648351648352,"SUMF1"
"PITHD1",0.938461538461538,"PITHD1"
"NUDT14",0.481818181818182,"NUDT14"
"OGFOD2",0.604395604395604,"OGFOD2"
"ENG",0.582417582417582,"ENG"
"RPE",0.151648351648352,"RPE"
"PLCG2",0.125274725274725,"PLCG2"
"PIK3R2",0.23956043956044,"PIK3R2"
"PIK3R1",0.327472527472527,"PIK3R1"
"PIK3R3",-0.418181818181818,"PIK3R3"
"MUC13",0.854945054945055,"MUC13"
"TES",0.789010989010989,"TES"
"FHL2",0.410989010989011,"FHL2"
"PHLDA2",0.327472527472527,"PHLDA2"
"FURIN",0.664335664335664,"FURIN"
"KLHDC4",0.163636363636364,"KLHDC4"
"FSTL1",0.767032967032967,"FSTL1"
"INPP4B",0.586813186813187,"INPP4B"
"IRF2",0.736263736263736,"IRF2"
"ABRACL",0.368131868131868,"ABRACL"
"PDCL",0.305830768122988,"PDCL"
"SLC44A1",0.235164835164835,"SLC44A1"
"MT1G",0.0508860765813029,"MT1G"
"MTMR9",0.72027972027972,"MTMR9"
"PTPN1",0.81978021978022,"PTPN1"
"UBE3C",0.362637362637363,"UBE3C"
"TEX264",0.643956043956044,"TEX264"
"SUFU",0.714285714285714,"SUFU"
"CMC4",0.604395604395604,"CMC4"
"CSRP2",0.762637362637363,"CSRP2"
"TSPAN15",0.598901098901099,"TSPAN15"
"TSPAN8",0.789546826708847,"TSPAN8"
"TSPAN9",-0.27972027972028,"TSPAN9"
"RAD9A",0.0604395604395604,"RAD9A"
"PLA2G12A",0.74945054945055,"PLA2G12A"
"ERGIC3",0.230769230769231,"ERGIC3"
"SERINC1",0.182417582417582,"SERINC1"
"PRIM1",0.0241758241758242,"PRIM1"
"LMBRD1",0.417582417582418,"LMBRD1"
"FLRT3",0.461538461538462,"FLRT3"
"UBR7",0.762637362637363,"UBR7"
"ISG15",0.512087912087912,"ISG15"
"GLO1",0.454945054945055,"GLO1"
"SLBP",0.283516483516484,"SLBP"
"UNK",0.635164835164835,"UNK"
"CD320",0.718681318681319,"CD320"
"NPAT",0.292629440002571,"NPAT"
"DNASE1L1",0.309090909090909,"DNASE1L1"
"TECPR2",0.0727272727272727,"TECPR2"
"NKIRAS2",0.0197802197802198,"NKIRAS2"
"AGGF1",-0.175824175824176,"AGGF1"
"TDRD3",0.727472527472527,"TDRD3"
"TNFRSF10B",0.652747252747253,"TNFRSF10B"
"DSC2",0.643956043956044,"DSC2"
"NNMT",0.699670390382087,"NNMT"
"GALC",0.895604395604396,"GALC"
"PPIH",0.243956043956044,"PPIH"
"THEM4",0.687912087912088,"THEM4"
"FLOT2",0.103296703296703,"FLOT2"
"LIN9",0.833563374539305,"LIN9"
"GDAP1",0.898901098901099,"GDAP1"
"TP53BP2",0.261538461538461,"TP53BP2"
"PPP1R13B",0.60989010989011,"PPP1R13B"
"CD55",0.138461538461538,"CD55"
"TRIM41",-0.126373626373626,"TRIM41"
"MRPL16",0.195604395604396,"MRPL16"
"DPH6",0.498901098901099,"DPH6"
"RPL13A",-0.0285714285714286,"RPL13A"
"DNAJA4",0.909090909090909,"DNAJA4"
"EIF3D",0.283516483516484,"EIF3D"
"EREG",0.278541716636106,"EREG"
"IKZF5",0.663636363636364,"IKZF5"
"PPAT",0.767032967032967,"PPAT"
"WDFY1",0.784615384615385,"WDFY1"
"PKNOX1",-0.027972027972028,"PKNOX1"
"FIZ1",0.203296703296703,"FIZ1"
"RNF126",0.894505494505494,"RNF126"
"FAM91A1",0.463736263736264,"FAM91A1"
"NDUFA10",-0.265934065934066,"NDUFA10"
"GPX1",0.472527472527473,"GPX1"
"GPX2",0.917689673523234,"GPX2"
"SDK1",0.727272727272727,"SDK1"
"SENP6",0.318181818181818,"SENP6"
"NUDT6",0.753846153846154,"NUDT6"
"AIDA",0.569230769230769,"AIDA"
"ZBTB40",0.241758241758242,"ZBTB40"
"UCHL1",0.432967032967033,"UCHL1"
"COMMD6",0.236263736263736,"COMMD6"
"AP3S2",0.153846153846154,"AP3S2"
"ARPIN",0.692307692307692,"ARPIN"
"MSMO1",0.727472527472527,"MSMO1"
"TMED9",0.107692307692308,"TMED9"
"TMED4",0.70989010989011,"TMED4"
"PROCR",0.512087912087912,"PROCR"
"CLCN7",-0.186813186813187,"CLCN7"
"GTF3C4",0.723076923076923,"GTF3C4"
"PAIP2",-0.296703296703297,"PAIP2"
"GNPTG",0.578658215944933,"GNPTG"
"POLR1C",0.463736263736264,"POLR1C"
"CAV2",0.595604395604396,"CAV2"
"NSUN4",0.235164835164835,"NSUN4"
"PMF1",0.0813186813186813,"PMF1"
"SPRY1",0.6993006993007,"SPRY1"
"PSMD8",0.213186813186813,"PSMD8"
"ZBTB1",0.547252747252747,"ZBTB1"
"CNBP",0.207334386845632,"CNBP"
"RBPJ",0.432967032967033,"RBPJ"
"ACTR10",0.0549450549450549,"ACTR10"
"UGCG",0.758241758241758,"UGCG"
"CD274",0.881818181818182,"CD274"
"PBX1",0.483516483516484,"PBX1"
"PBX2",0.41978021978022,"PBX2"
"PBX3",-0.309090909090909,"PBX3"
"KHK",0.81978021978022,"KHK"
"LDB1",0.538461538461539,"LDB1"
"LTF",0.35607430231014,"LTF"
"SELENBP1",0.81978021978022,"SELENBP1"
"C10orf88",0.354545454545455,"C10orf88"
"MTMR6",0.371428571428571,"MTMR6"
"ATG4B",0.251748251748252,"ATG4B"
"WDR45",0.397802197802198,"WDR45"
"PRAF2",0.881318681318681,"PRAF2"
"VAV2",0.512087912087912,"VAV2"
"TSPAN14",0.78021978021978,"TSPAN14"
"ETHE1",0.912087912087912,"ETHE1"
"ACTR2",0.2,"ACTR2"
"TSG101",0.112087912087912,"TSG101"
"EIF3A",0.0989010989010989,"EIF3A"
"MAP7",0.876923076923077,"MAP7"
"MAP7D3",0.793406593406593,"MAP7D3"
"MAP7D2",0.741758241758242,"MAP7D2"
"CWC15",0.279120879120879,"CWC15"
"MAP7D1",0.740659340659341,"MAP7D1"
"GAS7",0.34703558138269,"GAS7"
"APTX",0.265934065934066,"APTX"
"MCTS1",0.0681318681318681,"MCTS1"
"PIP4K2C",0.393406593406593,"PIP4K2C"
"CRELD2",0.397802197802198,"CRELD2"
"NPNT",0.846153846153846,"NPNT"
"CD40",0.857142857142857,"CD40"
"RNGTT",0.789010989010989,"RNGTT"
"CCNH",0.0285714285714286,"CCNH"
"TIMM13",0.164835164835165,"TIMM13"
"MTMR10",0.461538461538462,"MTMR10"
"THOC3",0.538461538461538,"THOC3"
"CIAO1",0.0505494505494506,"CIAO1"
"SLC1A3",0.690869504968476,"SLC1A3"
"SLC1A4",0.657142857142857,"SLC1A4"
"RCHY1",0.642857142857143,"RCHY1"
"PDCD2",0.358241758241758,"PDCD2"
"CYP51A1",0.797802197802198,"CYP51A1"
"ELP3",0.269230769230769,"ELP3"
"SLIRP",-0.0417582417582418,"SLIRP"
"FCF1",-0.032967032967033,"FCF1"
"PSMG2",-0.142857142857143,"PSMG2"
"SLC25A16",0.041958041958042,"SLC25A16"
"COPS7A",0.0989010989010989,"COPS7A"
"CDC123",0.323076923076923,"CDC123"
"FOLR1",0.727272727272727,"FOLR1"
"G6PD",0.525274725274725,"G6PD"
"PSAP",0.283516483516484,"PSAP"
"TDG",0.324175824175824,"TDG"
"BRIX1",0.345054945054945,"BRIX1"
"CALR",0.178021978021978,"CALR"
"SPRY4",0.653846153846154,"SPRY4"
"MIS12",0.301098901098901,"MIS12"
"UBE2I",0.512087912087912,"UBE2I"
"RPL36A",0.0285714285714286,"RPL36A"
"RPL36AL",0.328671328671329,"RPL36AL"
"TMEM120A",0.454545454545455,"TMEM120A"
"NEDD1",0.701098901098901,"NEDD1"
"DCUN1D5",0.70989010989011,"DCUN1D5"
"DCUN1D4",0.354545454545455,"DCUN1D4"
"GSTM1",0.397796126479078,"GSTM1"
"GSTM3",0.828571428571429,"GSTM3"
"GSTM4",0.182417582417582,"GSTM4"
"GSTM2",0.279120879120879,"GSTM2"
"COA6",0.27032967032967,"COA6"
"CHFR",0.683516483516484,"CHFR"
"CLDN1",0.60989010989011,"CLDN1"
"TLR3",0.372727272727273,"TLR3"
"ZNHIT1",0.291208791208791,"ZNHIT1"
"SNX3",0.274725274725275,"SNX3"
"SNX12",-0.0549450549450549,"SNX12"
"COX19",0.417582417582418,"COX19"
"KCMF1",0.0725274725274725,"KCMF1"
"AHR",0.665934065934066,"AHR"
"IRAK4",0.547252747252747,"IRAK4"
"BCKDK",0.292307692307692,"BCKDK"
"COMTD1",0.762637362637363,"COMTD1"
"DHCR7",0.569230769230769,"DHCR7"
"TMED10",0.230769230769231,"TMED10"
"RNASEH2C",0.384615384615385,"RNASEH2C"
"HAT1",0.481318681318681,"HAT1"
"RPAIN",0.708791208791209,"RPAIN"
"TMEM30A",0.0505494505494506,"TMEM30A"
"HSF1",0.516483516483516,"HSF1"
"CENPK",0.445054945054945,"CENPK"
"BLVRB",0.107692307692308,"BLVRB"
"CYP2S1",0.828571428571429,"CYP2S1"
"MAGOHB",-0.178021978021978,"MAGOHB"
"RSAD1",0.389010989010989,"RSAD1"
"MRPL27",0.0769230769230769,"MRPL27"
"GAN",0.49010989010989,"GAN"
"CSNK2B",-0.454945054945055,"CSNK2B"
"IFIH1",0.620879120879121,"IFIH1"
"RYBP",0.665934065934066,"RYBP"
"TXN",0.41978021978022,"TXN"
"FBXO30",0.44224449203396,"FBXO30"
"IVNS1ABP",0.617582417582418,"IVNS1ABP"
"RAD51AP1",0.263736263736264,"RAD51AP1"
"TGFBR2",0.741758241758242,"TGFBR2"
"FRG1",0.450549450549451,"FRG1"
"POLR2C",0.182417582417582,"POLR2C"
"PLAUR",0.523487475984822,"PLAUR"
"MED30",-0.0153846153846154,"MED30"
"FHL3",0.758241758241758,"FHL3"
"WDR19",0.300699300699301,"WDR19"
"PTS",0.525274725274725,"PTS"
"SNRPF",-0.191208791208791,"SNRPF"
"VPS29",0.314285714285714,"VPS29"
"LAMP2",0.248351648351648,"LAMP2"
"UBL5",0.837362637362637,"UBL5"
"CNOT8",0.520879120879121,"CNOT8"
"CNOT7",0.740659340659341,"CNOT7"
"ZDHHC6",0.654545454545455,"ZDHHC6"
"UBE2Z",0.578021978021978,"UBE2Z"
"MEGF9",0.692307692307692,"MEGF9"
"SLC7A11",0.503296703296703,"SLC7A11"
"RPF2",0.0637362637362637,"RPF2"
"DEK",0.797802197802198,"DEK"
"NUFIP1",0.167813088603622,"NUFIP1"
"C3orf38",0.38021978021978,"C3orf38"
"ESPN",0.664335664335664,"ESPN"
"TANGO2",0.545454545454545,"TANGO2"
"ALKBH3",0.581818181818182,"ALKBH3"
"RNF7",-0.0989010989010989,"RNF7"
"PRKAA1",0.608791208791209,"PRKAA1"
"SPG21",0.573626373626374,"SPG21"
"CDC40",0.345054945054945,"CDC40"
"TRAF6",0.467032967032967,"TRAF6"
"ANP32A",0.789010989010989,"ANP32A"
"ANP32B",0.789010989010989,"ANP32B"
"ANP32E",0.582417582417582,"ANP32E"
"MRPL44",0.226373626373626,"MRPL44"
"CBX5",0.38021978021978,"CBX5"
"CBX1",-0.38021978021978,"CBX1"
"CBX3",-0.00659340659340659,"CBX3"
"NAA30",0.74945054945055,"NAA30"
"PCYOX1",0.164835164835165,"PCYOX1"
"NT5C3A",0.832967032967033,"NT5C3A"
"DNPEP",0.0989010989010989,"DNPEP"
"NDRG2",0.934065934065934,"NDRG2"
"PARN",0.608791208791209,"PARN"
"RMND5A",-0.331868131868132,"RMND5A"
"ERAL1",0.0857142857142857,"ERAL1"
"CD74",0.621978021978022,"CD74"
"MCU",0.78021978021978,"MCU"
"CEP44",0.349450549450549,"CEP44"
"IFI30",0.797802197802198,"IFI30"
"TADA1",0.353846153846154,"TADA1"
"NUDT16L1",0.472527472527473,"NUDT16L1"
"NUDT16",0.863736263736264,"NUDT16"
"TRIM11",0.116483516483516,"TRIM11"
"BTN3A3",0.489010989010989,"BTN3A3"
"FBXO2",0.797802197802198,"FBXO2"
"TMEM87B",0.542857142857143,"TMEM87B"
"TMEM63A",0.81978021978022,"TMEM63A"
"TGS1",0.604395604395604,"TGS1"
"AAAS",-0.265934065934066,"AAAS"
"FRS2",0.20979020979021,"FRS2"
"MRPL20",-0.296703296703297,"MRPL20"
"AS3MT",0.504406509943725,"AS3MT"
"METAP1D",0.596259986772156,"METAP1D"
"EMC8",-0.265934065934066,"EMC8"
"POLR2K",-0.581818181818182,"POLR2K"
"NOP58",0.468131868131868,"NOP58"
"ING1",0.582417582417582,"ING1"
"SCYL3",0.714285714285714,"SCYL3"
"MED10",0.0593406593406593,"MED10"
"TASP1",0.630769230769231,"TASP1"
"KCTD5",0.12967032967033,"KCTD5"
"SMN1",0.472527472527473,"SMN1"
"GEMIN5",0.718681318681319,"GEMIN5"
"FIG4",0.258741258741259,"FIG4"
"LMCD1",0.56043956043956,"LMCD1"
"CMC1",0.516483516483516,"CMC1"
"CD276",0.810989010989011,"CD276"
"QPRT",0.573626373626374,"QPRT"
"RPP38",0.49010989010989,"RPP38"
"NMI",0.701098901098901,"NMI"
"WDR89",0.112087912087912,"WDR89"
"C2orf69",0.217582417582418,"C2orf69"
"CENPC",0.0505494505494506,"CENPC"
"CDC25C",-0.0164835164835165,"CDC25C"
"CSRP1",0.314285714285714,"CSRP1"
"SGCE",0.68792889184309,"SGCE"
"BCL10",0.274725274725275,"BCL10"
"DCAF10",0.4,"DCAF10"
"NDRG3",0.463736263736264,"NDRG3"
"ZNHIT3",0.481318681318681,"ZNHIT3"
"EIF2S2",0.393406593406593,"EIF2S2"
"PFN1",0.463736263736264,"PFN1"
"SKIL",0.258241758241758,"SKIL"
"WLS",0.204395604395604,"WLS"
"CLDN3",0.840659340659341,"CLDN3"
"HDDC3",0.572727272727273,"HDDC3"
"ARL14EP",0.395604395604396,"ARL14EP"
"GGT7",0.586813186813187,"GGT7"
"ANAPC10",0.0989010989010989,"ANAPC10"
"EED",0.595604395604396,"EED"
"BCKDHB",0.362637362637363,"BCKDHB"
"AGMAT",0.78021978021978,"AGMAT"
"BAP1",0.00659340659340659,"BAP1"
"RFXANK",0.494505494505495,"RFXANK"
"SLC1A5",0.586813186813187,"SLC1A5"
"ORC6",0.1,"ORC6"
"TBL1XR1",0.494505494505494,"TBL1XR1"
"TBL1X",0.705494505494506,"TBL1X"
"TECPR1",0.197802197802198,"TECPR1"
"PHF5A",0.248351648351648,"PHF5A"
"YIPF4",0.0879120879120879,"YIPF4"
"DNAJA1",-0.138461538461538,"DNAJA1"
"NUDCD3",0.512087912087912,"NUDCD3"
"MRPS14",-0.225274725274725,"MRPS14"
"TIPRL",-0.0593406593406593,"TIPRL"
"SBDS",0.595604395604396,"SBDS"
"CLDND1",0.269230769230769,"CLDND1"
"LRIF1",0.916483516483517,"LRIF1"
"UBXN2A",0.60989010989011,"UBXN2A"
"POLR3H",0.107692307692308,"POLR3H"
"ST3GAL4",0.888111888111888,"ST3GAL4"
"EMC4",0.252747252747253,"EMC4"
"ANAPC11",-0.0454545454545455,"ANAPC11"
"HIBADH",0.635164835164835,"HIBADH"
"UFC1",0.538461538461538,"UFC1"
"TPMT",0.498901098901099,"TPMT"
"DKK1",0.745454545454545,"DKK1"
"RSL24D1",0.353846153846154,"RSL24D1"
"INPP5K",-0.0285714285714286,"INPP5K"
"SCARB1",0.187364279086632,"SCARB1"
"ZC3H8",0.437362637362637,"ZC3H8"
"ZNF581",0.468131868131868,"ZNF581"
"DGAT1",0.494505494505495,"DGAT1"
"NAE1",0.292307692307692,"NAE1"
"SEPSECS",0.440559440559441,"SEPSECS"
"DUSP11",0.213186813186813,"DUSP11"
"AMBRA1",0.0197802197802198,"AMBRA1"
"SPAG7",-0.147252747252747,"SPAG7"
"MED7",0.52967032967033,"MED7"
"RMND1",0.525274725274725,"RMND1"
"WDR24",0.423076923076923,"WDR24"
"NARF",0.245454545454545,"NARF"
"TMA16",0.134065934065934,"TMA16"
"LAGE3",0.371428571428571,"LAGE3"
"DPH5",0.679120879120879,"DPH5"
"TOMM20",0.375824175824176,"TOMM20"
"SRSF10",-0.195604395604396,"SRSF10"
"SRSF2",0.265934065934066,"SRSF2"
"SRSF8",0.358241758241758,"SRSF8"
"RMI2",0.587412587412588,"RMI2"
"NUDC",0.336263736263736,"NUDC"
"AGPAT4",0.872727272727273,"AGPAT4"
"TM9SF3",0.727472527472527,"TM9SF3"
"ABCD1",0.578021978021978,"ABCD1"
"TAF1C",0.410989010989011,"TAF1C"
"BRD9",-0.226373626373626,"BRD9"
"PSG3",-0.0657793514480272,"PSG3"
"NRP2",0.70989010989011,"NRP2"
"OCIAD2",0.89010989010989,"OCIAD2"
"ARF6",0.621978021978022,"ARF6"
"PDHB",0.279120879120879,"PDHB"
"BPHL",0.56043956043956,"BPHL"
"CNTLN",0.132867132867133,"CNTLN"
"ZBTB10",0.648351648351648,"ZBTB10"
"MRPL19",0.314285714285714,"MRPL19"
"AGPAT3",-0.032967032967033,"AGPAT3"
"PGRMC2",0.415384615384615,"PGRMC2"
"PGRMC1",0.63956043956044,"PGRMC1"
"CIRBP",0.586813186813187,"CIRBP"
"POMK",0.371428571428571,"POMK"
"RPS4X",0.156043956043956,"RPS4X"
"YIF1A",0.509090909090909,"YIF1A"
"BTD",0.52967032967033,"BTD"
"CD2BP2",0.0813186813186813,"CD2BP2"
"FOSL2",0.389010989010989,"FOSL2"
"GNPTAB",0.265934065934066,"GNPTAB"
"RNF114",0.525274725274725,"RNF114"
"TUFT1",0.516483516483516,"TUFT1"
"RAB9A",0.494505494505494,"RAB9A"
"RAB9B",-0.444205674568303,"RAB9B"
"NT5C2",0.395020819716114,"NT5C2"
"ARF4",0.718681318681319,"ARF4"
"ARF3",0.349450549450549,"ARF3"
"ARF5",0.6,"ARF5"
"SFXN4",0.483516483516484,"SFXN4"
"PSMB3",-0.0637362637362637,"PSMB3"
"ARL6",0.507692307692308,"ARL6"
"RILPL1",0.828571428571429,"RILPL1"
"DDX49",0.613186813186813,"DDX49"
"APOOL",0.626373626373626,"APOOL"
"UFSP2",0.230769230769231,"UFSP2"
"CDKN1A",0.832167832167832,"CDKN1A"
"MND1",0.202797202797203,"MND1"
"SERINC3",0.197802197802198,"SERINC3"
"FRA10AC1",0.637814866609487,"FRA10AC1"
"GTPBP10",-0.0153846153846154,"GTPBP10"
"ZCCHC17",0.279120879120879,"ZCCHC17"
"TPI1",0.468131868131868,"TPI1"
"MRPS2",0.235164835164835,"MRPS2"
"MBIP",-0.30989010989011,"MBIP"
"LMAN2L",0.789010989010989,"LMAN2L"
"SLC25A46",0.762637362637363,"SLC25A46"
"MYBL2",0.132867132867133,"MYBL2"
"RAB20",0.818181818181818,"RAB20"
"PFDN5",0.6,"PFDN5"
"TBC1D23",0.569230769230769,"TBC1D23"
"ARFRP1",0.279120879120879,"ARFRP1"
"FAM118B",0.450549450549451,"FAM118B"
"PLEKHB2",0.401098901098901,"PLEKHB2"
"CPSF4",0.0461538461538462,"CPSF4"
"LIN37",0.0417582417582418,"LIN37"
"CD38",0.148564601649879,"CD38"
"ZC3HAV1L",0.775824175824176,"ZC3HAV1L"
"SSX2IP",0.6,"SSX2IP"
"BLOC1S2",0.252747252747253,"BLOC1S2"
"SYT1",0.436363636363636,"SYT1"
"NIFK",0.375824175824176,"NIFK"
"ALG11",0.594405594405594,"ALG11"
"APMAP",0.793406593406593,"APMAP"
"LDHB",0.81978021978022,"LDHB"
"LDHA",0.67032967032967,"LDHA"
"SCML2",0.705494505494506,"SCML2"
"POLR3D",-0.27032967032967,"POLR3D"
"CADM4",0.692307692307692,"CADM4"
"ZBTB33",0.307692307692308,"ZBTB33"
"NCEH1",0.718681318681319,"NCEH1"
"SERF2",0.705494505494506,"SERF2"
"PPHLN1",-0.164519085608885,"PPHLN1"
"ATP6V1F",0.402197802197802,"ATP6V1F"
"TMX3",0.454945054945055,"TMX3"
"LSM12",0.806593406593407,"LSM12"
"CALCOCO2",0.397802197802198,"CALCOCO2"
"TBCB",0.705494505494506,"TBCB"
"NFYC",0.16043956043956,"NFYC"
"SAMM50",0.367032967032967,"SAMM50"
"SLC38A1",0.824175824175824,"SLC38A1"
"STX3",0.969230769230769,"STX3"
"STX17",0.630769230769231,"STX17"
"ARG2",0.0549450549450549,"ARG2"
"LLPH",0.410989010989011,"LLPH"
"CIR1",0.635164835164835,"CIR1"
"SUB1",0.252747252747253,"SUB1"
"MYCBP",0.740659340659341,"MYCBP"
"VSNL1",0.881318681318681,"VSNL1"
"HPCAL4",0.131414851974671,"HPCAL4"
"ZNF511",0.517482517482518,"ZNF511"
"UBE2G2",-0.402197802197802,"UBE2G2"
"CYLD",0.379120879120879,"CYLD"
"JAM3",0.802197802197802,"JAM3"
"SUCO",0.935890275273105,"SUCO"
"KCTD10",0.263736263736264,"KCTD10"
"KCTD13",0.372727272727273,"KCTD13"
"ITM2B",0.138461538461538,"ITM2B"
"TYW3",0.272727272727273,"TYW3"
"GGPS1",0.542857142857143,"GGPS1"
"TMEM209",0.116483516483516,"TMEM209"
"TINAGL1",0.635164835164835,"TINAGL1"
"ADNP2",0.321678321678322,"ADNP2"
"BID",-0.346153846153846,"BID"
"HAX1",0.230769230769231,"HAX1"
"TXNDC12",0.498901098901099,"TXNDC12"
"TXN2",0.0494505494505495,"TXN2"
"WDR43",0.301098901098901,"WDR43"
"TECR",-0.151648351648352,"TECR"
"PTAR1",0.43741444406518,"PTAR1"
"POLD4",0.496503496503497,"POLD4"
"GPALPP1",0.591208791208791,"GPALPP1"
"MBOAT2",0.525274725274725,"MBOAT2"
"DXO",0.55944055944056,"DXO"
"SDC1",0.674725274725275,"SDC1"
"MRPS33",-0.357142857142857,"MRPS33"
"COG3",0.305494505494505,"COG3"
"RUFY1",0.674725274725275,"RUFY1"
"RUFY2",0.617582417582418,"RUFY2"
"RUFY3",0.330264525680612,"RUFY3"
"USP14",0.643956043956044,"USP14"
"RBBP4",0.331868131868132,"RBBP4"
"RBBP7",0.51503390204744,"RBBP7"
"PMPCA",0.591208791208791,"PMPCA"
"SERPINE1",0.520879120879121,"SERPINE1"
"LRPAP1",0.485714285714286,"LRPAP1"
"TRAPPC6B",0.617582417582418,"TRAPPC6B"
"CWC22",0.556043956043956,"CWC22"
"FEZ2",0.265734265734266,"FEZ2"
"RPL9",0.156043956043956,"RPL9"
"GMFB",0.621978021978022,"GMFB"
"GMFG",-0.0905086083851044,"GMFG"
"RNF41",0.142857142857143,"RNF41"
"KYNU",0.70989010989011,"KYNU"
"ASNSD1",-0.0590409923693397,"ASNSD1"
"SUPT6H",0.595604395604396,"SUPT6H"
"PPP6R1",0.613186813186813,"PPP6R1"
"DSCC1",0.384615384615385,"DSCC1"
"ZBTB14",0.340659340659341,"ZBTB14"
"ALDH7A1",0.645317435644888,"ALDH7A1"
"MRPL23",0.0153846153846154,"MRPL23"
"GPC4",0.657142857142857,"GPC4"
"S100PBP",0.636363636363636,"S100PBP"
"PAK1IP1",0.63956043956044,"PAK1IP1"
"FNTB",0.195604395604396,"FNTB"
"CHURC1",0.467032967032967,"CHURC1"
"PRSS23",0.686813186813187,"PRSS23"
"LACTB",0.718681318681319,"LACTB"
"ATP6V1G1",0.32967032967033,"ATP6V1G1"
"SCRN2",0.635164835164835,"SCRN2"
"FUCA1",0.815384615384615,"FUCA1"
"RNF2",-0.151648351648352,"RNF2"
"RING1",0.362637362637363,"RING1"
"PEX3",0.516483516483516,"PEX3"
"ZC3H10",0.041958041958042,"ZC3H10"
"PRADC1",0.132867132867133,"PRADC1"
"ATXN7L3B",0.6993006993007,"ATXN7L3B"
"SYAP1",0.516483516483516,"SYAP1"
"RABL6",0.6,"RABL6"
"TMX1",0.635164835164835,"TMX1"
"MRPL41",-0.410989010989011,"MRPL41"
"RPL38",0.00659340659340659,"RPL38"
"MTG1",0.384615384615385,"MTG1"
"PPIB",0.437362637362637,"PPIB"
"PPIC",0.876923076923077,"PPIC"
"PPIL1",0.573626373626374,"PPIL1"
"COPS8",-0.00659340659340659,"COPS8"
"MAD2L2",0.503496503496504,"MAD2L2"
"GSTZ1",0.627270938015561,"GSTZ1"
"MMAA",0.591208791208791,"MMAA"
"INIP",0.0824175824175824,"INIP"
"ABCF2",0.687912087912088,"ABCF2"
"PPME1",0.318681318681319,"PPME1"
"HLA-DMB",0.554545454545455,"HLA-DMB"
"STARD3",0.426573426573427,"STARD3"
"PMVK",0.204395604395604,"PMVK"
"ZCCHC3",0.643956043956044,"ZCCHC3"
"ANO1",0.29777713905978,"ANO1"
"CALU",0.478202142169827,"CALU"
"HS2ST1",0.331868131868132,"HS2ST1"
"FASTKD3",0.657342657342657,"FASTKD3"
"USP40",0.645454545454545,"USP40"
"MED4",0.00659340659340659,"MED4"
"HSPBAP1",0.388792189927782,"HSPBAP1"
"EMB",0.757578632227874,"EMB"
"FDX1",0.195819700452848,"FDX1"
"FKBP14",0.261538461538461,"FKBP14"
"TRAPPC1",0.384615384615385,"TRAPPC1"
"LGALS1",0.859340659340659,"LGALS1"
"CD99",0.701098901098901,"CD99"
"COL1A1",0.384615384615385,"COL1A1"
"COL2A1",0.430348511917419,"COL2A1"
"COL3A1",-0.0352423762406096,"COL3A1"
"COL5A1",0.753783381596599,"COL5A1"
"COL5A2",0.525274725274725,"COL5A2"
"KIF23",0.310330419830442,"KIF23"
"MEST",0.427272727272727,"MEST"
"ZBED1",0.627272727272727,"ZBED1"
"SLC25A24",0.485714285714286,"SLC25A24"
"FABP5",0.846153846153846,"FABP5"
"PNPO",0.70989010989011,"PNPO"
"ZMAT2",0.0945054945054945,"ZMAT2"
"TPT1",0.217582417582418,"TPT1"
"RPL19",0.287912087912088,"RPL19"
"C1orf174",0.134065934065934,"C1orf174"
"RGN",0.244734672441524,"RGN"
"DNAJB11",0.274725274725275,"DNAJB11"
"DNAJA2",0.12967032967033,"DNAJA2"
"CYP20A1",0.353846153846154,"CYP20A1"
"TRMT1L",0.375824175824176,"TRMT1L"
"LONP2",0.2,"LONP2"
"SLC39A7",0.674725274725275,"SLC39A7"
"ECHDC3",0.579296559455021,"ECHDC3"
"COA1",0.520879120879121,"COA1"
"LMAN2",0.485714285714286,"LMAN2"
"ACD",0.505494505494506,"ACD"
"COQ9",0.635164835164835,"COQ9"
"MICU2",0.0549450549450549,"MICU2"
"MGME1",0.740659340659341,"MGME1"
"CTHRC1",0.495595915883573,"CTHRC1"
"PSMB6",0.0901098901098901,"PSMB6"
"POFUT1",0.547252747252747,"POFUT1"
"PIGU",0.594405594405594,"PIGU"
"LBR",0.63956043956044,"LBR"
"PTPMT1",0.441758241758242,"PTPMT1"
"YOD1",-0.318181818181818,"YOD1"
"MRI1",0.797802197802198,"MRI1"
"TIMM17B",0.807692307692308,"TIMM17B"
"RPL23",-0.358241758241758,"RPL23"
"DCAF13",-0.389010989010989,"DCAF13"
"BCL2L1",0.854945054945055,"BCL2L1"
"LAMTOR3",0.17331515708243,"LAMTOR3"
"ZRSR2",0.472527472527473,"ZRSR2"
"CGREF1",0.868131868131868,"CGREF1"
"PIR",0.665934065934066,"PIR"
"MTFMT",0.476923076923077,"MTFMT"
"PPP3R1",0,"PPP3R1"
"CAPRIN1",0.265934065934066,"CAPRIN1"
"HSPB8",0.818482343465837,"HSPB8"
"RAN",-0.542857142857143,"RAN"
"CD151",0.703296703296703,"CD151"
"UQCRH",0.151648351648352,"UQCRH"
"CREG1",0.531468531468532,"CREG1"
"CASP9",-0.154545454545455,"CASP9"
"RNPS1",-0.371428571428571,"RNPS1"
"DHTKD1",0.402197802197802,"DHTKD1"
"PTRHD1",0.516483516483516,"PTRHD1"
"NUDCD1",0.604395604395604,"NUDCD1"
"ELOVL5",0.923076923076923,"ELOVL5"
"SMIM12",-0.12967032967033,"SMIM12"
"NDUFAF7",0.397802197802198,"NDUFAF7"
"NDUFB1",0.43956043956044,"NDUFB1"
"DYNLL1",0.402197802197802,"DYNLL1"
"DYNLL2",0.713286713286713,"DYNLL2"
"SH3BGRL",0.613186813186813,"SH3BGRL"
"GPX4",0.2,"GPX4"
"DYNLRB1",0.0681318681318681,"DYNLRB1"
"TCEAL4",0.784615384615385,"TCEAL4"
"TIMP2",0.595604395604396,"TIMP2"
"NACA",0.12967032967033,"NACA"
"LYSMD3",0.186813186813187,"LYSMD3"
"TSSC4",0.173626373626374,"TSSC4"
"RND3",0.686813186813187,"RND3"
"RPS29",0.287912087912088,"RPS29"
"CDKAL1",0.347634973837641,"CDKAL1"
"NUP62",-0.138461538461538,"NUP62"
"CYB5R1",0.6,"CYB5R1"
"PEA15",0.441758241758242,"PEA15"
"PRPF38A",0.169230769230769,"PRPF38A"
"PSMD7",0.208791208791209,"PSMD7"
"NABP2",0.336263736263736,"NABP2"
"GSK3B",0.446153846153846,"GSK3B"
"GSK3A",0.349450549450549,"GSK3A"
"EXOSC2",0.49010989010989,"EXOSC2"
"TFB2M",0.802197802197802,"TFB2M"
"CTSB",0.67032967032967,"CTSB"
"RBL1",0,"RBL1"
"YIPF3",0.010989010989011,"YIPF3"
"HNMT",0.78021978021978,"HNMT"
"FAF1",0.657142857142857,"FAF1"
"MRM1",0.598460208125558,"MRM1"
"CAPZA2",0.648351648351648,"CAPZA2"
"CAPZA1",0.468131868131868,"CAPZA1"
"ZMPSTE24",0.217582417582418,"ZMPSTE24"
"USP10",0.595604395604396,"USP10"
"RPS26",0.371428571428571,"RPS26"
"RINT1",0.431243385266947,"RINT1"
"RCAN1",0.572727272727273,"RCAN1"
"NQO2",0.74945054945055,"NQO2"
"MRPL49",-0.0241758241758242,"MRPL49"
"PPIL3",0.323076923076923,"PPIL3"
"STEAP1",0.645454545454545,"STEAP1"
"LSP1",0.114918880982845,"LSP1"
"HAUS3",0.703296703296703,"HAUS3"
"PIGH",0.390909090909091,"PIGH"
"WDR74",0.0373626373626374,"WDR74"
"ADI1",-0.107692307692308,"ADI1"
"EPHX1",0.635164835164835,"EPHX1"
"PAFAH1B2",0.3,"PAFAH1B2"
"PTGR2",0.67032967032967,"PTGR2"
"CINP",-0.00659340659340659,"CINP"
"RTCB",0.358241758241758,"RTCB"
"HSD17B12",0.648351648351648,"HSD17B12"
"WTAP",0.0505494505494506,"WTAP"
"PLAU",0.696703296703297,"PLAU"
"SENP2",0.0629370629370629,"SENP2"
"CEP41",0.841758241758242,"CEP41"
"EXOSC1",0.0857142857142857,"EXOSC1"
"STAT1",0.191208791208791,"STAT1"
"IFI35",0.52967032967033,"IFI35"
"HSD17B10",0.41978021978022,"HSD17B10"
"VPS26B",-0.353846153846154,"VPS26B"
"VPS26A",0.12967032967033,"VPS26A"
"SLC43A3",0.86013986013986,"SLC43A3"
"FIBP",0.32967032967033,"FIBP"
"SMAP2",0.771428571428571,"SMAP2"
"S100A10",0.481318681318681,"S100A10"
"KXD1",0.0417582417582418,"KXD1"
"NTMT1",0.248351648351648,"NTMT1"
"BOLA2",0.472527472527473,"BOLA2"
"SMG1",0.0989010989010989,"SMG1"
"SURF1",0.56043956043956,"SURF1"
"CCDC167",0.527472527472527,"CCDC167"
"NDRG1",0.701098901098901,"NDRG1"
"NHEJ1",0.745054945054945,"NHEJ1"
"HERPUD1",0.627272727272727,"HERPUD1"
"UCK2",0.456043956043956,"UCK2"
"UCK1",0.0197802197802198,"UCK1"
"GTF2H1",0.318681318681319,"GTF2H1"
"WDR18",0.138461538461538,"WDR18"
"SSU72",0.0857142857142857,"SSU72"
"TCEAL1",0.784615384615385,"TCEAL1"
"DYM",0.118881118881119,"DYM"
"LIPA",0.806593406593407,"LIPA"
"SNX30",0.397802197802198,"SNX30"
"UQCC2",-0.314285714285714,"UQCC2"
"SLC9A7",0.783216783216783,"SLC9A7"
"STX7",0.621978021978022,"STX7"
"COQ6",0.230769230769231,"COQ6"
"GDI2",0.353846153846154,"GDI2"
"GDI1",0.679120879120879,"GDI1"
"PPP1R2",0.868131868131868,"PPP1R2"
"EMC3",0.241758241758242,"EMC3"
"TGFBR1",0.723076923076923,"TGFBR1"
"ELF1",0.63956043956044,"ELF1"
"ELF4",0.409090909090909,"ELF4"
"ELF2",0.351648351648352,"ELF2"
"STK35",0.300699300699301,"STK35"
"DNAJC19",0.582417582417582,"DNAJC19"
"DNAJC15",0.254545454545455,"DNAJC15"
"ECHDC1",0.621978021978022,"ECHDC1"
"ATG5",0.112087912087912,"ATG5"
"PPP4R2",0.314285714285714,"PPP4R2"
"KIF15",0.542857142857143,"KIF15"
"CEP128",0.318681318681319,"CEP128"
"SLMAP",0.415384615384615,"SLMAP"
"KIF21A",0.292307692307692,"KIF21A"
"SNRNP200",0.375824175824176,"SNRNP200"
"YEATS2",0.463736263736264,"YEATS2"
"RNASET2",0.793406593406593,"RNASET2"
"LYRM7",0.70989010989011,"LYRM7"
"GPRIN1",0.243956043956044,"GPRIN1"
"ARL8A",0.459340659340659,"ARL8A"
"ARL8B",0.481318681318681,"ARL8B"
"AGR2",0.859340659340659,"AGR2"
"BLOC1S3",0.230769230769231,"BLOC1S3"
"FBXO4",-0.104395604395604,"FBXO4"
"SBF1",0.182417582417582,"SBF1"
"MTMR1",0.327472527472527,"MTMR1"
"SBF2",0.417582417582418,"SBF2"
"CGNL1",0.310916805502045,"CGNL1"
"CGN",0.56043956043956,"CGN"
"MTMR2",0.516483516483516,"MTMR2"
"MTM1",0.485714285714286,"MTM1"
"CHMP7",0.661538461538462,"CHMP7"
"GPBP1",0.357142857142857,"GPBP1"
"CRTC1",0.60989010989011,"CRTC1"
"COMMD9",0.564835164835165,"COMMD9"
"DHODH",0.415384615384615,"DHODH"
"SCYL2",0.520879120879121,"SCYL2"
"KNSTRN",0.410989010989011,"KNSTRN"
"UEVLD",0.20979020979021,"UEVLD"
"L3HYPDH",0.182417582417582,"L3HYPDH"
"TMEM43",0.630769230769231,"TMEM43"
"MRPL21",-0.248351648351648,"MRPL21"
"INCENP",0.463736263736264,"INCENP"
"LZIC",0.538461538461538,"LZIC"
"MMGT1",0.305494505494505,"MMGT1"
"CDKN1B",0.327472527472527,"CDKN1B"
"DCAF7",0.0153846153846154,"DCAF7"
"NDUFB8",0.318681318681319,"NDUFB8"
"GPN1",0.285714285714286,"GPN1"
"SPRYD7",0.0901098901098901,"SPRYD7"
"EIF3L",-0.0593406593406593,"EIF3L"
"RPS15",0.16043956043956,"RPS15"
"RPL36",-0.173626373626374,"RPL36"
"YEATS4",-0.248351648351648,"YEATS4"
"EIF3I",0.243956043956044,"EIF3I"
"CCDC90B",0.103296703296703,"CCDC90B"
"PRKAR1B",-0.0725274725274725,"PRKAR1B"
"PRKAR1A",0.221978021978022,"PRKAR1A"
"ABHD6",0.745454545454545,"ABHD6"
"NUDT1",0.665934065934066,"NUDT1"
"DHDDS",0.608391608391608,"DHDDS"
"YTHDC1",0.345054945054945,"YTHDC1"
"GTF3C6",0.216783216783217,"GTF3C6"
"TBC1D17",0.125274725274725,"TBC1D17"
"UBE2Q1",0.565456887824517,"UBE2Q1"
"CNOT6L",0.58041958041958,"CNOT6L"
"EIF3E",-0.296703296703297,"EIF3E"
"DDX6",0.0945054945054945,"DDX6"
"DNAAF2",0.494505494505495,"DNAAF2"
"MRPS36",0.323076923076923,"MRPS36"
"UBE2C",0.665934065934066,"UBE2C"
"HM13",0.386298362430353,"HM13"
"FARSA",0.230769230769231,"FARSA"
"ALG5",0.538461538461538,"ALG5"
"SF3B4",-0.582417582417582,"SF3B4"
"MRPL54",0.230769230769231,"MRPL54"
"LMTK2",0.578021978021978,"LMTK2"
"ZWILCH",0.459340659340659,"ZWILCH"
"CDPF1",0.4,"CDPF1"
"MIF4GD",0.120879120879121,"MIF4GD"
"BCL7C",0.0769230769230769,"BCL7C"
"BCL7B",0.476923076923077,"BCL7B"
"BCL7A",0.0558429322620456,"BCL7A"
"TMEM97",0.538461538461538,"TMEM97"
"DAZAP1",-0.507692307692308,"DAZAP1"
"DCTD",0.428571428571429,"DCTD"
"CLPTM1",0.257142857142857,"CLPTM1"
"UQCRFS1",0.16043956043956,"UQCRFS1"
"SPCS2",0.305494505494505,"SPCS2"
"CTSS",0.74945054945055,"CTSS"
"COL7A1",0.63956043956044,"COL7A1"
"NDUFB11",0.367032967032967,"NDUFB11"
"MRPL28",0.230769230769231,"MRPL28"
"SLC8A1",0.370837782806748,"SLC8A1"
"PDRG1",-0.010989010989011,"PDRG1"
"CTSZ",0.758241758241758,"CTSZ"
"NDUFB6",-0.0813186813186813,"NDUFB6"
"ZNF703",0.839160839160839,"ZNF703"
"DDA1",0.0285714285714286,"DDA1"
"PNMA2",0.251101930714344,"PNMA2"
"TST",0.85054945054945,"TST"
"B4GALT3",0.336363636363636,"B4GALT3"
"ATP1B3",0.243956043956044,"ATP1B3"
"SNCA",0.125550965357172,"SNCA"
"SNCG",0.142857142857143,"SNCG"
"SNCB",0.251441259425139,"SNCB"
"RASSF8",0.791208791208791,"RASSF8"
"BLVRA",0.626373626373626,"BLVRA"
"AKIRIN2",0.160839160839161,"AKIRIN2"
"SMAP1",0.665750285935683,"SMAP1"
"MRPL17",-0.164835164835165,"MRPL17"
"HINT3",0.798680351285212,"HINT3"
"UBE2K",0.643956043956044,"UBE2K"
"MLF2",0.353846153846154,"MLF2"
"MANF",0.498901098901099,"MANF"
"CLUH",0.509559043395858,"CLUH"
"SNRPA1",0.237712337995028,"SNRPA1"
"NDUFC2",-0.0505494505494506,"NDUFC2"
"NUP43",0.195604395604396,"NUP43"
"DHFR",0.217582417582418,"DHFR"
"MPZL1",0.6,"MPZL1"
"SENP3",0.626373626373626,"SENP3"
"MPI",0.595604395604396,"MPI"
"TMED5",0.498901098901099,"TMED5"
"METTL8",0.125874125874126,"METTL8"
"ATP11A",0.516483516483517,"ATP11A"
"ATP11C",0.714285714285714,"ATP11C"
"ATP8B1",0.776223776223776,"ATP8B1"
"ATP2B1",0.494505494505494,"ATP2B1"
"ATP2B4",0.740659340659341,"ATP2B4"
"ATP11B",0.252747252747253,"ATP11B"
"MGA",0.533531149053329,"MGA"
"CLNS1A",0.345054945054945,"CLNS1A"
"SPCS3",0.0725274725274725,"SPCS3"
"CDKN2C",0.863736263736264,"CDKN2C"
"PRPS2",0.573626373626374,"PRPS2"
"PRPS1",0.556043956043956,"PRPS1"
"BRCC3",-0.0682068619554864,"BRCC3"
"MPZL2",0.832167832167832,"MPZL2"
"ARL3",0.38021978021978,"ARL3"
"HGFAC",-0.374781660561015,"HGFAC"
"SNRNP48",0.481318681318681,"SNRNP48"
"NRAS",0.287912087912088,"NRAS"
"HRAS",0.257142857142857,"HRAS"
"KRAS",0.496923453578662,"KRAS"
"SF3A2",0.0021978021978022,"SF3A2"
"NDUFB7",-0.217582417582418,"NDUFB7"
"LMF2",0.498901098901099,"LMF2"
"RPS13",0.0725274725274725,"RPS13"
"SMPDL3A",0.621978021978022,"SMPDL3A"
"COX16",0.690909090909091,"COX16"
"TRIM4",-0.265934065934066,"TRIM4"
"CISD2",0.173626373626374,"CISD2"
"S100A13",0.718681318681319,"S100A13"
"C2orf49",0.375824175824176,"C2orf49"
"SLC26A2",0.531468531468532,"SLC26A2"
"QPCTL",0.547252747252747,"QPCTL"
"UQCC1",0.81978021978022,"UQCC1"
"TCEAL5",0.413572147323682,"TCEAL5"
"TCEAL3",0.86013986013986,"TCEAL3"
"CRKL",0.0593406593406593,"CRKL"
"POP1",0.389010989010989,"POP1"
"NOB1",0.221978021978022,"NOB1"
"TNFRSF1A",0.218181818181818,"TNFRSF1A"
"PCIF1",0.468131868131868,"PCIF1"
"MRPL10",0.204395604395604,"MRPL10"
"TMEM106B",0.384615384615385,"TMEM106B"
"HAUS2",0.241758241758242,"HAUS2"
"PEF1",0.657142857142857,"PEF1"
"PWP1",0.138461538461538,"PWP1"
"NHLRC3",0.604395604395604,"NHLRC3"
"RPS20",0.476923076923077,"RPS20"
"ITFG2",0.763636363636364,"ITFG2"
"DOLPP1",0.802197802197802,"DOLPP1"
"C5orf22",0.371428571428571,"C5orf22"
"SPINT2",0.626373626373626,"SPINT2"
"TNFRSF10D",0.807692307692308,"TNFRSF10D"
"MRRF",0.806593406593407,"MRRF"
"IAH1",0.907692307692308,"IAH1"
"DPM1",0.292307692307692,"DPM1"
"ATP6AP1",0.331868131868132,"ATP6AP1"
"SEC13",0.0505494505494506,"SEC13"
"SSBP1",0.450549450549451,"SSBP1"
"CNDP2",0.723076923076923,"CNDP2"
"TAMM41",0.635164835164835,"TAMM41"
"RDH11",0.784615384615385,"RDH11"
"VTI1B",0.432967032967033,"VTI1B"
"RPL27",-0.120879120879121,"RPL27"
"RPS12",0.125274725274725,"RPS12"
"TAF5L",0.292307692307692,"TAF5L"
"RABGGTB",0.714285714285714,"RABGGTB"
"CCNL1",0.472527472527473,"CCNL1"
"CCNL2",0.0909090909090909,"CCNL2"
"MAP2K7",0.160839160839161,"MAP2K7"
"NAA50",0.463736263736264,"NAA50"
"PTPN3",0.741258741258741,"PTPN3"
"MGLL",0.797202797202797,"MGLL"
"TCP11L1",0.781818181818182,"TCP11L1"
"ZNF326",0.169230769230769,"ZNF326"
"FCGRT",0.846153846153846,"FCGRT"
"PTGES3",0.134065934065934,"PTGES3"
"SLC25A40",0.0659340659340659,"SLC25A40"
"ATG101",0.440559440559441,"ATG101"
"SLC39A6",0.692307692307692,"SLC39A6"
"LSM2",0.538461538461538,"LSM2"
"DPCD",0.70989010989011,"DPCD"
"DNAL1",0.692307692307692,"DNAL1"
"TMEM181",0.545454545454546,"TMEM181"
"CRIP1",0.758241758241758,"CRIP1"
"TMEM63B",0.741258741258741,"TMEM63B"
"GGH",0.837362637362637,"GGH"
"TRAPPC3",0.454945054945055,"TRAPPC3"
"MRPL15",0.142857142857143,"MRPL15"
"MRPS15",-0.0857142857142857,"MRPS15"
"GOLGA7",0.252747252747253,"GOLGA7"
"TXNL4A",0.0857142857142857,"TXNL4A"
"MTPN",0.591208791208791,"MTPN"
"UBTD2",0.397802197802198,"UBTD2"
"UBTD1",0.881818181818182,"UBTD1"
"EFNB2",0.415384615384615,"EFNB2"
"BCAS2",-0.507692307692308,"BCAS2"
"ANKRD40",0.203296703296703,"ANKRD40"
"CNOT11",0.428571428571429,"CNOT11"
"NDUFAF3",0.208791208791209,"NDUFAF3"
"MEN1",-0.0494505494505495,"MEN1"
"BAG2",0.705494505494506,"BAG2"
"SSBP3",0.340659340659341,"SSBP3"
"TRAPPC5",-0.0934065934065934,"TRAPPC5"
"MED6",0.0417582417582418,"MED6"
"SZRD1",0.327472527472527,"SZRD1"
"MSRB2",0.841758241758242,"MSRB2"
"SCO1",0.520879120879121,"SCO1"
"DYNLT1",-0.287912087912088,"DYNLT1"
"BLOC1S1",0.393406593406593,"BLOC1S1"
"TMEM68",0.813186813186813,"TMEM68"
"SLC33A1",0.389010989010989,"SLC33A1"
"MGAT4B",0.461538461538462,"MGAT4B"
"PLSCR3",0.263636363636364,"PLSCR3"
"SLC5A6",0.463636363636364,"SLC5A6"
"RNPC3",0.111725174115003,"RNPC3"
"RPL23A",0.0813186813186813,"RPL23A"
"ALKBH4",0.462046484214586,"ALKBH4"
"RBM8A",-0.520879120879121,"RBM8A"
"MRPL55",-0.296703296703297,"MRPL55"
"MRPS12",0.384615384615385,"MRPS12"
"POLR2I",-0.138461538461538,"POLR2I"
"SFXN5",0.79020979020979,"SFXN5"
"SLC43A2",0.0454545454545455,"SLC43A2"
"MRPS25",0.340659340659341,"MRPS25"
"NDUFS5",0.0593406593406593,"NDUFS5"
"CDK2AP1",-0.21978021978022,"CDK2AP1"
"GID8",-0.0637362637362637,"GID8"
"MSI1",0.292041830814434,"MSI1"
"MSI2",0.885714285714286,"MSI2"
"UPRT",0.258241758241758,"UPRT"
"RP9",0.604395604395604,"RP9"
"UBL4A",0.362637362637363,"UBL4A"
"NFYB",0.230769230769231,"NFYB"
"NDUFS4",-0.0285714285714286,"NDUFS4"
"FABP3",0.466446926921391,"FABP3"
"ERGIC2",0.815384615384615,"ERGIC2"
"FAM162A",0.516483516483516,"FAM162A"
"IL18",0.556043956043956,"IL18"
"DEGS1",0.734265734265734,"DEGS1"
"HPSE",0.663636363636364,"HPSE"
"FHIT",0.696703296703297,"FHIT"
"TP53I3",0.696703296703297,"TP53I3"
"RFK",0.807692307692308,"RFK"
"TIFA",0.174825174825175,"TIFA"
"MRFAP1",0.163636363636364,"MRFAP1"
"LCN2",0.895604395604396,"LCN2"
"COA5",0.615384615384615,"COA5"
"EIF5A",0.503296703296703,"EIF5A"
"NUDT15",0.401098901098901,"NUDT15"
"RAB23",0.708471275795698,"RAB23"
"HMGN1",0.415384615384615,"HMGN1"
"LCLAT1",0.0021978021978022,"LCLAT1"
"GLT8D1",0.41978021978022,"GLT8D1"
"COX5B",0.0593406593406593,"COX5B"
"TMEM165",0.468647148274794,"TMEM165"
"GEMIN8",0.335164835164835,"GEMIN8"
"IRF9",0.446153846153846,"IRF9"
"TRIM22",0.587412587412588,"TRIM22"
"PIGK",0.437362637362637,"PIGK"
"PPP1R14C",0.788156942310295,"PPP1R14C"
"CD82",0.857142857142857,"CD82"
"RIOK2",0.547252747252747,"RIOK2"
"ANKRD22",0.91068440883985,"ANKRD22"
"ACTR6",-0.505494505494506,"ACTR6"
"MRGBP",0.0153846153846154,"MRGBP"
"CDC26",0.235164835164835,"CDC26"
"TOMM5",-0.213186813186813,"TOMM5"
"MED28",-0.243956043956044,"MED28"
"TCL1A",0.259813028330586,"TCL1A"
"ZHX1",0.147252747252747,"ZHX1"
"CNPY4",0.692307692307692,"CNPY4"
"SSR1",0.265934065934066,"SSR1"
"HMGA1",0.688766242152047,"HMGA1"
"MTCH2",0.516483516483516,"MTCH2"
"IFITM3",0.582417582417582,"IFITM3"
"SIGMAR1",-0.0769230769230769,"SIGMAR1"
"CTNNAL1",0.571428571428571,"CTNNAL1"
"TMEM135",0.692307692307692,"TMEM135"
"ZBTB9",0.021978021978022,"ZBTB9"
"AK6",0.00549450549450549,"AK6"
"SAR1B",-0.283516483516484,"SAR1B"
"SAR1A",0.138461538461538,"SAR1A"
"COMMD8",0.706293706293706,"COMMD8"
"PSMG4",0.598901098901099,"PSMG4"
"NUBP1",0.230769230769231,"NUBP1"
"TRIM16",0.441758241758242,"TRIM16"
"FAM210A",0.683516483516484,"FAM210A"
"NDUFAF2",0.345054945054945,"NDUFAF2"
"PANX1",0.516483516483516,"PANX1"
"IST1",0.156043956043956,"IST1"
"MED8",-0.564835164835165,"MED8"
"RBM34",0.336263736263736,"RBM34"
"MRPL43",-0.164835164835165,"MRPL43"
"UBLCP1",0.371428571428571,"UBLCP1"
"ZNF346",0.613186813186813,"ZNF346"
"SEPHS2",0.775824175824176,"SEPHS2"
"SNX27",0.327472527472527,"SNX27"
"YIPF6",0.790909090909091,"YIPF6"
"CA13",0.78021978021978,"CA13"
"GPX8",0.578021978021978,"GPX8"
"SET",0.381710495893176,"SET"
"MTRF1",0.217582417582418,"MTRF1"
"QRICH1",0.67032967032967,"QRICH1"
"UBL3",0.328671328671329,"UBL3"
"PLGRKT",0.868131868131868,"PLGRKT"
"GCLM",0.643956043956044,"GCLM"
"MRPL35",0.27032967032967,"MRPL35"
"GPR180",0.772727272727273,"GPR180"
"TMCO6",-0.223776223776224,"TMCO6"
"S100A6",0.665934065934066,"S100A6"
"RPS28",0.375824175824176,"RPS28"
"OAS1",0.363636363636364,"OAS1"
"CDCA5",0.116483516483516,"CDCA5"
"DTWD2",0.254545454545455,"DTWD2"
"TAP1",0.793406593406593,"TAP1"
"MDP1",0.230769230769231,"MDP1"
"DHCR24",0.120879120879121,"DHCR24"
"EMC6",0.545454545454545,"EMC6"
"NUP37",-0.274725274725275,"NUP37"
"MSRA",0.863736263736264,"MSRA"
"FBXL6",0.318681318681319,"FBXL6"
"GM2A",0.573626373626374,"GM2A"
"UBA5",0.652747252747253,"UBA5"
"SLC25A32",0.356643356643357,"SLC25A32"
"SUMO3",-0.0494505494505495,"SUMO3"
"SUMO2",-0.134065934065934,"SUMO2"
"ENPP4",0.93956043956044,"ENPP4"
"CMC2",0.257142857142857,"CMC2"
"OCLN",0.586813186813187,"OCLN"
"COMMD2",0.410989010989011,"COMMD2"
"RGL2",0.86013986013986,"RGL2"
"ZBTB2",0.283516483516484,"ZBTB2"
"MOSPD1",0.67032967032967,"MOSPD1"
"C1D",0.433566433566434,"C1D"
"UBE2F",-0.357142857142857,"UBE2F"
"ETFB",0.613186813186813,"ETFB"
"THOC7",0.0417582417582418,"THOC7"
"PMM1",-0.243956043956044,"PMM1"
"PMM2",0.854945054945055,"PMM2"
"BRK1",0.169230769230769,"BRK1"
"SEC11A",0.424175824175824,"SEC11A"
"CHCHD1",-0.208791208791209,"CHCHD1"
"IMPA1",0.283516483516484,"IMPA1"
"AGPAT1",0.617582417582418,"AGPAT1"
"COX5A",0.591208791208791,"COX5A"
"RPL21",0.0681318681318681,"RPL21"
"SLC2A1",0.85054945054945,"SLC2A1"
"PPP1R8",0.116483516483516,"PPP1R8"
"RNF5",0.586813186813187,"RNF5"
"BECN1",0.120879120879121,"BECN1"
"DDT",0.243956043956044,"DDT"
"MOB1B",0.412087912087912,"MOB1B"
"SKA1",0.482517482517483,"SKA1"
"RNF121",0.475524475524476,"RNF121"
"NUDT5",0.261538461538461,"NUDT5"
"ALKBH7",0.804195804195804,"ALKBH7"
"SAV1",0.705494505494506,"SAV1"
"CHCHD5",0.545454545454545,"CHCHD5"
"HMG20A",0.16043956043956,"HMG20A"
"C6orf89",0.136363636363636,"C6orf89"
"TIMM21",0.78021978021978,"TIMM21"
"FTH1",0.217582417582418,"FTH1"
"TSPO",0.703296703296703,"TSPO"
"METAP1",0.107692307692308,"METAP1"
"AUP1",0.652747252747253,"AUP1"
"LRRC20",0.758241758241758,"LRRC20"
"TMEM65",0.813186813186813,"TMEM65"
"IDS",0.307692307692308,"IDS"
"NDUFB5",0.0725274725274725,"NDUFB5"
"TRMT11",0.534065934065934,"TRMT11"
"AP3M2",-0.182417582417582,"AP3M2"
"AP3M1",0.0549450549450549,"AP3M1"
"FAM107B",0.608791208791209,"FAM107B"
"RPS9",0.191208791208791,"RPS9"
"ATP6V1H",0.6,"ATP6V1H"
"ROMO1",0.622377622377623,"ROMO1"
"PDE6D",0.358241758241758,"PDE6D"
"S100P",0.909090909090909,"S100P"
"S100A2",0.531468531468532,"S100A2"
"ARL2",0.692307692307692,"ARL2"
"DPM3",0.340659340659341,"DPM3"
"SLC35F6",0.485714285714286,"SLC35F6"
"RNASEH2B",0.432967032967033,"RNASEH2B"
"TMEM41A",0.617582417582418,"TMEM41A"
"RWDD4",0.468131868131868,"RWDD4"
"ALG8",0.531468531468532,"ALG8"
"NUBP2",0.323076923076923,"NUBP2"
"CYB5B",0.846153846153846,"CYB5B"
"STXBP2",0.793406593406593,"STXBP2"
"STXBP1",0.661538461538462,"STXBP1"
"HDDC2",0.512087912087912,"HDDC2"
"ZNF446",0.818181818181818,"ZNF446"
"COMMD5",0.230769230769231,"COMMD5"
"HSPA13",0.679120879120879,"HSPA13"
"VPS37C",-0.426573426573427,"VPS37C"
"CMPK1",0.701098901098901,"CMPK1"
"PSMC2",0.274725274725275,"PSMC2"
"PSMC4",0.164835164835165,"PSMC4"
"PSMC1",0.437362637362637,"PSMC1"
"PSMC5",0.630769230769231,"PSMC5"
"LETMD1",0.432967032967033,"LETMD1"
"ARL2BP",0.507692307692308,"ARL2BP"
"RPL31",-0.0505494505494506,"RPL31"
"RPL7L1",0.0461538461538462,"RPL7L1"
"PBLD",0.945454545454545,"PBLD"
"MAP4",0.363517978051092,"MAP4"
"CA12",0.631868131868132,"CA12"
"COX15",0.582417582417582,"COX15"
"TNFAIP8",0.745454545454545,"TNFAIP8"
"VPS37B",0.731868131868132,"VPS37B"
"GMDS",0.846153846153846,"GMDS"
"WIPI1",0.839160839160839,"WIPI1"
"NFU1",0.463736263736264,"NFU1"
"TESC",0.797202797202797,"TESC"
"APOO",0.687912087912088,"APOO"
"SYNJ2BP",0.775824175824176,"SYNJ2BP"
"GAMT",0.872527472527473,"GAMT"
"NDUFA13",-0.261538461538461,"NDUFA13"
"PTPRF",0.579497606398695,"PTPRF"
"PTPRS",0.727472527472527,"PTPRS"
"SUDS3",0.287912087912088,"SUDS3"
"POLG2",0.591208791208791,"POLG2"
"N6AMT1",0.725274725274725,"N6AMT1"
"ASF1A",0.52967032967033,"ASF1A"
"RAB18",0.679120879120879,"RAB18"
"NTPCR",0.74945054945055,"NTPCR"
"BOLA1",0.604395604395604,"BOLA1"
"PVR",0.687912087912088,"PVR"
"ISOC2",0.813186813186813,"ISOC2"
"NDUFS8",-0.305494505494505,"NDUFS8"
"CNRIP1",0.525395833299293,"CNRIP1"
"C15orf40",0.437362637362637,"C15orf40"
"IL17RA",0.243956043956044,"IL17RA"
"PSME3",0.626373626373626,"PSME3"
"SYPL1",0.78021978021978,"SYPL1"
"CYBRD1",0.448336939736542,"CYBRD1"
"NDUFC1",0.221978021978022,"NDUFC1"
"MAF1",0.2,"MAF1"
"HMGA2",0.81978021978022,"HMGA2"
"SNRPD1",0.265934065934066,"SNRPD1"
"CYB5A",0.740659340659341,"CYB5A"
"UNC93B1",0.599725464189995,"UNC93B1"
"UBE2H",0.481318681318681,"UBE2H"
"WDR26",0.216083853233412,"WDR26"
"GID4",0.145454545454545,"GID4"
"RNF170",0.516483516483517,"RNF170"
"TM7SF3",0.884615384615385,"TM7SF3"
"ALG6",0.853146853146853,"ALG6"
"ABCD4",0.734265734265734,"ABCD4"
"KCNN4",0.853146853146853,"KCNN4"
"TMEM205",0.510989010989011,"TMEM205"
"SNF8",0.142857142857143,"SNF8"
"SRA1",0.586813186813187,"SRA1"
"GPR89B",0.0725274725274725,"GPR89B"
"SCO2",0.85054945054945,"SCO2"
"RPL35",0.213186813186813,"RPL35"
"ITFG1",-0.0461538461538462,"ITFG1"
"URM1",0.381818181818182,"URM1"
"RUNX2",0.665934065934066,"RUNX2"
"CYBA",0.876923076923077,"CYBA"
"GYG1",0.556043956043956,"GYG1"
"PTPN11",0.56043956043956,"PTPN11"
"CCS",0.261538461538461,"CCS"
"YPEL5",0.12967032967033,"YPEL5"
"JDP2",0.48951048951049,"JDP2"
"COMMD1",0.832167832167832,"COMMD1"
"EMP3",0.741758241758242,"EMP3"
"SH3BGRL2",0.810989010989011,"SH3BGRL2"
"PRNP",0.947252747252747,"PRNP"
"RHBDD2",0.653846153846154,"RHBDD2"
"PRSS8",0.601398601398601,"PRSS8"
"MTRF1L",0.384615384615385,"MTRF1L"
"ETF1",0.578021978021978,"ETF1"
"AAMDC",-0.257142857142857,"AAMDC"
"TMCO1",0.340659340659341,"TMCO1"
"TIMM23",0.186813186813187,"TIMM23"
"SLC39A10",0.85054945054945,"SLC39A10"
"HLA-DPA1",-0.0728931276125128,"HLA-DPA1"
"HLA-DRA",0.525274725274725,"HLA-DRA"
"CRYL1",0.846153846153846,"CRYL1"
"GNPNAT1",0.0901098901098901,"GNPNAT1"
"PON2",0.934065934065934,"PON2"
"LSM4",-0.336263736263736,"LSM4"
"NDUFS6",-0.274725274725275,"NDUFS6"
"C1orf21",0.473805329481333,"C1orf21"
"NDUFA6",0.556043956043956,"NDUFA6"
"GULP1",0.437362637362637,"GULP1"
"SLC30A6",0.447552447552448,"SLC30A6"
"EFNA5",0.6,"EFNA5"
"NDUFB4",0.292307692307692,"NDUFB4"
"ERGIC1",0.643956043956044,"ERGIC1"
"TRAM2",0.874125874125874,"TRAM2"
"MRPS7",0.142857142857143,"MRPS7"
"UFM1",0.204395604395604,"UFM1"
"EIF1",0.230769230769231,"EIF1"
"TOMM6",-0.313186813186813,"TOMM6"
"HABP2",0.626042729430153,"HABP2"
"CERS6",0.346153846153846,"CERS6"
"CERS5",0.336363636363636,"CERS5"
"LGALS9C",0.744139509870492,"LGALS9C"
"LGALS9",0.783216783216783,"LGALS9"
"NOP10",0.195604395604396,"NOP10"
"FKBP1A",0.261538461538461,"FKBP1A"
"SERPINC1",-0.449340297067773,"SERPINC1"
"SSR4",-0.147252747252747,"SSR4"
"RPL15",0.217582417582418,"RPL15"
"FBXO22",0.604395604395604,"FBXO22"
"VDAC2",0.0241758241758242,"VDAC2"
"MPLKIP",0.0824175824175824,"MPLKIP"
"ARL6IP1",0.853146853146853,"ARL6IP1"
"RPS15A",-0.230769230769231,"RPS15A"
"SRP9",0.147252747252747,"SRP9"
"AP2S1",0.393406593406593,"AP2S1"
"NDUFA12",0.138461538461538,"NDUFA12"
"WDR20",0.390909090909091,"WDR20"
"HBA1",0.193619479099445,"HBA1"
"COA3",-0.010989010989011,"COA3"
"ATPAF2",0.265934065934066,"ATPAF2"
"C14orf119",0.175824175824176,"C14orf119"
"SUMO1",0.314285714285714,"SUMO1"
"SNRPD3",0.169230769230769,"SNRPD3"
"POP5",-0.440559440559441,"POP5"
"INO80E",0.0714285714285714,"INO80E"
"DCTN5",0.296703296703297,"DCTN5"
"RABIF",-0.234676366893346,"RABIF"
"MAP1LC3B2",0.159453716652372,"MAP1LC3B2"
"MAP1LC3A",0.0526319029366878,"MAP1LC3A"
"MRPS24",-0.409090909090909,"MRPS24"
"COQ7",-0.134065934065934,"COQ7"
"LGALS3",0.652747252747253,"LGALS3"
"SPRR3",0.639276070968112,"SPRR3"
"UBFD1",0.112087912087912,"UBFD1"
"PDS5A",0.441758241758242,"PDS5A"
"PCDHGB2",0.236363636363636,"PCDHGB2"
"PCDHGC3",0.686813186813187,"PCDHGC3"
"PDS5B",0.526371342988541,"PDS5B"
"BAX",0.468131868131868,"BAX"
"TP53I11",0.832967032967033,"TP53I11"
"NRM",0.52967032967033,"NRM"
"COX7C",0.569230769230769,"COX7C"
"BAK1",0.120879120879121,"BAK1"
"RER1",0.375824175824176,"RER1"
"SNRPC",-0.236263736263736,"SNRPC"
"NDUFA4",0.349450549450549,"NDUFA4"
"TOMM7",0.1,"TOMM7"
"CLN5",0.27032967032967,"CLN5"
"TMEM38B",0.428571428571429,"TMEM38B"
"SLC25A35",0.181818181818182,"SLC25A35"
"ACOT13",0.41978021978022,"ACOT13"
"POP7",0.41978021978022,"POP7"
"NR2C2AP",0.314285714285714,"NR2C2AP"
"TOMM22",0.384615384615385,"TOMM22"
"LSM3",-0.0373626373626374,"LSM3"
"CAMLG",0.0417582417582418,"CAMLG"
"SNRPE",0.415384615384615,"SNRPE"
"TMEM179B",0.241758241758242,"TMEM179B"
"TSEN15",0.265734265734266,"TSEN15"
"FKBP2",-0.235164835164835,"FKBP2"
"DCTN6",0.265934065934066,"DCTN6"
"DESI1",0.138461538461538,"DESI1"
"LGALSL",0.564835164835165,"LGALSL"
"SS18",0.261538461538461,"SS18"
"VAMP8",0.636363636363636,"VAMP8"
"COQ3",0.617582417582418,"COQ3"
"GOLT1B",0.593406593406593,"GOLT1B"
"MED20",0.0945054945054945,"MED20"
"NIP7",0.164835164835165,"NIP7"
"C4orf3",0.0272727272727273,"C4orf3"
"AGTRAP",0.261538461538461,"AGTRAP"
"CAPNS1",0.340659340659341,"CAPNS1"
"CRTC2",-0.274725274725275,"CRTC2"
"SUCLG1",0.604395604395604,"SUCLG1"
"COX7A2",0.142857142857143,"COX7A2"
"DERL1",0.12967032967033,"DERL1"
"DPAGT1",0.65034965034965,"DPAGT1"
"SVIP",0.672727272727273,"SVIP"
"CTSH",0.745054945054945,"CTSH"
"TRMT112",0.0637362637362637,"TRMT112"
"CUTA",0.389010989010989,"CUTA"
"RPL27A",0.406593406593407,"RPL27A"
"TMEM41B",0.520879120879121,"TMEM41B"
"GINS3",0.243956043956044,"GINS3"
"BAD",0.687912087912088,"BAD"
"CD58",-0.0461538461538462,"CD58"
"CCDC28A",0.0629370629370629,"CCDC28A"
"SLC11A2",0.790909090909091,"SLC11A2"
"FXN",0.353846153846154,"FXN"
"NDUFB3",0.287912087912088,"NDUFB3"
"FAM89B",0.454945054945055,"FAM89B"
"CHMP1B",0.349450549450549,"CHMP1B"
"LSM6",0.2,"LSM6"
"SC5D",0.309090909090909,"SC5D"
"RNF185",-0.252747252747253,"RNF185"
"UBASH3B",0.789010989010989,"UBASH3B"
"MZT2A",0.269230769230769,"MZT2A"
"COPS5",0.63956043956044,"COPS5"
"TK2",0.566433566433566,"TK2"
"RNF181",0.279120879120879,"RNF181"
"ATP6V0C",0.648351648351648,"ATP6V0C"
"METTL5",0.252747252747253,"METTL5"
"LAMTOR5",-0.379120879120879,"LAMTOR5"
"ORMDL2",0.0879120879120879,"ORMDL2"
"ACYP2",0.824175824175824,"ACYP2"
"FAM32A",0.406593406593407,"FAM32A"
"TMEM230",0.683516483516484,"TMEM230"
"EIF4EBP2",0.463636363636364,"EIF4EBP2"
"ATOX1",0.494505494505494,"ATOX1"
"RBM7",-0.635164835164835,"RBM7"
"SDHC",0.138461538461538,"SDHC"
"B2M",0.578021978021978,"B2M"
"SLCO3A1",0.627272727272727,"SLCO3A1"
"THY1",0.571933345245341,"THY1"
"CHMP6",0.692307692307692,"CHMP6"
"COX20",0.258241758241758,"COX20"
"CD81",0.686813186813187,"CD81"
"LYRM1",0.741258741258741,"LYRM1"
"BOLA3",0.327472527472527,"BOLA3"
"TMEM11",0.701098901098901,"TMEM11"
"VPS37A",0.635164835164835,"VPS37A"
"YIF1B",0.370629370629371,"YIF1B"
"GOSR2",0.586813186813187,"GOSR2"
"NDUFA5",0.010989010989011,"NDUFA5"
"RANBP3",0.709579547734706,"RANBP3"
"POLR2F",0.021978021978022,"POLR2F"
"JTB",0.164835164835165,"JTB"
"MGST1",0.635164835164835,"MGST1"
"MPC1",0.0272727272727273,"MPC1"
"SSR3",0.52967032967033,"SSR3"
"SUCLA2",0.591208791208791,"SUCLA2"
"RFXAP",0.818681318681319,"RFXAP"
"SFT2D2",0.252747252747253,"SFT2D2"
"GNG5",0.0857142857142857,"GNG5"
"NBL1",0.627272727272727,"NBL1"
"SURF4",0.446153846153846,"SURF4"
"OSTM1",0.0197802197802198,"OSTM1"
"DENR",-0.265934065934066,"DENR"
"SLU7",0.318681318681319,"SLU7"
"HCLS1",-0.0902090754895143,"HCLS1"
"CORO2A",0.274725274725275,"CORO2A"
"CHMP2B",0.621978021978022,"CHMP2B"
"DBN1",0.81978021978022,"DBN1"
"UPF3B",0.173626373626374,"UPF3B"
"CHD3",0.539781523444452,"CHD3"
"CHD5",0.21342147128007,"CHD5"
"CHD4",0.327472527472527,"CHD4"
"ZFP64",0.0728931276125128,"ZFP64"
"SLFN11",0.625346725511736,"SLFN11"
"SLFN5",0.314631653536599,"SLFN5"
"CAPZB",0.594462296000105,"CAPZB"
"ZNF282",0.0909090909090909,"ZNF282"
"ZNF746",0.626373626373626,"ZNF746"
"ASXL2",0.410989010989011,"ASXL2"
"INPP5B",0.021978021978022,"INPP5B"
"PATZ1",0.336363636363636,"PATZ1"
"OCRL",0.775824175824176,"OCRL"
"MAZ",0.696703296703297,"MAZ"
"ZBTB17",0.709090909090909,"ZBTB17"
"ZNF384",0.784615384615385,"ZNF384"
"SCAF1",0.252747252747253,"SCAF1"
"PHRF1",0.661538461538462,"PHRF1"
"SCAF11",0.463736263736264,"SCAF11"
"ZNF143",-0.265934065934066,"ZNF143"
"ZNF516",0.472527472527473,"ZNF516"
"ZNF48",0.510489510489511,"ZNF48"
"ZNF629",0.635164835164835,"ZNF629"
"ZNF217",0.74945054945055,"ZNF217"
"ZKSCAN1",0.74945054945055,"ZKSCAN1"
"ZNF768",0.822882786172643,"ZNF768"
"ZC3H3",0.104895104895105,"ZC3H3"
"ZKSCAN8",0.381818181818182,"ZKSCAN8"
"ZNF8",0.71978021978022,"ZNF8"
"ZFP91",0.476923076923077,"ZFP91"
"ZSCAN26",0.379120879120879,"ZSCAN26"
"ZNF24",0.340659340659341,"ZNF24"
"ZNF574",0.683516483516484,"ZNF574"
"ZNF787",0.657142857142857,"ZNF787"
"ZNF740",0.0699300699300699,"ZNF740"
"ZNF316",-0.109090909090909,"ZNF316"
"REST",0.3,"REST"
"PKP3",0.903296703296703,"PKP3"
"ZFC3H1",0.375824175824176,"ZFC3H1"
"RMDN1",0.503296703296703,"RMDN1"
"RRBP1",0.648228170554132,"RRBP1"
"KTN1",0.78021978021978,"KTN1"
"RNASEL",0.51025189328759,"RNASEL"
"RANBP2",0.448845156094169,"RANBP2"
"RGPD5",0.636363636363636,"RGPD5"
"GCC2",0.832967032967033,"GCC2"
"GTF3C2",0.652747252747253,"GTF3C2"
"KIF18A",0.604395604395604,"KIF18A"
"OLA1",0.0901098901098901,"OLA1"
"NIN",0.666667070081045,"NIN"
"MYO10",0.586813186813187,"MYO10"
"ACIN1",0.188648551498188,"ACIN1"
"MAP4K4",0.763228347902997,"MAP4K4"
"DAAM1",0.648351648351648,"DAAM1"
"TNIK",0.229842335660229,"TNIK"
"PNN",0.112087912087912,"PNN"
"MDN1",0.226373626373626,"MDN1"
"PRRC2C",0.353846153846154,"PRRC2C"
"GIGYF2",0.591208791208791,"GIGYF2"
"ABCF1",0.706283643274657,"ABCF1"
"NONO",-0.0461538461538462,"NONO"
"PRRC2A",0.195604395604396,"PRRC2A"
"SFPQ",-0.125274725274725,"SFPQ"
"PSPC1",0.52967032967033,"PSPC1"
"ACBD3",0.446153846153846,"ACBD3"
"MYO6",0.649933867600678,"MYO6"
"ZFR",0.797802197802198,"ZFR"
"MINK1",0.397802197802198,"MINK1"
"WWC3",0.481818181818182,"WWC3"
"PPID",0.569230769230769,"PPID"
"PPIE",-0.134065934065934,"PPIE"
"PPIF",0.318681318681319,"PPIF"
"TMTC3",0.626373626373626,"TMTC3"
"MERTK",-0.0461538461538462,"MERTK"
"PDAP1",0.846153846153846,"PDAP1"
"NUCB2",0.797802197802198,"NUCB2"
"NUCB1",-0.169230769230769,"NUCB1"
"FNBP4",-0.0681318681318681,"FNBP4"
"KIF18B",-0.472527472527473,"KIF18B"
"UBP1",0.476923076923077,"UBP1"
"TFCP2",0.60726109353917,"TFCP2"
"AXL",0.752747252747253,"AXL"
"CALD1",0.802315474712665,"CALD1"
"PIEZO1",0.613186813186813,"PIEZO1"
"GZF1",0.709090909090909,"GZF1"
"LUC7L3",0.384615384615385,"LUC7L3"
"RREB1",0.41978021978022,"RREB1"
"ZNF22",0.609090909090909,"ZNF22"
"CTCF",0.468131868131868,"CTCF"
"KLF3",0.518181818181818,"KLF3"
"TIMM44",0.525274725274725,"TIMM44"
"REPIN1",0.446153846153846,"REPIN1"
"ZNF845",0.49725002586903,"ZNF845"
"VEZF1",0.0153846153846154,"VEZF1"
"ZNF410",0.307692307692308,"ZNF410"
"KLF5",0.598901098901099,"KLF5"
"PXK",0.517482517482518,"PXK"
"SP1",0.595604395604396,"SP1"
"MRPS17",0.0153846153846154,"MRPS17"
"SP4",0.289186041425577,"SP4"
"SP3",0.243956043956044,"SP3"
"UBE2L6",0.43956043956044,"UBE2L6"
"F8",-0.415384615384615,"F8"
"NEXN",0.56043956043956,"NEXN"
"POLR2L",0.481318681318681,"POLR2L"
"NDUFAB1",0.426573426573427,"NDUFAB1"
"OSTC",0.390909090909091,"OSTC"
"UBE2A",-0.134065934065934,"UBE2A"
"UBE2B",0.440559440559441,"UBE2B"
"MRPL18",0.437362637362637,"MRPL18"
"MRPL33",-0.109090909090909,"MRPL33"
"SPCS1",-0.230769230769231,"SPCS1"
"C18orf21",-0.0021978021978022,"C18orf21"
"SF3B5",0.454945054945055,"SF3B5"
"SMDT1",-0.263636363636364,"SMDT1"
"RBX1",0.178021978021978,"RBX1"
"DNLZ",0.0699300699300699,"DNLZ"
"CKS1B",0.52967032967033,"CKS1B"
"CKS2",0.516483516483517,"CKS2"
"MRPL42",0.0461538461538462,"MRPL42"
"COX14",-0.0181818181818182,"COX14"
"YIPF5",0.285714285714286,"YIPF5"
"COX7B",0.0909090909090909,"COX7B"
"KDELR1",0.131868131868132,"KDELR1"
"CNIH4",0.507692307692308,"CNIH4"
