"","Correlation","Protein"
"SRP14",0.300764082621438,"SRP14"
"ZFP91",0.229796062258557,"ZFP91"
"IRS2",0.591870858966231,"IRS2"
"RPL4",0.261061214799931,"RPL4"
"SAMD1",0.540835059990492,"SAMD1"
"CLPX",0.30943652058478,"CLPX"
"CACTIN",0.604802174569616,"CACTIN"
"UNC119B",0.154242313539315,"UNC119B"
"RBM42",0.256936622775338,"RBM42"
"RCC2",0.698586145942558,"RCC2"
"PNPT1",0.482012686477984,"PNPT1"
"MSL1",0.284007327271084,"MSL1"
"EP400",0.0861785180022348,"EP400"
"MSH6",0.590636761888184,"MSH6"
"PSMD4",0.122284146151736,"PSMD4"
"SH3PXD2B",0.542307822725577,"SH3PXD2B"
"SELENOS",0.41700781350805,"SELENOS"
"TRUB1",0.519972739660352,"TRUB1"
"COQ8B",0.42792308771398,"COQ8B"
"GNG2",0.673559924667987,"GNG2"
"EDC4",0.56704015561586,"EDC4"
"MAGED2",0.644544753179731,"MAGED2"
"PFDN4",0.151392356284042,"PFDN4"
"INPPL1",0.435990822097662,"INPPL1"
"CDC27",0.241070033968259,"CDC27"
"U2SURP",0.320313343796468,"U2SURP"
"EXOSC10",0.218389534061548,"EXOSC10"
"TFRC",0.442425286378072,"TFRC"
"FH",0.563555066029077,"FH"
"TLN1",0.707988324684887,"TLN1"
"TOMM70",0.404819954454947,"TOMM70"
"B3GALT6",0.413973253673737,"B3GALT6"
"CBR4",0.111088824615737,"CBR4"
"CTNNA1",0.439976321917584,"CTNNA1"
"EFHD2",0.64578748841104,"EFHD2"
"EFHD1",0.717600465928946,"EFHD1"
"UNC45A",0.426790911181449,"UNC45A"
"EGLN1",0.558433472453262,"EGLN1"
"CANT1",0.607624266450227,"CANT1"
"PLEC",0.8552909213614,"PLEC"
"RUFY1",0.582290304590877,"RUFY1"
"STRIP1",0.249257701395316,"STRIP1"
"ARID1A",0.58445183251596,"ARID1A"
"ARID1B",0.338922017868726,"ARID1B"
"EPPK1",0.635504119412776,"EPPK1"
"ACBD6",0.344700665260037,"ACBD6"
"SFXN2",0.366710167766506,"SFXN2"
"POSTN",0.0582789631458297,"POSTN"
"GADD45GIP1",-0.0315992947473541,"GADD45GIP1"
"PM20D2",0.640557701916848,"PM20D2"
"SPTLC1",0.727636780350016,"SPTLC1"
"CKAP5",0.518676877905653,"CKAP5"
"TTC5",0.253150193269694,"TTC5"
"STIP1",0.223800539951936,"STIP1"
"NNT",0.68748622108466,"NNT"
"EFNB1",0.652091823661448,"EFNB1"
"CTNND1",0.805686820249934,"CTNND1"
"RBM39",0.288529175646074,"RBM39"
"RAB3GAP1",0.198513730940358,"RAB3GAP1"
"CHCHD3",0.265848306425981,"CHCHD3"
"RBKS",0.564138908575478,"RBKS"
"CAST",0.63827159703783,"CAST"
"HVCN1",0.280414438502674,"HVCN1"
"RRM2",0.378719245696462,"RRM2"
"DBN1",0.817448061058545,"DBN1"
"COPB1",0.25722576249825,"COPB1"
"BTAF1",0.192234537701391,"BTAF1"
"PKP4",0.325406230218428,"PKP4"
"TTC4",0.347654760660437,"TTC4"
"NAPRT",0.523690342826738,"NAPRT"
"XPC",0.374928239527399,"XPC"
"IRF2BP2",0.486766322820101,"IRF2BP2"
"CAMSAP3",0.479333755452371,"CAMSAP3"
"TIMELESS",0.351619514891986,"TIMELESS"
"PDHA1",0.273883005894032,"PDHA1"
"NAP1L4",0.528711138061172,"NAP1L4"
"SLC39A11",0.41267836312834,"SLC39A11"
"MED17",0.210650188748223,"MED17"
"LMNB2",0.416028424546126,"LMNB2"
"MARCKSL1",0.854754553365542,"MARCKSL1"
"SND1",0.619140673744528,"SND1"
"VIL1",0.72340675313059,"VIL1"
"ANK3",0.445792040270568,"ANK3"
"ATAT1",0.485330347144457,"ATAT1"
"VCL",0.688956857338198,"VCL"
"HTT",0.444127418409224,"HTT"
"NDUFV2",0.0262423875233234,"NDUFV2"
"IDH3B",0.179447388639566,"IDH3B"
"AGRN",0.623142298931394,"AGRN"
"MTHFD2",0.512098260151649,"MTHFD2"
"PFKL",0.496455727939884,"PFKL"
"C8orf33",0.442485461791303,"C8orf33"
"SLFN11",0.522226534511584,"SLFN11"
"CSE1L",0.307465124651267,"CSE1L"
"PAXX",0.326693475442487,"PAXX"
"NEK7",0.529962754473051,"NEK7"
"LCP1",0.876854738823685,"LCP1"
"PFKP",0.571609672580635,"PFKP"
"POP1",0.536666054731363,"POP1"
"AGK",0.554986322500592,"AGK"
"RNF169",0.128030113971921,"RNF169"
"TPM3",0.481905509725901,"TPM3"
"NUMA1",0.705099883883697,"NUMA1"
"PACSIN2",0.572830442182451,"PACSIN2"
"GRHPR",0.672797785467857,"GRHPR"
"GPD2",0.743627445720363,"GPD2"
"IFI44L",0.54945054945055,"IFI44L"
"TTR",-0.165811965811966,"TTR"
"CDC73",0.324128158913912,"CDC73"
"DUSP3",0.563781866362258,"DUSP3"
"MYPN",0.208211143695015,"MYPN"
"VDAC3",0.446414317774639,"VDAC3"
"WIZ",0.299882681513737,"WIZ"
"DGLUCY",0.405303944006027,"DGLUCY"
"SMTN",0.523554597258586,"SMTN"
"TCF3",0.522181509450824,"TCF3"
"PRPF3",0.452642161533566,"PRPF3"
"CAND1",0.439297437207173,"CAND1"
"SIN3A",0.475380412673889,"SIN3A"
"TP53BP1",0.67377021465164,"TP53BP1"
"SCCPDH",0.633452546535507,"SCCPDH"
"SNW1",0.325515616393148,"SNW1"
"BPIFB1",0.472727272727273,"BPIFB1"
"S100A16",0.69974259211255,"S100A16"
"QRSL1",0.126277338324367,"QRSL1"
"DYNC2H1",0.0766552170624858,"DYNC2H1"
"UGDH",0.76194269564559,"UGDH"
"SRPK2",0.554072682084604,"SRPK2"
"AP2A1",0.645060295123275,"AP2A1"
"RCN1",0.829179404001978,"RCN1"
"BCAT2",0.381576040993547,"BCAT2"
"ALDH4A1",0.68136050246487,"ALDH4A1"
"MISP",0.693109144432153,"MISP"
"YBX1",0.310039623700203,"YBX1"
"C5orf24",0.242349985919652,"C5orf24"
"AKAP8",0.270881763453675,"AKAP8"
"CCDC137",0.276573823815748,"CCDC137"
"RFC1",0.619887455803431,"RFC1"
"KNOP1",0.32719424241596,"KNOP1"
"TPR",0.171264656743335,"TPR"
"SLC20A2",0.41392928210623,"SLC20A2"
"GCFC2",0.26119780725953,"GCFC2"
"CALML3",0.69555790586991,"CALML3"
"ATP11A",0.579642921924801,"ATP11A"
"CPS1",-0.0951053200583173,"CPS1"
"MDN1",0.37053885611513,"MDN1"
"MPO",0.663181312569522,"MPO"
"BASP1",0.807377041410546,"BASP1"
"PRKRA",0.560601340282876,"PRKRA"
"NF2",0.513041453190499,"NF2"
"EPS8",0.688696396409771,"EPS8"
"MAP1B",0.787681674952227,"MAP1B"
"ADK",0.379212099822152,"ADK"
"PDIA5",0.706399113486843,"PDIA5"
"DHX9",0.203787271782429,"DHX9"
"EVPL",0.486886521492826,"EVPL"
"PTMA",0.587275170313688,"PTMA"
"NCKAP1",-0.0586679327183939,"NCKAP1"
"WDR70",0.428655198572714,"WDR70"
"TAGLN",0.620115936841268,"TAGLN"
"CLASP1",0.434328351671527,"CLASP1"
"LIN28A",0.332467532467532,"LIN28A"
"PTMS",0.678975837435161,"PTMS"
"PPIL2",0.3493556074481,"PPIL2"
"MTHFD1",0.472830007261964,"MTHFD1"
"MARCKS",0.762398538504697,"MARCKS"
"HNRNPUL2",0.455076688204839,"HNRNPUL2"
"LAMB3",0.672741501573446,"LAMB3"
"LIMA1",0.887322701425152,"LIMA1"
"SVIL",0.646091772057258,"SVIL"
"PHF10",0.20737420432959,"PHF10"
"FAM98B",0.447831068943433,"FAM98B"
"RBM28",0.320620978988914,"RBM28"
"RELCH",0.328466817633678,"RELCH"
"PRODH",0.569186588407184,"PRODH"
"PRUNE2",0.205071288312132,"PRUNE2"
"XAB2",0.0899203957177662,"XAB2"
"SRP9",0.34592718262848,"SRP9"
"DNAJC17",0.391617868577903,"DNAJC17"
"PFDN2",0.303115460751296,"PFDN2"
"PRPF6",0.404394023073958,"PRPF6"
"PTRH1",0.22256441315568,"PTRH1"
"POLE4",0.20280335141212,"POLE4"
"PCID2",0.3344774592216,"PCID2"
"MSTO1",0.433843286734361,"MSTO1"
"SPTBN2",0.547253686492326,"SPTBN2"
"WDHD1",0.427567404478253,"WDHD1"
"GOLGA2",0.66353854942783,"GOLGA2"
"IGBP1",0.361659896250673,"IGBP1"
"KIF5B",0.404716168814162,"KIF5B"
"NEMF",0.344430495859189,"NEMF"
"TNKS1BP1",0.674375769480573,"TNKS1BP1"
"ACSS3",0.41915561405285,"ACSS3"
"FASN",0.464858240414961,"FASN"
"RAD18",0.446583621960838,"RAD18"
"RSL1D1",0.200497969511699,"RSL1D1"
"COPB2",0.297493137504474,"COPB2"
"MDC1",0.5678076812191,"MDC1"
"SLC16A1",0.460535130291159,"SLC16A1"
"NOLC1",0.553892294060087,"NOLC1"
"RTF2",0.335696090579887,"RTF2"
"NDUFAF4",0.307423069265618,"NDUFAF4"
"POLR1E",0.134819784984959,"POLR1E"
"TAGLN3",0.75915960110706,"TAGLN3"
"CLIP2",0.364639315487835,"CLIP2"
"TPRN",0.417581974584313,"TPRN"
"GALNT2",0.731682252749644,"GALNT2"
"HDGFL2",0.591750251881316,"HDGFL2"
"NECAP2",0.545981053064486,"NECAP2"
"CAD",0.575165701058225,"CAD"
"TIA1",0.552742088765073,"TIA1"
"YWHAE",0.343647994331604,"YWHAE"
"LRSAM1",0.282465834505629,"LRSAM1"
"GOLGA4",0.446826717885348,"GOLGA4"
"LMAN1",0.729639675622762,"LMAN1"
"MYDGF",0.680498621334999,"MYDGF"
"CPT1A",0.719507489716657,"CPT1A"
"DFFA",0.436472884235854,"DFFA"
"SRRM2",0.24546472008397,"SRRM2"
"SDHA",0.39492288807331,"SDHA"
"LGALS3BP",0.592767069572565,"LGALS3BP"
"VPS51",0.0907296792003294,"VPS51"
"AARS2",0.466651862760923,"AARS2"
"NUP133",0.14815166866409,"NUP133"
"MAPT",0.630977376772301,"MAPT"
"AKAP1",0.56900747894086,"AKAP1"
"ALDH2",0.77750944886838,"ALDH2"
"COMMD3",0.376922842811909,"COMMD3"
"DDX42",0.477391502175673,"DDX42"
"IK",0.0386392852384605,"IK"
"CCDC124",0.488394054766578,"CCDC124"
"MRTO4",0.306724182298383,"MRTO4"
"SRM",0.538729315049768,"SRM"
"ITGA3",0.843077146080464,"ITGA3"
"SMARCD2",0.453192307048304,"SMARCD2"
"C2orf72",0.67190872648782,"C2orf72"
"KLRG2",0.55513953284927,"KLRG2"
"CNOT3",0.260160289969513,"CNOT3"
"CRYBG1",0.556319463851487,"CRYBG1"
"BAG6",0.279702403475953,"BAG6"
"FARSB",0.497239374138637,"FARSB"
"RIDA",0.651292111816423,"RIDA"
"DERA",0.259600088908824,"DERA"
"KTN1",0.671665412463454,"KTN1"
"TACSTD2",0.789173395524851,"TACSTD2"
"EPS8L1",0.525762853663141,"EPS8L1"
"DNAJC2",0.316028767960505,"DNAJC2"
"DHX16",0.313770396651498,"DHX16"
"DDX20",0.335814484486497,"DDX20"
"GART",0.486854499907481,"GART"
"HSPA14",0.519508290082545,"HSPA14"
"MUC5B",0.315340909090909,"MUC5B"
"RRP1",0.21352263970275,"RRP1"
"GOLPH3",0.562417034147146,"GOLPH3"
"SRCIN1",0.607192414431082,"SRCIN1"
"DDX1",0.232119049037221,"DDX1"
"GNPDA1",0.401354713555303,"GNPDA1"
"KIAA2013",0.375671277031137,"KIAA2013"
"LRRC47",0.505688000271361,"LRRC47"
"LAP3",0.639497740274694,"LAP3"
"CDC5L",0.355974492964872,"CDC5L"
"ADSL",0.540245380404762,"ADSL"
"TMA7",0.153296703296703,"TMA7"
"SF3B1",0.189006150653902,"SF3B1"
"COL15A1",0.698658410732714,"COL15A1"
"ERC1",0.510641105717998,"ERC1"
"TARS2",0.518073113575415,"TARS2"
"TOMM34",0.49871458215707,"TOMM34"
"ZNF512B",0.408066876448595,"ZNF512B"
"MACROD1",0.592534631164776,"MACROD1"
"PSMB1",0.129736444128734,"PSMB1"
"RPA1",0.387355842801408,"RPA1"
"HMGN5",0.639439333319954,"HMGN5"
"FLNB",0.832769753401413,"FLNB"
"ASPSCR1",0.466951866257044,"ASPSCR1"
"MRPL2",0.0146868682110413,"MRPL2"
"JAGN1",0.252015989403882,"JAGN1"
"PTPRF",0.25892977284532,"PTPRF"
"KPNB1",0.551046153101616,"KPNB1"
"RPLP1",0.224278569967593,"RPLP1"
"PPP1R9B",0.307391071820064,"PPP1R9B"
"HSPG2",0.356519149058506,"HSPG2"
"RUVBL2",0.239190156528612,"RUVBL2"
"PCBD2",0.418052862231866,"PCBD2"
"DUT",0.656455055480516,"DUT"
"PRRC2B",0.246575907502074,"PRRC2B"
"IPO4",0.404461130819289,"IPO4"
"NCAM1",0.776763097355862,"NCAM1"
"IRGQ",0.408982261188412,"IRGQ"
"STXBP2",0.419101302531334,"STXBP2"
"MYO1B",0.754692035813984,"MYO1B"
"PA2G4",0.552727955940591,"PA2G4"
"PCNT",0.140708104837709,"PCNT"
"CCT2",0.335004714488251,"CCT2"
"RAF1",0.208330836080312,"RAF1"
"GNAS",0.419997226025368,"GNAS"
"STXBP1",0.748041996791156,"STXBP1"
"SMU1",0.260564721653575,"SMU1"
"RBM14",0.129146536697993,"RBM14"
"TAF15",0.607462907558632,"TAF15"
"FUS",0.43222733306497,"FUS"
"SRP68",0.273341200701543,"SRP68"
"ATP11C",0.455783998403428,"ATP11C"
"AFAP1",0.646902636189753,"AFAP1"
"TOP2A",0.482063967665383,"TOP2A"
"TDRKH",0.502963771258231,"TDRKH"
"EIF4G3",0.428405045055282,"EIF4G3"
"EEA1",0.618264209173196,"EEA1"
"RRBP1",0.838704616584725,"RRBP1"
"PRMT5",0.240185604559293,"PRMT5"
"TFAP4",0.185326610927597,"TFAP4"
"CYP27A1",0.78205553067622,"CYP27A1"
"MIEF1",0.498645987821483,"MIEF1"
"APOB",0.000100965718399132,"APOB"
"EXOC3",0.129947572469231,"EXOC3"
"PARD3",0.560991406159411,"PARD3"
"PAICS",0.58898246221471,"PAICS"
"RAB24",0.253544321848505,"RAB24"
"NUTF2",0.25079238832213,"NUTF2"
"MATN2",0.467364022450122,"MATN2"
"HSDL2",0.740994520732974,"HSDL2"
"MTREX",0.371958555679798,"MTREX"
"ITPR1",0.262001950655637,"ITPR1"
"PSME1",0.538835832145997,"PSME1"
"FKBP4",0.543025291878452,"FKBP4"
"RPL11",0.291586571951015,"RPL11"
"CCDC85C",0.351943076081007,"CCDC85C"
"SPECC1L",0.281547392234885,"SPECC1L"
"CARS2",0.484375221093743,"CARS2"
"EML4",0.62113279212593,"EML4"
"EML3",0.291268869849041,"EML3"
"INTS14",0.149921745867318,"INTS14"
"DPYSL3",0.763395197919516,"DPYSL3"
"DPYSL2",0.763370181554603,"DPYSL2"
"CDK2",0.537892397725755,"CDK2"
"AHNAK2",0.378281425064133,"AHNAK2"
"CLEC11A",0.394050931633264,"CLEC11A"
"NAPA",0.70294828709167,"NAPA"
"NAPB",0.62140565222757,"NAPB"
"ARHGAP17",0.638807013614673,"ARHGAP17"
"HPGD",0.474253315784145,"HPGD"
"QDPR",0.576163351547069,"QDPR"
"PDCD4",0.548570186917036,"PDCD4"
"CMAS",0.633956307150619,"CMAS"
"ZNF598",0.335726993839943,"ZNF598"
"SHMT2",0.437495736402097,"SHMT2"
"SYNM",0.62159939658091,"SYNM"
"TBL3",0.163309448067174,"TBL3"
"CELF2",0.793574357104178,"CELF2"
"CELF1",0.398996545614862,"CELF1"
"MRPL12",0.393397486856712,"MRPL12"
"KRT19",0.883470785148122,"KRT19"
"SIPA1",-0.0492935374376971,"SIPA1"
"SMARCC1",0.542245245385545,"SMARCC1"
"TUBGCP3",0.223850712086006,"TUBGCP3"
"XRN2",0.572812641026522,"XRN2"
"NTHL1",0.179314586394232,"NTHL1"
"HEBP1",0.703378859446048,"HEBP1"
"HMOX1",0.631156193684908,"HMOX1"
"SYMPK",0.0756008828032841,"SYMPK"
"CPLX2",0.660321960109345,"CPLX2"
"TRIM29",0.650544620568795,"TRIM29"
"MPP2",0.337980769230769,"MPP2"
"CIT",0.243174637693772,"CIT"
"SNRNP200",0.175699924629261,"SNRNP200"
"PRXL2A",0.525679369978027,"PRXL2A"
"MTR",-0.125094651492193,"MTR"
"SFSWAP",0.267614148020395,"SFSWAP"
"PDXP",0.655337594036611,"PDXP"
"ABL2",0.321428571428571,"ABL2"
"PTPRN2",0.187099910866218,"PTPRN2"
"UMPS",0.434926126442833,"UMPS"
"HCLS1",0.768259850243372,"HCLS1"
"BAZ2A",0.00904241290156148,"BAZ2A"
"NAA10",0.14191241431277,"NAA10"
"PNMA8A",0.438836898395722,"PNMA8A"
"ZNF706",0.476695935266487,"ZNF706"
"UAP1L1",0.524313998049173,"UAP1L1"
"WASL",0.302487891062875,"WASL"
"UBE2O",0.558857282515389,"UBE2O"
"RBM33",0.452194329491128,"RBM33"
"SPTAN1",0.40643274320248,"SPTAN1"
"GCN1",0.424059899373292,"GCN1"
"RPL14",0.261517395686682,"RPL14"
"ARHGEF2",0.692447364121643,"ARHGEF2"
"FHOD1",0.471235334839322,"FHOD1"
"PKP2",0.753436189456216,"PKP2"
"ALDH16A1",0.482064961193491,"ALDH16A1"
"POLR1A",0.22689051747015,"POLR1A"
"RHPN2",0.574509803921569,"RHPN2"
"ACE",0.457429931253305,"ACE"
"DNAJC3",0.682152814697923,"DNAJC3"
"GDF15",0.468709423313308,"GDF15"
"ADGRL2",0.564373761831389,"ADGRL2"
"HUWE1",0.423461725303127,"HUWE1"
"TFAP2B",0.571428571428571,"TFAP2B"
"PTPN23",0.382646793041166,"PTPN23"
"KIF2A",0.663971185863901,"KIF2A"
"DCTPP1",0.49065546931284,"DCTPP1"
"NUDT2",0.380457444247409,"NUDT2"
"RPS25",0.274140288166656,"RPS25"
"POLR1B",0.191241146003879,"POLR1B"
"DST",0.376924463074532,"DST"
"PAK4",0.458107675993971,"PAK4"
"ZNF106",0.222881139857518,"ZNF106"
"PPP5C",0.520657833666525,"PPP5C"
"KIAA0319L",0.414828715442874,"KIAA0319L"
"DIMT1",0.337206727048215,"DIMT1"
"PRKDC",0.44840921860561,"PRKDC"
"AIFM1",0.568295992109914,"AIFM1"
"EIF4G1",0.205035959671208,"EIF4G1"
"PPP2R5C",0.315799536682928,"PPP2R5C"
"LRP1",0.605469825796856,"LRP1"
"COPS2",0.141663066803208,"COPS2"
"GIGYF2",0.317985100303679,"GIGYF2"
"HADHB",0.532326395029043,"HADHB"
"ISCA1",0.376318906516664,"ISCA1"
"LXN",0.608414669484278,"LXN"
"TUBB6",0.461574142520158,"TUBB6"
"CRMP1",0.85316689850583,"CRMP1"
"DPYSL5",0.787034090404018,"DPYSL5"
"NSD1",-0.112483912483912,"NSD1"
"WFS1",0.721732821228534,"WFS1"
"ALDH18A1",0.509532236535816,"ALDH18A1"
"CDC23",0.022073734855484,"CDC23"
"RHOF",0.479169989018312,"RHOF"
"NAA40",0.305173970414612,"NAA40"
"IMMT",0.232647431338865,"IMMT"
"CTNNB1",0.132613674007769,"CTNNB1"
"TRMT2A",0.495461910983518,"TRMT2A"
"JUP",0.786504347922752,"JUP"
"ANXA1",0.76099954582358,"ANXA1"
"TBCD",0.398414085532472,"TBCD"
"AGT",0.624355005159959,"AGT"
"ABCF1",0.549527763339628,"ABCF1"
"TMOD3",0.682148638123616,"TMOD3"
"ACAA2",0.797162824300321,"ACAA2"
"LSAMP",0.608999738602095,"LSAMP"
"PSMA2",0.115204821636811,"PSMA2"
"HCK",0.410502540937324,"HCK"
"LCK",0.803310613437196,"LCK"
"FBXO22",0.127433337148089,"FBXO22"
"FCGRT",0.6625568255819,"FCGRT"
"GATAD2B",0.697742117374182,"GATAD2B"
"ITGB8",0.474821109123435,"ITGB8"
"RECQL",0.50963213935146,"RECQL"
"CYC1",0.453182187253076,"CYC1"
"THUMPD3",0.235245478691908,"THUMPD3"
"TTYH3",0.499901416476913,"TTYH3"
"FTSJ3",0.398734344115295,"FTSJ3"
"HYOU1",0.643505625512194,"HYOU1"
"CDK9",0.0951274906643102,"CDK9"
"STK24",0.420608630059902,"STK24"
"LYN",0.602259927226178,"LYN"
"NDUFS3",0.0114508985999037,"NDUFS3"
"CEBPB",0.600660157426702,"CEBPB"
"SATB2",0.329869186046512,"SATB2"
"METTL1",0.246099390453927,"METTL1"
"TCOF1",0.478249561113901,"TCOF1"
"LPCAT1",0.694917378778914,"LPCAT1"
"ACIN1",0.352246232478721,"ACIN1"
"SHPK",0.386889301175015,"SHPK"
"ARID3A",0.620985821592071,"ARID3A"
"DDX27",0.459963245607178,"DDX27"
"NPTN",0.606442843201431,"NPTN"
"NR0B1",0.784178321678322,"NR0B1"
"CORO1A",0.850287976857502,"CORO1A"
"GCDH",0.485464602082958,"GCDH"
"PPA1",0.550909429517612,"PPA1"
"NONO",0.495231724996223,"NONO"
"SLC27A3",0.474715084884576,"SLC27A3"
"NUP214",0.305750259324563,"NUP214"
"DDOST",0.508107909363103,"DDOST"
"PDK3",0.467218033464514,"PDK3"
"COL6A3",0.256786593679412,"COL6A3"
"UBAP2",0.392256525995527,"UBAP2"
"MEPCE",0.408399061325241,"MEPCE"
"MEAF6",0.240021139599219,"MEAF6"
"FOXP1",0.43118494408817,"FOXP1"
"NUP155",0.279911431893651,"NUP155"
"SPON1",0.515156794425087,"SPON1"
"PYM1",0.590030072261935,"PYM1"
"CCNA2",0.445570153210401,"CCNA2"
"SON",0.0990949059061864,"SON"
"PHF23",0.264224066416782,"PHF23"
"SLC19A1",0.236968277664183,"SLC19A1"
"BCR",0.430060654244853,"BCR"
"TALDO1",0.516335284799091,"TALDO1"
"UROD",0.503479075265091,"UROD"
"TRA2B",0.088575549466309,"TRA2B"
"ALDOA",0.332553378044425,"ALDOA"
"SOX10",0.0325007708911502,"SOX10"
"KATNA1",0.172808332675767,"KATNA1"
"NFYC",0.296219508818492,"NFYC"
"ETFDH",0.294048615689269,"ETFDH"
"RPL32",0.207966848206559,"RPL32"
"HKDC1",0.673664948040499,"HKDC1"
"HK1",0.772148640273713,"HK1"
"HK2",0.517346860743573,"HK2"
"LAMB2",0.430979414283846,"LAMB2"
"DICER1",0.410513655944545,"DICER1"
"HSPBP1",0.342873999549596,"HSPBP1"
"REPS1",0.495909686730882,"REPS1"
"ALDH3B1",0.518617409291217,"ALDH3B1"
"F8A1",0.106525962910763,"F8A1"
"NCLN",0.268173491389825,"NCLN"
"SH2B2",0.462096774193548,"SH2B2"
"PHB2",0.124204262205774,"PHB2"
"LAMB1",0.70643032309294,"LAMB1"
"ZNF428",0.562250713971184,"ZNF428"
"CSNK1A1",0.33319597465522,"CSNK1A1"
"PBRM1",0.307493164072213,"PBRM1"
"FAM162A",0.576055300436566,"FAM162A"
"HMGCL",0.513265082427645,"HMGCL"
"ADAM15",0.455395498134048,"ADAM15"
"NSF",0.710694074040572,"NSF"
"FRYL",0.171457489878543,"FRYL"
"CCDC50",0.589317431513963,"CCDC50"
"TTI2",0.544117647058823,"TTI2"
"FUBP3",0.710927538841392,"FUBP3"
"PEX11B",0.362902391841572,"PEX11B"
"TIGAR",0.573872672197836,"TIGAR"
"EIF4B",0.413810117993017,"EIF4B"
"ALDH1A1",0.805577041191677,"ALDH1A1"
"AGPS",0.559328295561608,"AGPS"
"ACOT7",0.601291302125641,"ACOT7"
"DDRGK1",0.309368642927819,"DDRGK1"
"TUBGCP2",0.203238304864995,"TUBGCP2"
"MANF",0.531976134998743,"MANF"
"LAMA3",0.556581181385839,"LAMA3"
"PRKAR2A",0.687750211176457,"PRKAR2A"
"CHAMP1",0.536181887202,"CHAMP1"
"GNG7",0.426866634413804,"GNG7"
"IKZF1",0.487223876146824,"IKZF1"
"DMAC2L",0.202106456507959,"DMAC2L"
"CTSF",0.303571428571428,"CTSF"
"ANXA4",0.717988710580919,"ANXA4"
"SUPT16H",0.581174222169179,"SUPT16H"
"SEZ6",0.246558704453441,"SEZ6"
"AMOTL2",0.279953917050691,"AMOTL2"
"MOCS2",0.271197707854515,"MOCS2"
"GOLGA3",0.382442631212572,"GOLGA3"
"MBOAT7",0.63384161437054,"MBOAT7"
"DBT",0.452460029119095,"DBT"
"INF2",0.774651452007701,"INF2"
"TOP2B",0.59715614561876,"TOP2B"
"PDIA3",0.735850785535353,"PDIA3"
"SYNPO",0.524805718923366,"SYNPO"
"MNAT1",-0.0566415893635342,"MNAT1"
"MYOF",0.80894823289563,"MYOF"
"SRRM1",0.497834680387137,"SRRM1"
"SH3PXD2A",0.311378353376503,"SH3PXD2A"
"SEL1L",0.286204551815293,"SEL1L"
"KANK1",0.179671200899936,"KANK1"
"CPE",0.558125234345707,"CPE"
"EVL",0.430935547824786,"EVL"
"SCAMP2",0.550278079184673,"SCAMP2"
"PKP3",0.792682403573834,"PKP3"
"GBF1",0.313104980163054,"GBF1"
"UBR5",0.386030358407795,"UBR5"
"POLE3",0.322870915348419,"POLE3"
"BRD4",0.401003924667308,"BRD4"
"SGPL1",0.455565347509834,"SGPL1"
"DSG2",0.767703596847533,"DSG2"
"STRAP",0.317600328014998,"STRAP"
"TRMT6",0.368396179420606,"TRMT6"
"PDIA6",0.696263658152706,"PDIA6"
"PPP1R13L",0.563489188900684,"PPP1R13L"
"TMF1",0.395660799911843,"TMF1"
"OGT",0.148535565377052,"OGT"
"MCCC2",0.616908961538298,"MCCC2"
"TNC",0.50953526235612,"TNC"
"AKAP12",0.497873923454958,"AKAP12"
"GLE1",0.0963927761785142,"GLE1"
"PRKAR2B",0.626571779045542,"PRKAR2B"
"SMC1A",0.446435423713168,"SMC1A"
"NUP107",0.0516852863944412,"NUP107"
"DNAJC7",0.42148796574261,"DNAJC7"
"PYCR3",0.491706521793256,"PYCR3"
"BYSL",0.373524862574338,"BYSL"
"TSC22D4",0.527897733228455,"TSC22D4"
"TRUB2",0.102296595563093,"TRUB2"
"CCDC71L",0.410628363668512,"CCDC71L"
"DCUN1D1",0.359181841200011,"DCUN1D1"
"PDIA4",0.770104692401446,"PDIA4"
"NUCB2",0.708029010765218,"NUCB2"
"MECP2",0.388623564067842,"MECP2"
"LSR",0.761349490072585,"LSR"
"DYNC1H1",0.351128744546435,"DYNC1H1"
"FAM177A1",0.550776831088264,"FAM177A1"
"RREB1",0.251416006228769,"RREB1"
"BCL2L13",0.524482426046238,"BCL2L13"
"STAU2",0.523811436395542,"STAU2"
"APOE",0.137997094811668,"APOE"
"ASRGL1",0.713119442334331,"ASRGL1"
"YRDC",0.284143691244566,"YRDC"
"HNRNPC",0.234698941570346,"HNRNPC"
"PCP4",0.544050766790058,"PCP4"
"UBA1",0.47898407172875,"UBA1"
"NOC2L",0.233541811383811,"NOC2L"
"ZC3H11A",0.421256748960794,"ZC3H11A"
"EDC3",0.420098814376863,"EDC3"
"ADH5",0.34080837525151,"ADH5"
"ETFA",0.359979042069415,"ETFA"
"ETS1",0.502077922077922,"ETS1"
"HLA-DRB5",0.544615384615385,"HLA-DRB5"
"HLA-DRB1",0.698981243160766,"HLA-DRB1"
"DLST",0.485325558157927,"DLST"
"RNF20",0.122788153504394,"RNF20"
"HSPD1",0.542313724708233,"HSPD1"
"TBCC",0.459881185645506,"TBCC"
"PSMD1",0.102607720068256,"PSMD1"
"ILVBL",0.576194676031104,"ILVBL"
"HAUS7",-0.0091322073383809,"HAUS7"
"EWSR1",0.485903045503121,"EWSR1"
"EPHX2",0.56037206037206,"EPHX2"
"COL6A2",0.744143534190927,"COL6A2"
"MKI67",0.447911362683216,"MKI67"
"PDS5A",0.533083720532365,"PDS5A"
"POLE",0.0717308735756918,"POLE"
"ALYREF",0.386173507971232,"ALYREF"
"DDX21",0.553814890042418,"DDX21"
"MDH2",0.536284206942215,"MDH2"
"DDX10",0.358225174583355,"DDX10"
"RALY",0.551932951722843,"RALY"
"IDUA",0.446941045606229,"IDUA"
"SF3B2",0.198657928843114,"SF3B2"
"IWS1",0.35384715617213,"IWS1"
"ATRN",0.379807163010427,"ATRN"
"ADH7",0.0272727272727273,"ADH7"
"APIP",0.552309406142687,"APIP"
"PRPF8",0.132635347530715,"PRPF8"
"ENAH",0.650425026261201,"ENAH"
"POLG",0.116122946149419,"POLG"
"COL18A1",0.682825764905893,"COL18A1"
"ENO1",0.416378812738272,"ENO1"
"PGK1",0.382453697661846,"PGK1"
"NOL7",0.186278389411149,"NOL7"
"MMUT",0.448229703857054,"MMUT"
"IRS4",0.192521130367967,"IRS4"
"FYCO1",0.447162274371541,"FYCO1"
"ISG20L2",0.267434347657977,"ISG20L2"
"GSR",0.719655713210295,"GSR"
"TOR1AIP2",0.418650303022525,"TOR1AIP2"
"ADD1",0.245471785479183,"ADD1"
"LIG3",0.700035914235163,"LIG3"
"ACAT1",0.707545016629697,"ACAT1"
"HSD17B4",0.596531332630307,"HSD17B4"
"ACADM",0.681253692328727,"ACADM"
"SCG2",0.0618965664495531,"SCG2"
"WDR47",0.575702075702076,"WDR47"
"POLA1",0.306244502812786,"POLA1"
"FLOT1",0.509985656294075,"FLOT1"
"COL11A1",0.668409290446165,"COL11A1"
"LMNA",0.843910378333923,"LMNA"
"ALDH5A1",0.588961788228354,"ALDH5A1"
"SLC25A5",0.40595097630859,"SLC25A5"
"RNF113A",0.551164492069408,"RNF113A"
"NDUFV1",-0.012748243108556,"NDUFV1"
"MYO18A",0.673147493091491,"MYO18A"
"CHD4",0.527678914125339,"CHD4"
"COTL1",0.653661819684799,"COTL1"
"CCAR2",0.71480405275692,"CCAR2"
"NMT1",0.410799781394552,"NMT1"
"SEC23IP",0.456383184056489,"SEC23IP"
"PABPC1",0.216589463294207,"PABPC1"
"HCFC1",0.535172897618521,"HCFC1"
"GNB1",0.401670019310459,"GNB1"
"VPS35",0.25416225628272,"VPS35"
"CRYZL1",0.246379822634077,"CRYZL1"
"VWA5B2",0.314046121593291,"VWA5B2"
"PLOD2",0.808845395774502,"PLOD2"
"DDX41",0.144767760566166,"DDX41"
"LSS",0.480200010509998,"LSS"
"COA7",0.432497395525087,"COA7"
"ESYT2",0.751537629507719,"ESYT2"
"MMS19",0.249453582081417,"MMS19"
"PSTPIP2",0.540140688633839,"PSTPIP2"
"GNL1",0.491074639366901,"GNL1"
"PCSK1",0.598427887901572,"PCSK1"
"RAD50",0.410939808924796,"RAD50"
"LMO7",0.827641852485784,"LMO7"
"LASP1",0.521333410494966,"LASP1"
"L2HGDH",0.378794577514509,"L2HGDH"
"RBM17",0.498884826591766,"RBM17"
"EGFR",0.853918413189559,"EGFR"
"GNB2",0.430966052849183,"GNB2"
"VAT1",0.800474681143467,"VAT1"
"VAT1L",0.54002574002574,"VAT1L"
"HGS",0.331280695812466,"HGS"
"DSP",0.66264110235781,"DSP"
"ARRB2",0.469840478564307,"ARRB2"
"ARRB1",0.600772999963313,"ARRB1"
"SNU13",0.245619770349805,"SNU13"
"FGD4",0.265731541009156,"FGD4"
"SHC1",0.41937246679679,"SHC1"
"TPP2",0.665326010367254,"TPP2"
"UBA6",0.374068354239678,"UBA6"
"PDCD11",0.412274348067602,"PDCD11"
"MAP2K6",0.252568517382895,"MAP2K6"
"KLC1",0.331283256321702,"KLC1"
"SERPINB5",0.577868231870737,"SERPINB5"
"LMNB1",0.522338909358685,"LMNB1"
"PSMC2",0.220481047363787,"PSMC2"
"ACTN1",0.804306482019857,"ACTN1"
"ACTN4",0.7928817650735,"ACTN4"
"SUPT4H1",0.125659579410477,"SUPT4H1"
"PPIL4",0.302681464123629,"PPIL4"
"DNAAF5",0.331108366214463,"DNAAF5"
"WDR11",0.0930709232722656,"WDR11"
"GLUL",0.361622489017289,"GLUL"
"GRWD1",0.396988624701993,"GRWD1"
"PELP1",0.27527814548485,"PELP1"
"VPS13C",0.32653999327612,"VPS13C"
"GFRA2",0.499596774193548,"GFRA2"
"AKR1B10",0.737279078098877,"AKR1B10"
"KBTBD11",0.533276386578549,"KBTBD11"
"FAM3C",0.691316825874437,"FAM3C"
"PCLAF",0.436605766291298,"PCLAF"
"RPA2",0.608205681032655,"RPA2"
"CCND1",0.354743083003953,"CCND1"
"HNRNPM",0.282139495208945,"HNRNPM"
"DNMT1",0.608118650603817,"DNMT1"
"GPATCH11",0.491682231090826,"GPATCH11"
"RPS3A",0.366498303692244,"RPS3A"
"IQGAP3",0.305430876669605,"IQGAP3"
"MIPEP",0.666096290775455,"MIPEP"
"GNL3L",0.197700642107532,"GNL3L"
"PC",0.706048957319794,"PC"
"ACOX1",0.449860434825363,"ACOX1"
"CCT3",0.2672151387841,"CCT3"
"GAK",0.383207141861263,"GAK"
"GMPS",0.432879970205277,"GMPS"
"SMCHD1",0.565094532418476,"SMCHD1"
"KIFC1",0.497282705312134,"KIFC1"
"PNP",0.626259342119671,"PNP"
"CHID1",0.474539727743485,"CHID1"
"ATP1A1",0.630167353540763,"ATP1A1"
"IPO7",0.464229073080532,"IPO7"
"RPS3",0.192063832527684,"RPS3"
"ACTR1A",0.45473001457785,"ACTR1A"
"ZAP70",0.850756302521008,"ZAP70"
"JPH1",0.458610085507987,"JPH1"
"GORASP2",0.492438092656854,"GORASP2"
"UCKL1",0.247929650815333,"UCKL1"
"ERLIN2",0.72369212991599,"ERLIN2"
"DYNC1I2",0.262737630047847,"DYNC1I2"
"CACNA2D2",0.305587557603687,"CACNA2D2"
"ANXA5",0.745399520559018,"ANXA5"
"ERLIN1",0.751660945961674,"ERLIN1"
"HMGN2",0.510251398865287,"HMGN2"
"GPRIN1",0.607470029628825,"GPRIN1"
"JMJD6",0.421235223309361,"JMJD6"
"RNASEH2A",0.236805089746248,"RNASEH2A"
"SPEN",0.164703294337279,"SPEN"
"ELAC2",0.552459703728198,"ELAC2"
"PGAM5",0.420274408227671,"PGAM5"
"AHSA1",0.406646150647934,"AHSA1"
"EYA3",0.336585365853659,"EYA3"
"TUFM",0.446536692855112,"TUFM"
"LRPPRC",0.44309873923719,"LRPPRC"
"SYNE2",0.56902538713508,"SYNE2"
"AP1G1",0.382967230992749,"AP1G1"
"MPRIP",0.568957221574849,"MPRIP"
"DHX37",0.255158640680854,"DHX37"
"ITPR2",0.331669277880644,"ITPR2"
"SCP2",0.609300186129852,"SCP2"
"LETM1",0.40279053337343,"LETM1"
"SOD1",0.36010254533125,"SOD1"
"SART1",0.387159817725176,"SART1"
"CHAF1A",0.42658089843925,"CHAF1A"
"EIF3G",0.419159846587067,"EIF3G"
"CLTC",0.48811502602533,"CLTC"
"WBP11",0.502842843305087,"WBP11"
"ACSM3",0.499128919860627,"ACSM3"
"PTGFRN",0.744184748742285,"PTGFRN"
"ATP6V0D1",0.299515794241448,"ATP6V0D1"
"SAMHD1",0.541182263008953,"SAMHD1"
"PALD1",0.60760187954832,"PALD1"
"PITPNB",0.432038925161695,"PITPNB"
"UBE2T",0.490779233160718,"UBE2T"
"KIAA1143",0.421422653648626,"KIAA1143"
"PRDX1",0.406225769260049,"PRDX1"
"PSMA1",0.127111644170774,"PSMA1"
"CHGB",0.658323765786452,"CHGB"
"ACLY",0.562615559628587,"ACLY"
"ACSL3",0.70516978523075,"ACSL3"
"PRRC2C",0.389536422249355,"PRRC2C"
"DAD1",0.132509076063977,"DAD1"
"GUSB",0.549153424632093,"GUSB"
"SERPINB6",0.630113135759364,"SERPINB6"
"SERPINB10",0.608791208791209,"SERPINB10"
"FKBP8",0.337281965765953,"FKBP8"
"CCDC97",0.228651754499067,"CCDC97"
"MYH9",0.747195637516521,"MYH9"
"SART3",0.637813025343298,"SART3"
"SMS",0.574356485765236,"SMS"
"DLD",0.558041398979149,"DLD"
"CTPS2",0.476614219585196,"CTPS2"
"ITGA4",0.693716719914803,"ITGA4"
"MRPL24",0.239482726005092,"MRPL24"
"RPS21",0.118697990938277,"RPS21"
"ATP5F1A",0.32140570950748,"ATP5F1A"
"CA1",0.754545454545455,"CA1"
"FUOM",0.1,"FUOM"
"CD109",0.680952998069722,"CD109"
"PTK7",0.79841723040376,"PTK7"
"BCAM",0.805390660041158,"BCAM"
"IGLL1",0.521370967741936,"IGLL1"
"TMED1",0.554178335549575,"TMED1"
"PDZK1IP1",0.477212866150531,"PDZK1IP1"
"COX7A2L",0.045884763978351,"COX7A2L"
"UBXN7",0.517385019249426,"UBXN7"
"TERF2IP",0.580213851985398,"TERF2IP"
"LHPP",0.363526352478598,"LHPP"
"RPS8",0.269148838192124,"RPS8"
"PSMC6",0.134360529056938,"PSMC6"
"CES2",0.590290069717877,"CES2"
"HSP90AB1",0.345463303762956,"HSP90AB1"
"RPSA",0.364314582843365,"RPSA"
"AHNAK",0.80753551265949,"AHNAK"
"RPS18",0.232840341435175,"RPS18"
"EIF2S1",0.351772939935752,"EIF2S1"
"ABCE1",0.463248862299229,"ABCE1"
"GLG1",0.587126676024059,"GLG1"
"WAS",0.354326626732626,"WAS"
"LACTB2",0.73671776341573,"LACTB2"
"ATP5F1C",0.122448486589794,"ATP5F1C"
"PAIP1",0.43200036495404,"PAIP1"
"ABHD10",0.409314194023195,"ABHD10"
"ALCAM",0.832835025264521,"ALCAM"
"GLTP",0.460611103259085,"GLTP"
"NPM1",0.525738646918104,"NPM1"
"ATP5F1B",0.299197843333945,"ATP5F1B"
"SGSH",0.149050057396396,"SGSH"
"UBE2L3",0.277465924575224,"UBE2L3"
"RAB14",0.600249798072405,"RAB14"
"LARS2",0.351088997620416,"LARS2"
"KRT17",0.745663921876704,"KRT17"
"KRT14",0.652029008691943,"KRT14"
"UTRN",0.548711449737341,"UTRN"
"OXR1",0.588606000234384,"OXR1"
"NCAPG2",0.250214329454991,"NCAPG2"
"RRAS",0.747726094546503,"RRAS"
"UTP20",0.351629928339915,"UTP20"
"SORT1",0.565944114607231,"SORT1"
"CYCS",0.278900834178948,"CYCS"
"ARHGEF1",0.630368838660818,"ARHGEF1"
"OPTN",0.382600041136792,"OPTN"
"MYH14",0.127654281197361,"MYH14"
"SLC3A2",0.653983726732184,"SLC3A2"
"LSG1",0.409659820551355,"LSG1"
"RHOT2",0.288200425292701,"RHOT2"
"HGH1",0.495589828429213,"HGH1"
"ITGAL",0.690621999359863,"ITGAL"
"SERPINB9",0.704399030274695,"SERPINB9"
"SERPINB1",0.625514154527179,"SERPINB1"
"FLII",0.312757819864577,"FLII"
"UQCRC1",0.158670028543218,"UQCRC1"
"SLC39A4",0.412235817575083,"SLC39A4"
"DNAJC13",0.436908279018485,"DNAJC13"
"IARS2",0.642398947302424,"IARS2"
"MYH10",0.785016543064984,"MYH10"
"HADHA",0.322433963133013,"HADHA"
"PGM1",0.457308511734609,"PGM1"
"GTPBP8",0.0535343333458023,"GTPBP8"
"ISYNA1",0.618814133170169,"ISYNA1"
"ITGA2",0.76606637924714,"ITGA2"
"NUP205",0.0488105399240303,"NUP205"
"ALDH1A2",0.042177727784027,"ALDH1A2"
"CEND1",0.726246315842507,"CEND1"
"NHP2",0.0974077078199483,"NHP2"
"UBA2",0.584177656194331,"UBA2"
"ALDH1L2",0.43186817952835,"ALDH1L2"
"HLA-B",0.672180727640656,"HLA-B"
"RABGGTA",0.418140932736165,"RABGGTA"
"CCDC93",0.171440714933572,"CCDC93"
"MORF4L2",0.484070602093139,"MORF4L2"
"COL2A1",0.510714285714286,"COL2A1"
"POLR2H",0.297077475512646,"POLR2H"
"SNAP25",0.515384221136434,"SNAP25"
"PRPH",0.71718667371761,"PRPH"
"THOC2",0.205025883968396,"THOC2"
"CDK6",0.58146508835848,"CDK6"
"EHD4",0.694836014661334,"EHD4"
"RPS14",0.289665033291435,"RPS14"
"PACSIN3",0.709692878643485,"PACSIN3"
"ROCK2",0.462648629955644,"ROCK2"
"SEC16A",0.476288160420801,"SEC16A"
"TMEM201",-0.0225736059461777,"TMEM201"
"BMS1",0.292862709535409,"BMS1"
"LAMC2",0.642451568698958,"LAMC2"
"CMTR1",0.412618416591355,"CMTR1"
"FLG",0.547570850202429,"FLG"
"TBC1D9B",0.208512511443751,"TBC1D9B"
"NCBP3",0.435632905437382,"NCBP3"
"UPF1",0.430778587863551,"UPF1"
"MAN1B1",0.503090265129136,"MAN1B1"
"MELTF",0.700470645019914,"MELTF"
"MRE11",0.467552428629084,"MRE11"
"USP15",0.399518108663365,"USP15"
"PSMC4",0.0986152872721466,"PSMC4"
"NUP50",0.597741043121438,"NUP50"
"MBD1",0.33353442025714,"MBD1"
"ERH",0.111776825214525,"ERH"
"DCT",0.650707850707851,"DCT"
"NUP98",0.252126163380267,"NUP98"
"NUFIP2",0.328273587190516,"NUFIP2"
"PTPRC",0.605430608019472,"PTPRC"
"EHMT1",0.427760911549721,"EHMT1"
"BRD3",0.503098669724397,"BRD3"
"TNFRSF8",0.845702306079664,"TNFRSF8"
"LGALS8",0.437781761783312,"LGALS8"
"DES",0.102108281650423,"DES"
"GTPBP4",0.293675053166173,"GTPBP4"
"SSRP1",0.402769456264859,"SSRP1"
"UGP2",0.459643178620954,"UGP2"
"NCSTN",0.562565281798379,"NCSTN"
"BZW2",0.58257058924713,"BZW2"
"CAT",0.781936352810212,"CAT"
"TRIM28",0.485909831762533,"TRIM28"
"C17orf49",0.427548069691984,"C17orf49"
"ESRP2",0.449504775127638,"ESRP2"
"IL4I1",0.522033898305085,"IL4I1"
"CAMSAP1",0.531750091340884,"CAMSAP1"
"CLSPN",0.32781954887218,"CLSPN"
"TJP2",0.758133992102,"TJP2"
"ASNS",0.452629090912555,"ASNS"
"LIMD1",0.453939099668491,"LIMD1"
"FNBP1",0.708414160158207,"FNBP1"
"PSMC3IP",0.230059685295713,"PSMC3IP"
"ABCC4",0.56308448472561,"ABCC4"
"CHMP2A",0.455270925432197,"CHMP2A"
"URB1",-0.0674249702422295,"URB1"
"SMARCE1",0.279129436967521,"SMARCE1"
"MVP",0.783255122451442,"MVP"
"SELENOH",0.248762103354721,"SELENOH"
"RBM26",0.580436647873573,"RBM26"
"DNTT",0.625,"DNTT"
"KRT7",0.874449154410033,"KRT7"
"CASZ1",0.531469825990374,"CASZ1"
"BLOC1S4",0.247860945897081,"BLOC1S4"
"DDX24",0.484024937987439,"DDX24"
"KRT1",0.0417942471481177,"KRT1"
"KRT8",0.917612257604812,"KRT8"
"PAPSS2",0.673729676114592,"PAPSS2"
"CHDH",0.75699339482178,"CHDH"
"ASMTL",0.519611340069785,"ASMTL"
"WBP2",0.408882978256172,"WBP2"
"DNAJB2",0.356624423092067,"DNAJB2"
"FLNA",0.788763192396416,"FLNA"
"TBC1D15",0.490190109358773,"TBC1D15"
"ARMC1",0.392770155083453,"ARMC1"
"RAD51C",0.189766407119021,"RAD51C"
"ITGA6",0.80455984107623,"ITGA6"
"POLR3A",0.0814626698923252,"POLR3A"
"SPATS2",0.45449764491823,"SPATS2"
"PCSK1N",0.506304771178189,"PCSK1N"
"GOT2",0.479773981078097,"GOT2"
"ARL6IP4",0.227476305615507,"ARL6IP4"
"PPL",0.464662005635947,"PPL"
"PNMA5",0.692982456140351,"PNMA5"
"RABEP2",0.348350740581149,"RABEP2"
"MCM6",0.601522728966597,"MCM6"
"HNRNPUL1",0.472738174762283,"HNRNPUL1"
"PTPA",0.184975880324587,"PTPA"
"GTF2F2",0.288126343834549,"GTF2F2"
"ME1",0.624518459614196,"ME1"
"GAP43",0.635794655414909,"GAP43"
"MUC5AC",0.252008456659619,"MUC5AC"
"C1orf116",0.430888828641144,"C1orf116"
"CLUH",0.478944554867174,"CLUH"
"KIF22",0.469192314552867,"KIF22"
"NACC1",0.353325683823956,"NACC1"
"LUZP1",0.629605641096215,"LUZP1"
"TYMS",0.450441138200687,"TYMS"
"TBCA",0.411214499785074,"TBCA"
"ANXA2",0.862886275451091,"ANXA2"
"ZFR",0.259755252849768,"ZFR"
"RPS2",0.300343369212561,"RPS2"
"GOLGA5",0.676681474697041,"GOLGA5"
"ADO",0.330073514869577,"ADO"
"ESYT1",0.603055885671601,"ESYT1"
"PCNA",0.505745378336046,"PCNA"
"DYNC1LI1",0.486342602200888,"DYNC1LI1"
"KLHL7",0.26441776253097,"KLHL7"
"DHRS2",0.600308938412371,"DHRS2"
"CHURC1",-0.025064240572262,"CHURC1"
"KIF23",0.183967416362716,"KIF23"
"SURF6",0.261727219342238,"SURF6"
"CANX",0.703328111051782,"CANX"
"RALB",0.752505599392353,"RALB"
"DBNL",0.501195435709078,"DBNL"
"SMC3",0.48630783678898,"SMC3"
"SPART",0.632360044850538,"SPART"
"ARHGAP45",0.797609915620332,"ARHGAP45"
"PNO1",0.208928736358579,"PNO1"
"TFIP11",0.13486715081905,"TFIP11"
"SETD3",0.257887103033541,"SETD3"
"ACAA1",0.612585291396698,"ACAA1"
"RCN2",0.712503873760466,"RCN2"
"DNM1L",0.514739985999789,"DNM1L"
"RMDN3",0.492565540238876,"RMDN3"
"ITGA7",0.470168855534709,"ITGA7"
"TMEM132A",0.238956852977804,"TMEM132A"
"GRB2",0.574236764042086,"GRB2"
"NKAP",0.367408481887239,"NKAP"
"TPM1",0.780824376065501,"TPM1"
"TPM4",0.697201147120581,"TPM4"
"ANKLE2",0.292211630284528,"ANKLE2"
"TOP1",0.579356833760665,"TOP1"
"TMEM87A",0.423620025673941,"TMEM87A"
"KLC2",0.364794755136548,"KLC2"
"MRPS26",0.201256111443008,"MRPS26"
"FUNDC2",0.464934729858448,"FUNDC2"
"ITGB4",0.781292797191429,"ITGB4"
"ARHGDIA",0.477046136796404,"ARHGDIA"
"THRAP3",0.293947419102323,"THRAP3"
"EXOSC8",0.263337607853247,"EXOSC8"
"ALB",-0.069756703909646,"ALB"
"PAG1",0.744655449363988,"PAG1"
"CGGBP1",0.615202961969368,"CGGBP1"
"UPP1",0.537127895975886,"UPP1"
"ENOPH1",0.479255826896906,"ENOPH1"
"SEC24B",0.208410020283182,"SEC24B"
"PHF6",0.684317545017236,"PHF6"
"RNPEP",0.514966994893653,"RNPEP"
"APBB1IP",0.624783182918776,"APBB1IP"
"FIP1L1",0.402334865113892,"FIP1L1"
"PRKCD",0.711312768918453,"PRKCD"
"ATXN10",0.416332465054887,"ATXN10"
"CDC37L1",0.892156862745098,"CDC37L1"
"BCLAF1",0.329898131541892,"BCLAF1"
"HNRNPU",0.356925512971552,"HNRNPU"
"ITGA2B",0.803571428571428,"ITGA2B"
"AASS",0.508355090287864,"AASS"
"PARP4",0.320535069231119,"PARP4"
"NOP2",0.477777668039507,"NOP2"
"DDX55",0.265738499211951,"DDX55"
"HINT2",0.584977915930435,"HINT2"
"PARP2",0.145717463848721,"PARP2"
"ATXN2L",0.459197800067518,"ATXN2L"
"PXDN",0.640632515440996,"PXDN"
"FLNC",0.511685069715601,"FLNC"
"ATAD3A",0.37150605762523,"ATAD3A"
"ANXA9",0.412260499464575,"ANXA9"
"KRT18",0.896193387886937,"KRT18"
"PKM",0.424846265217087,"PKM"
"P4HB",0.766452113789939,"P4HB"
"FAM120A",0.514389002808299,"FAM120A"
"COX6B1",0.251566941467428,"COX6B1"
"RPS19BP1",-0.0507322561450195,"RPS19BP1"
"PML",0.834869273244641,"PML"
"FAT1",0.561112719469148,"FAT1"
"MTHFD1L",0.493328576173804,"MTHFD1L"
"TM9SF2",0.411080874620563,"TM9SF2"
"HNRNPA0",0.539506318790183,"HNRNPA0"
"SRRT",0.39817012353226,"SRRT"
"VPS25",0.129249314880345,"VPS25"
"RABEP1",0.360972525629327,"RABEP1"
"RCN3",0.769843101916514,"RCN3"
"RNF214",0.343421716401776,"RNF214"
"MCM4",0.414521755097735,"MCM4"
"FKBP7",0.671215287810684,"FKBP7"
"SRPK1",0.483190525759464,"SRPK1"
"POLR2A",0.34911102843672,"POLR2A"
"LSM14A",0.352767134487952,"LSM14A"
"EIF1AD",0.232410595055265,"EIF1AD"
"EHBP1L1",0.400567464104354,"EHBP1L1"
"GTSF1",0.705309205350118,"GTSF1"
"ATIC",0.505458700868149,"ATIC"
"DCTN1",0.325570131292257,"DCTN1"
"TMPPE",0.376076555023923,"TMPPE"
"COPG2",0.544174496342086,"COPG2"
"GANAB",0.629352265707727,"GANAB"
"PDCD10",0.29183736483051,"PDCD10"
"RBPMS",0.686194902206763,"RBPMS"
"THBS1",0.63976062265891,"THBS1"
"PSIP1",0.837311736828632,"PSIP1"
"PARP1",0.789297349045989,"PARP1"
"ZNF579",0.24279161811759,"ZNF579"
"SLK",0.357272548844427,"SLK"
"PSMD2",0.219885456074764,"PSMD2"
"CEP131",0.368824975230236,"CEP131"
"ASPH",0.874009118866984,"ASPH"
"SFPQ",0.345700027865814,"SFPQ"
"PSPC1",0.683650371286957,"PSPC1"
"PRPF4B",0.305324013985369,"PRPF4B"
"TMEM199",0.179878830177045,"TMEM199"
"CCDC9",0.454568466573926,"CCDC9"
"APRT",0.51659605128235,"APRT"
"CCDC6",0.506113932487422,"CCDC6"
"SPTBN1",0.744950275380946,"SPTBN1"
"MAP7D1",0.497153539331179,"MAP7D1"
"NLN",0.714322337971234,"NLN"
"IDI1",0.51447889927043,"IDI1"
"HNMT",0.37529634898056,"HNMT"
"GRAP2",0.501422475106686,"GRAP2"
"GCC2",0.213728071199217,"GCC2"
"GGCX",0.381399477161506,"GGCX"
"CACYBP",0.472780996424915,"CACYBP"
"GTF3C2",0.103362246266655,"GTF3C2"
"NACAD",0.578914027149321,"NACAD"
"BNIP1",0.320713454574065,"BNIP1"
"TRIM27",0.217068339156787,"TRIM27"
"SSB",0.442029242525969,"SSB"
"PSMD11",0.120807406641917,"PSMD11"
"CTTN",0.711664728165038,"CTTN"
"TPD52L2",0.593195532137368,"TPD52L2"
"MACF1",0.723653646401859,"MACF1"
"TPD52L1",0.433334824802132,"TPD52L1"
"NOL6",0.255707562650817,"NOL6"
"ALDH6A1",0.455538852855608,"ALDH6A1"
"DIAPH1",0.482898459929156,"DIAPH1"
"NCALD",0.408675799086758,"NCALD"
"HEBP2",0.515086171420164,"HEBP2"
"GATM",0.635850747043853,"GATM"
"JUNB",0.515293031512789,"JUNB"
"MAP1A",0.670137689246243,"MAP1A"
"ARPC4",0.511777155293042,"ARPC4"
"GAPDH",0.379181341927731,"GAPDH"
"SLC30A1",0.556788773158666,"SLC30A1"
"TOR4A",0.352958296326404,"TOR4A"
"TM9SF4",0.580553181307289,"TM9SF4"
"HEXIM1",0.413729407190101,"HEXIM1"
"LPCAT4",0.352308286484856,"LPCAT4"
"CENPF",0.401485586268556,"CENPF"
"RSU1",0.534453781512605,"RSU1"
"CDH17",0.753953629644629,"CDH17"
"RBM12B",0.11110175743975,"RBM12B"
"BCAP31",0.759573528160774,"BCAP31"
"MAP7D2",0.624155437645532,"MAP7D2"
"HMOX2",0.623154755922171,"HMOX2"
"KATNB1",0.149454811009544,"KATNB1"
"MYL6B",0.409134380400389,"MYL6B"
"ACTR3",0.441636133534974,"ACTR3"
"DIDO1",0.296687726360451,"DIDO1"
"LPGAT1",0.494164231657245,"LPGAT1"
"SQOR",0.80725914202982,"SQOR"
"HOXB9",0.350038197097021,"HOXB9"
"LSM8",0.35848608869969,"LSM8"
"CHORDC1",0.336677034458376,"CHORDC1"
"ILF3",0.27411482559135,"ILF3"
"RACK1",0.272376295773163,"RACK1"
"SIGIRR",0.439511444367288,"SIGIRR"
"NOL11",0.0715625849301102,"NOL11"
"GATAD2A",0.543167277333817,"GATAD2A"
"CPSF1",0.211658756416665,"CPSF1"
"MED24",0.00920467648475472,"MED24"
"TLK2",0.437931367577097,"TLK2"
"RRS1",0.303197946451218,"RRS1"
"LRRFIP2",0.498429975076229,"LRRFIP2"
"IGF2BP1",0.874508695851238,"IGF2BP1"
"OGDH",0.481962331660027,"OGDH"
"STOML2",0.442798117562197,"STOML2"
"TJP3",0.530660453940319,"TJP3"
"TJP1",0.723818516712031,"TJP1"
"LUC7L",0.460323933710749,"LUC7L"
"SPECC1",0.658922592302165,"SPECC1"
"STIM1",0.6139786311732,"STIM1"
"RMDN1",0.421231411653522,"RMDN1"
"NECTIN2",0.661886963504651,"NECTIN2"
"RALA",0.657357609893935,"RALA"
"EZR",0.688083067827165,"EZR"
"SARNP",0.223649914804663,"SARNP"
"DDAH1",0.531731164681963,"DDAH1"
"LUC7L2",0.604674018804469,"LUC7L2"
"TACC1",0.532187087412721,"TACC1"
"KIF2C",0.438580596701453,"KIF2C"
"CDS2",0.365420704359715,"CDS2"
"RTN4",0.823936201273812,"RTN4"
"DHX36",0.28847666558508,"DHX36"
"SEC23B",0.289752403271933,"SEC23B"
"HSPA4",0.406882214699454,"HSPA4"
"DIABLO",0.483516594980828,"DIABLO"
"APEH",0.558438882956187,"APEH"
"MTAP",0.477915385152838,"MTAP"
"ANLN",0.567881227455696,"ANLN"
"HTATSF1",0.567249441557068,"HTATSF1"
"INPP5D",0.792653075947932,"INPP5D"
"PLS3",0.633073361957298,"PLS3"
"SPINDOC",0.276783364771202,"SPINDOC"
"NEFM",0.576799930014872,"NEFM"
"UPF3B",0.4881567381758,"UPF3B"
"GPS1",0.160493867902909,"GPS1"
"USP47",0.294285216713452,"USP47"
"MVD",0.488944676626377,"MVD"
"KRT10",0.178967760731134,"KRT10"
"SEC23A",0.605846850446212,"SEC23A"
"ESD",0.577302916036172,"ESD"
"TACC3",0.397861000565443,"TACC3"
"EIF5B",0.387832042779263,"EIF5B"
"LIG1",0.517520774985788,"LIG1"
"PPIE",0.336490653524955,"PPIE"
"ZKSCAN1",0.341912072175636,"ZKSCAN1"
"GPKOW",0.394210425045177,"GPKOW"
"UBA3",0.418934288717755,"UBA3"
"NPLOC4",0.394637309080496,"NPLOC4"
"SCARF2",0.284196289700877,"SCARF2"
"CCT6A",0.0836402710928728,"CCT6A"
"GIT1",0.454887818085554,"GIT1"
"F5",0.038559898239593,"F5"
"RNF40",0.206969781372113,"RNF40"
"ANXA13",0.6981806968856,"ANXA13"
"SCLY",0.243649129503338,"SCLY"
"GET4",0.107914252868381,"GET4"
"SF3B3",0.24638442220997,"SF3B3"
"BZW1",0.399012590467644,"BZW1"
"HSPA4L",0.671567191426209,"HSPA4L"
"MYEF2",0.671196335507222,"MYEF2"
"EIF4A1",0.280521601794504,"EIF4A1"
"THOC5",0.114488868891035,"THOC5"
"KCNAB2",0.727825037495313,"KCNAB2"
"CCDC86",0.340546720347281,"CCDC86"
"ANKHD1",0.25414510988203,"ANKHD1"
"AASDHPPT",0.486555045906333,"AASDHPPT"
"TFAM",0.503955068023603,"TFAM"
"RCC1",0.501695360850959,"RCC1"
"ENPP1",0.640728979961424,"ENPP1"
"AMOT",-0.0682137834036568,"AMOT"
"TRIO",0.580275666197238,"TRIO"
"ECHS1",0.66690847011279,"ECHS1"
"RDX",0.71007004217085,"RDX"
"CCT5",0.0630399751414557,"CCT5"
"CCT4",0.247867277999121,"CCT4"
"ZNF768",0.271229270860753,"ZNF768"
"TARDBP",0.382776258987459,"TARDBP"
"NAA15",0.417584734523886,"NAA15"
"PPA2",0.680013447164003,"PPA2"
"TTLL12",0.579166237410354,"TTLL12"
"PTGES",0.723458668405419,"PTGES"
"AHDC1",0.4468692250462,"AHDC1"
"RBM27",0.396716739822857,"RBM27"
"HIBCH",0.565563493312,"HIBCH"
"RAP1GAP2",0.395464074709358,"RAP1GAP2"
"ZFYVE19",0.224852264949438,"ZFYVE19"
"ZNF330",0.250174232372375,"ZNF330"
"MID1",0.442364516024288,"MID1"
"NRDC",0.405782537758579,"NRDC"
"SSX1",0.639846743295019,"SSX1"
"SPAG9",0.525139895673897,"SPAG9"
"NUP93",0.322481329244473,"NUP93"
"LAMC1",0.764855961886898,"LAMC1"
"MRPS23",0.0672254416042276,"MRPS23"
"NDUFB10",0.165275488655299,"NDUFB10"
"PGM2",0.46522148243475,"PGM2"
"CPVL",0.598792969963236,"CPVL"
"CALML5",0.573344947735192,"CALML5"
"UQCR10",0.0577389923557213,"UQCR10"
"SNRPD2",0.169232922438502,"SNRPD2"
"CLCC1",0.491572407015379,"CLCC1"
"FNDC3A",0.419510578659793,"FNDC3A"
"DNAJC8",0.520019148370579,"DNAJC8"
"OLA1",0.401140010293816,"OLA1"
"ELP1",0.299813054393464,"ELP1"
"VCP",0.485798691484531,"VCP"
"CHD7",0.476540621849546,"CHD7"
"RRP9",0.416431549365014,"RRP9"
"ECE1",0.701384826253145,"ECE1"
"CBR3",0.450254774691431,"CBR3"
"ALDH9A1",0.696220276343718,"ALDH9A1"
"PLXNB2",0.694947441070229,"PLXNB2"
"TRAFD1",0.411485399436934,"TRAFD1"
"CBFA2T2",0.448288621646623,"CBFA2T2"
"PRKAG1",0.154539504514254,"PRKAG1"
"NPEPPS",0.436599627761432,"NPEPPS"
"MET",0.662333263779333,"MET"
"QSOX2",0.391563148436257,"QSOX2"
"L1CAM",0.773518823955277,"L1CAM"
"PCBD1",0.723855394796672,"PCBD1"
"CTBP1",0.552493150169723,"CTBP1"
"OTUB1",0.244735174605628,"OTUB1"
"ZNF318",0.327460265298779,"ZNF318"
"FN3K",0.471218625581042,"FN3K"
"MPST",0.723899103054835,"MPST"
"CUL4B",0.527334187658479,"CUL4B"
"DHRS9",0.451537357407268,"DHRS9"
"DAB2",0.67461312176971,"DAB2"
"PPCDC",0.153793574846206,"PPCDC"
"SRSF3",0.292491571357602,"SRSF3"
"NSDHL",0.670698188338502,"NSDHL"
"BAZ1B",0.563674346915694,"BAZ1B"
"TCP1",0.411571205552642,"TCP1"
"FADS2",0.451828805838804,"FADS2"
"HDLBP",0.572462277950253,"HDLBP"
"ACBD3",0.458670604871207,"ACBD3"
"AK3",0.661902056988168,"AK3"
"PPCS",0.328872679004728,"PPCS"
"ERMP1",0.73995723016553,"ERMP1"
"EFTUD2",0.22212772170821,"EFTUD2"
"NRF1",0.535575014187687,"NRF1"
"PLBD2",0.609273178637919,"PLBD2"
"SDR39U1",0.209913783731434,"SDR39U1"
"IDE",0.414605352450662,"IDE"
"AMBP",0.190909090909091,"AMBP"
"NDC80",0.315300501625427,"NDC80"
"MAP3K7",0.212151619460614,"MAP3K7"
"MBD2",0.560168161552955,"MBD2"
"TBL2",0.663394613569763,"TBL2"
"MRPL39",-0.0313495146476345,"MRPL39"
"EIF3A",0.386652687327342,"EIF3A"
"MCM3",0.554501821472408,"MCM3"
"GSTP1",0.476948708972834,"GSTP1"
"BCL2L15",0.720168067226891,"BCL2L15"
"TRAP1",0.542068162543417,"TRAP1"
"PTGES2",0.518113517995077,"PTGES2"
"EIF4G2",0.277995305407397,"EIF4G2"
"ARMC6",0.36702236017558,"ARMC6"
"ZNF629",0.205950351691844,"ZNF629"
"COL12A1",0.478211003787679,"COL12A1"
"NELL1",0.254901960784314,"NELL1"
"MPG",0.477881670493904,"MPG"
"RPL34",0.218843515861793,"RPL34"
"LDAH",0.290893958786071,"LDAH"
"ARMC9",0.730007404664939,"ARMC9"
"PLD3",0.683278569670802,"PLD3"
"MIA2",0.421134911050696,"MIA2"
"TP53RK",0.33878915627778,"TP53RK"
"INTS5",0.0522655981219517,"INTS5"
"RAB10",0.563045610928496,"RAB10"
"RPL3",0.172312237679883,"RPL3"
"CDCP1",0.713319790663591,"CDCP1"
"MBD3",0.275701765214503,"MBD3"
"IVD",0.593316531040509,"IVD"
"KIRREL1",0.488689311217743,"KIRREL1"
"HSPH1",0.378359859756115,"HSPH1"
"TNFAIP2",0.662300033498344,"TNFAIP2"
"VAMP7",0.515117922002933,"VAMP7"
"U2AF2",0.339302975386961,"U2AF2"
"RANGAP1",0.225168000299839,"RANGAP1"
"STEAP4",0.527777777777778,"STEAP4"
"STEAP3",0.507048077503439,"STEAP3"
"CD14",0.4946001367054,"CD14"
"BAIAP2",0.731074902299333,"BAIAP2"
"SPR",0.76115325646862,"SPR"
"GYS1",0.506981925340053,"GYS1"
"METTL26",0.0102065407931694,"METTL26"
"BUB3",0.300310101632722,"BUB3"
"LANCL1",0.490583161127054,"LANCL1"
"PIGT",0.384003045951974,"PIGT"
"NCAPD2",0.356082613275063,"NCAPD2"
"NTS",0.186813186813187,"NTS"
"GOLGB1",0.522779304039155,"GOLGB1"
"COIL",0.42602216235364,"COIL"
"MMP1",0.648133848133848,"MMP1"
"PHAX",0.299028164301489,"PHAX"
"GNS",0.761217832776697,"GNS"
"DNASE2",0.561679491205364,"DNASE2"
"MMP2",0.355331682745667,"MMP2"
"DOHH",0.241076199247401,"DOHH"
"GPC1",0.7408472436886,"GPC1"
"XRCC5",0.436139391797034,"XRCC5"
"GALK1",0.561912067671723,"GALK1"
"CCT7",0.259737665926561,"CCT7"
"UBXN1",0.343826521238079,"UBXN1"
"CDCA7L",0.328329689297538,"CDCA7L"
"CLMN",0.582561263088646,"CLMN"
"PFAS",0.602642730805535,"PFAS"
"CCDC88C",0.355876632397888,"CCDC88C"
"SYNCRIP",0.655469095785087,"SYNCRIP"
"ZNF24",0.508954870642344,"ZNF24"
"PITRM1",0.686719307817425,"PITRM1"
"ELOA",0.415262962278157,"ELOA"
"CIZ1",0.169699872474892,"CIZ1"
"LAMP1",0.784256840636899,"LAMP1"
"G3BP2",0.531554000517355,"G3BP2"
"NFIX",0.600447928331467,"NFIX"
"SRSF7",0.190377424634068,"SRSF7"
"EPHA7",0.818181818181818,"EPHA7"
"NAA20",0.0110643978072002,"NAA20"
"CLASP2",0.496636472569738,"CLASP2"
"PFDN1",0.187534855174041,"PFDN1"
"ATP2A2",0.618524575410427,"ATP2A2"
"AMPH",0.54161801501251,"AMPH"
"CNP",0.717585481731609,"CNP"
"PEPD",0.478113835343204,"PEPD"
"ZNF384",0.281070386122006,"ZNF384"
"RTCA",0.410446728901091,"RTCA"
"C1QBP",0.54515210648491,"C1QBP"
"OCRL",0.37439765828626,"OCRL"
"SLC12A9",0.376734287852814,"SLC12A9"
"URI1",0.263018526758322,"URI1"
"PREP",0.442726536682917,"PREP"
"POLR3E",0.00126118920914208,"POLR3E"
"PGM3",0.589807820387119,"PGM3"
"VPS45",0.17526509112369,"VPS45"
"CROT",0.356555944055944,"CROT"
"PIGR",0.35080971659919,"PIGR"
"UPF2",0.414524873555598,"UPF2"
"ARAP1",0.286348679252284,"ARAP1"
"SMARCA4",0.457202990529142,"SMARCA4"
"GPC2",0.543478260869565,"GPC2"
"ODR4",0.250469592722382,"ODR4"
"PLA2G15",0.383658569474678,"PLA2G15"
"ACAP1",0.678945417477528,"ACAP1"
"KIF1A",0.569591098900348,"KIF1A"
"SUMF2",0.63040599557782,"SUMF2"
"PSME2",0.547854509901371,"PSME2"
"SLC12A2",0.620514292317871,"SLC12A2"
"THEM6",0.678187611021452,"THEM6"
"PDLIM7",0.744216080824946,"PDLIM7"
"OAT",0.735391242453023,"OAT"
"ARHGAP12",0.520733796715466,"ARHGAP12"
"DBH",0.36140350877193,"DBH"
"IGFBP7",0.637276695730296,"IGFBP7"
"C2CD2L",0.425111451194358,"C2CD2L"
"ENO2",0.7268945105213,"ENO2"
"ABCB7",0.202977744932978,"ABCB7"
"PCNP",0.311292329846496,"PCNP"
"C12orf43",0.281050812028047,"C12orf43"
"CAP1",0.482273723832359,"CAP1"
"ATP2A3",0.458034950829232,"ATP2A3"
"NFKB1",0.550055918602643,"NFKB1"
"NFKBIE",0.344068099557621,"NFKBIE"
"ZC3H18",0.407271775990023,"ZC3H18"
"HTATIP2",0.780446474907275,"HTATIP2"
"TRADD",0.447502288853284,"TRADD"
"VAV1",0.57031402315107,"VAV1"
"SRP54",0.210386072289179,"SRP54"
"TPBG",0.737779532873557,"TPBG"
"NFKB2",0.473791691446902,"NFKB2"
"FKBP10",0.80647591797252,"FKBP10"
"DDAH2",0.645055774576303,"DDAH2"
"SLTM",0.214332140443173,"SLTM"
"UTP18",0.169648974518282,"UTP18"
"EPHB2",0.554575062705374,"EPHB2"
"DDX23",0.432485582932938,"DDX23"
"MYBBP1A",0.484303140701931,"MYBBP1A"
"LAMA5",0.573998072733773,"LAMA5"
"GSN",0.704309500822402,"GSN"
"XXYLT1",0.562199695300598,"XXYLT1"
"GATA6",0.47698653929657,"GATA6"
"PSMB9",0.70209938383556,"PSMB9"
"SRCAP",0.223623997300584,"SRCAP"
"DCTN4",0.260186692806528,"DCTN4"
"ITGA5",0.768942869185242,"ITGA5"
"GLB1",0.662525235548516,"GLB1"
"DHRS1",0.503392696187449,"DHRS1"
"ABCB1",0.679468736647201,"ABCB1"
"VILL",0.415547329455315,"VILL"
"SRPRA",0.446215222468951,"SRPRA"
"SEC11C",0.320978120978121,"SEC11C"
"DPP4",0.717783305790936,"DPP4"
"TXNL1",0.565853889891344,"TXNL1"
"OAS3",0.49679577329625,"OAS3"
"CHST14",0.585579501828663,"CHST14"
"CDC42EP4",0.405230804402457,"CDC42EP4"
"SCRIB",0.599940024258056,"SCRIB"
"FERMT3",0.666594779774894,"FERMT3"
"TRPS1",0.699221603647631,"TRPS1"
"HADH",0.694236852138559,"HADH"
"ZNF512",0.508530489096322,"ZNF512"
"OPLAH",0.415364520536934,"OPLAH"
"SDHB",0.159684678714862,"SDHB"
"TNS3",0.492086056173012,"TNS3"
"HDGF",0.4365698024671,"HDGF"
"XRCC6",0.341242272012633,"XRCC6"
"HDGFL3",0.541729542687135,"HDGFL3"
"GTF2B",0.438333493661218,"GTF2B"
"TMX2",0.451947796519768,"TMX2"
"ACOT8",0.40304013766331,"ACOT8"
"C1orf50",0.517482517482518,"C1orf50"
"TM9SF1",0.39009014092063,"TM9SF1"
"CTH",0.275185448110538,"CTH"
"LYSMD2",0.486931946618853,"LYSMD2"
"CARM1",0.438173641857534,"CARM1"
"POLR2D",0.187864378970044,"POLR2D"
"NCF4",0.237749546279492,"NCF4"
"OGFR",0.427591271927865,"OGFR"
"YBX3",0.584711796730584,"YBX3"
"SQSTM1",0.756452901035779,"SQSTM1"
"PHF20L1",0.262955453149001,"PHF20L1"
"DDC",0.480710349050827,"DDC"
"KDM4B",0.309360484788828,"KDM4B"
"PES1",0.307756956435573,"PES1"
"GPT2",0.485866304862519,"GPT2"
"NME7",0.437813084438851,"NME7"
"STAM",0.428548518802698,"STAM"
"L1TD1",-0.354887218045113,"L1TD1"
"MYLK",0.462789731418483,"MYLK"
"CRYZ",0.802276700315328,"CRYZ"
"KIDINS220",0.229205152578726,"KIDINS220"
"AZGP1",0.530357142857143,"AZGP1"
"MRTFA",0.0822974036191975,"MRTFA"
"FAM83H",0.633144649868713,"FAM83H"
"ACY1",0.569799803755472,"ACY1"
"TAF10",0.162174003586068,"TAF10"
"ZNF638",0.350300743827151,"ZNF638"
"DNAJC11",0.330680261337687,"DNAJC11"
"USP7",0.670994384384395,"USP7"
"XIAP",0.233265779978391,"XIAP"
"COL4A2",0.626948458300148,"COL4A2"
"BUD23",0.422478224882764,"BUD23"
"IGF2R",0.668407987503278,"IGF2R"
"DPEP1",0.841990114253302,"DPEP1"
"METTL9",0.602458415418651,"METTL9"
"NAT10",0.467648602013901,"NAT10"
"PTPN6",0.783242446019741,"PTPN6"
"BIN2",0.708617332035054,"BIN2"
"SYNGR1",0.468488007581833,"SYNGR1"
"OXCT1",0.732764213228461,"OXCT1"
"IRF2BP1",0.323042779224141,"IRF2BP1"
"ZNF787",0.252875579555121,"ZNF787"
"LRRFIP1",0.618075491350131,"LRRFIP1"
"COL3A1",0.422323381086268,"COL3A1"
"MRPS28",0.257587892123787,"MRPS28"
"SALL4",0.608823529411765,"SALL4"
"XPO5",0.465106438191299,"XPO5"
"NEK9",0.515258384255858,"NEK9"
"PRPF38B",0.143544549082865,"PRPF38B"
"SP140",0.115384615384615,"SP140"
"RAB12",0.400171823316219,"RAB12"
"PRR36",0.55622009569378,"PRR36"
"RPL18",0.172567164959154,"RPL18"
"ABL1",0.42695652173913,"ABL1"
"TRAPPC4",0.114958138884519,"TRAPPC4"
"FBP1",0.720060362951593,"FBP1"
"SLC38A10",0.303188732661779,"SLC38A10"
"SFT2D3",0.0179200306652931,"SFT2D3"
"TH",0.635164835164835,"TH"
"CENPH",0.277382351370119,"CENPH"
"LRRC40",0.551419589777891,"LRRC40"
"SYNGR2",0.517339557072918,"SYNGR2"
"SMARCC2",0.47577729112397,"SMARCC2"
"SCIN",0.591215377370607,"SCIN"
"NPM3",0.693527263238127,"NPM3"
"HLTF",0.471653227838972,"HLTF"
"NAGLU",0.422379111643087,"NAGLU"
"ACAT2",0.501059820953539,"ACAT2"
"SCPEP1",0.669583353224268,"SCPEP1"
"YARS2",0.486695077306584,"YARS2"
"GLDC",0.69462366803221,"GLDC"
"ANKRD17",0.261190071715932,"ANKRD17"
"FREM2",0.170434782608696,"FREM2"
"CLIC5",0.556923076923077,"CLIC5"
"COL6A1",0.732514302333353,"COL6A1"
"PAM",0.488253778243304,"PAM"
"COX6C",0.133898017886386,"COX6C"
"MCM7",0.484879810443258,"MCM7"
"REL",0.648805759875761,"REL"
"AHCY",0.399493266107449,"AHCY"
"CUL1",0.34748530956527,"CUL1"
"GTF2I",0.710550172968809,"GTF2I"
"SATB1",0.714234709816448,"SATB1"
"MCM5",0.528744281060194,"MCM5"
"SMIM20",0.511961757179844,"SMIM20"
"MCM2",0.557654863906229,"MCM2"
"RPL10A",0.171501331728957,"RPL10A"
"CHMP4B",0.365655215988908,"CHMP4B"
"TRIM56",0.225469242855772,"TRIM56"
"TGFB1I1",0.596535027874157,"TGFB1I1"
"DPP9",0.426353366738489,"DPP9"
"SOD3",0.56941103916127,"SOD3"
"MRPL11",0.164644960960343,"MRPL11"
"MIA3",0.494375113654805,"MIA3"
"NID2",0.458919567827131,"NID2"
"KRT15",0.640704698650205,"KRT15"
"KRT13",0.673916960376792,"KRT13"
"PRMT6",0.212122687439143,"PRMT6"
"DKC1",0.279700704026788,"DKC1"
"TMEM40",0.605784204671858,"TMEM40"
"RANBP10",0.200850525489664,"RANBP10"
"ACADVL",0.628365081335058,"ACADVL"
"TRHDE",0.512565751022794,"TRHDE"
"IPO11",0.005700871898055,"IPO11"
"AURKAIP1",0.0257724560720071,"AURKAIP1"
"BICD2",0.330921294122402,"BICD2"
"CPT2",0.510863080476813,"CPT2"
"GBE1",0.674095857172602,"GBE1"
"TIMM9",0.366640839317415,"TIMM9"
"VAC14",0.349949772812044,"VAC14"
"CEP97",0.383295951230734,"CEP97"
"FDXR",0.738887508107316,"FDXR"
"CCAR1",0.413318185928612,"CCAR1"
"EMG1",0.200711705057999,"EMG1"
"VPS33B",0.224854051430104,"VPS33B"
"PLS1",0.31903378731663,"PLS1"
"WRNIP1",0.504355793944323,"WRNIP1"
"TOM1",0.553953407317479,"TOM1"
"CD59",0.712452294641845,"CD59"
"HTRA2",0.281643580220476,"HTRA2"
"MED26",0.425618227285357,"MED26"
"ATL2",0.413779440544751,"ATL2"
"DDX54",0.237837033878288,"DDX54"
"PRPSAP2",0.511582621368924,"PRPSAP2"
"ATP5PD",0.103624967385438,"ATP5PD"
"SNTB2",0.486984284796841,"SNTB2"
"SPOUT1",0.375444593098989,"SPOUT1"
"SLC27A4",0.572237843608027,"SLC27A4"
"AQR",-0.00878163178256029,"AQR"
"GSTK1",0.704770235315974,"GSTK1"
"MAVS",0.468023913712737,"MAVS"
"ITPR3",0.511413736946837,"ITPR3"
"RPL7",0.227470873582214,"RPL7"
"TAOK2",0.223066407276934,"TAOK2"
"DDX46",0.434085060423158,"DDX46"
"RPL22",0.300359622824948,"RPL22"
"TFB1M",0.274241239160455,"TFB1M"
"STK10",0.742037514734705,"STK10"
"JPT2",0.255983463858165,"JPT2"
"TRIM65",0.46247323808431,"TRIM65"
"BOD1L1",0.197250116464151,"BOD1L1"
"SMPD3",0.573877551020408,"SMPD3"
"URB2",-0.087064889268827,"URB2"
"RIN1",0.52988747350626,"RIN1"
"FRMD8",0.258345053914674,"FRMD8"
"RRP1B",0.543944185647578,"RRP1B"
"SMG9",0.134188965030427,"SMG9"
"DUSP12",0.385106448073209,"DUSP12"
"SRC",0.538064749774674,"SRC"
"ARVCF",0.429950623211028,"ARVCF"
"ZNF385A",0.432505087087199,"ZNF385A"
"ATL1",0.466606170598911,"ATL1"
"CENPB",0.4074790065698,"CENPB"
"PGD",0.603863407243689,"PGD"
"CNN2",0.575993330014087,"CNN2"
"DCP1A",0.456713887159722,"DCP1A"
"IBA57",0.180995621382396,"IBA57"
"CES1",0.805675829653896,"CES1"
"ITSN2",0.352545773494418,"ITSN2"
"MICAL1",0.602500202481591,"MICAL1"
"CNN3",0.687459759541928,"CNN3"
"AAK1",0.435523998769392,"AAK1"
"IRF3",0.403107643155566,"IRF3"
"KRT20",0.682945299566764,"KRT20"
"RPL13",0.219617821094373,"RPL13"
"HECTD3",0.182007780459174,"HECTD3"
"CLIC1",0.491729114654611,"CLIC1"
"CLIC2",0.807635054021609,"CLIC2"
"CLIC4",0.681461351913424,"CLIC4"
"BCOR",0.149061074061074,"BCOR"
"SDC4",0.651047496053953,"SDC4"
"ATRX",0.380482072896002,"ATRX"
"WNK2",0.477496416626851,"WNK2"
"MYO6",0.698674231596001,"MYO6"
"PTPRJ",0.631340219958489,"PTPRJ"
"STT3B",0.42477976672942,"STT3B"
"UQCRC2",0.07744252544302,"UQCRC2"
"NUP153",0.358765012121858,"NUP153"
"FMNL1",0.784231866864724,"FMNL1"
"VWA8",0.411882277139078,"VWA8"
"CDCA2",0.261832903938167,"CDCA2"
"PSMG1",0.312289701799648,"PSMG1"
"NIT2",0.578097192433423,"NIT2"
"TRIP13",0.379752648674521,"TRIP13"
"PHGDH",0.660684392972073,"PHGDH"
"ITGAV",0.773737013696184,"ITGAV"
"TTC9C",0.20370938783078,"TTC9C"
"WWP2",0.326659856996936,"WWP2"
"NAGK",0.555071545160434,"NAGK"
"TXNRD2",0.481611030432011,"TXNRD2"
"PSME4",0.358853579942889,"PSME4"
"F3",0.671923559384293,"F3"
"CCDC115",0.159781872590105,"CCDC115"
"HSD17B8",0.519797172731652,"HSD17B8"
"RTRAF",0.259225129338663,"RTRAF"
"PDCD6",0.681488586480258,"PDCD6"
"RPL7A",0.175154450284906,"RPL7A"
"RADX",0.587826086956522,"RADX"
"PLK1",0.189725031605563,"PLK1"
"PSMD14",0.110537766778047,"PSMD14"
"TASOR",0.129946254083989,"TASOR"
"PAF1",0.0844211672774168,"PAF1"
"FCGBP",0.282051282051282,"FCGBP"
"GTF3C1",0.246720193885171,"GTF3C1"
"CPOX",0.748636241387552,"CPOX"
"WARS2",0.392886203228377,"WARS2"
"POLR2B",0.246759618798903,"POLR2B"
"CMBL",0.596525678541551,"CMBL"
"LONP1",0.451093159618311,"LONP1"
"MTA1",0.46819397592246,"MTA1"
"SFXN3",0.703576601097169,"SFXN3"
"PECR",0.501370988278009,"PECR"
"DNM2",0.497249449998513,"DNM2"
"ACTR5",0.163763909046928,"ACTR5"
"RAI1",0.402564875246624,"RAI1"
"ACTL6A",0.416709161094938,"ACTL6A"
"CLIC6",0.680701754385965,"CLIC6"
"GAA",0.661505760956383,"GAA"
"APPL2",0.352477810334959,"APPL2"
"KANK2",0.596813757575531,"KANK2"
"FXR2",0.689475580195458,"FXR2"
"ADAR",0.550038307477585,"ADAR"
"RPL5",0.257113692558957,"RPL5"
"WDR77",0.24469707900872,"WDR77"
"AIP",0.524542373270469,"AIP"
"NES",0.75107074505043,"NES"
"GPRC5A",0.661391215767839,"GPRC5A"
"ECD",0.397692307692308,"ECD"
"NADK2",0.604361931311026,"NADK2"
"CSTF1",0.257737968468458,"CSTF1"
"WDR1",0.579789683752266,"WDR1"
"PREB",0.320677894752329,"PREB"
"CCT8",0.452047777445089,"CCT8"
"COX4I1",0.187740270154409,"COX4I1"
"STUB1",0.623891499377156,"STUB1"
"AP1M1",0.250128883803838,"AP1M1"
"ZPR1",0.455569563072561,"ZPR1"
"TNPO1",0.475385281018168,"TNPO1"
"QSOX1",0.404862630862956,"QSOX1"
"DDX51",0.0591718184808032,"DDX51"
"HDHD3",0.690866522296587,"HDHD3"
"MITF",0.813198429477499,"MITF"
"LDLR",0.411212383386198,"LDLR"
"UBE2R2",0.411480445963205,"UBE2R2"
"MOV10",0.319340459146597,"MOV10"
"ITGA11",0.413820824490321,"ITGA11"
"FAM169A",0.471377736520461,"FAM169A"
"RPS23",0.26710201759205,"RPS23"
"DCPS",0.608757798875092,"DCPS"
"CSPG4",0.562270241718657,"CSPG4"
"RBM10",0.433359818994862,"RBM10"
"PABPC4",0.472894899774455,"PABPC4"
"ANXA11",0.643118376841758,"ANXA11"
"PPP1R9A",0.40982977127859,"PPP1R9A"
"CHMP3",0.505141260269398,"CHMP3"
"EIF2B4",0.239455566216372,"EIF2B4"
"TRAF1",0.793964394268346,"TRAF1"
"TRAPPC8",0.163004572287142,"TRAPPC8"
"FAF2",0.641640166262227,"FAF2"
"ZNHIT2",0.240202585844232,"ZNHIT2"
"TAP2",0.40889103465354,"TAP2"
"SNAP23",0.675189617971817,"SNAP23"
"CNTN1",0.558876265069842,"CNTN1"
"IRAK1",0.217467177017739,"IRAK1"
"RPL18A",0.17502431987248,"RPL18A"
"DAXX",0.374884355181023,"DAXX"
"COL17A1",0.751021865458485,"COL17A1"
"SEH1L",0.129038532857767,"SEH1L"
"LPIN1",0.262254901960784,"LPIN1"
"DOCK8",0.65250925179915,"DOCK8"
"MS4A1",0.445021645021645,"MS4A1"
"SI",0.518181818181818,"SI"
"COL7A1",0.468337785083213,"COL7A1"
"RAD21",0.369740826935427,"RAD21"
"HOMER3",0.587878892431002,"HOMER3"
"ITIH2",0.0377120778862429,"ITIH2"
"USP39",0.400398275780664,"USP39"
"FGB",0.0438915565954321,"FGB"
"DNAJC10",0.424424844363488,"DNAJC10"
"TRABD",0.403782633499496,"TRABD"
"LTV1",0.272596255696215,"LTV1"
"RO60",0.530778880763615,"RO60"
"PAFAH1B1",0.431410584660686,"PAFAH1B1"
"UIMC1",0.3214174644192,"UIMC1"
"FECH",0.506311445105135,"FECH"
"BPNT1",0.557148183244764,"BPNT1"
"SUPT6H",0.341740960882535,"SUPT6H"
"CDA",0.352171112811992,"CDA"
"LARP4B",0.507136886029757,"LARP4B"
"PTPN12",0.392502633713036,"PTPN12"
"MME",0.670630926234641,"MME"
"LRP8",0.272525564344974,"LRP8"
"PFKM",0.55812671161345,"PFKM"
"PSMB8",0.655192665735813,"PSMB8"
"MRPS9",0.225467095862293,"MRPS9"
"NFIB",0.55894522661787,"NFIB"
"WDR54",-0.105637657361795,"WDR54"
"MDH1",0.442403503875804,"MDH1"
"SGTA",0.584634032738133,"SGTA"
"DARS2",0.531778324218666,"DARS2"
"DHX8",0.329668700797744,"DHX8"
"PSMC1",0.184471705910185,"PSMC1"
"HNRNPR",0.392809245353077,"HNRNPR"
"RBBP6",0.10134919430158,"RBBP6"
"ANKFY1",0.425341175002561,"ANKFY1"
"ZFAND1",0.275707333335505,"ZFAND1"
"GALNS",0.346894084988255,"GALNS"
"STRBP",0.387055328003087,"STRBP"
"SNX8",0.538415782690592,"SNX8"
"ADAM10",0.674622507298564,"ADAM10"
"PCK2",0.53273926997103,"PCK2"
"GATB",0.133457211284721,"GATB"
"TSPAN3",0.334599397522168,"TSPAN3"
"FLYWCH2",0.411486832068642,"FLYWCH2"
"ATP7A",0.571592480727367,"ATP7A"
"RPAP3",0.416777912958246,"RPAP3"
"SAFB",0.33488148096192,"SAFB"
"SMARCA2",0.497283704464641,"SMARCA2"
"DIS3",0.553411486698119,"DIS3"
"STMN1",0.660072606855388,"STMN1"
"LARP7",0.395961582506326,"LARP7"
"TRMT5",0.304059557035098,"TRMT5"
"UAP1",0.670184282058156,"UAP1"
"CKB",0.732707858092686,"CKB"
"GIPC1",0.585981370011701,"GIPC1"
"IFIT3",0.482036527141036,"IFIT3"
"LIN7C",0.0792557259372923,"LIN7C"
"SRP72",0.304299104679326,"SRP72"
"STAM2",0.370099013763262,"STAM2"
"GSS",0.384033945362979,"GSS"
"PPP1R7",0.365241808942761,"PPP1R7"
"RSF1",0.548299869893285,"RSF1"
"GGCT",0.496644030753155,"GGCT"
"STX4",0.583798812711951,"STX4"
"AP1S2",0.398978738236319,"AP1S2"
"AP1S1",0.118906832355463,"AP1S1"
"EIF2A",0.441565146093616,"EIF2A"
"TRRAP",0.134317967293487,"TRRAP"
"IGF2BP2",0.776576386403122,"IGF2BP2"
"NIT1",0.437611831412109,"NIT1"
"RPL35A",0.0756623132185824,"RPL35A"
"CORO1B",0.512551479342499,"CORO1B"
"CORO1C",0.773817272156931,"CORO1C"
"GABARAPL2",0.329643922189894,"GABARAPL2"
"ACSL5",0.602290492430188,"ACSL5"
"DHX30",0.517326811223189,"DHX30"
"CTSD",0.833642042256508,"CTSD"
"PPM1G",0.397007298993262,"PPM1G"
"PPM1F",0.6494622536699,"PPM1F"
"HIP1",0.538923519292601,"HIP1"
"YLPM1",0.48694980761032,"YLPM1"
"PTCD3",0.0523365883367109,"PTCD3"
"AKR1B1",0.679984901145033,"AKR1B1"
"HMGCR",0.189462959697486,"HMGCR"
"NUBPL",0.479726265015357,"NUBPL"
"FABP1",0.832773109243698,"FABP1"
"PSMA5",0.241957391330751,"PSMA5"
"XRCC1",0.39608398282548,"XRCC1"
"DNAJB12",0.44625726264311,"DNAJB12"
"NFS1",0.52399068561145,"NFS1"
"IPO5",0.607379231765417,"IPO5"
"A2M",-0.114539861674406,"A2M"
"ABAT",0.639070061014096,"ABAT"
"TNPO3",0.40756661158279,"TNPO3"
"TBC1D4",0.543767565461184,"TBC1D4"
"PSMB4",0.082459930161434,"PSMB4"
"WDR55",0.438935837223616,"WDR55"
"CD9",0.679184249854807,"CD9"
"XPO1",0.315699211270659,"XPO1"
"PTPRZ1",0.413703176861072,"PTPRZ1"
"SETMAR",0.255059907834101,"SETMAR"
"HOOK3",0.319438237069176,"HOOK3"
"ASAP1",0.346783443345802,"ASAP1"
"CPD",0.656793429892588,"CPD"
"SCRN1",0.53133281748319,"SCRN1"
"DDX50",0.497877933841943,"DDX50"
"RPS7",0.234502684286195,"RPS7"
"RXRB",0.33017133446189,"RXRB"
"KYAT3",0.547538143979063,"KYAT3"
"CPQ",0.633514533704562,"CPQ"
"EIF4A2",0.316160000793634,"EIF4A2"
"FKBP11",0.64878947841985,"FKBP11"
"NUP85",0.0728256924325361,"NUP85"
"FDFT1",0.530366316959037,"FDFT1"
"TGM2",0.735233117627347,"TGM2"
"CLTA",0.309203498874206,"CLTA"
"FTH1",0.296010820628829,"FTH1"
"DDX18",0.366916630382692,"DDX18"
"CKAP2",0.328302756930548,"CKAP2"
"TBC1D10A",0.434338524080803,"TBC1D10A"
"NSMCE1",0.1640896731506,"NSMCE1"
"PXN",0.518127231712754,"PXN"
"TKFC",0.573699673909534,"TKFC"
"FGF2",0.628969547682871,"FGF2"
"NHLRC2",0.248999710917751,"NHLRC2"
"XPNPEP3",0.284201721556614,"XPNPEP3"
"FUCA2",0.167536042889227,"FUCA2"
"MAD1L1",0.27571803019299,"MAD1L1"
"AP3S1",0.418766447577373,"AP3S1"
"COPZ1",0.235176747899621,"COPZ1"
"AHCTF1",0.208473649804907,"AHCTF1"
"LTA4H",0.50075920895077,"LTA4H"
"AIMP1",0.305611093580514,"AIMP1"
"TBC1D1",0.15177310379051,"TBC1D1"
"STAT3",0.545988279962683,"STAT3"
"ARL1",0.292746026618905,"ARL1"
"PLAA",0.499936654275309,"PLAA"
"ANXA6",0.824056819957707,"ANXA6"
"FXR1",0.591880598241958,"FXR1"
"ABHD11",0.793084623659071,"ABHD11"
"ARHGAP1",0.560581055650615,"ARHGAP1"
"PSMA6",0.0965154763129596,"PSMA6"
"KHSRP",0.57133620564272,"KHSRP"
"LARP4",0.376468487407292,"LARP4"
"ELAVL1",0.285332863169072,"ELAVL1"
"UBAP2L",0.431170186340794,"UBAP2L"
"FLVCR1",0.425351489480173,"FLVCR1"
"DDX56",0.229589333574914,"DDX56"
"AKR7A3",0.683132901634289,"AKR7A3"
"EDF1",0.170409158830669,"EDF1"
"RPL6",0.192784639049912,"RPL6"
"SIPA1L3",0.463236040089274,"SIPA1L3"
"PKN2",0.400972181565739,"PKN2"
"SPP1",0.307019887773409,"SPP1"
"PPID",0.459708197043998,"PPID"
"PUF60",0.283687053361798,"PUF60"
"ABCB6",0.089473869440821,"ABCB6"
"UTP25",0.199281097202058,"UTP25"
"TOLLIP",0.575093377090953,"TOLLIP"
"TENM3",0.45578275373797,"TENM3"
"ZMYND11",0.192671274000077,"ZMYND11"
"PSMD3",0.155612877482575,"PSMD3"
"TTC1",0.443071524433983,"TTC1"
"ANAPC7",0.10254119850097,"ANAPC7"
"COPS4",0.306903175514931,"COPS4"
"ATXN3",0.168051766325975,"ATXN3"
"SCAF1",0.158508947325724,"SCAF1"
"NDUFAF1",0.265211314847943,"NDUFAF1"
"MRRF",0.549599136174563,"MRRF"
"NCL",0.543164036494794,"NCL"
"KDM3B",0.335493618779698,"KDM3B"
"ZC3H14",0.502416072826653,"ZC3H14"
"TPM2",0.36086688301912,"TPM2"
"PPP2R1A",0.175083478986422,"PPP2R1A"
"MYO5A",0.58664849961456,"MYO5A"
"ARFGAP2",0.446377840380089,"ARFGAP2"
"ARFGAP3",0.482470385844188,"ARFGAP3"
"CPSF7",0.559931377098527,"CPSF7"
"CPSF6",0.588403891652316,"CPSF6"
"PTPN13",0.502617166829243,"PTPN13"
"COLEC12",0.453042083179069,"COLEC12"
"POLA2",0.344557066388415,"POLA2"
"PDCL3",0.228542878167239,"PDCL3"
"TBRG4",0.351080002077207,"TBRG4"
"YTHDF3",0.40938025123556,"YTHDF3"
"DDX52",0.270855034479229,"DDX52"
"RFC4",0.5326761207398,"RFC4"
"DDX47",0.371998562894742,"DDX47"
"RPL24",0.252192548602676,"RPL24"
"HNRNPL",0.169162286225627,"HNRNPL"
"PCBP2",0.422879937377985,"PCBP2"
"PCBP1",0.447888229567412,"PCBP1"
"CDK12",0.248425904201547,"CDK12"
"KRT23",0.709848073792729,"KRT23"
"FHL1",0.666429227682673,"FHL1"
"TSNAX",0.299239526418649,"TSNAX"
"SMAD3",0.397905490825845,"SMAD3"
"UGGT1",0.418692324698795,"UGGT1"
"PUS7",0.526267826949585,"PUS7"
"UTP3",0.161299575649314,"UTP3"
"COPG1",0.333621786926273,"COPG1"
"CHAF1B",0.35591014217849,"CHAF1B"
"RPP25",0.699126885739423,"RPP25"
"SRPRB",0.386208737157783,"SRPRB"
"EHHADH",0.576218423922484,"EHHADH"
"ARID2",0.472388604648767,"ARID2"
"TCERG1",0.548287345645507,"TCERG1"
"KDM2A",0.366459160378523,"KDM2A"
"PAFAH1B3",0.623671172110709,"PAFAH1B3"
"EEF1E1",0.397814494679816,"EEF1E1"
"CEBPZ",0.323925083988064,"CEBPZ"
"GPATCH1",0.203102230182307,"GPATCH1"
"HECTD1",0.110930137390024,"HECTD1"
"IPO9",0.434569335860645,"IPO9"
"SWAP70",0.607992951152886,"SWAP70"
"SOD2",0.713508612141941,"SOD2"
"PDK1",0.357454582445301,"PDK1"
"ABLIM1",0.479996816645867,"ABLIM1"
"PSMD12",0.0764836810291204,"PSMD12"
"CRNKL1",0.341396117764688,"CRNKL1"
"DNMT3A",0.389515534232912,"DNMT3A"
"GFM1",0.573742139390813,"GFM1"
"RFC3",0.337667000551715,"RFC3"
"COMT",0.763047925861281,"COMT"
"PSMB5",0.339233815214291,"PSMB5"
"ABRAXAS2",0.188140001864412,"ABRAXAS2"
"HSPA9",0.55119456896129,"HSPA9"
"NUDT16",0.205466883796455,"NUDT16"
"ACO2",0.518582636498067,"ACO2"
"BCAT1",0.573582924184823,"BCAT1"
"ZMPSTE24",0.530229016763835,"ZMPSTE24"
"HMBS",0.404430483426201,"HMBS"
"SMC4",0.339698055382594,"SMC4"
"KIF21A",0.48401343214052,"KIF21A"
"ADA",0.697945350211639,"ADA"
"SORD",0.63429256033068,"SORD"
"ATP6V1A",0.31113090543197,"ATP6V1A"
"RAB6A",0.602420848836966,"RAB6A"
"RBM25",0.374553264306909,"RBM25"
"MFAP1",0.186160163503643,"MFAP1"
"HSPA5",0.682205153023613,"HSPA5"
"MSN",0.757353495111289,"MSN"
"NXF1",0.0448350108825271,"NXF1"
"NT5E",0.796380517659219,"NT5E"
"CSTB",0.403406303040491,"CSTB"
"ACP1",0.531891375479742,"ACP1"
"SERPINE2",0.630574671552418,"SERPINE2"
"CACNA2D1",0.656072679931475,"CACNA2D1"
"PTGES3",0.333834758720817,"PTGES3"
"KRT75",-0.105962739550526,"KRT75"
"RPL30",0.0667315416814801,"RPL30"
"OPA1",0.462276346523626,"OPA1"
"JUN",0.313458517281152,"JUN"
"EPCAM",0.687365757401706,"EPCAM"
"GFM2",0.402768452110651,"GFM2"
"DTNBP1",0.268279885181641,"DTNBP1"
"SIRPA",0.708727361668538,"SIRPA"
"PEX19",0.415545198925682,"PEX19"
"MEAK7",0.632044071935045,"MEAK7"
"GLUD1",0.582777780925868,"GLUD1"
"GLUD2",0.55241935483871,"GLUD2"
"RPL15",0.1345568100842,"RPL15"
"RAN",0.423098885411519,"RAN"
"SELPLG",0.80281425891182,"SELPLG"
"ATG3",0.466981190420978,"ATG3"
"RPL10",0.220166700204572,"RPL10"
"SERBP1",0.47754696823417,"SERBP1"
"STOM",0.801207681157331,"STOM"
"ICAM1",0.737966001167096,"ICAM1"
"ECI2",0.640778383166489,"ECI2"
"DBI",0.41227515962155,"DBI"
"SFXN1",0.451437275420354,"SFXN1"
"PHPT1",0.219989511793807,"PHPT1"
"NENF",0.643065982815617,"NENF"
"SLC25A1",0.474199773067428,"SLC25A1"
"ASCC3",0.141950621233936,"ASCC3"
"RPS19",0.301017270087682,"RPS19"
"ARPC5",0.395737326779524,"ARPC5"
"OXLD1",0.0868428344711187,"OXLD1"
"SLC7A5",0.706408051315065,"SLC7A5"
"UROS",0.265923473573186,"UROS"
"FAHD2A",0.546492612734241,"FAHD2A"
"PTX3",0.349833887043189,"PTX3"
"VGF",0.520975799879531,"VGF"
"NGLY1",0.592915738470792,"NGLY1"
"SAAL1",0.466623956680485,"SAAL1"
"TTI1",0.00190071556350626,"TTI1"
"PPIP5K2",0.45898891167041,"PPIP5K2"
"GRPEL1",0.5075580673263,"GRPEL1"
"THOP1",0.54158970398515,"THOP1"
"ERP44",0.706322886814651,"ERP44"
"ESF1",0.407961376187389,"ESF1"
"APOL2",0.725338080339286,"APOL2"
"RAP2B",0.67852014205145,"RAP2B"
"RHEB",0.520443050991334,"RHEB"
"RSRC2",0.0884173193438747,"RSRC2"
"WDR46",0.180834738814274,"WDR46"
"FAR1",0.101011145060162,"FAR1"
"TRIP11",0.425838652249589,"TRIP11"
"STRN",0.407045590255231,"STRN"
"STRN3",0.447533677573009,"STRN3"
"SREK1",0.134764572399391,"SREK1"
"ATAD2",0.419424391341569,"ATAD2"
"KLC4",0.270104362841248,"KLC4"
"LRRN4",0.651480051480051,"LRRN4"
"CIP2A",0.254050202016258,"CIP2A"
"REXO4",0.285124303045975,"REXO4"
"ARHGEF40",0.293906007296897,"ARHGEF40"
"UACA",0.518521393314114,"UACA"
"UHRF2",0.369325239911989,"UHRF2"
"UHRF1",0.547317225062571,"UHRF1"
"TOR3A",0.279645438291657,"TOR3A"
"EXOC4",0.32615899756619,"EXOC4"
"USE1",0.191670511890898,"USE1"
"MCM3AP",-0.178719557708095,"MCM3AP"
"TXNDC5",0.729071627516853,"TXNDC5"
"PLCD1",0.645302445302445,"PLCD1"
"OLFML2A",0.523061497326203,"OLFML2A"
"PXMP2",0.142124232879826,"PXMP2"
"ATP13A1",0.296282351204446,"ATP13A1"
"UBE2S",0.413050766064847,"UBE2S"
"ATL3",0.758211119305312,"ATL3"
"POLR3C",0.0400752400752401,"POLR3C"
"ITPKB",0.451724137931034,"ITPKB"
"UBR4",0.324989817198226,"UBR4"
"ARPC5L",0.455414554657547,"ARPC5L"
"POLDIP2",0.216367396866483,"POLDIP2"
"EXOSC4",0.211803222913004,"EXOSC4"
"XPOT",0.250113701167222,"XPOT"
"XPNPEP1",0.576835453237972,"XPNPEP1"
"EIF2B3",0.440551502821459,"EIF2B3"
"VKORC1L1",0.338201636145614,"VKORC1L1"
"SMC5",0.150681532155619,"SMC5"
"DDI2",0.595914392746813,"DDI2"
"EIF2B1",0.368824305299111,"EIF2B1"
"ARHGAP29",0.30912796407161,"ARHGAP29"
"TYMP",0.644546617912429,"TYMP"
"PPIF",0.489192876758964,"PPIF"
"TRIM21",0.53789716556299,"TRIM21"
"MAP1S",0.433535879118387,"MAP1S"
"REEP6",0.656059427954529,"REEP6"
"MTA2",0.378989932111942,"MTA2"
"PRAF2",0.692128648097508,"PRAF2"
"PELO",0.272970280320391,"PELO"
"IKBKB",0.482762450164176,"IKBKB"
"REXO2",0.670867195241631,"REXO2"
"COPA",0.339092986187119,"COPA"
"CST3",0.494486726450043,"CST3"
"IMPACT",0.253777605579233,"IMPACT"
"PMEL",0.786834733893558,"PMEL"
"AP3D1",0.234942040450117,"AP3D1"
"TRIM71",0.713286713286713,"TRIM71"
"SRSF6",0.349546288039147,"SRSF6"
"SGTB",0.447481897443476,"SGTB"
"RNF138",0.410754521052529,"RNF138"
"IFIT1",0.298313409322584,"IFIT1"
"MAPK3",0.41515965790239,"MAPK3"
"HEATR1",0.185624695487005,"HEATR1"
"UQCRB",0.0972323363075832,"UQCRB"
"MINDY3",0.346153846153846,"MINDY3"
"NCOR1",0.249829948362743,"NCOR1"
"DHX29",0.373797849449572,"DHX29"
"METAP2",0.277468968163098,"METAP2"
"GLYR1",0.313378074004643,"GLYR1"
"DAGLB",0.495061546718374,"DAGLB"
"TMEM214",0.511678550945992,"TMEM214"
"PCMT1",0.530164602538221,"PCMT1"
"S100A4",0.728363462643382,"S100A4"
"RBP1",0.50811358133392,"RBP1"
"GMIP",0.623913113667014,"GMIP"
"DSG3",0.781317764804003,"DSG3"
"TAB1",0.170622704360143,"TAB1"
"INA",0.550082012260012,"INA"
"AKR1A1",0.612598813529276,"AKR1A1"
"AKR1C1",0.319548872180451,"AKR1C1"
"RBMX",0.130714706631069,"RBMX"
"MARS2",0.297321959073104,"MARS2"
"SDSL",0.442344769032165,"SDSL"
"EXOC7",0.227298573956395,"EXOC7"
"LRCH1",0.443558204945216,"LRCH1"
"CAPN2",0.645169178724877,"CAPN2"
"ANKZF1",0.270201235561657,"ANKZF1"
"LRCH4",0.444340121660936,"LRCH4"
"SMC2",0.493580773578819,"SMC2"
"EPS8L3",0.753726287262873,"EPS8L3"
"FNBP4",0.246254810856859,"FNBP4"
"STMN2",0.362889983579639,"STMN2"
"MX1",0.456038262255879,"MX1"
"TMPO",0.634436005738658,"TMPO"
"CARMIL1",0.517008379720244,"CARMIL1"
"PUM1",0.306130763439968,"PUM1"
"NCAPD3",0.269554409503392,"NCAPD3"
"NID1",0.114609368701121,"NID1"
"TELO2",0.200858961576808,"TELO2"
"TXNRD1",0.668512777071867,"TXNRD1"
"CBLB",-0.157258064516129,"CBLB"
"TSPYL1",0.0783808891838089,"TSPYL1"
"VPS41",0.0797537619699042,"VPS41"
"ATG9A",0.444932495895504,"ATG9A"
"FAM50A",0.464816710220501,"FAM50A"
"PEX5L",0.37383689107827,"PEX5L"
"SRSF4",0.419518642802043,"SRSF4"
"UTP11",0.0570093595352654,"UTP11"
"FNTA",0.261756818707759,"FNTA"
"DRAP1",0.126779459464577,"DRAP1"
"PLCG2",0.753619122432948,"PLCG2"
"PSAT1",0.505945073436313,"PSAT1"
"PEX5",0.587067498581963,"PEX5"
"NDUFA2",0.0226109543442316,"NDUFA2"
"GSE1",0.46487460815047,"GSE1"
"NELFB",0.256580832234157,"NELFB"
"ANPEP",0.791820574191167,"ANPEP"
"MAK16",0.197572649622696,"MAK16"
"SUGT1",0.539811275767571,"SUGT1"
"NANS",0.498183254652934,"NANS"
"MGME1",0.425947986274722,"MGME1"
"PBXIP1",0.446742413628849,"PBXIP1"
"IQGAP1",0.718151312243818,"IQGAP1"
"RUVBL1",0.491538623362179,"RUVBL1"
"NOC4L",0.148423962281681,"NOC4L"
"TSFM",0.526771214844024,"TSFM"
"SUZ12",0.411067538916948,"SUZ12"
"RPTOR",0.11092318534179,"RPTOR"
"RBMXL1",0.574342868201927,"RBMXL1"
"AKR1C3",0.726550979546529,"AKR1C3"
"CIAO2A",0.515464041822535,"CIAO2A"
"EXOSC5",0.143074105327015,"EXOSC5"
"CRK",0.492218630007666,"CRK"
"ABI2",0.550521869691169,"ABI2"
"DLG3",0.573783161344612,"DLG3"
"SPDL1",0.342233550270966,"SPDL1"
"HSD17B7",0.410124701680075,"HSD17B7"
"EMC2",0.312450574745451,"EMC2"
"NT5DC2",0.443479434880222,"NT5DC2"
"FTL",0.400181808240449,"FTL"
"ZW10",0.265372500277133,"ZW10"
"ACAD11",0.44028802880288,"ACAD11"
"NPR3",0.578316181832915,"NPR3"
"NMNAT3",0.494499530320426,"NMNAT3"
"RNF167",0.241553038501311,"RNF167"
"PIK3R2",0.345451601805193,"PIK3R2"
"PPM1A",0.511902920405288,"PPM1A"
"GTF2E2",0.239994287499176,"GTF2E2"
"PPM1B",0.386848064711859,"PPM1B"
"PRPF4",0.384473843420841,"PRPF4"
"AMIGO2",0.378639670041245,"AMIGO2"
"RAD23B",0.261819833851267,"RAD23B"
"RAD23A",0.355764532179244,"RAD23A"
"CS",0.165836967648956,"CS"
"GCAT",0.456043583604536,"GCAT"
"CCDC51",0.496700715282347,"CCDC51"
"SERPINI1",0.703284950343774,"SERPINI1"
"GPD1L",0.642888765566372,"GPD1L"
"FKBP5",0.747462884070999,"FKBP5"
"ZC3H7B",0.329211229946524,"ZC3H7B"
"WDR36",0.172035739203366,"WDR36"
"ATPAF1",0.256002754772546,"ATPAF1"
"TIMM44",0.390947607173358,"TIMM44"
"NVL",0.368064714949175,"NVL"
"RAP1GDS1",0.60121038918586,"RAP1GDS1"
"GCHFR",0.418905150962989,"GCHFR"
"GRP",0.313076923076923,"GRP"
"OASL",0.320199457615257,"OASL"
"NOMO1",0.0866025937934229,"NOMO1"
"FBLIM1",0.456171435264816,"FBLIM1"
"MYL4",0.812316715542522,"MYL4"
"APEX1",0.593840463384287,"APEX1"
"DCXR",0.618798842335623,"DCXR"
"NOTCH2",0.557564766436393,"NOTCH2"
"STX18",0.181801941602333,"STX18"
"FABP7",0.665612648221344,"FABP7"
"CRABP1",0.690784908141276,"CRABP1"
"TYSND1",0.37454983811486,"TYSND1"
"GLOD4",0.47770602215535,"GLOD4"
"LRRC8A",0.492137087208165,"LRRC8A"
"DLG1",0.629788002875961,"DLG1"
"LRRC41",0.194935991167079,"LRRC41"
"PPFIBP1",0.517754042369457,"PPFIBP1"
"COPE",0.214812209528594,"COPE"
"PSMD5",0.473315710624874,"PSMD5"
"SUCLA2",0.608934661712531,"SUCLA2"
"STRN4",0.317887733658201,"STRN4"
"PSMF1",0.409349394533769,"PSMF1"
"LYPLA1",0.636246717992643,"LYPLA1"
"SNX5",0.372833861402231,"SNX5"
"ABI1",0.424149098293739,"ABI1"
"NME3",0.472768118570749,"NME3"
"KIF11",0.409153965460133,"KIF11"
"NELFA",0.359150854991665,"NELFA"
"GMPPB",0.458307855381003,"GMPPB"
"SLC25A19",0.339779653070792,"SLC25A19"
"ARMC10",0.468446228278455,"ARMC10"
"PPP1R18",0.758507753720771,"PPP1R18"
"MRPL14",0.0246196157730449,"MRPL14"
"NQO1",0.70791314985259,"NQO1"
"ARMCX3",0.49727104166626,"ARMCX3"
"SRSF11",0.47030137949778,"SRSF11"
"POLR2E",0.114769788304013,"POLR2E"
"NUP58",0.195940429465814,"NUP58"
"RPL12",0.245350562921907,"RPL12"
"ANXA3",0.638427177517475,"ANXA3"
"CBR1",0.570763905616733,"CBR1"
"NOM1",0.308928613009751,"NOM1"
"ANXA10",0.176792556102901,"ANXA10"
"TMEM33",0.175402953438264,"TMEM33"
"SARS2",0.520927893719796,"SARS2"
"NGFR",0.531164859605227,"NGFR"
"UTP6",0.0169770578623291,"UTP6"
"ZMYM4",0.28417806405317,"ZMYM4"
"TRIM25",0.561574486212725,"TRIM25"
"RAB11FIP5",0.627962204387379,"RAB11FIP5"
"RPRD2",0.517720519906189,"RPRD2"
"DHPS",0.491976668205789,"DHPS"
"CDKN2A",0.374104706808311,"CDKN2A"
"DCTN3",0.2755111190507,"DCTN3"
"ITPA",0.418505598963019,"ITPA"
"EEF2",0.522684384966123,"EEF2"
"TXLNA",0.436720909953198,"TXLNA"
"HAGH",0.571324467658184,"HAGH"
"EPS15L1",0.498521457545413,"EPS15L1"
"HSP90AA1",0.251314480959273,"HSP90AA1"
"ACSL4",0.686819144231041,"ACSL4"
"PSMD10",0.277372375974058,"PSMD10"
"RAB11FIP1",0.624472143686718,"RAB11FIP1"
"RFC2",0.29881019725178,"RFC2"
"RIC8A",0.452511743647687,"RIC8A"
"FAM20B",0.413763959847327,"FAM20B"
"STAT1",0.569461280961218,"STAT1"
"GHDC",0.385952622104121,"GHDC"
"CDC34",0.276284925587386,"CDC34"
"NOL9",0.0599190260738141,"NOL9"
"RGS19",0.050336951231139,"RGS19"
"COL1A1",0.408037120159336,"COL1A1"
"INSM1",0.401348928540937,"INSM1"
"ZEB2",0.611043566362715,"ZEB2"
"MYO1G",0.7588954020199,"MYO1G"
"MRPL46",0.274808407521011,"MRPL46"
"EXD2",0.47326327286318,"EXD2"
"SLC39A14",0.487853661125379,"SLC39A14"
"TOE1",0.30396330979581,"TOE1"
"GALNT5",0.373980596175478,"GALNT5"
"PDP1",0.731569153733363,"PDP1"
"VPS72",0.273199300003977,"VPS72"
"DHRS7B",0.439164955130286,"DHRS7B"
"PTCD1",0.283863951243747,"PTCD1"
"GLA",0.432039632573598,"GLA"
"ABCF3",0.363862513103231,"ABCF3"
"TXLNG",0.435617122718005,"TXLNG"
"SLC4A2",0.332997042877654,"SLC4A2"
"HEXA",0.660184391507071,"HEXA"
"PNKP",0.481778057820269,"PNKP"
"LLGL2",0.61090385629131,"LLGL2"
"PRTFDC1",0.481750159947899,"PRTFDC1"
"BST1",0.659837284577027,"BST1"
"MPP7",0.440541982289555,"MPP7"
"EPDR1",0.662137113261551,"EPDR1"
"AATF",0.0107021495524777,"AATF"
"USP48",0.325765690134321,"USP48"
"UNC13D",0.544388052250603,"UNC13D"
"PAXBP1",0.21804932118227,"PAXBP1"
"MTIF3",0.496462549408347,"MTIF3"
"ABHD16A",0.202145064090852,"ABHD16A"
"NIF3L1",0.33001396819493,"NIF3L1"
"ITGB2",0.825577335527957,"ITGB2"
"CCNB1",0.218104503376463,"CCNB1"
"LAMTOR1",0.42377667309306,"LAMTOR1"
"ZC3H7A",0.390549430896386,"ZC3H7A"
"RFC5",0.268904010554221,"RFC5"
"SUGP2",0.37841284258099,"SUGP2"
"MSH2",0.525572218028241,"MSH2"
"COG2",0.12639246896436,"COG2"
"P3H3",0.682362853483934,"P3H3"
"EIF5",0.291637469973783,"EIF5"
"TMEM245",0.586546154513435,"TMEM245"
"S100A8",0.431873629217083,"S100A8"
"TDP2",0.349333863466665,"TDP2"
"PHIP",0.39139691451934,"PHIP"
"PRDX5",0.560532349675195,"PRDX5"
"SCRN3",0.56081570421193,"SCRN3"
"RIOX1",0.457436830698629,"RIOX1"
"WIPF1",0.795695719512469,"WIPF1"
"DGKA",0.470253160044772,"DGKA"
"IL16",0.599480643728431,"IL16"
"SARM1",0.604002597025853,"SARM1"
"ISLR",0.821569734613213,"ISLR"
"TMTC3",0.555759908581752,"TMTC3"
"RTL1",0.654385964912281,"RTL1"
"MAP4",0.613133378188131,"MAP4"
"CLPP",0.374349107306854,"CLPP"
"HP1BP3",0.425247920868063,"HP1BP3"
"TPX2",0.475366014485608,"TPX2"
"AJUBA",0.415789473684211,"AJUBA"
"TP53",0.346171674269834,"TP53"
"ERLEC1",0.449378629487678,"ERLEC1"
"AKR7A2",0.502647948665024,"AKR7A2"
"PKN1",0.528113522611101,"PKN1"
"HSCB",0.379278950374795,"HSCB"
"COLGALT1",0.764170913607376,"COLGALT1"
"ALDOC",0.246223965253519,"ALDOC"
"PRPF19",0.232177045162315,"PRPF19"
"RPRD1A",0.608843798590174,"RPRD1A"
"RPRD1B",0.521027491547355,"RPRD1B"
"LZTFL1",0.292101678399555,"LZTFL1"
"EXOC1",0.164896234767569,"EXOC1"
"LENG1",0.281571258937801,"LENG1"
"AVEN",0.242839044609274,"AVEN"
"SLC4A1AP",0.253176713813371,"SLC4A1AP"
"WAPL",0.315293193897283,"WAPL"
"AP2B1",0.491286351930603,"AP2B1"
"CDK4",0.146141995676414,"CDK4"
"GAPVD1",0.433184972920609,"GAPVD1"
"TTC19",0.376994794959296,"TTC19"
"NUF2",0.170222205345982,"NUF2"
"PRC1",0.418124366638085,"PRC1"
"SMAD4",0.549032703259559,"SMAD4"
"TMEM126A",0.336206671103171,"TMEM126A"
"AKAP13",0.303623201958434,"AKAP13"
"CRAT",0.585361375392831,"CRAT"
"BORCS6",0.296433203526509,"BORCS6"
"NAA25",0.178326665880672,"NAA25"
"GPX7",0.50302751085955,"GPX7"
"IGF2BP3",0.716144945167982,"IGF2BP3"
"CUL3",0.338533053297454,"CUL3"
"COQ8A",0.495751589358427,"COQ8A"
"LRRC1",0.662696523797988,"LRRC1"
"MRPS27",0.0458746911367849,"MRPS27"
"HSDL1",0.337913472641678,"HSDL1"
"CHEK2",0.330591630591631,"CHEK2"
"CCDC22",0.231812206768091,"CCDC22"
"NCBP2",0.185079082432125,"NCBP2"
"HNRNPK",0.33758793746946,"HNRNPK"
"PRMT3",0.438713043704171,"PRMT3"
"RAVER1",0.576089631465365,"RAVER1"
"TAF4",0.25776732997072,"TAF4"
"TONSL",0.287976340893024,"TONSL"
"GSDME",0.48811078824857,"GSDME"
"TLN2",0.57415368017134,"TLN2"
"SHMT1",0.559404362879643,"SHMT1"
"NDUFS1",0.12261371148422,"NDUFS1"
"KIF20B",0.0110178228962064,"KIF20B"
"STIM2",0.349747741653631,"STIM2"
"P3H4",0.326317465446312,"P3H4"
"HBS1L",0.466734665941517,"HBS1L"
"OTUD6B",0.523453530718427,"OTUD6B"
"CD44",0.801164655240504,"CD44"
"HNRNPA3",0.390906633325709,"HNRNPA3"
"PHLDB1",0.45713357213538,"PHLDB1"
"RRP12",0.515174775060493,"RRP12"
"KANK4",0.672727272727273,"KANK4"
"HNRNPA2B1",0.241103743260836,"HNRNPA2B1"
"NCAPG",0.348810970999393,"NCAPG"
"SMAD5",0.0665349143610013,"SMAD5"
"NGDN",0.0607763277958706,"NGDN"
"COG6",0.324180085826611,"COG6"
"PPIA",0.298944128095845,"PPIA"
"CHMP1A",0.366441367551075,"CHMP1A"
"EEFSEC",0.364813592761742,"EEFSEC"
"MYCBP2",0.527360436921699,"MYCBP2"
"ARFIP2",0.483630756487419,"ARFIP2"
"METTL16",0.57685536473118,"METTL16"
"SCFD1",0.66590369144569,"SCFD1"
"GCA",0.627105043659287,"GCA"
"SRI",0.511358006695254,"SRI"
"GTPBP6",0.282637800883065,"GTPBP6"
"EPN2",0.310620676019311,"EPN2"
"EIF3K",0.289994249658195,"EIF3K"
"STAMBPL1",0.414447112545762,"STAMBPL1"
"ENDOD1",0.771210089181251,"ENDOD1"
"EIPR1",0.380780174825341,"EIPR1"
"ZWINT",0.122866322499065,"ZWINT"
"RPN1",0.594305977685468,"RPN1"
"ME2",0.575170085730396,"ME2"
"CUL2",0.409616629773141,"CUL2"
"ELMO1",0.61768473352569,"ELMO1"
"SMPD1",0.552634656697492,"SMPD1"
"FAM171A2",0.109372797744891,"FAM171A2"
"TUBB",0.462296871846,"TUBB"
"RPS16",0.138892058493889,"RPS16"
"TRIM72",0.823031135531135,"TRIM72"
"CNPY2",0.5213938941876,"CNPY2"
"COL5A1",0.615499351893773,"COL5A1"
"CNNM4",0.621387822662348,"CNNM4"
"XPO7",0.432898234333361,"XPO7"
"RETREG3",0.301637091553615,"RETREG3"
"GUF1",0.198107292246037,"GUF1"
"RFTN1",0.677208170715295,"RFTN1"
"CBL",0.284433440589325,"CBL"
"EHMT2",0.171109838493989,"EHMT2"
"KYAT1",0.0784965034965035,"KYAT1"
"PEG10",0.497866765861785,"PEG10"
"IMPA2",0.707404318413493,"IMPA2"
"ENY2",0.291774518690158,"ENY2"
"ECSIT",0.147394235475152,"ECSIT"
"POR",0.763470787348858,"POR"
"DHRS11",0.429722583521107,"DHRS11"
"DDB1",0.226731455506454,"DDB1"
"NDUFA7",-0.0901049013977686,"NDUFA7"
"DHX15",0.306698066541602,"DHX15"
"DSC3",0.621438988818668,"DSC3"
"GNA13",0.230562439462603,"GNA13"
"SCFD2",0.139742718909906,"SCFD2"
"MATR3",0.196582414075907,"MATR3"
"HPDL",0.599720481690951,"HPDL"
"RIF1",0.397491272221091,"RIF1"
"PCM1",0.561777542615868,"PCM1"
"BCAR1",0.209780891152931,"BCAR1"
"GMNN",0.181949613953059,"GMNN"
"DPP3",0.357019346795575,"DPP3"
"NEFL",0.499985367281241,"NEFL"
"GINS1",0.107406299011865,"GINS1"
"STXBP3",0.370787473172929,"STXBP3"
"CP",0.34806965186712,"CP"
"ITSN1",0.532144454382827,"ITSN1"
"OSTF1",0.571820364139461,"OSTF1"
"DVL2",0.142708915316466,"DVL2"
"CAV1",0.705978026602028,"CAV1"
"RTF1",0.513381308927275,"RTF1"
"OSGEP",0.480038668847547,"OSGEP"
"MLPH",0.33007887468322,"MLPH"
"VPS28",-0.0039773331953226,"VPS28"
"CEP170",0.650876481635363,"CEP170"
"RAB3GAP2",0.40601825860957,"RAB3GAP2"
"COPS3",0.193583371759342,"COPS3"
"GNAO1",0.784209757706988,"GNAO1"
"SDF2L1",0.502584188980227,"SDF2L1"
"SDF2",0.30504165526269,"SDF2"
"RIOK1",0.143322871317202,"RIOK1"
"UBTF",0.468767310156958,"UBTF"
"IQGAP2",0.41851262232501,"IQGAP2"
"CSTF2T",0.21772304113192,"CSTF2T"
"PSMC3",0.0815002200692732,"PSMC3"
"NOP16",0.437963848849302,"NOP16"
"TOR1A",0.475226509213071,"TOR1A"
"PCCA",0.506966581694316,"PCCA"
"PSPH",0.391229187142199,"PSPH"
"GNAI2",0.773093585079108,"GNAI2"
"LAS1L",0.0922319593177894,"LAS1L"
"ABCB8",0.444939632120574,"ABCB8"
"NME4",0.575964425388862,"NME4"
"MRPS34",0.0307159566587167,"MRPS34"
"CDC37",0.465129318248419,"CDC37"
"OS9",0.343381730014781,"OS9"
"VTI1B",0.523745354034839,"VTI1B"
"ELOC",0.151335066801131,"ELOC"
"IMPDH2",0.632821878313009,"IMPDH2"
"RBM3",0.345119280582681,"RBM3"
"POLD2",0.206859381210962,"POLD2"
"ANXA7",0.538696749129449,"ANXA7"
"PBDC1",0.375265371221432,"PBDC1"
"MRPS6",0.148467852714547,"MRPS6"
"ORC5",-0.327472527472527,"ORC5"
"EPN1",0.392847125171785,"EPN1"
"S100B",0.614983404457089,"S100B"
"AK2",0.469249935679536,"AK2"
"NSMCE2",0.07542528990103,"NSMCE2"
"PLA2G4A",0.596030431756546,"PLA2G4A"
"NUB1",0.480201997116838,"NUB1"
"RCSD1",0.777706746059832,"RCSD1"
"NDUFB9",0.16414568801172,"NDUFB9"
"HDAC1",0.404937917741505,"HDAC1"
"TACC2",0.417975886006577,"TACC2"
"MTX2",0.18868886739178,"MTX2"
"YME1L1",0.170454454342552,"YME1L1"
"CAPG",0.712327159183654,"CAPG"
"ALDH1L1",-0.110018552875696,"ALDH1L1"
"GPD1",0.552447552447553,"GPD1"
"FBL",0.26806469650162,"FBL"
"POGLUT1",0.382558187690846,"POGLUT1"
"PROX1",0.52671013197329,"PROX1"
"CMSS1",0.476863933931511,"CMSS1"
"FTO",0.482344967723547,"FTO"
"PRDX3",0.57053422392216,"PRDX3"
"ALPL",0.486538461538462,"ALPL"
"FMR1",0.569075230967472,"FMR1"
"CLIP1",0.36409877700325,"CLIP1"
"KIF5C",0.582918055043955,"KIF5C"
"AIF1L",0.611249352335854,"AIF1L"
"BCAS1",0.695323321425968,"BCAS1"
"SQLE",0.380149051490515,"SQLE"
"ZBTB7B",0.438313282201353,"ZBTB7B"
"RAB8A",0.581740427960438,"RAB8A"
"ATP6V0A1",0.460603912134749,"ATP6V0A1"
"MBLAC2",0.389770034657353,"MBLAC2"
"ERBB2",0.565410037262672,"ERBB2"
"PRMT1",0.326469769265445,"PRMT1"
"FAS",0.642779843475323,"FAS"
"ATP5F1D",0.201834716862761,"ATP5F1D"
"PDHX",0.502749707622021,"PDHX"
"LNPEP",0.467585845286585,"LNPEP"
"ARMC8",0.189757281269705,"ARMC8"
"KIF15",0.148174358778188,"KIF15"
"POF1B",0.720748642986174,"POF1B"
"OSBPL8",0.383818895634391,"OSBPL8"
"SEC22B",0.677130223163035,"SEC22B"
"CLPB",0.36921789002357,"CLPB"
"ALDH1B1",0.681094673956945,"ALDH1B1"
"STS",0.50960477911877,"STS"
"NCBP1",0.369604343305144,"NCBP1"
"TRA2A",0.230972622013833,"TRA2A"
"SGF29",0.198778433449779,"SGF29"
"MORF4L1",0.240171640658525,"MORF4L1"
"ATXN2",0.285302767523706,"ATXN2"
"BRAP",0.134898055950688,"BRAP"
"SMARCA5",0.341183527171368,"SMARCA5"
"MCC",0.432005494505494,"MCC"
"NOP14",0.280622762392156,"NOP14"
"SH3KBP1",0.605985900509227,"SH3KBP1"
"OGA",0.379059767814465,"OGA"
"ALDH1A3",0.701018889130649,"ALDH1A3"
"ATP6AP2",0.370768839178308,"ATP6AP2"
"SCEL",0.261788364326277,"SCEL"
"CD2AP",0.528320653973083,"CD2AP"
"TMEM9",0.361069522598131,"TMEM9"
"CDCA8",0.381809453845033,"CDCA8"
"SDCBP",0.700722757604915,"SDCBP"
"CLCA2",0.27719298245614,"CLCA2"
"PLCB4",0.610081101471143,"PLCB4"
"LEF1",0.84956309334945,"LEF1"
"MOGS",0.451410340779938,"MOGS"
"PSMD9",0.331709419784943,"PSMD9"
"ACO1",0.500631320633515,"ACO1"
"EPS8L2",0.659723769545877,"EPS8L2"
"RDH13",0.601150586119931,"RDH13"
"DHX38",0.296786824247883,"DHX38"
"C1orf35",0.392458394061139,"C1orf35"
"PTRH2",0.468011399027992,"PTRH2"
"RP2",0.574101921047117,"RP2"
"SDHAF2",0.122294000134677,"SDHAF2"
"DPP7",0.383170386463303,"DPP7"
"TIMM50",0.444104193822683,"TIMM50"
"TMEM119",0.594529914529914,"TMEM119"
"CUX1",0.460222845322564,"CUX1"
"CYB5R3",0.711447535032958,"CYB5R3"
"PLCD3",0.600849784645714,"PLCD3"
"XRN1",0.162219595093838,"XRN1"
"CDK7",-0.0467234357645316,"CDK7"
"SNX18",0.709028139656071,"SNX18"
"ARHGDIB",0.816098731461235,"ARHGDIB"
"SLC34A2",0.434489795918367,"SLC34A2"
"PSMB2",0.10071559739072,"PSMB2"
"TXNDC9",0.204977713965253,"TXNDC9"
"WDR33",0.213498486014721,"WDR33"
"PTER",0.567182515611928,"PTER"
"PREX1",0.412215939400405,"PREX1"
"GGACT",0.239191671769749,"GGACT"
"EMD",0.596721159295056,"EMD"
"SCYL1",0.461699636036358,"SCYL1"
"AMER2",0.300699300699301,"AMER2"
"SULT1A1",0.290909090909091,"SULT1A1"
"PUS1",0.558430013315955,"PUS1"
"YTHDF2",0.440116866973758,"YTHDF2"
"KRT80",0.551072633895818,"KRT80"
"DNAJB6",0.410794924748413,"DNAJB6"
"RANBP2",0.202865961367916,"RANBP2"
"CHD8",0.228159955854313,"CHD8"
"SORBS2",0.480007374631269,"SORBS2"
"EPB41",0.705167903852952,"EPB41"
"MLLT11",0.0239175525019445,"MLLT11"
"EXOSC9",0.162414268828575,"EXOSC9"
"NCK1",0.405908622159159,"NCK1"
"TPPP",0.511865714836967,"TPPP"
"IDH3A",0.606410396372604,"IDH3A"
"BTF3L4",0.461567636588094,"BTF3L4"
"BTF3",0.377488927488449,"BTF3"
"BAZ1A",0.397008251123625,"BAZ1A"
"CLIC3",0.556353106353106,"CLIC3"
"PLPBP",0.677807020415382,"PLPBP"
"DDX17",0.444436157540418,"DDX17"
"HOGA1",0.68421052631579,"HOGA1"
"AXL",0.653417801606836,"AXL"
"NCAPH",0.411805532299317,"NCAPH"
"C11orf54",0.491794903747089,"C11orf54"
"WDR12",0.210667612149073,"WDR12"
"PYGB",0.705460679558619,"PYGB"
"PYGL",0.585782590833973,"PYGL"
"PIK3AP1",0.531516077505382,"PIK3AP1"
"ASS1",0.575078359670889,"ASS1"
"RAE1",0.40330929372757,"RAE1"
"KHDRBS1",0.492407620140339,"KHDRBS1"
"BUD31",0.291524050638281,"BUD31"
"PCYOX1",0.628692037174882,"PCYOX1"
"EXOSC6",0.203640105606435,"EXOSC6"
"CERS2",0.486046788900273,"CERS2"
"CHMP5",0.223087903894434,"CHMP5"
"SYNPO2",0.55949864089399,"SYNPO2"
"P4HA2",0.669503653009901,"P4HA2"
"ZNF219",0.429521373766898,"ZNF219"
"MRPL13",0.124429780312278,"MRPL13"
"DCX",0.2821697140894,"DCX"
"PDLIM5",0.671178900322558,"PDLIM5"
"MICALL1",0.441553785450792,"MICALL1"
"GAB1",0.515922534640629,"GAB1"
"TRIP10",0.501056897267397,"TRIP10"
"MRPS18B",0.156411201914661,"MRPS18B"
"DNAJC21",0.418734529178393,"DNAJC21"
"TCEA1",0.482305882076269,"TCEA1"
"MRM3",0.312026461026849,"MRM3"
"KRT16",0.604915391181693,"KRT16"
"HSPB6",0.495440729483283,"HSPB6"
"PLXNA1",0.481175961455238,"PLXNA1"
"PLEKHA2",0.668765469096795,"PLEKHA2"
"CRYAB",0.628432468694097,"CRYAB"
"ZNF185",0.695029644566166,"ZNF185"
"MAPK1",0.494797196802908,"MAPK1"
"SDC2",0.547256469313101,"SDC2"
"SEC63",0.327643825468177,"SEC63"
"DCP1B",0.266926621765331,"DCP1B"
"MAGEB2",0.778046134251616,"MAGEB2"
"CRLF3",0.562841851231167,"CRLF3"
"PEBP1",0.594658092355236,"PEBP1"
"EIF2D",0.49410930865258,"EIF2D"
"SPRYD4",0.336011733848073,"SPRYD4"
"AGFG1",0.444787400547873,"AGFG1"
"AAMP",0.212055438819059,"AAMP"
"PTP4A2",0.576811270125224,"PTP4A2"
"BCCIP",0.412926848212782,"BCCIP"
"PAAF1",0.365992558198051,"PAAF1"
"STX5",0.406842635192831,"STX5"
"HMG20B",0.147517227447195,"HMG20B"
"LLGL1",0.554917542120371,"LLGL1"
"DPH2",0.226763365051621,"DPH2"
"HLA-A",0.728225214254079,"HLA-A"
"HLA-C",0.557030994528758,"HLA-C"
"HLA-G",0.35974025974026,"HLA-G"
"RPL29",0.357684454838519,"RPL29"
"KTI12",0.329845647846283,"KTI12"
"PEX1",0.125054407375222,"PEX1"
"TAF6",0.040707090985329,"TAF6"
"NSMCE3",0.265442990471877,"NSMCE3"
"TSG101",0.136184533399488,"TSG101"
"PDXK",0.599648419489984,"PDXK"
"ITIH5",0.538345864661654,"ITIH5"
"PON3",0.109090909090909,"PON3"
"PGP",0.340935670720236,"PGP"
"NEFH",0.413546466973886,"NEFH"
"LAMTOR2",0.170040347718831,"LAMTOR2"
"RASAL3",0.599789840952449,"RASAL3"
"TBCB",0.470341320243105,"TBCB"
"STAT5A",0.647856922602528,"STAT5A"
"EIF3B",0.335581018631505,"EIF3B"
"RAB7A",0.678736736326919,"RAB7A"
"NPC1",0.645532985371638,"NPC1"
"HSP90B1",0.689088287117006,"HSP90B1"
"VCAN",0.569533896283574,"VCAN"
"RPS5",0.253308180343168,"RPS5"
"SEC31A",0.528843477373557,"SEC31A"
"NUDCD2",0.400739755396567,"NUDCD2"
"MYO5B",0.588963776119739,"MYO5B"
"ILF2",0.0678421066694149,"ILF2"
"PPOX",0.184221755094163,"PPOX"
"ZGPAT",0.324602251701232,"ZGPAT"
"PLIN3",0.641044354643178,"PLIN3"
"KRI1",0.323033335803304,"KRI1"
"CCDC59",0.191288373182391,"CCDC59"
"FAM98A",0.550028071394847,"FAM98A"
"CTSG",0.866935483870968,"CTSG"
"ATP1A3",0.359787767290567,"ATP1A3"
"GLRX",0.64439923451571,"GLRX"
"DUS2",0.310103141451133,"DUS2"
"USP9X",0.319828231935769,"USP9X"
"SF3A1",0.317243489737638,"SF3A1"
"UFL1",0.475162703730394,"UFL1"
"PLOD1",0.758508451964993,"PLOD1"
"YES1",0.557778888962444,"YES1"
"HAUS5",-0.0937377465113597,"HAUS5"
"EML2",0.280358945014145,"EML2"
"PDXDC1",0.54653012715511,"PDXDC1"
"GRSF1",0.354071494606117,"GRSF1"
"FMNL2",0.480839431646687,"FMNL2"
"P4HTM",0.281785110782245,"P4HTM"
"BLMH",0.651813902982984,"BLMH"
"IFT74",-0.123317649633439,"IFT74"
"MAX",0.401047801575213,"MAX"
"ERBIN",0.595557451098684,"ERBIN"
"LSM14B",0.47835709364025,"LSM14B"
"FN1",0.62836049076316,"FN1"
"RAB25",0.372657450076805,"RAB25"
"OPA3",0.349567502775239,"OPA3"
"ARSA",0.469362819140512,"ARSA"
"MIS18A",0.172900432900433,"MIS18A"
"EPS15",0.481003185817394,"EPS15"
"STAT2",0.433127574959945,"STAT2"
"CC2D1A",0.402880237452797,"CC2D1A"
"USP14",0.465080173863819,"USP14"
"TFG",0.342178219347915,"TFG"
"HSPB1",0.74282813783347,"HSPB1"
"PDF",0.211121779691322,"PDF"
"TTC33",0.268641470888662,"TTC33"
"NOP56",0.191855387832864,"NOP56"
"PPP1R12A",0.403937999988957,"PPP1R12A"
"GIMAP4",0.884615384615385,"GIMAP4"
"COG8",-0.135679694278815,"COG8"
"ORC2",0.20171256249439,"ORC2"
"RPL8",0.129812387892401,"RPL8"
"SMNDC1",0.316063184103319,"SMNDC1"
"RRP8",0.240653011953823,"RRP8"
"PTK2",0.522993921594937,"PTK2"
"BLM",0.170563244513106,"BLM"
"DAAM1",0.247125095674576,"DAAM1"
"CCNYL1",0.632232529375387,"CCNYL1"
"SAE1",0.316412177689625,"SAE1"
"CNNM3",0.202407028184646,"CNNM3"
"KPNA3",0.600865384873231,"KPNA3"
"MYO9B",0.3623795993988,"MYO9B"
"COL1A2",0.392378690850483,"COL1A2"
"PI4K2A",0.63646029741231,"PI4K2A"
"PHKA2",-0.0430857415810843,"PHKA2"
"PNPLA6",0.45285191613961,"PNPLA6"
"UBQLN4",0.446709744343131,"UBQLN4"
"LRBA",0.485297885824949,"LRBA"
"CBFB",0.583520235798529,"CBFB"
"SCAMP3",0.679968615413138,"SCAMP3"
"SCAMP1",0.416353884984799,"SCAMP1"
"DEF6",0.684385438540015,"DEF6"
"PRKCSH",0.45889906192064,"PRKCSH"
"TIMM10",0.100556195915569,"TIMM10"
"C1orf122",0.317755724552589,"C1orf122"
"SSR4",0.231007557333291,"SSR4"
"CCN1",0.491773954708692,"CCN1"
"BET1L",0.432008857822772,"BET1L"
"PTPN7",0.713934195725534,"PTPN7"
"CST6",0.445199790827155,"CST6"
"ATP5IF1",0.401258443111495,"ATP5IF1"
"HDAC7",0.376897087024016,"HDAC7"
"FILIP1L",0.335384615384615,"FILIP1L"
"HINT1",0.438635746034846,"HINT1"
"PPP4R1",0.436734162452984,"PPP4R1"
"PADI3",0.515789473684211,"PADI3"
"LIMD2",0.57108688967096,"LIMD2"
"LYRM4",-0.00237200241090675,"LYRM4"
"CIB1",0.298559816166701,"CIB1"
"USP5",0.365672004117113,"USP5"
"THOC6",0.222640154765611,"THOC6"
"METTL3",0.201718978866567,"METTL3"
"IKBKG",0.182645825543507,"IKBKG"
"NSD3",0.408044598050539,"NSD3"
"SESTD1",0.391472120393595,"SESTD1"
"KRT5",0.6905777863354,"KRT5"
"STX11",0.42216673903604,"STX11"
"ATP6V1E1",0.0937441407345601,"ATP6V1E1"
"IGFBPL1",0.325706507648432,"IGFBPL1"
"CASP14",0.49264705882353,"CASP14"
"PPP4C",0.033693159211657,"PPP4C"
"SF3A3",0.32143452157076,"SF3A3"
"CUEDC2",0.216134594682138,"CUEDC2"
"PIN1",0.548343847042251,"PIN1"
"FKBP3",0.487732194298202,"FKBP3"
"NUDT8",0.590422078907151,"NUDT8"
"MRPL48",-0.0716626502712204,"MRPL48"
"KMT2B",0.429897959183673,"KMT2B"
"CST1",0.554945054945055,"CST1"
"EPHA2",0.651087176494531,"EPHA2"
"PDAP1",0.40879656316276,"PDAP1"
"ALG1",0.492148541561633,"ALG1"
"CAPN1",0.560628015777568,"CAPN1"
"CTSE",0.263636363636364,"CTSE"
"MAP2",0.695406145237923,"MAP2"
"CCDC47",0.520676289860862,"CCDC47"
"VIM",0.926070445130989,"VIM"
"UCHL3",0.450833352668064,"UCHL3"
"TPD52",0.672425436220345,"TPD52"
"UNK",0.314462782390769,"UNK"
"IMP3",-0.0256659941071511,"IMP3"
"SAPCD2",0.343355530785866,"SAPCD2"
"GNG12",0.811725131729498,"GNG12"
"C7orf50",0.484164651925192,"C7orf50"
"FSCN1",0.708242898733641,"FSCN1"
"HELZ2",0.190459446788561,"HELZ2"
"DLAT",0.614568739718506,"DLAT"
"EPB41L3",0.760093411896518,"EPB41L3"
"NAGA",0.573042528520541,"NAGA"
"ISOC1",0.577923548826699,"ISOC1"
"PINX1",0.403956537966726,"PINX1"
"CDKN2AIP",0.66587588713941,"CDKN2AIP"
"GLIPR2",0.731272120566583,"GLIPR2"
"INTS4",0.0678949237620394,"INTS4"
"EEF2K",0.384951052992811,"EEF2K"
"LYPLAL1",0.425271523560889,"LYPLAL1"
"ATP6V1C1",0.423730232175443,"ATP6V1C1"
"SLC35B2",0.410132624918808,"SLC35B2"
"FAT2",0.553627069133398,"FAT2"
"C2CD5",0.359394787057024,"C2CD5"
"TAOK1",0.259072793672212,"TAOK1"
"GFRA1",0.71972213832679,"GFRA1"
"GDA",0.471124768315286,"GDA"
"GALM",0.584695345541866,"GALM"
"MLEC",0.598389357087771,"MLEC"
"CGAS",0.224835681127116,"CGAS"
"COPS6",0.0645970049664492,"COPS6"
"API5",0.437865699062631,"API5"
"NME2",0.360096310171277,"NME2"
"MEF2D",0.741152955647203,"MEF2D"
"GPSM1",0.546214695886558,"GPSM1"
"LZTS1",0.739384082838471,"LZTS1"
"NUP88",0.297394311364749,"NUP88"
"CALCA",0.620879120879121,"CALCA"
"ARFGAP1",0.43614646288602,"ARFGAP1"
"FLAD1",0.518463143504815,"FLAD1"
"AP2M1",0.523071950584118,"AP2M1"
"ANTXR1",0.622180113937264,"ANTXR1"
"DYNC1LI2",0.481252992302079,"DYNC1LI2"
"MUC20",0.115001641317431,"MUC20"
"SMARCB1",0.304282586762004,"SMARCB1"
"PRPF31",0.362827126577269,"PRPF31"
"EIF6",0.483619399534424,"EIF6"
"MTFR1L",0.324857237015706,"MTFR1L"
"DUSP9",0.650404858299595,"DUSP9"
"ACY3",0.172649572649573,"ACY3"
"TNIK",0.416383369847146,"TNIK"
"FMN2",0.44671669793621,"FMN2"
"TMEM109",0.666704803591213,"TMEM109"
"SLC25A13",0.721123415437494,"SLC25A13"
"GCLC",0.600408885207786,"GCLC"
"VWA5A",0.401424917793204,"VWA5A"
"ENDOG",0.254372043097648,"ENDOG"
"RUNX1",0.538455213076321,"RUNX1"
"NCAM2",0.776882467352042,"NCAM2"
"EIF4ENIF1",0.32400660307637,"EIF4ENIF1"
"LDB3",-0.0246963562753036,"LDB3"
"MRPS11",-0.0468879635670598,"MRPS11"
"ARPC2",0.471399636135204,"ARPC2"
"ZCRB1",0.0246305418719212,"ZCRB1"
"AP3B1",0.3459670128533,"AP3B1"
"DNTTIP2",0.266732480615362,"DNTTIP2"
"PECAM1",0.69333722969024,"PECAM1"
"DOCK10",0.546622185154295,"DOCK10"
"RSBN1L",0.372727272727273,"RSBN1L"
"ZC3HAV1",0.582719343879685,"ZC3HAV1"
"PTDSS2",0.338279290205222,"PTDSS2"
"CBLL1",0.0507747942709075,"CBLL1"
"ZNF280C",0.487494717563093,"ZNF280C"
"ENPEP",0.519607843137255,"ENPEP"
"CPM",0.574922307678953,"CPM"
"ZC3H13",0.280092524115302,"ZC3H13"
"WIPF2",0.2240365232677,"WIPF2"
"EEF1B2",0.432447987234598,"EEF1B2"
"PHC2",0.467038683402246,"PHC2"
"CHCHD6",0.285958481996338,"CHCHD6"
"PIGS",0.318199856703266,"PIGS"
"RNH1",0.467489371944739,"RNH1"
"KPNA2",0.374890647110045,"KPNA2"
"STAT6",0.58673277524603,"STAT6"
"CHTOP",0.259469263426293,"CHTOP"
"SORL1",0.4793715487061,"SORL1"
"VRK1",0.64165772041987,"VRK1"
"UBAC2",0.47791515584794,"UBAC2"
"SURF2",0.220396834387998,"SURF2"
"FBRSL1",0.452941176470588,"FBRSL1"
"CLINT1",0.418606240531805,"CLINT1"
"NUP188",0.231803282248457,"NUP188"
"PUM2",-0.155731225296443,"PUM2"
"PRPSAP1",0.351444960492667,"PRPSAP1"
"ETHE1",0.795679810711705,"ETHE1"
"CNPY3",0.433551102423188,"CNPY3"
"SAP130",0.063557980878695,"SAP130"
"MAPK13",0.504842500284296,"MAPK13"
"C19orf47",0.362832702430946,"C19orf47"
"PBK",0.428739355770312,"PBK"
"CARHSP1",0.503540557046577,"CARHSP1"
"ITGA1",0.696705748760367,"ITGA1"
"USO1",0.538116138665262,"USO1"
"PDZD11",0.0970761735156301,"PDZD11"
"SH3GL1",0.5159553891768,"SH3GL1"
"MAGED1",0.523779633000649,"MAGED1"
"CNOT1",0.294324409139102,"CNOT1"
"NBN",0.336677428798384,"NBN"
"CTDSPL2",0.430940434339855,"CTDSPL2"
"LRRC15",0.677066228790367,"LRRC15"
"FPGS",0.366836734693878,"FPGS"
"NFRKB",0.181113331113331,"NFRKB"
"KIAA1217",0.583230737808389,"KIAA1217"
"ARPC1B",0.581709109598957,"ARPC1B"
"UTP14A",0.370512692155779,"UTP14A"
"HMGCS1",0.443508550849677,"HMGCS1"
"OXA1L",0.281799656377918,"OXA1L"
"CLU",0.552958095285675,"CLU"
"NSUN5",0.205085772190328,"NSUN5"
"OSBPL1A",0.383593800244389,"OSBPL1A"
"TNS4",0.547312389103434,"TNS4"
"ARGLU1",0.498484082900388,"ARGLU1"
"RGS10",0.636284228664187,"RGS10"
"DR1",0.479538986164652,"DR1"
"PI4KA",0.128484190329634,"PI4KA"
"NSFL1C",0.39950627664196,"NSFL1C"
"PRKCI",0.316130160885182,"PRKCI"
"ACADSB",0.543312405577723,"ACADSB"
"ILKAP",0.517862256467429,"ILKAP"
"CCDC88A",0.239278471157029,"CCDC88A"
"EI24",0.540824209557973,"EI24"
"CRIP2",0.594199264734288,"CRIP2"
"FAH",0.690729847533186,"FAH"
"NSD2",0.377917471292752,"NSD2"
"MARK2",0.385113975879777,"MARK2"
"AK4",0.758914597193861,"AK4"
"CHP1",0.381603581802481,"CHP1"
"FASTKD5",0.444376595082643,"FASTKD5"
"PTPRU",0.0634782608695652,"PTPRU"
"NUP35",0.248320873262358,"NUP35"
"MAN2B1",0.589285357399823,"MAN2B1"
"CGN",0.751102638891122,"CGN"
"SYTL1",0.326230407592637,"SYTL1"
"ITPRID2",0.678681248032938,"ITPRID2"
"PRKCB",0.490764826544643,"PRKCB"
"CALD1",0.801878719770169,"CALD1"
"DCTN2",0.360837155618751,"DCTN2"
"PLXDC2",0.595842886900748,"PLXDC2"
"PLRG1",0.123220977946428,"PLRG1"
"YKT6",0.476033347101227,"YKT6"
"GLRX3",0.370427285357512,"GLRX3"
"VBP1",0.315625294585722,"VBP1"
"MTERF3",0.218038098947326,"MTERF3"
"DTD1",0.637941525961998,"DTD1"
"CDC42EP1",0.427303183649403,"CDC42EP1"
"CEMIP2",0.560428012566909,"CEMIP2"
"TBC1D13",0.369283131754569,"TBC1D13"
"ACOX3",0.384385135761283,"ACOX3"
"METTL14",0.0876100454082106,"METTL14"
"PKMYT1",0.100728119125063,"PKMYT1"
"DECR1",0.690442425636132,"DECR1"
"P3H2",0.650623151824255,"P3H2"
"HSPA12A",0.343002019018849,"HSPA12A"
"SUPT5H",0.383820019017679,"SUPT5H"
"TRIT1",0.444576110236867,"TRIT1"
"RCL1",0.150276172124493,"RCL1"
"GCC1",0.110984895254558,"GCC1"
"UBAC1",0.327263698742572,"UBAC1"
"EEF1D",0.362588645080097,"EEF1D"
"RBM4",0.436076356054914,"RBM4"
"BROX",0.367078310206739,"BROX"
"COPS7B",0.404273023441867,"COPS7B"
"STK3",0.40171927534494,"STK3"
"STK4",0.72916794919185,"STK4"
"PLPP6",0.658074378340479,"PLPP6"
"PRDX2",0.763951527365667,"PRDX2"
"PSMA4",0.209842387326056,"PSMA4"
"PLAT",0.0848686197523407,"PLAT"
"DBR1",0.364144346350826,"DBR1"
"IDH2",0.816018557499145,"IDH2"
"IDH1",0.574221113347498,"IDH1"
"GUK1",0.412186705480521,"GUK1"
"TSC22D2",0.396825215162058,"TSC22D2"
"RASSF2",0.571719675294431,"RASSF2"
"UTP4",0.197183101235111,"UTP4"
"OSBP",0.39537252065109,"OSBP"
"ARHGEF6",0.635874823408536,"ARHGEF6"
"GALNT1",0.572265177413836,"GALNT1"
"PSMB7",0.0509854983954366,"PSMB7"
"APOA1",0.124649859943978,"APOA1"
"CHRAC1",0.35762720358108,"CHRAC1"
"CAVIN1",0.665718560958458,"CAVIN1"
"HNRNPH3",0.301704316827587,"HNRNPH3"
"HNRNPH2",0.547356017116225,"HNRNPH2"
"MRPL4",-0.0836132178599928,"MRPL4"
"SUPV3L1",0.440600436015555,"SUPV3L1"
"AK1",0.445910752360646,"AK1"
"STX12",0.583307726834892,"STX12"
"NSA2",0.00500228533703033,"NSA2"
"WDR4",0.0265750583354939,"WDR4"
"PODXL",0.738823853897752,"PODXL"
"ANK2",0.192211244233268,"ANK2"
"ANKS1A",0.794333876772586,"ANKS1A"
"EDEM3",0.415142894008688,"EDEM3"
"ESRP1",0.479324317825515,"ESRP1"
"RBM12",0.436583877841647,"RBM12"
"KRT6B",0.618703684375326,"KRT6B"
"FN3KRP",0.417689708815764,"FN3KRP"
"DCBLD2",0.700463468129878,"DCBLD2"
"TMED8",0.470771145384239,"TMED8"
"GPATCH8",0.231471257038902,"GPATCH8"
"GIMAP1",0.849329205366357,"GIMAP1"
"MPHOSPH10",0.142655235708757,"MPHOSPH10"
"RRM1",0.326512697171074,"RRM1"
"GDPD1",0.480648282535075,"GDPD1"
"HDHD5",0.505906503344176,"HDHD5"
"MKLN1",-0.0051948051948052,"MKLN1"
"BAG1",0.361850716450813,"BAG1"
"TNPO2",0.410581808473393,"TNPO2"
"RPA3",0.175337687869811,"RPA3"
"LRRC59",0.596917175245637,"LRRC59"
"RABAC1",0.366616458006984,"RABAC1"
"CHMP2B",0.522707717865058,"CHMP2B"
"PTPRG",0.293086831618942,"PTPRG"
"P4HA1",0.71818998084693,"P4HA1"
"NOA1",0.142287442747495,"NOA1"
"CZIB",0.414126714749131,"CZIB"
"PHF8",0.366086956521739,"PHF8"
"CALCOCO1",0.0498889300259163,"CALCOCO1"
"PAX8",0.722456633849039,"PAX8"
"ARFGEF1",0.475994092159055,"ARFGEF1"
"ARFGEF2",0.468775978033604,"ARFGEF2"
"NASP",0.565431727376639,"NASP"
"PUDP",0.494717259353246,"PUDP"
"ZNF830",0.137866746829137,"ZNF830"
"ISG20",0.773511700126182,"ISG20"
"PSMB10",0.561695456282688,"PSMB10"
"CSDE1",0.357008954853644,"CSDE1"
"EOGT",0.420592020592021,"EOGT"
"RPS6KA3",0.557296613291702,"RPS6KA3"
"PAPSS1",0.548469867501987,"PAPSS1"
"LYZ",0.605595019554633,"LYZ"
"AGAP3",0.405643854799631,"AGAP3"
"HLA-DPB1",0.604776477647765,"HLA-DPB1"
"FDPS",0.508710027324682,"FDPS"
"DCAF16",0.450337481969764,"DCAF16"
"MRPL40",0.123636051345902,"MRPL40"
"LEMD2",0.494667933196974,"LEMD2"
"STAT5B",0.728740147566166,"STAT5B"
"SHTN1",0.562673350475184,"SHTN1"
"CISD3",0.670469276639876,"CISD3"
"ZDHHC13",0.428955989175331,"ZDHHC13"
"FRMD4A",0.283114446529081,"FRMD4A"
"OSBPL10",0.0501336898395722,"OSBPL10"
"PCOLCE",0.38666396894245,"PCOLCE"
"MRPL3",-0.00253015392219122,"MRPL3"
"DAG1",0.55294416841733,"DAG1"
"DOK3",0.695241524152415,"DOK3"
"RBM22",0.230248426398387,"RBM22"
"DIS3L2",0.19467136636948,"DIS3L2"
"LIFR",0.427272727272727,"LIFR"
"RNF220",0.100527009222661,"RNF220"
"PICALM",0.731521960515878,"PICALM"
"FLI1",0.447255230735583,"FLI1"
"RETREG2",0.263640295428838,"RETREG2"
"PEX14",0.389452240550958,"PEX14"
"SH3GLB2",0.489854343583445,"SH3GLB2"
"COMMD4",0.101690857399372,"COMMD4"
"KIAA1671",0.361083978486844,"KIAA1671"
"LUC7L3",0.438561258075668,"LUC7L3"
"CYP24A1",0.426209677419355,"CYP24A1"
"VASP",0.636409617628635,"VASP"
"REEP5",0.749042159873162,"REEP5"
"GLCCI1",0.5802141425095,"GLCCI1"
"RETSAT",0.472988164226287,"RETSAT"
"STAU1",0.626092168745174,"STAU1"
"NUCKS1",0.40648913684637,"NUCKS1"
"YWHAG",0.528493633836994,"YWHAG"
"BRAT1",0.265598619138072,"BRAT1"
"PDE1C",0.460126916975145,"PDE1C"
"RABEPK",0.275288348543932,"RABEPK"
"CAND2",0.616036137775268,"CAND2"
"MRPS30",0.0930603767763086,"MRPS30"
"BCKDHA",0.168638271153361,"BCKDHA"
"FSD1L",0.510695187165775,"FSD1L"
"PSMC5",0.105185343203945,"PSMC5"
"ABHD14B",0.6364054937833,"ABHD14B"
"NAV1",0.344198805612649,"NAV1"
"TRIM33",0.519756292846773,"TRIM33"
"CBX2",0.514102551743418,"CBX2"
"MTMR14",0.456545026065843,"MTMR14"
"PROM2",0.462150686503515,"PROM2"
"MYO1C",0.695120397341952,"MYO1C"
"PANK4",0.3796410014171,"PANK4"
"CTSL",0.614685008255688,"CTSL"
"WDR6",0.225274725274725,"WDR6"
"MZB1",0.712591227202566,"MZB1"
"SLFN5",0.432767031321693,"SLFN5"
"THUMPD1",0.442306314531163,"THUMPD1"
"TUBA1C",0.263977192101426,"TUBA1C"
"SEC62",0.524171675926466,"SEC62"
"LEMD3",0.309622679693775,"LEMD3"
"AP2A2",0.513133882873509,"AP2A2"
"AVIL",0.367032967032967,"AVIL"
"SDF4",0.512184232187743,"SDF4"
"EBNA1BP2",0.374978432209033,"EBNA1BP2"
"NUP210",0.744785762160556,"NUP210"
"SCARB2",0.77217013477383,"SCARB2"
"MMP14",0.739840604250063,"MMP14"
"GATC",-0.00321134805649937,"GATC"
"ACP6",0.506459374630205,"ACP6"
"ARIH1",0.175290931846626,"ARIH1"
"MCMBP",0.343469746846378,"MCMBP"
"BUD13",0.339439353026683,"BUD13"
"CD47",0.710399178324367,"CD47"
"RAB5C",0.730023968495469,"RAB5C"
"STARD7",0.245236955603765,"STARD7"
"PMPCB",0.128871896462273,"PMPCB"
"TKT",0.574918966728817,"TKT"
"CDK5RAP3",-0.0661072462513859,"CDK5RAP3"
"ENO3",0.153583258846417,"ENO3"
"SRP19",0.197263148236921,"SRP19"
"PSMA3",0.0298692084604595,"PSMA3"
"PDCD5",0.357312830611539,"PDCD5"
"AACS",0.433078643165428,"AACS"
"UTP23",0.2721622087846,"UTP23"
"MAEA",0.323831461752635,"MAEA"
"RAB27B",0.619945795434882,"RAB27B"
"NRBP1",0.14115032031317,"NRBP1"
"GPNMB",0.750008423284423,"GPNMB"
"WDR3",0.167168332200995,"WDR3"
"HS1BP3",0.555823607938925,"HS1BP3"
"DUSP23",0.504686916545818,"DUSP23"
"PDE12",0.748906125178438,"PDE12"
"TUBA4A",0.601391061179209,"TUBA4A"
"BABAM1",0.315531153574721,"BABAM1"
"GALE",0.489890258831292,"GALE"
"P3H1",0.765077715311768,"P3H1"
"VPS36",0.417781505717919,"VPS36"
"RPL37A",0.0823728441211534,"RPL37A"
"DPYSL4",0.419422016138446,"DPYSL4"
"KMO",0.658128078817734,"KMO"
"AUH",0.519811354061647,"AUH"
"FGD3",0.423527553193331,"FGD3"
"ZRANB2",0.519535450808028,"ZRANB2"
"BPGM",0.491289525112973,"BPGM"
"CYFIP1",0.257135132371673,"CYFIP1"
"RB1",0.569808441794667,"RB1"
"AVL9",0.455107340260728,"AVL9"
"GTSE1",0.348470050413547,"GTSE1"
"PRRC2A",0.404488538496008,"PRRC2A"
"SNX1",0.479853258880896,"SNX1"
"RNF25",0.410065562428879,"RNF25"
"NIPSNAP3A",0.324232129206237,"NIPSNAP3A"
"ELP2",0.211558766323979,"ELP2"
"ZCCHC3",0.448379228215441,"ZCCHC3"
"PCIF1",0.337721917309148,"PCIF1"
"RANGRF",0.483083322179782,"RANGRF"
"NFATC1",0.660906696464203,"NFATC1"
"DSTN",0.57961584722092,"DSTN"
"ACAD8",0.348668907816899,"ACAD8"
"SLC25A11",0.235138662072495,"SLC25A11"
"KLK6",0.624375960061444,"KLK6"
"GMEB1",0.154359750513337,"GMEB1"
"GMPPA",0.358008946416675,"GMPPA"
"TMLHE",0.226925132737056,"TMLHE"
"SEC24C",0.461549440106625,"SEC24C"
"SAFB2",0.211528352721029,"SAFB2"
"CDC42",0.399515919901472,"CDC42"
"CPNE2",0.382803041638894,"CPNE2"
"STXBP4",0.399913156752063,"STXBP4"
"RAC2",0.885797244725394,"RAC2"
"CMPK2",0.443709712180881,"CMPK2"
"MRPS10",0.0916680756246536,"MRPS10"
"UFD1",0.117014024948385,"UFD1"
"MAT2B",0.500456957056093,"MAT2B"
"PPP1R21",0.334262565005461,"PPP1R21"
"CFL2",0.687726610097921,"CFL2"
"CFL1",0.178197575636451,"CFL1"
"PPTC7",0.253503793208886,"PPTC7"
"LYSMD1",0.389406901855234,"LYSMD1"
"RHOT1",0.289317069507758,"RHOT1"
"GPI",0.497531986119365,"GPI"
"HSD11B2",-0.120879120879121,"HSD11B2"
"CA2",0.678829823562891,"CA2"
"PSMG3",0.170069251395293,"PSMG3"
"RHOG",0.725951723384492,"RHOG"
"TWF2",0.664385830785679,"TWF2"
"EFL1",0.3957335209889,"EFL1"
"DHRS7",0.647506258485053,"DHRS7"
"DNTTIP1",0.117824689619456,"DNTTIP1"
"ERO1A",0.783653986788321,"ERO1A"
"SERPINH1",0.909807139242035,"SERPINH1"
"HAUS6",0.326275719964216,"HAUS6"
"AKAP8L",0.348750813607742,"AKAP8L"
"NAXD",0.532188782427294,"NAXD"
"HDHD2",0.671122698307952,"HDHD2"
"BDH1",0.531243972229163,"BDH1"
"HSD17B2",0.382258064516129,"HSD17B2"
"NUMB",0.544453493885354,"NUMB"
"CLYBL",0.386430311769678,"CLYBL"
"MAP7D3",0.425086213345017,"MAP7D3"
"PLOD3",0.742193005704513,"PLOD3"
"BAIAP2L1",0.656440699343902,"BAIAP2L1"
"THOC1",0.307320850974888,"THOC1"
"STX6",0.438945025318621,"STX6"
"SNX2",0.447320364694061,"SNX2"
"NAMPT",0.623962714187396,"NAMPT"
"ZFAND6",0.367878358235715,"ZFAND6"
"ARL15",0.488605269860233,"ARL15"
"PATL1",0.304620363765438,"PATL1"
"GINS4",0.2948973216592,"GINS4"
"PLCG1",0.60635173346105,"PLCG1"
"VAPA",0.606330904310365,"VAPA"
"F13A1",0.51038961038961,"F13A1"
"FCRLA",0.465257083605707,"FCRLA"
"CCDC117",0.181240162296992,"CCDC117"
"PIK3C3",0.212966422890087,"PIK3C3"
"PDCD6IP",0.583219263337119,"PDCD6IP"
"SPATS2L",0.691788390592944,"SPATS2L"
"STX16",0.344471386701418,"STX16"
"CYGB",0.775427463423233,"CYGB"
"SYNE3",0.450714859457511,"SYNE3"
"CROCC",0.112838420618307,"CROCC"
"NBAS",0.114884861367196,"NBAS"
"ECI1",0.606525821160385,"ECI1"
"SNRPA",0.221432583796355,"SNRPA"
"MFN1",0.331771987198338,"MFN1"
"NAPG",0.589023991930539,"NAPG"
"LPCAT2",0.69612900873177,"LPCAT2"
"CUL4A",0.352874389309366,"CUL4A"
"GFPT1",0.500731912630464,"GFPT1"
"ACAP2",0.522383998501744,"ACAP2"
"SIKE1",0.306541559706117,"SIKE1"
"TUT4",-0.105566733735748,"TUT4"
"PKP1",0.545873172103487,"PKP1"
"HID1",0.672418641511363,"HID1"
"VTN",0.045218138154002,"VTN"
"RPP25L",0.123016861040589,"RPP25L"
"ARG2",0.421123346936531,"ARG2"
"TIMP2",0.573529411764706,"TIMP2"
"ORC3",0.144887957042752,"ORC3"
"PLEKHA1",0.27661520869068,"PLEKHA1"
"STARD10",0.711025764673464,"STARD10"
"USP36",0.242469576271628,"USP36"
"DCLK1",0.702485240906494,"DCLK1"
"PARD6B",0.644835200528071,"PARD6B"
"DDR1",0.425686506667778,"DDR1"
"CA8",0.519460903915418,"CA8"
"YWHAH",0.433526079617987,"YWHAH"
"NSL1",0.107004713606584,"NSL1"
"YWHAQ",0.394016941761243,"YWHAQ"
"YWHAB",0.26337001257318,"YWHAB"
"EIF2B2",0.100609953325385,"EIF2B2"
"PCBP3",0.274025493203575,"PCBP3"
"IFIT5",0.417305193350361,"IFIT5"
"SETDB1",0.307735742518351,"SETDB1"
"HLA-DQB1",0.699551384944643,"HLA-DQB1"
"SMYD3",0.240154030871075,"SMYD3"
"LARP1",0.548640680863578,"LARP1"
"PCBP4",0.696893190265797,"PCBP4"
"AGL",0.410884221764435,"AGL"
"HELLS",0.293994048164868,"HELLS"
"NPC2",0.642184122956486,"NPC2"
"ECH1",0.675604302153958,"ECH1"
"POP4",-0.153292714544983,"POP4"
"ZNF687",0.270354460681275,"ZNF687"
"ACACA",0.381231226763633,"ACACA"
"M6PR",0.620074848223,"M6PR"
"CUL5",0.307250790603142,"CUL5"
"EIF4E2",0.0852041323628843,"EIF4E2"
"EMC7",0.468021713190361,"EMC7"
"ATP6V1B2",0.760602220995322,"ATP6V1B2"
"SPPL2A",0.493241257713782,"SPPL2A"
"EPB41L1",0.608570555229125,"EPB41L1"
"GNAI1",0.7031563835719,"GNAI1"
"TARBP1",0.163777307963354,"TARBP1"
"AP1B1",0.472354634517898,"AP1B1"
"DNAJC9",0.553443726938375,"DNAJC9"
"WDR13",0.141197358930256,"WDR13"
"NIPBL",0.396666300957842,"NIPBL"
"SLC4A7",0.561524389000066,"SLC4A7"
"IGFBP5",0.240787623066104,"IGFBP5"
"TEX10",0.124338120753844,"TEX10"
"PLCB2",0.679220779220779,"PLCB2"
"SPINT1",0.690997270293907,"SPINT1"
"IFT27",0.44787071253777,"IFT27"
"COASY",0.354788780526099,"COASY"
"LIMS1",0.517405548927993,"LIMS1"
"ARL6IP5",0.728056001626909,"ARL6IP5"
"UBXN6",0.288612084101292,"UBXN6"
"APOBR",0.839945170133849,"APOBR"
"FBXL20",0.22491656398665,"FBXL20"
"PHOX2A",0.388888888888889,"PHOX2A"
"SLC7A1",0.326556070892948,"SLC7A1"
"CD22",0.629563767713254,"CD22"
"RANBP1",0.424396334916926,"RANBP1"
"MORC2",0.418450842932042,"MORC2"
"FBXO11",0.325836142079336,"FBXO11"
"TRIP6",0.65097865939982,"TRIP6"
"FOXA1",0.716148628125949,"FOXA1"
"HCCS",0.580544440608173,"HCCS"
"GSPT1",0.414942271101496,"GSPT1"
"PHF14",0.0308107429885333,"PHF14"
"POLR3K",-0.166666666666667,"POLR3K"
"ATP1B1",0.750819975865641,"ATP1B1"
"C12orf57",0.533647051409466,"C12orf57"
"MXRA8",0.564741350224747,"MXRA8"
"PACSIN1",0.594704015756647,"PACSIN1"
"CFAP20",0.171103036111222,"CFAP20"
"SARDH",0.449277675792162,"SARDH"
"CHD3",0.496856827251767,"CHD3"
"ZYX",0.694953188698522,"ZYX"
"ACAD9",0.509363443710858,"ACAD9"
"DTX3L",0.427747143367581,"DTX3L"
"SF1",0.508019032374394,"SF1"
"DPY30",0.356505765111415,"DPY30"
"ROBO1",0.554707094835391,"ROBO1"
"TSR1",0.32628920033539,"TSR1"
"DAP3",0.0720031422510721,"DAP3"
"ARPC3",0.249558787786724,"ARPC3"
"SMC6",0.166704576538422,"SMC6"
"CRTAP",0.606807998957931,"CRTAP"
"TPP1",0.656905216863714,"TPP1"
"ACSS1",0.593273637700812,"ACSS1"
"UQCRQ",0.169440375579547,"UQCRQ"
"NAXE",0.658621663236137,"NAXE"
"PHF3",0.239961521752622,"PHF3"
"MRPL1",0.31463270984342,"MRPL1"
"RPS11",0.194190463355346,"RPS11"
"PLIN2",0.324550111112631,"PLIN2"
"RBM19",0.187440144266528,"RBM19"
"ERI3",0.503918959403064,"ERI3"
"GEMIN6",0.221800215848727,"GEMIN6"
"EIF4H",0.39023517060705,"EIF4H"
"MRPL50",0.116999841697251,"MRPL50"
"RIPOR1",0.431330764066396,"RIPOR1"
"C19orf25",0.0446273858153856,"C19orf25"
"USP13",0.578662859709345,"USP13"
"CAPZA1",0.490606513228208,"CAPZA1"
"EIF3F",0.301384649229919,"EIF3F"
"BANF1",0.361126529623484,"BANF1"
"BAG4",0.406674969319433,"BAG4"
"DNAJA3",0.402941787198711,"DNAJA3"
"LOX",0.635545205070286,"LOX"
"PITHD1",0.673416212362217,"PITHD1"
"PPP6R3",0.223415399536747,"PPP6R3"
"THBD",0.568510977708744,"THBD"
"GSKIP",0.481930826395233,"GSKIP"
"MESD",0.66924243298001,"MESD"
"PRKD2",0.536340882245097,"PRKD2"
"TES",0.517593378410328,"TES"
"FHL2",0.628467601592493,"FHL2"
"NDUFA8",0.257280411667317,"NDUFA8"
"FSTL1",0.596636427053835,"FSTL1"
"MEMO1",0.364875095474619,"MEMO1"
"ABRACL",0.658334540344819,"ABRACL"
"PDCL",0.376567500883174,"PDCL"
"NAP1L1",0.609059630550285,"NAP1L1"
"PTPN1",0.679626738508355,"PTPN1"
"CIAPIN1",0.378318589870793,"CIAPIN1"
"SRR",0.594089781186555,"SRR"
"ST6GAL1",0.219803257539107,"ST6GAL1"
"LPXN",0.749473471396927,"LPXN"
"LNPK",0.526015205819882,"LNPK"
"CSRP2",0.563669812065638,"CSRP2"
"PRIM1",0.351689671110354,"PRIM1"
"CYP4F11",0.617813765182186,"CYP4F11"
"KDM1A",0.334923617827764,"KDM1A"
"ISG15",0.551013077960732,"ISG15"
"GLO1",0.405533295428635,"GLO1"
"SLBP",0.496828998171341,"SLBP"
"CTCF",0.489483579739608,"CTCF"
"AHSG",-0.0304718352638314,"AHSG"
"ROCK1",0.337500826222909,"ROCK1"
"PPIH",0.482373063116125,"PPIH"
"MAZ",0.290765344639211,"MAZ"
"MAFF",0.449120327682587,"MAFF"
"CADM1",0.556896220371557,"CADM1"
"LPP",0.485884785451,"LPP"
"GDAP1",0.636485770463338,"GDAP1"
"MRPL16",-0.00752663993290506,"MRPL16"
"RPL13A",0.0380170950954136,"RPL13A"
"ITGB5",-0.105071671159221,"ITGB5"
"EIF3D",0.304604212054759,"EIF3D"
"PPAT",0.592788072264754,"PPAT"
"SDE2",0.248900853417759,"SDE2"
"INTS13",0.243860032349456,"INTS13"
"NFXL1",0.264034776612493,"NFXL1"
"FAM91A1",0.334680893278179,"FAM91A1"
"UBE2M",0.463510657005313,"UBE2M"
"CEACAM5",0.732438312992752,"CEACAM5"
"NRG1",0.463569518716578,"NRG1"
"CFAP36",0.520408163265306,"CFAP36"
"NDUFA10",0.0892485487661108,"NDUFA10"
"GPX1",0.602476182429017,"GPX1"
"CDC20",0.257101638753015,"CDC20"
"SLMAP",0.404253157692673,"SLMAP"
"PPIG",0.299912058255186,"PPIG"
"OAS2",-0.284405856315969,"OAS2"
"ARHGAP25",0.731033808872386,"ARHGAP25"
"MAGEA4",0.682770188850221,"MAGEA4"
"PAIP2",-0.138034759358289,"PAIP2"
"POLR1C",0.404721916618881,"POLR1C"
"ZNF22",0.371095765269233,"ZNF22"
"ABLIM3",0.606788407363671,"ABLIM3"
"GBP2",0.174615384615385,"GBP2"
"CASP1",0.588415665806027,"CASP1"
"MX2",0.125481185282445,"MX2"
"COX5B",0.241568137115435,"COX5B"
"PSMD8",0.126254754364717,"PSMD8"
"CNBP",0.478543144096815,"CNBP"
"ACTR10",0.060791572536539,"ACTR10"
"PLEKHF2",0.639688109161793,"PLEKHF2"
"ATP2B4",0.57777216613895,"ATP2B4"
"PPP6C",0.0945913009082473,"PPP6C"
"ARNT",0.157426649290268,"ARNT"
"PDLIM1",0.74202768325192,"PDLIM1"
"PIP4P1",0.33462378674792,"PIP4P1"
"NOP9",0.398746393774873,"NOP9"
"ITM2C",0.33756550566772,"ITM2C"
"MMP15",0.439369202226345,"MMP15"
"MMP7",0.538461538461538,"MMP7"
"AMPD2",0.58352483015581,"AMPD2"
"CENPV",0.717231326690233,"CENPV"
"ACTR2",0.443258043667153,"ACTR2"
"EIF2B5",0.246736798793375,"EIF2B5"
"PIP4K2C",0.592774141892022,"PIP4K2C"
"CCNH",-0.0464985994397759,"CCNH"
"FAM136A",0.615155257029357,"FAM136A"
"KDSR",0.524208849626728,"KDSR"
"DDX39B",0.21374412157961,"DDX39B"
"TIMM13",0.310290288154394,"TIMM13"
"DYSF",0.557381430973421,"DYSF"
"CIAO1",0.336575357438901,"CIAO1"
"GLMN",0.400846985012199,"GLMN"
"SSNA1",0.358890553479138,"SSNA1"
"NADSYN1",0.323955507325014,"NADSYN1"
"S100A11",0.645387525137139,"S100A11"
"PDCD2",0.265678515641887,"PDCD2"
"ALK",0.539495798319328,"ALK"
"THNSL1",0.459284444534658,"THNSL1"
"RELA",0.281078341175878,"RELA"
"SLIRP",0.221377353358759,"SLIRP"
"PSMG2",0.368009457974311,"PSMG2"
"COPS7A",0.320239305910445,"COPS7A"
"G6PD",0.725262504831285,"G6PD"
"CPSF2",0.270300083739213,"CPSF2"
"ZFPL1",0.603080741774329,"ZFPL1"
"MAOB",0.287178051511758,"MAOB"
"BRIX1",0.291070651050779,"BRIX1"
"CSTF3",0.161074867564155,"CSTF3"
"YJU2",0.268765998433986,"YJU2"
"FKBP15",0.335892815106613,"FKBP15"
"GSTM3",0.625902641715726,"GSTM3"
"POLDIP3",0.523118144316438,"POLDIP3"
"BOP1",0.242319759847156,"BOP1"
"CTPS1",0.506768334589705,"CTPS1"
"ARHGAP4",0.639045300229759,"ARHGAP4"
"POU2F2",0.437931034482759,"POU2F2"
"GALK2",0.584374948775595,"GALK2"
"AKT1S1",0.337640683652566,"AKT1S1"
"SNX3",0.494888227474422,"SNX3"
"SNX12",0.327213989374282,"SNX12"
"RIPK2",0.512707488864572,"RIPK2"
"GTF3C4",0.341105101611263,"GTF3C4"
"USP24",0.356867175848511,"USP24"
"PPAN",0.0348249226967474,"PPAN"
"C11orf68",0.476342422987526,"C11orf68"
"CORO7",0.729093647906866,"CORO7"
"PTK2B",0.626114354554722,"PTK2B"
"COMTD1",0.457185356006888,"COMTD1"
"TRIM3",0.547680655840049,"TRIM3"
"TMED10",0.594511371066677,"TMED10"
"RNASEH2C",0.32580788311237,"RNASEH2C"
"TOR1AIP1",0.600711451187359,"TOR1AIP1"
"ID1",0.00544391669711363,"ID1"
"STAG2",0.396678083751927,"STAG2"
"BLVRB",0.602036126314107,"BLVRB"
"MRPL27",0.12601064239442,"MRPL27"
"MYO1E",0.530701495204538,"MYO1E"
"DDX39A",0.414843520059064,"DDX39A"
"CSNK2B",0.148474835821126,"CSNK2B"
"TXN",0.365141232657835,"TXN"
"PYCR1",0.599832039268779,"PYCR1"
"MTCH1",0.339319432552584,"MTCH1"
"KIF1C",0.346549617338736,"KIF1C"
"RAD51AP1",0.375535348763974,"RAD51AP1"
"BDH2",0.492250359888102,"BDH2"
"FRG1",0.565376449460528,"FRG1"
"HSPA8",0.188944058611658,"HSPA8"
"FHL3",0.448990438396242,"FHL3"
"ARIH2",0.386116383172944,"ARIH2"
"MIER1",0.267080351976078,"MIER1"
"CTSA",0.744160824390813,"CTSA"
"CRIP1",0.533024522561416,"CRIP1"
"LOXL3",0.595416348357525,"LOXL3"
"SNRPF",0.294315852336463,"SNRPF"
"LAMP2",0.721779337791555,"LAMP2"
"UBL5",0.240443339058312,"UBL5"
"HAT1",0.206255499892601,"HAT1"
"BMI1",0.67156862745098,"BMI1"
"RAI14",0.589749058626835,"RAI14"
"UBE2Z",0.533824125727132,"UBE2Z"
"IKZF2",0.462719703977798,"IKZF2"
"PPT1",0.606901562217482,"PPT1"
"POU3F2",0.730392156862745,"POU3F2"
"SDAD1",0.168742675932759,"SDAD1"
"RNF7",0.0195984927980323,"RNF7"
"LANCL2",0.300872446079993,"LANCL2"
"TRAF2",0.179364601646486,"TRAF2"
"ACP2",0.669757322027633,"ACP2"
"KIT",0.485538082022818,"KIT"
"ANP32A",0.675498327944621,"ANP32A"
"ANP32E",0.671591558186773,"ANP32E"
"PGM2L1",0.568563300142247,"PGM2L1"
"MLANA",0.807152406417112,"MLANA"
"GNL3",0.352981504367069,"GNL3"
"CBX1",0.66756362267282,"CBX1"
"TRIM24",0.589049862028204,"TRIM24"
"SIRT3",0.359499278563038,"SIRT3"
"PARN",0.365640826193637,"PARN"
"DUS3L",0.394188231368316,"DUS3L"
"ERAL1",0.215567104958054,"ERAL1"
"ITGB7",0.733021077283372,"ITGB7"
"YAP1",0.446249955821863,"YAP1"
"HSPA2",0.321236874423486,"HSPA2"
"MCU",0.717746749278131,"MCU"
"RBM5",0.213493349243771,"RBM5"
"ERCC2",0.372222222222222,"ERCC2"
"POLD1",0.206929836267953,"POLD1"
"FUBP1",0.59163921292233,"FUBP1"
"NUDT16L1",0.251389653372884,"NUDT16L1"
"GFPT2",0.4902505244971,"GFPT2"
"NKRF",0.46521071951715,"NKRF"
"FBXO2",0.584085890231422,"FBXO2"
"VAMP5",0.30722528028689,"VAMP5"
"VEZF1",0.305655440620662,"VEZF1"
"AAAS",-0.0449806336238706,"AAAS"
"AZU1",0.0637254901960784,"AZU1"
"ICAM3",0.693504025044723,"ICAM3"
"EMC8",0.151032682909559,"EMC8"
"NOP58",0.23226915275794,"NOP58"
"IKZF3",0.564365165491047,"IKZF3"
"SMN1",0.456427468042434,"SMN1"
"GEMIN5",0.41916414713148,"GEMIN5"
"COG4",0.157911038659127,"COG4"
"LMCD1",0.50101871436974,"LMCD1"
"UBR7",0.579965474020874,"UBR7"
"QPRT",0.649880831390692,"QPRT"
"PPP1R17",0.6993006993007,"PPP1R17"
"NMI",0.320531782898315,"NMI"
"PPFIA1",0.5019219161981,"PPFIA1"
"CSRP1",0.620800455164682,"CSRP1"
"CLEC2B",0.682806324110672,"CLEC2B"
"SNRNP40",0.207612694991372,"SNRNP40"
"NDRG3",0.521593229036331,"NDRG3"
"PDLIM2",0.477848413101531,"PDLIM2"
"PFN1",0.365825884701405,"PFN1"
"MSH3",0.166194477791116,"MSH3"
"VPS4B",0.487429080743935,"VPS4B"
"SEC24A",0.555806542952654,"SEC24A"
"CDC123",0.318138390493437,"CDC123"
"SIRT5",0.294139347507508,"SIRT5"
"MFN2",0.329095133014012,"MFN2"
"HIP1R",0.625958488466451,"HIP1R"
"GAR1",0.170913436184249,"GAR1"
"MYO1D",0.690623880043006,"MYO1D"
"SPTY2D1",0.290628320327044,"SPTY2D1"
"KCTD12",0.569306689436568,"KCTD12"
"PPP1R10",0.385490834993427,"PPP1R10"
"AGMAT",0.749241167434716,"AGMAT"
"RAB27A",0.725891725492579,"RAB27A"
"GAS7",0.487826086956522,"GAS7"
"DNM1",0.435116685970576,"DNM1"
"SLC1A5",0.594578396535899,"SLC1A5"
"ARHGAP5",0.4421582856655,"ARHGAP5"
"EXOSC7",0.247285099466525,"EXOSC7"
"VAPB",0.713780398645344,"VAPB"
"TATDN1",0.457970151714132,"TATDN1"
"TBL1XR1",0.491941475479895,"TBL1XR1"
"CTNNA2",-0.119997539143007,"CTNNA2"
"PHF5A",0.202233038729142,"PHF5A"
"ALAD",0.541677346940266,"ALAD"
"YIPF4",0.0234366755338694,"YIPF4"
"DNAJA1",0.318221053868934,"DNAJA1"
"NUDCD3",0.522444171058061,"NUDCD3"
"GSDMD",0.507048208601314,"GSDMD"
"TIPRL",0.541196944773173,"TIPRL"
"MUL1",0.190320774556528,"MUL1"
"GLS",0.69094588400079,"GLS"
"VPS4A",0.546821500022924,"VPS4A"
"HMGCS2",0.656402842289827,"HMGCS2"
"MSRB3",0.493225346831646,"MSRB3"
"POLR3B",0.0455862977602108,"POLR3B"
"HEXB",0.781477099789588,"HEXB"
"WBP4",0.210627177700348,"WBP4"
"UFC1",0.499466832359374,"UFC1"
"RSL24D1",0.0541050323883605,"RSL24D1"
"FCF1",0.110428597101558,"FCF1"
"NSUN2",0.584594671283218,"NSUN2"
"NUP160",0.0281609414561466,"NUP160"
"JCHAIN",0.73509458057307,"JCHAIN"
"CD48",0.705554386703135,"CD48"
"SIRT2",0.512531559015359,"SIRT2"
"ACTL8",0.720034843205575,"ACTL8"
"TIAL1",0.421666297462512,"TIAL1"
"INTS1",0.0712929995258544,"INTS1"
"GFER",0.242988080334814,"GFER"
"NAE1",0.227283864819084,"NAE1"
"ATAD1",0.403857064199664,"ATAD1"
"MRPL53",0.0432207846938352,"MRPL53"
"KLF5",0.388140611364039,"KLF5"
"RMND1",0.554576557874909,"RMND1"
"ERICH1",-0.088235294117647,"ERICH1"
"HNRNPDL",0.37096157106682,"HNRNPDL"
"TRIQK",0.351997415234551,"TRIQK"
"TMA16",0.475208690767113,"TMA16"
"LAGE3",0.413828689370485,"LAGE3"
"SRSF5",0.329761022867752,"SRSF5"
"FLOT2",0.439830408762071,"FLOT2"
"SRSF9",0.341544681109522,"SRSF9"
"SRSF10",0.16297513673133,"SRSF10"
"SRSF2",0.0874910375853239,"SRSF2"
"SRSF1",0.37861539062431,"SRSF1"
"SKAP2",0.5,"SKAP2"
"PDIA2",0.681318681318681,"PDIA2"
"ADAMTS1",0.503564727954972,"ADAMTS1"
"DCK",0.689781203432932,"DCK"
"DMD",0.230794970237047,"DMD"
"NUDC",0.412238275661958,"NUDC"
"NDUFA9",0.0808630580719739,"NDUFA9"
"TM9SF3",0.63717638489612,"TM9SF3"
"NFKBIB",0.254412624196376,"NFKBIB"
"ERICH5",0.644268774703557,"ERICH5"
"WDR48",0.194749039159846,"WDR48"
"TXNDC17",0.238569636179284,"TXNDC17"
"ABCD1",0.527751032940374,"ABCD1"
"PALLD",0.626634634347491,"PALLD"
"NFATC2",0.674300668042846,"NFATC2"
"AIDA",0.51920219927404,"AIDA"
"VCAM1",0.572555746140652,"VCAM1"
"PGAM1",0.357517031529955,"PGAM1"
"PRPF38A",0.263872732669918,"PRPF38A"
"NIPSNAP2",0.501497145072188,"NIPSNAP2"
"NIPSNAP1",0.56045288510068,"NIPSNAP1"
"ARF6",0.400931161542231,"ARF6"
"PYCARD",0.623621396109016,"PYCARD"
"PDHB",0.497793376255262,"PDHB"
"TOPBP1",0.401022395326193,"TOPBP1"
"CFAP298",0.184271673521714,"CFAP298"
"BCL10",0.400446499801736,"BCL10"
"NARS2",0.393687928872088,"NARS2"
"TTC38",0.464476355385718,"TTC38"
"GNG10",0.16803301727213,"GNG10"
"MRPL19",0.153297756675602,"MRPL19"
"RAB34",0.647952204373684,"RAB34"
"PGRMC2",0.719787197309555,"PGRMC2"
"XYLT2",0.366894854789118,"XYLT2"
"CAMK4",0.461461127516173,"CAMK4"
"TAF9B",0.251558568014264,"TAF9B"
"SLC27A2",0.441436900246969,"SLC27A2"
"CIRBP",0.655426034424582,"CIRBP"
"PPP3CA",0.432917984276881,"PPP3CA"
"PAWR",0.450411338976014,"PAWR"
"C3",0.192329241942472,"C3"
"TLE4",0.533990147783251,"TLE4"
"DMAP1",0.169067597297444,"DMAP1"
"TLE3",0.559435197246401,"TLE3"
"PDCD2L",0.389677562384729,"PDCD2L"
"SLC29A1",0.170513816325387,"SLC29A1"
"BRD2",0.143567883516104,"BRD2"
"UBE4A",0.369445829468809,"UBE4A"
"MTIF2",0.401191510773044,"MTIF2"
"KPNA4",0.518745131260675,"KPNA4"
"MTOR",0.101341848225486,"MTOR"
"EIF2S2",0.24435939602082,"EIF2S2"
"LRWD1",0.332617720379974,"LRWD1"
"HMGN4",0.21886748598158,"HMGN4"
"TNFRSF10B",0.372405506405318,"TNFRSF10B"
"RPAP2",-0.081203007518797,"RPAP2"
"MCAT",0.316634467793103,"MCAT"
"RAB9A",0.61987965627433,"RAB9A"
"POLRMT",0.0722429984469134,"POLRMT"
"LYAR",0.57236832479797,"LYAR"
"NOSIP",0.417342525482976,"NOSIP"
"ARF4",0.609609999010524,"ARF4"
"GMEB2",0.266304452267188,"GMEB2"
"JSRP1",0.467381455753549,"JSRP1"
"PSMB3",0.0293335193271987,"PSMB3"
"STK39",0.606526930570805,"STK39"
"ALDH3A2",0.78806556277076,"ALDH3A2"
"ELL",0.431305377959343,"ELL"
"HACL1",0.425389703636219,"HACL1"
"TPI1",0.300854505111968,"TPI1"
"NPEPL1",0.384585188346829,"NPEPL1"
"RNF114",0.334322959080441,"RNF114"
"OTUD4",0.328952239911144,"OTUD4"
"MDK",0.249513753820506,"MDK"
"GABPA",0.39252589325103,"GABPA"
"PFDN5",0.158037182291903,"PFDN5"
"NAA38",0.450980392156863,"NAA38"
"NCS1",0.564200861496999,"NCS1"
"CD38",0.760125981039088,"CD38"
"TCF25",0.278947199028684,"TCF25"
"MCFD2",0.270352605652061,"MCFD2"
"COA4",0.349925299565628,"COA4"
"CALR",0.652413226251046,"CALR"
"APMAP",0.788460171568461,"APMAP"
"GEMIN2",0.430442698953476,"GEMIN2"
"LDHB",0.676155478966581,"LDHB"
"POLR3D",0.376626419700858,"POLR3D"
"SMPD4",0.0417614405184449,"SMPD4"
"RRP15",0.298885702370871,"RRP15"
"EIF3J",0.419405773544482,"EIF3J"
"TAGLN2",0.501325273021711,"TAGLN2"
"SERF2",0.37730339972834,"SERF2"
"TMX3",0.565013270098797,"TMX3"
"SAMM50",0.0620715857155887,"SAMM50"
"ITGB1",0.899856500522717,"ITGB1"
"STX3",0.692231792380495,"STX3"
"GRIPAP1",0.358758894767304,"GRIPAP1"
"SUB1",0.608225262506785,"SUB1"
"RIOX2",0.340316776490962,"RIOX2"
"CWC27",0.234951997422454,"CWC27"
"SKP1",0.111955276113231,"SKP1"
"DAP",0.46452783857364,"DAP"
"VSNL1",0.563678337822239,"VSNL1"
"ELOB",0.161601752423905,"ELOB"
"CCDC43",0.291210589240229,"CCDC43"
"TRIP12",0.472617083639232,"TRIP12"
"ETV6",0.568493603043888,"ETV6"
"SUN2",0.595054753548102,"SUN2"
"LDHA",0.443912846268347,"LDHA"
"TFCP2",0.510322903518632,"TFCP2"
"GTPBP1",0.667157121051113,"GTPBP1"
"THOC3",0.421627832981393,"THOC3"
"UBE2I",0.514421625461728,"UBE2I"
"GNE",0.414473962111681,"GNE"
"GGT7",0.347354258456987,"GGT7"
"LAD1",0.703644445081348,"LAD1"
"CDV3",0.452021654802312,"CDV3"
"TXNDC12",0.620335481640448,"TXNDC12"
"SPARC",0.758097630991017,"SPARC"
"TRMT10C",0.466170058521615,"TRMT10C"
"BCAP29",0.383737875299361,"BCAP29"
"NOC3L",0.416307057070316,"NOC3L"
"PQBP1",0.280864335406088,"PQBP1"
"SDC1",0.513047321911286,"SDC1"
"RBBP7",0.504192512896409,"RBBP7"
"RBBP4",0.689669592561101,"RBBP4"
"PMPCA",0.470787610475709,"PMPCA"
"SERPINE1",0.540076712683487,"SERPINE1"
"RPL9",0.241347040130199,"RPL9"
"AMFR",0.38416886273234,"AMFR"
"TRNT1",0.59998272705343,"TRNT1"
"EIF4A3",0.218289436691731,"EIF4A3"
"ANK1",0.521895825693294,"ANK1"
"PIM1",0.118181818181818,"PIM1"
"ALDH7A1",0.726538149609209,"ALDH7A1"
"GBP1",0.395618442441259,"GBP1"
"DACH1",0.643892485578255,"DACH1"
"CAPZB",0.512054609521543,"CAPZB"
"TMEM30A",0.365766782117506,"TMEM30A"
"WDR44",0.413147140266313,"WDR44"
"DDR2",0.316924309911687,"DDR2"
"NHSL1",0.54466800804829,"NHSL1"
"MRPS35",0.370125872104462,"MRPS35"
"GPAT3",0.417443549075999,"GPAT3"
"G3BP1",0.376141027337851,"G3BP1"
"RCOR2",0.335671665860345,"RCOR2"
"EDIL3",0.561899047476187,"EDIL3"
"ATXN7L3B",0.435516066212269,"ATXN7L3B"
"SYAP1",0.49087379378676,"SYAP1"
"RABL6",0.430780237751177,"RABL6"
"EIF3M",0.241231988359581,"EIF3M"
"TOM1L2",0.519360839284977,"TOM1L2"
"TMX1",0.573154780303253,"TMX1"
"TMEM65",0.478456464807008,"TMEM65"
"MRPL41",0.271620651416079,"MRPL41"
"SLC25A6",0.236268162850947,"SLC25A6"
"SLC25A4",0.449565648181947,"SLC25A4"
"MRPL44",0.104207029388418,"MRPL44"
"RPL38",0.248199348240646,"RPL38"
"TIMM10B",0.236234766430539,"TIMM10B"
"DPYD",-0.215403170101157,"DPYD"
"DAPK1",0.567994310099573,"DAPK1"
"DLGAP5",0.267662190417158,"DLGAP5"
"PPIB",0.690091116456535,"PPIB"
"PPIL1",0.391440695365562,"PPIL1"
"ILK",0.509073493747313,"ILK"
"PYGM",-0.214551866391643,"PYGM"
"CDK5RAP1",0.229288237349101,"CDK5RAP1"
"EPB41L2",0.804424296615378,"EPB41L2"
"COPS8",0.240309621474467,"COPS8"
"PHRF1",0.270464025564003,"PHRF1"
"PNN",0.342440854898705,"PNN"
"RCOR3",0.289023497164857,"RCOR3"
"RCOR1",0.399318687937195,"RCOR1"
"GSTZ1",0.375424366284922,"GSTZ1"
"PDLIM4",0.665354343163369,"PDLIM4"
"PTBP3",0.743199479387615,"PTBP3"
"EIF3H",0.190701197854017,"EIF3H"
"ATP5MF",-0.0179459055603031,"ATP5MF"
"IKBIP",0.790142508317832,"IKBIP"
"HIBADH",0.779248421085,"HIBADH"
"PGRMC1",0.832517863875652,"PGRMC1"
"PRDX6",0.385006546071306,"PRDX6"
"GPX2",0.718204881462689,"GPX2"
"NAF1",0.292701608491082,"NAF1"
"CYFIP2",0.439058977157956,"CYFIP2"
"PMVK",0.597947591594085,"PMVK"
"ABCC1",0.533785386077905,"ABCC1"
"CCN2",0.597103106537069,"CCN2"
"ERP29",0.577667554391774,"ERP29"
"CETN2",0.143361123449619,"CETN2"
"HSPE1",0.442108856839931,"HSPE1"
"CALU",0.890216816151454,"CALU"
"SNIP1",0.325630087073757,"SNIP1"
"CTNNBL1",0.371379020169303,"CTNNBL1"
"HLA-F",0.386768266628685,"HLA-F"
"PUM3",0.366699598406543,"PUM3"
"FDX1",0.495649256576021,"FDX1"
"TRAPPC1",-0.0634146341463415,"TRAPPC1"
"PAK2",0.440616853385708,"PAK2"
"LGALS1",0.850472115105821,"LGALS1"
"AHCYL2",0.309997438743277,"AHCYL2"
"ARCN1",0.29993031509682,"ARCN1"
"FANCD2",0.26166318938333,"FANCD2"
"MEST",0.536138570553757,"MEST"
"GNAI3",0.49822693883242,"GNAI3"
"HDAC2",0.445902561241671,"HDAC2"
"STAG1",0.271845103886817,"STAG1"
"TTN",-0.0116648436859962,"TTN"
"EIF4E",0.521613092059164,"EIF4E"
"CNN1",0.517825832846289,"CNN1"
"EIF2AK2",0.558074495225181,"EIF2AK2"
"ERGIC3",0.371035756841583,"ERGIC3"
"F11R",0.85898956759897,"F11R"
"FABP5",0.586273249304077,"FABP5"
"F2",0.0417986177937188,"F2"
"TPT1",0.321008343512231,"TPT1"
"ANKRD54",0.654456654456654,"ANKRD54"
"PARK7",0.366789266585975,"PARK7"
"SELENBP1",0.588082727454237,"SELENBP1"
"FUCA1",0.407013579394472,"FUCA1"
"EHD1",0.680038053158509,"EHD1"
"DNAJB11",0.59069923918312,"DNAJB11"
"DNAJA2",0.457335316363838,"DNAJA2"
"TRMT1L",0.205875472198815,"TRMT1L"
"CTU2",0.173423663714926,"CTU2"
"LONP2",0.29495643866298,"LONP2"
"TTF2",0.313862520786794,"TTF2"
"RENBP",0.547290640394089,"RENBP"
"ECHDC3",0.574141733744216,"ECHDC3"
"CHD1L",0.358888020350101,"CHD1L"
"SCGN",0.756926406926407,"SCGN"
"SNRPD3",0.197538370931408,"SNRPD3"
"LMAN2",0.615448109433498,"LMAN2"
"DNAJB1",0.295694889467869,"DNAJB1"
"COQ9",0.543009549763954,"COQ9"
"WDR5",0.374726313091476,"WDR5"
"DNAJB4",0.654063389940132,"DNAJB4"
"PSMB6",-0.00550600702105975,"PSMB6"
"CASP3",0.577640459174672,"CASP3"
"POFUT1",0.646184730690751,"POFUT1"
"IGSF1",0.422556390977444,"IGSF1"
"NEU1",0.582977662938239,"NEU1"
"SNX15",0.258044551548547,"SNX15"
"TRPV2",0.540858161823753,"TRPV2"
"RHOA",0.366707767290155,"RHOA"
"FSD1",0.73292914239263,"FSD1"
"PIR",0.608689236094592,"PIR"
"ARPC1A",-0.0211511695275753,"ARPC1A"
"GTF3C5",0.230320856384463,"GTF3C5"
"DDX5",0.326460276238238,"DDX5"
"CAPRIN1",0.398909164394432,"CAPRIN1"
"HSPB8",0.590772778711293,"HSPB8"
"DLGAP4",0.384171596392421,"DLGAP4"
"GTF2E1",0.338341074983411,"GTF2E1"
"CD151",0.653835003259555,"CD151"
"OXSM",0.341737168237343,"OXSM"
"RNPS1",0.0568379331785001,"RNPS1"
"RTN1",0.579927717542397,"RTN1"
"STX10",0.556239316239316,"STX10"
"PTRHD1",0.321749619689228,"PTRHD1"
"TMEM263",0.405683575591617,"TMEM263"
"ZNF622",0.392921770273031,"ZNF622"
"DRG1",0.257118102873767,"DRG1"
"ANKRD40",0.566176470588235,"ANKRD40"
"IMPDH1",0.522014710148413,"IMPDH1"
"DYNLL1",0.164597898029286,"DYNLL1"
"SH3BGRL",0.606338914327659,"SH3BGRL"
"DYNLL2",0.547260059004457,"DYNLL2"
"FASTKD2",0.158790673065114,"FASTKD2"
"SBDS",0.490527601042051,"SBDS"
"YWHAZ",0.433271859471565,"YWHAZ"
"GPX4",0.205862634541986,"GPX4"
"IDH3G",0.291603797898624,"IDH3G"
"SMARCA1",0.565892989891181,"SMARCA1"
"SPC24",0.333269336438894,"SPC24"
"SUCLG2",0.621878143103307,"SUCLG2"
"TSSC4",0.165809837148212,"TSSC4"
"ASH2L",0.397399799446682,"ASH2L"
"RND3",0.468394720630239,"RND3"
"VDAC2",0.513617534053845,"VDAC2"
"SCML2",0.62523511936361,"SCML2"
"CSTF2",0.457401144645773,"CSTF2"
"RPS29",0.181727544631398,"RPS29"
"FZD6",0.529000948290288,"FZD6"
"CDKAL1",0.174144739195732,"CDKAL1"
"GSPT2",0.0800289234166435,"GSPT2"
"MED29",0.136195722106214,"MED29"
"NUP62",0.11141352996611,"NUP62"
"TGM3",0.0600589257384604,"TGM3"
"CYB5R1",0.599133928618669,"CYB5R1"
"CDH10",0.640044493882091,"CDH10"
"PRSS8",0.409012076273607,"PRSS8"
"PEA15",0.601375760769215,"PEA15"
"PSMD7",0.104421307547341,"PSMD7"
"HINT3",0.404075080949066,"HINT3"
"AURKB",0.359716532941088,"AURKB"
"AURKA",0.437291990447671,"AURKA"
"GSK3B",0.405608519912798,"GSK3B"
"GSK3A",0.321396340300162,"GSK3A"
"EXOSC2",0.248843115743996,"EXOSC2"
"DOCK2",0.502882515363577,"DOCK2"
"PDS5B",0.641212796816758,"PDS5B"
"IFI16",0.810896118794981,"IFI16"
"CTSB",0.85926781201199,"CTSB"
"TERF2",0.59140545179413,"TERF2"
"HEATR3",0.388853853778788,"HEATR3"
"SLC25A12",0.31507659018155,"SLC25A12"
"RPS6",0.307978346547436,"RPS6"
"TASOR2",-0.0216418507489222,"TASOR2"
"CDH13",0.621844658199554,"CDH13"
"USP10",0.514788832307359,"USP10"
"TDP1",0.345454545454545,"TDP1"
"RPS26",0.103883263847528,"RPS26"
"MUC1",0.695710269524311,"MUC1"
"WDR43",0.325383078733981,"WDR43"
"ANP32B",0.516357543855785,"ANP32B"
"C2CD2",0.275733222001879,"C2CD2"
"PRCP",0.559115692331655,"PRCP"
"LIME1",0.609230769230769,"LIME1"
"PPIL3",0.478082023136246,"PPIL3"
"PPP2R2A",0.42319955945315,"PPP2R2A"
"MTA3",0.438892359287058,"MTA3"
"RNMT",0.601673623341932,"RNMT"
"LSP1",0.763223140495868,"LSP1"
"UGT1A6",0.560711150131695,"UGT1A6"
"AIMP2",0.277864102654919,"AIMP2"
"CDH6",0.696539932508436,"CDH6"
"CPNE8",0.482388450696204,"CPNE8"
"CPNE1",0.568142655769844,"CPNE1"
"PSMA7",-0.047363191874545,"PSMA7"
"MAOA",0.651124699173706,"MAOA"
"TRIM16",0.482151241235863,"TRIM16"
"SCRN2",0.247631291606495,"SCRN2"
"PTGR2",0.297664835164835,"PTGR2"
"RANBP9",0.371701286559618,"RANBP9"
"CTR9",0.110662958613579,"CTR9"
"RTCB",0.263453188041184,"RTCB"
"ADI1",0.338551971581212,"ADI1"
"RPS6KA1",0.24048257805957,"RPS6KA1"
"TMED9",0.587848336203564,"TMED9"
"TMED4",0.531270614416421,"TMED4"
"SERPINB2",0.507914698726206,"SERPINB2"
"BRD8",0.0957259893294576,"BRD8"
"CEP41",0.586169715804285,"CEP41"
"HMGB2",0.75198113419109,"HMGB2"
"CD58",0.556883323847467,"CD58"
"GLRX5",0.553473734731479,"GLRX5"
"NLRP2",0.439084777597541,"NLRP2"
"MRI1",0.46169654394767,"MRI1"
"PARVA",0.639468710716993,"PARVA"
"KANSL3",-0.13448275862069,"KANSL3"
"CCNK",0.113846824964421,"CCNK"
"LYPLA2",0.356978205658993,"LYPLA2"
"GTPBP3",0.292964175525502,"GTPBP3"
"HSD17B10",0.586128149629211,"HSD17B10"
"NUCB1",0.324460263119807,"NUCB1"
"BID",0.486784454977695,"BID"
"CTBP2",0.440718329142631,"CTBP2"
"BCS1L",0.0643986934812426,"BCS1L"
"AARSD1",0.414288450899208,"AARSD1"
"WDR73",0.00627177700348432,"WDR73"
"KCMF1",0.190437057419126,"KCMF1"
"SMAP2",0.703859617977154,"SMAP2"
"S100A10",0.598397238103915,"S100A10"
"CCDC167",0.385615362597872,"CCDC167"
"CD99L2",0.396738356359493,"CD99L2"
"IL1RAP",0.664575967475806,"IL1RAP"
"CLTB",0.695929278888712,"CLTB"
"RPS15A",0.157028969108739,"RPS15A"
"SHROOM3",0.185793863099921,"SHROOM3"
"BCL11B",0.80260920209668,"BCL11B"
"NFASC",0.369441607082057,"NFASC"
"NOL10",0.256168653480235,"NOL10"
"MAPRE2",0.688076004096029,"MAPRE2"
"SNAPIN",0.192711792503735,"SNAPIN"
"AFG3L2",0.593247680178844,"AFG3L2"
"WDR18",0.16201067605569,"WDR18"
"SSU72",0.17234488717375,"SSU72"
"A1CF",0.438735177865613,"A1CF"
"LIPA",0.522797332679831,"LIPA"
"MRPL38",-0.0740582624110616,"MRPL38"
"UQCC2",0.086864923948377,"UQCC2"
"MYH11",-0.102070174435775,"MYH11"
"PLEKHO2",0.543474187514103,"PLEKHO2"
"GALNT3",0.482280385849573,"GALNT3"
"GDI2",0.542449309848687,"GDI2"
"GAS2",0.589670642302221,"GAS2"
"PMF1",0.161024426535672,"PMF1"
"MRPS22",0.319173804443932,"MRPS22"
"RABGEF1",0.0233748417053609,"RABGEF1"
"MIEN1",0.454271572538422,"MIEN1"
"GPALPP1",0.444520672697468,"GPALPP1"
"ARHGEF11",0.355497896566491,"ARHGEF11"
"CD74",0.780304626879969,"CD74"
"POLR2C",0.0533296460051548,"POLR2C"
"HNRNPD",0.611101237929166,"HNRNPD"
"HNRNPAB",0.437515631280589,"HNRNPAB"
"GRK2",0.773038065525595,"GRK2"
"GRK6",0.500322528624415,"GRK6"
"RPS6KA4",0.198003333200386,"RPS6KA4"
"CHUK",0.178994918125353,"CHUK"
"CELF4",0.569606003752345,"CELF4"
"CDK1",0.340932083733308,"CDK1"
"CDK5",0.484416000806088,"CDK5"
"MAPK14",0.466998137610892,"MAPK14"
"EEPD1",0.680753079507279,"EEPD1"
"DNAJC19",0.374446545033041,"DNAJC19"
"GGT5",0.62,"GGT5"
"ECHDC1",0.485011621208208,"ECHDC1"
"RPS27L",0.572088730831892,"RPS27L"
"RPS27",0.13439569294652,"RPS27"
"PPP4R2",0.142354174277337,"PPP4R2"
"DZIP3",0.405594405594406,"DZIP3"
"FNDC3B",0.616204087907335,"FNDC3B"
"PRPF39",0.285907859078591,"PRPF39"
"LYRM7",0.471855073353791,"LYRM7"
"TCIRG1",0.334395187300756,"TCIRG1"
"ABCD3",0.528846047323313,"ABCD3"
"HPRT1",0.494120360857386,"HPRT1"
"CYP51A1",0.330393456830991,"CYP51A1"
"ATP6V0A2",0.220839585290103,"ATP6V0A2"
"MRPS5",0.0731763434990503,"MRPS5"
"RGS3",0.123529411764706,"RGS3"
"SNAP29",0.486450803586565,"SNAP29"
"AGR3",0.699457259158752,"AGR3"
"CEP78",0.675824175824176,"CEP78"
"ARL8B",0.572164948251452,"ARL8B"
"BLOC1S3",0.313882799690059,"BLOC1S3"
"EIF4EBP1",0.526959597124515,"EIF4EBP1"
"PSMD13",0.195185186029326,"PSMD13"
"RRAD",0.601050443155706,"RRAD"
"RPP40",0.2,"RPP40"
"RBM6",0.186039447943124,"RBM6"
"ANAPC1",0.124405621499771,"ANAPC1"
"DDHD2",0.745121754555717,"DDHD2"
"DHX57",0.175448455693926,"DHX57"
"MGAT5",0.370987706515969,"MGAT5"
"ADGRG1",0.573177382245961,"ADGRG1"
"SUN1",0.661368892240059,"SUN1"
"S100A9",0.460888175494917,"S100A9"
"FYB1",0.573358348968105,"FYB1"
"AFDN",0.697480789792367,"AFDN"
"BLVRA",0.545736601711436,"BLVRA"
"GOLM1",0.525067602940491,"GOLM1"
"SCAF4",0.679823593597637,"SCAF4"
"COMMD9",0.355126355296375,"COMMD9"
"HNRNPF",0.709372737187241,"HNRNPF"
"TRMT1",0.397997675103272,"TRMT1"
"FUT8",0.571589631852822,"FUT8"
"PPME1",0.512897809453672,"PPME1"
"GALT",0.34170240812012,"GALT"
"BEND3",0.23953813256049,"BEND3"
"CYP2S1",0.51030105805526,"CYP2S1"
"EPHB4",0.477749849000099,"EPHB4"
"GRPEL2",0.312675149956861,"GRPEL2"
"KIF7",0.21155830753354,"KIF7"
"OXSR1",0.518366026370263,"OXSR1"
"DSC2",0.622025364928212,"DSC2"
"ATP2C1",0.476487003769821,"ATP2C1"
"GPHN",0.611735401061621,"GPHN"
"S100A14",0.768942029060635,"S100A14"
"ACSF2",0.579868151093094,"ACSF2"
"MAD2L1",0.361765657449297,"MAD2L1"
"INCENP",0.241685431808221,"INCENP"
"ACTBL2",0.341922103592339,"ACTBL2"
"PCDH1",0.416877252893189,"PCDH1"
"RBM15",0.248862961874068,"RBM15"
"CD3E",0.72987012987013,"CD3E"
"EXOSC3",-0.000579740611240398,"EXOSC3"
"SAP30BP",0.162880456403965,"SAP30BP"
"NDUFB8",-0.015079381862199,"NDUFB8"
"CBX8",0.48070883249293,"CBX8"
"UBL7",-0.0531784005468216,"UBL7"
"GPN1",0.0804530190947053,"GPN1"
"RPS15",0.155594325378757,"RPS15"
"RPL36",0.221592242178165,"RPL36"
"EIF3I",0.215208323719001,"EIF3I"
"GON7",0.0878511056091522,"GON7"
"FGG",0.544061302681992,"FGG"
"RAB32",0.597330089364995,"RAB32"
"DDX6",0.367528597658636,"DDX6"
"MOB4",0.145846398237776,"MOB4"
"SFN",0.19341148851306,"SFN"
"NTMT1",0.339488798617072,"NTMT1"
"PSMD6",0.36563744326498,"PSMD6"
"MRPS36",0.291125107443471,"MRPS36"
"GOLIM4",0.623580635728129,"GOLIM4"
"DHX40",0.357645948072384,"DHX40"
"CAVIN2",0.665359817272386,"CAVIN2"
"PYCR2",0.203145959500911,"PYCR2"
"NMD3",0.341152694657711,"NMD3"
"RPS17",0.252392020580487,"RPS17"
"UBE2C",0.294558296050583,"UBE2C"
"CPA4",0.625087815410396,"CPA4"
"C1orf198",0.50855394993326,"C1orf198"
"BCL7C",0.306003185800432,"BCL7C"
"MTMR1",0.459176860210459,"MTMR1"
"SNRNP70",0.18100785094739,"SNRNP70"
"PITPNM1",0.316481656432058,"PITPNM1"
"PPM1D",0.364492893433661,"PPM1D"
"EED",0.183591741019822,"EED"
"RNASE2",0.21978021978022,"RNASE2"
"SMARCD1",0.358396373396515,"SMARCD1"
"MINPP1",0.417007638508361,"MINPP1"
"ELF1",0.746901041596231,"ELF1"
"NCOA5",0.40809346938139,"NCOA5"
"NDUFB6",0.0607264112300417,"NDUFB6"
"MYL6",0.443163166346187,"MYL6"
"FARSA",0.375527379581881,"FARSA"
"ATP1B3",0.517869977858596,"ATP1B3"
"ACTR1B",0.167766300453786,"ACTR1B"
"CNTNAP1",0.480722319285941,"CNTNAP1"
"MED21",0.0276394497280935,"MED21"
"CDH2",0.715565367913435,"CDH2"
"KHDRBS3",0.757657502722977,"KHDRBS3"
"TMOD1",0.589574134738641,"TMOD1"
"UBE2K",0.464907766310376,"UBE2K"
"DCUN1D5",0.320201832650599,"DCUN1D5"
"RACGAP1",0.349204553549623,"RACGAP1"
"CLCN7",0.442346196740343,"CLCN7"
"MEX3A",0.76261567304087,"MEX3A"
"CWC22",0.164960418559287,"CWC22"
"TMOD2",0.693873108024051,"TMOD2"
"RRP36",0.106342140648527,"RRP36"
"TOR2A",0.563527182442824,"TOR2A"
"ANKRD2",0.455882352941176,"ANKRD2"
"PFN2",0.593709012489886,"PFN2"
"TLE1",0.260714285714286,"TLE1"
"NUP43",0.340780918221404,"NUP43"
"STX7",0.769687742674112,"STX7"
"FAF1",0.556457725739711,"FAF1"
"NME1",0.425243511239602,"NME1"
"CLNS1A",0.37523523321689,"CLNS1A"
"BRCC3",-0.0210063089691877,"BRCC3"
"ERAP2",0.663369342196663,"ERAP2"
"SLC26A2",0.486154794942954,"SLC26A2"
"NUDCD1",0.440180130308476,"NUDCD1"
"RABGAP1L",0.517329981846111,"RABGAP1L"
"CBX3",0.317346512750435,"CBX3"
"MED4",0.149132472575294,"MED4"
"COLGALT2",-0.425974025974026,"COLGALT2"
"KRAS",0.464826742904381,"KRAS"
"RBMX2",0.185246121427356,"RBMX2"
"ACOT9",0.73504884121653,"ACOT9"
"SNX9",0.538302443905106,"SNX9"
"TBC1D5",0.484962988074903,"TBC1D5"
"NDUFB7",0.0477662812750994,"NDUFB7"
"MAT2A",0.339561776020486,"MAT2A"
"SAMSN1",0.683999131567521,"SAMSN1"
"LMF2",0.593305472516856,"LMF2"
"GATD1",0.148924562651459,"GATD1"
"SYNE1",0.187220318043415,"SYNE1"
"ACSL1",0.608624457712413,"ACSL1"
"POLD3",0.447675916918253,"POLD3"
"RPS13",0.167154346231172,"RPS13"
"MRPL17",0.199651679719661,"MRPL17"
"ZMAT2",0.096607826353155,"ZMAT2"
"FKBP9",0.7879591279798,"FKBP9"
"DAZAP1",0.458922244156133,"DAZAP1"
"CISD2",0.388856007371711,"CISD2"
"PLEKHA6",0.429406326778319,"PLEKHA6"
"SLAMF6",0.184534612393052,"SLAMF6"
"BLOC1S5",0.134141259809709,"BLOC1S5"
"S100A13",0.649244913572289,"S100A13"
"C2orf49",0.179181783208099,"C2orf49"
"DDX3X",0.452549231402872,"DDX3X"
"MICAL3",0.533317659045044,"MICAL3"
"RPL36A",0.197117598132829,"RPL36A"
"RPL36AL",0.375178436225322,"RPL36AL"
"PDPR",0.157159972833889,"PDPR"
"HPF1",0.50332567598379,"HPF1"
"MCEE",0.273249715446247,"MCEE"
"MAP4K4",0.306337894696941,"MAP4K4"
"UQCC1",0.151392020414027,"UQCC1"
"MUC13",0.774470988020325,"MUC13"
"RAB43",0.338843784994401,"RAB43"
"CRKL",0.53323986377312,"CRKL"
"TOP3A",0.420444360583046,"TOP3A"
"ALPP",0.247773279352227,"ALPP"
"TMEM106B",0.424415221622117,"TMEM106B"
"DNAJC1",0.506662466067312,"DNAJC1"
"SRFBP1",0.26876236390958,"SRFBP1"
"CD2BP2",0.409168231722659,"CD2BP2"
"MICOS13",0.145841020158553,"MICOS13"
"FAM3A",0.527342781895506,"FAM3A"
"CDH1",0.609907331113494,"CDH1"
"PEF1",0.30669114530715,"PEF1"
"CBX5",0.750455522485973,"CBX5"
"RAP1A",0.522940505003603,"RAP1A"
"MPI",0.306215477915885,"MPI"
"RAB2A",0.738095325401465,"RAB2A"
"VIRMA",0.179156488487768,"VIRMA"
"MBP",0.41959708753714,"MBP"
"RPS20",0.282186714661415,"RPS20"
"TCF12",0.286246567837787,"TCF12"
"RANBP3",0.537697920798931,"RANBP3"
"COL14A1",0.478384212149244,"COL14A1"
"IRF2BPL",0.561787720882592,"IRF2BPL"
"IFT122",-0.0662427813883875,"IFT122"
"IGSF8",0.57069809796602,"IGSF8"
"THEMIS2",0.621457489878542,"THEMIS2"
"HAUS1",0.354192511301074,"HAUS1"
"OTULIN",0.471406917994559,"OTULIN"
"PPHLN1",0.150542056176776,"PPHLN1"
"RPAP1",0.350562786157342,"RPAP1"
"PCCB",0.114198451750446,"PCCB"
"ATP6V1F",0.198696029123644,"ATP6V1F"
"DTYMK",0.434371796612823,"DTYMK"
"SERPINA1",0.558152468800868,"SERPINA1"
"TACO1",0.498609776058147,"TACO1"
"NNMT",0.660560888247733,"NNMT"
"EMC10",0.347208308137982,"EMC10"
"IAH1",0.481038402385936,"IAH1"
"POGZ",0.598399207489653,"POGZ"
"CAB39",0.436151550068579,"CAB39"
"ATP6AP1",0.562469293840506,"ATP6AP1"
"SEC13",0.350779760602767,"SEC13"
"SSBP1",0.485249132188658,"SSBP1"
"S100A1",0.51060606060606,"S100A1"
"SNX6",0.174083784892473,"SNX6"
"ZC3H15",0.380889217625671,"ZC3H15"
"C1orf131",0.238714523273396,"C1orf131"
"MRPL49",0.23282240914156,"MRPL49"
"RDH11",0.579826287197499,"RDH11"
"EPHX1",0.703298254844307,"EPHX1"
"MLF2",0.522691402776058,"MLF2"
"FAAH",0.575693225693226,"FAAH"
"ZCCHC8",0.384687752705055,"ZCCHC8"
"CXXC1",0.238962422950341,"CXXC1"
"TOX4",0.0737612883317893,"TOX4"
"YTHDC1",0.0241834562199112,"YTHDC1"
"RPL27",0.117357313521125,"RPL27"
"VDAC1",0.536939999411377,"VDAC1"
"CNDP2",0.67304166115029,"CNDP2"
"GDPD3",0.658934648239461,"GDPD3"
"PPP6R2",0.340010323331691,"PPP6R2"
"RPS12",0.288209347029438,"RPS12"
"DHTKD1",0.473556107151634,"DHTKD1"
"MAP2K3",0.437117397938784,"MAP2K3"
"CD81",0.378923536433598,"CD81"
"NAA50",0.0875141489502662,"NAA50"
"ZNF281",0.437609535952077,"ZNF281"
"EARS2",0.425736994460839,"EARS2"
"ZNF326",0.407543652078716,"ZNF326"
"MTTP",0.763736263736264,"MTTP"
"QTRT1",0.414848777748574,"QTRT1"
"KIF13B",0.510572379713259,"KIF13B"
"LLPH",0.117738183757647,"LLPH"
"GEMIN4",0.149134915949685,"GEMIN4"
"GATA3",0.718513143041445,"GATA3"
"C12orf75",0.243148638265175,"C12orf75"
"NEO1",0.337417663338135,"NEO1"
"WASF2",0.298935892477918,"WASF2"
"LSM2",0.359042223106126,"LSM2"
"RBM47",0.620033957345833,"RBM47"
"DPCD",0.445045045045045,"DPCD"
"DOCK7",0.495612078432534,"DOCK7"
"MTSS1",0.224140565317036,"MTSS1"
"NIFK",0.28511352251795,"NIFK"
"CDH3",0.810443138368035,"CDH3"
"RAB22A",0.0782608695652174,"RAB22A"
"MAPRE1",0.37823615416931,"MAPRE1"
"GGH",0.609508475693743,"GGH"
"TRAPPC3",0.205045339465208,"TRAPPC3"
"SPC25",0.267850630311955,"SPC25"
"PTBP1",0.162718095868492,"PTBP1"
"PRDX4",0.752996187986143,"PRDX4"
"RPS10",0.198905121095649,"RPS10"
"TADA2B",0.174493927125506,"TADA2B"
"MRPS15",0.0547096184140647,"MRPS15"
"ABT1",0.0558577743226857,"ABT1"
"MPZL1",0.464096861424505,"MPZL1"
"LGMN",0.412283723146754,"LGMN"
"NXN",0.414995073956264,"NXN"
"PTBP2",0.202769462681221,"PTBP2"
"MTPN",0.466704731467983,"MTPN"
"KPNA1",0.326743315586937,"KPNA1"
"KPNA6",0.488553737342976,"KPNA6"
"ALKBH5",0.447745617941328,"ALKBH5"
"BCAS2",0.216235018033172,"BCAS2"
"RCC1L",0.286602778222054,"RCC1L"
"ATP6V1D",0.135231304543171,"ATP6V1D"
"HAUS8",0.207657935285054,"HAUS8"
"GHITM",0.112946545468148,"GHITM"
"NDUFAF3",0.0597669510553651,"NDUFAF3"
"SIRT1",0.197983539943833,"SIRT1"
"BAG2",0.795000956920022,"BAG2"
"SP1",0.246425308142512,"SP1"
"MEN1",0.0616184453440701,"MEN1"
"NOP53",0.00873723357267923,"NOP53"
"TGOLN2",0.555703229743834,"TGOLN2"
"BUB1B",0.103617771174788,"BUB1B"
"NEXN",0.696358827506662,"NEXN"
"NCDN",0.0762267131265817,"NCDN"
"ATG5",0.0944615112324749,"ATG5"
"SZRD1",0.285650560473516,"SZRD1"
"NUDT19",0.416173754385157,"NUDT19"
"PNPO",0.539755186732123,"PNPO"
"ERO1B",0.618977487902377,"ERO1B"
"TWF1",0.600470357998949,"TWF1"
"PLSCR1",0.457990783410138,"PLSCR1"
"BCL2L1",0.702899971659573,"BCL2L1"
"PATZ1",0.218365061590146,"PATZ1"
"DNAJC15",0.0678529156474394,"DNAJC15"
"MIOS",0.412611612905839,"MIOS"
"FEN1",0.491275620554489,"FEN1"
"SCO1",0.502238615052857,"SCO1"
"CHMP4A",0.467304839480553,"CHMP4A"
"DYNLT1",0.212290150056755,"DYNLT1"
"SGO1",-0.286290322580645,"SGO1"
"PARVG",0.579807692307692,"PARVG"
"CPNE3",0.549292398365752,"CPNE3"
"STARD9",-0.166913126380334,"STARD9"
"DPH5",0.244275774826059,"DPH5"
"FANCI",0.215968942916283,"FANCI"
"CAMSAP2",0.267497880130162,"CAMSAP2"
"GRB7",0.530031369815267,"GRB7"
"CSNK2A2",0.423754549873841,"CSNK2A2"
"SUMF1",0.561862633299139,"SUMF1"
"INTS3",0.100922132311543,"INTS3"
"ATP2B1",0.606030837606309,"ATP2B1"
"SCG3",0.491546340861409,"SCG3"
"RPL23A",0.295350922782688,"RPL23A"
"PDZK1",0.488935870331219,"PDZK1"
"SF3A2",0.259636532243566,"SF3A2"
"MRPS31",0.286157926754729,"MRPS31"
"TRIR",0.385267103595238,"TRIR"
"ARID3B",0.691417382568224,"ARID3B"
"PLCB3",0.584498648621472,"PLCB3"
"ISLR2",-0.445054945054945,"ISLR2"
"ITM2B",0.467145131609886,"ITM2B"
"CSK",0.675559308646521,"CSK"
"MNDA",0.819704433497537,"MNDA"
"CAPZA2",0.529189497813402,"CAPZA2"
"TOM1L1",0.430286313262063,"TOM1L1"
"ITGB3",0.712005160041925,"ITGB3"
"CTSS",0.604732538165226,"CTSS"
"MRPS12",0.203126055772818,"MRPS12"
"POLR2I",0.139937818684673,"POLR2I"
"TRMT61A",0.133384025390108,"TRMT61A"
"CRYM",0.660718859387006,"CRYM"
"CDS1",-0.0329380764163373,"CDS1"
"TSN",0.532548682264787,"TSN"
"GOPC",0.362890940610574,"GOPC"
"SNTB1",0.475683959118797,"SNTB1"
"GPA33",0.816662665066026,"GPA33"
"THYN1",0.69105359147878,"THYN1"
"STT3A",0.475001079624895,"STT3A"
"RPL23",0.231392221164233,"RPL23"
"PRKAR1A",0.365872604094652,"PRKAR1A"
"TMED5",0.390273470376836,"TMED5"
"MRPS25",0.0226257618423496,"MRPS25"
"SYTL2",0.348600956130484,"SYTL2"
"MTX3",0.178298481179837,"MTX3"
"RPS4X",0.2507205969022,"RPS4X"
"PAK1",0.460987282347255,"PAK1"
"MTX1",0.260359218506686,"MTX1"
"CPSF4",0.136477557849551,"CPSF4"
"LIMCH1",0.618593921772406,"LIMCH1"
"UBL4A",0.338087662385032,"UBL4A"
"EZH2",0.35919449366226,"EZH2"
"NFYB",0.268819837304204,"NFYB"
"SPTLC2",0.484826053804729,"SPTLC2"
"KRR1",0.101181037673182,"KRR1"
"BSG",0.36167470178468,"BSG"
"NDUFS4",0.126866982307002,"NDUFS4"
"CFDP1",0.388025178047514,"CFDP1"
"PWP1",0.40161900828721,"PWP1"
"WDFY1",0.531525614369252,"WDFY1"
"C9orf40",0.228968934629312,"C9orf40"
"PRDM15",-0.116869172701675,"PRDM15"
"JPT1",0.430053695118814,"JPT1"
"CDC40",0.484970419956139,"CDC40"
"HMGN1",0.591778013063927,"HMGN1"
"MTDH",0.530771275283266,"MTDH"
"EIF5A",0.308150520022237,"EIF5A"
"SNCG",0.632766813647844,"SNCG"
"UBP1",0.324459286652429,"UBP1"
"NCOA7",-0.085401486184258,"NCOA7"
"PLEK",0.654941577409932,"PLEK"
"GSTO1",0.523683130250949,"GSTO1"
"RPN2",0.508120778866021,"RPN2"
"CHGA",0.549912057846394,"CHGA"
"DPF2",0.144917115232573,"DPF2"
"TOMM5",0.0530718127227858,"TOMM5"
"DNMT3B",0.61466768525592,"DNMT3B"
"TPPP3",0.694913267698078,"TPPP3"
"HIF1AN",0.201443001443001,"HIF1AN"
"NOL12",0.152173913043478,"NOL12"
"ATP6V1G1",0.122379799212434,"ATP6V1G1"
"ITM2A",-0.0410146989094358,"ITM2A"
"UCHL5",0.573355901806606,"UCHL5"
"SSR1",0.548956240595013,"SSR1"
"ANTXR2",0.407041914887933,"ANTXR2"
"CAVIN3",0.506210438866555,"CAVIN3"
"SIGMAR1",0.355304354258555,"SIGMAR1"
"HNRNPH1",0.414139406851586,"HNRNPH1"
"PFDN6",0.197472435342977,"PFDN6"
"SAR1B",0.381944274354671,"SAR1B"
"PCSK2",0.0721367521367521,"PCSK2"
"MXRA7",0.642030391555804,"MXRA7"
"CCDC9B",0.439058586937105,"CCDC9B"
"CD300A",0.258852258852259,"CD300A"
"NDRG1",0.602058277723422,"NDRG1"
"EMC1",0.344136128162656,"EMC1"
"PTTG1IP",0.486630904632577,"PTTG1IP"
"PNKD",-0.223226557949913,"PNKD"
"NQO2",0.431799299730988,"NQO2"
"NDUFAF2",0.529769956198402,"NDUFAF2"
"SKA3",0.274410486175192,"SKA3"
"FIS1",0.66198934511867,"FIS1"
"RBM34",0.15946282979338,"RBM34"
"C11orf58",0.193001629425099,"C11orf58"
"DEK",0.582842602678234,"DEK"
"HIRIP3",0.528667489797125,"HIRIP3"
"MAGEA10",0.752168841583437,"MAGEA10"
"FERMT2",0.525938868684474,"FERMT2"
"PPWD1",0.343859399349976,"PPWD1"
"YY1",0.314642734875532,"YY1"
"MRPL28",0.11742907757538,"MRPL28"
"SIL1",0.449853736512071,"SIL1"
"SNX27",0.519605902505654,"SNX27"
"SPAG7",0.296191347065388,"SPAG7"
"GALC",0.380071013069427,"GALC"
"YIPF6",0.291352641959929,"YIPF6"
"PTPN2",0.421725137485316,"PTPN2"
"FOXK1",0.532485870322911,"FOXK1"
"NUDT9",0.44541609613245,"NUDT9"
"SET",0.341669486056787,"SET"
"QRICH1",0.302731081271201,"QRICH1"
"PROCR",0.694099594032083,"PROCR"
"UBL3",0.577797932534243,"UBL3"
"CRCP",0.126568005637773,"CRCP"
"TP63",0.572257930748497,"TP63"
"SASH3",0.452471938737281,"SASH3"
"GCLM",0.5901786008055,"GCLM"
"SCG5",0.257142857142857,"SCG5"
"MTPAP",0.224769956397078,"MTPAP"
"GTF2F1",0.300191133361459,"GTF2F1"
"WDR89",0.132818532818533,"WDR89"
"UCHL1",0.68217198248624,"UCHL1"
"COCH",0.103571428571429,"COCH"
"HBB",-0.0183041474654378,"HBB"
"MAIP1",0.419263270458819,"MAIP1"
"FBLN1",0.42721232256116,"FBLN1"
"FAM114A2",0.484609709213623,"FAM114A2"
"MRPL43",0.146685966875674,"MRPL43"
"DCAF13",0.110787953640269,"DCAF13"
"SAMD11",0.0673504273504273,"SAMD11"
"SOX15",0.539662349676226,"SOX15"
"NCAPH2",0.285625451319949,"NCAPH2"
"ZBTB21",0.380377637911884,"ZBTB21"
"TRIM2",0.612641808296588,"TRIM2"
"SEZ6L2",0.292128437881046,"SEZ6L2"
"RPS28",0.36507414783646,"RPS28"
"LIN28B",0.625339801274841,"LIN28B"
"TCEAL4",0.274398395721925,"TCEAL4"
"SMIM24",0.587412587412588,"SMIM24"
"VARS2",0.281881381315068,"VARS2"
"PALM3",0.0561772461251527,"PALM3"
"PFKFB3",0.513131313131313,"PFKFB3"
"TST",0.701977108323315,"TST"
"IRF4",0.699319623546942,"IRF4"
"JAK1",0.587961081254673,"JAK1"
"FAIM",0.634112665684831,"FAIM"
"ENSA",0.504633457802424,"ENSA"
"ARHGEF12",0.277160196125713,"ARHGEF12"
"SLC25A24",0.758391066086338,"SLC25A24"
"IREB2",0.322515212981744,"IREB2"
"NEDD8",0.115932075573934,"NEDD8"
"ADPGK",0.334488271739739,"ADPGK"
"SLC25A20",0.427450980392157,"SLC25A20"
"DCAF1",0.311428881883981,"DCAF1"
"PIH1D1",0.188976038759069,"PIH1D1"
"DHCR24",0.542270836700915,"DHCR24"
"FOXRED1",0.226220632454099,"FOXRED1"
"PHLDB2",0.367030657380604,"PHLDB2"
"DPM1",0.217289767376472,"DPM1"
"MCTS1",0.190770193925359,"MCTS1"
"EMC6",0.136010388920172,"EMC6"
"WNK1",0.493255630718816,"WNK1"
"NUP37",0.205268424737253,"NUP37"
"ZMYND8",0.389576243284133,"ZMYND8"
"LSM12",0.149106771047036,"LSM12"
"CNOT2",0.332130726606324,"CNOT2"
"MCCC1",0.540671270546433,"MCCC1"
"CXADR",0.659399229740133,"CXADR"
"FOXK2",0.390652343411591,"FOXK2"
"LGR4",0.434883272236157,"LGR4"
"PAGE5",0.850439034649561,"PAGE5"
"GM2A",0.649078459555886,"GM2A"
"SUMO2",0.29934260296216,"SUMO2"
"ENPP4",0.615083020805776,"ENPP4"
"RHOC",0.752288227449747,"RHOC"
"RHOB",0.499139362065749,"RHOB"
"SNCA",0.7296337828167,"SNCA"
"SNCB",0.711530670123977,"SNCB"
"TGFBI",0.616761750447683,"TGFBI"
"ADNP",0.515328049585757,"ADNP"
"RAB38",0.748547212767396,"RAB38"
"CRELD2",0.434398444012226,"CRELD2"
"FMN1",0.713286713286713,"FMN1"
"COMMD2",0.257642015354556,"COMMD2"
"HYPK",0.182267467338253,"HYPK"
"C1D",0.0595900652690817,"C1D"
"STBD1",0.483092681722819,"STBD1"
"MRPL10",0.117513562944081,"MRPL10"
"IST1",0.46249945323496,"IST1"
"ERI1",0.495037280532586,"ERI1"
"MSLN",0.531552929828792,"MSLN"
"ETFB",0.588845380544657,"ETFB"
"TAB2",0.331621866505587,"TAB2"
"SSH3",0.419987895316363,"SSH3"
"RSRC1",0.223433145801567,"RSRC1"
"THOC7",-0.122855595495721,"THOC7"
"OFD1",-0.140162159599184,"OFD1"
"KIF3A",0.460413917633169,"KIF3A"
"AHCYL1",0.195888627507957,"AHCYL1"
"RDH10",0.554724640777736,"RDH10"
"UQCRFS1",0.154934127132455,"UQCRFS1"
"EXOC6B",0.243192454013702,"EXOC6B"
"NECTIN4",0.57344470927817,"NECTIN4"
"PALM",0.490817768011301,"PALM"
"CIAO2B",0.171925995014163,"CIAO2B"
"SAR1A",0.510978633608811,"SAR1A"
"TCP11L1",0.384803921568628,"TCP11L1"
"MED11",0.195934500282326,"MED11"
"RAC1",0.490096001886329,"RAC1"
"BLOC1S1",0.189354805045722,"BLOC1S1"
"SAP18",-0.0163627468330251,"SAP18"
"SH3BGRL3",0.497810035618059,"SH3BGRL3"
"FAM83B",0.652364768815582,"FAM83B"
"DNAJC5",0.350469483568075,"DNAJC5"
"SEC11A",0.276746965976644,"SEC11A"
"COL8A1",0.399562434162548,"COL8A1"
"HAUS4",0.117319713918479,"HAUS4"
"KDM1B",0.188167577951825,"KDM1B"
"SPRY1",0.405882352941176,"SPRY1"
"IMPA1",0.63428180437896,"IMPA1"
"FTSJ1",0.173340458831164,"FTSJ1"
"MEA1",0.173873899953682,"MEA1"
"UTP15",0.081777279653997,"UTP15"
"VPS26A",0.368665330116436,"VPS26A"
"PSAP",0.57464868295037,"PSAP"
"PCF11",0.241591630619049,"PCF11"
"MAP7",0.627488894642315,"MAP7"
"ZMYM3",0.44890516601714,"ZMYM3"
"MALSU1",0.267496436019216,"MALSU1"
"EIF3E",0.220513298660078,"EIF3E"
"HS2ST1",0.363016291198257,"HS2ST1"
"RPL21",0.130061026699728,"RPL21"
"WDR75",0.0834995216811898,"WDR75"
"ALDH3A1",0.585051699299774,"ALDH3A1"
"LRPAP1",0.605549800140924,"LRPAP1"
"ATP5ME",0.108088499289196,"ATP5ME"
"PCYT2",0.58657612167471,"PCYT2"
"DDT",0.508571763240797,"DDT"
"LAMTOR3",0.30232722508639,"LAMTOR3"
"CTDP1",0.501982709021708,"CTDP1"
"COL9A3",-0.27972027972028,"COL9A3"
"DNMBP",0.579437602156004,"DNMBP"
"RDH14",0.414792258627413,"RDH14"
"RNASET2",0.727099215826388,"RNASET2"
"ATP5PF",0.0896441991052869,"ATP5PF"
"LAMA1",-0.403081232492997,"LAMA1"
"PPP2CA",0.132094608928601,"PPP2CA"
"PPP2CB",0.436030023498887,"PPP2CB"
"NISCH",0.247068017043023,"NISCH"
"HAUS3",0.17387870810975,"HAUS3"
"MAP2K2",0.270026461987043,"MAP2K2"
"USP19",0.428569703979329,"USP19"
"ABCF2",0.522897447156168,"ABCF2"
"PRPF40A",0.254458013595985,"PRPF40A"
"TRMT61B",0.224962692249124,"TRMT61B"
"NUDT5",0.563257224554118,"NUDT5"
"GGA3",0.212510317370406,"GGA3"
"SRGAP2",0.410484718340648,"SRGAP2"
"SH3BP4",0.515384997812512,"SH3BP4"
"ARHGEF7",0.565030166291086,"ARHGEF7"
"CALB2",0.571707681631346,"CALB2"
"TRAF3IP3",0.141771602257924,"TRAF3IP3"
"DRG2",0.224840118869204,"DRG2"
"NCKAP1L",0.0660273337442254,"NCKAP1L"
"UBE4B",0.261388892139725,"UBE4B"
"CPSF3",0.356692669131263,"CPSF3"
"TIMMDC1",0.463377843016253,"TIMMDC1"
"PAFAH1B2",0.345117536783284,"PAFAH1B2"
"CETN3",-0.182456140350877,"CETN3"
"LOXL2",0.443544690603514,"LOXL2"
"CD248",0.554545454545455,"CD248"
"ISY1",0.14399580917996,"ISY1"
"ARMCX1",0.302806241266884,"ARMCX1"
"DHODH",0.260274770131791,"DHODH"
"METAP1",0.601370776195091,"METAP1"
"NELFE",0.173048403984128,"NELFE"
"MUC16",0.326342710997442,"MUC16"
"SNRPB2",0.0420534993607664,"SNRPB2"
"UBLCP1",0.402815834512723,"UBLCP1"
"KCTD5",0.184148086956931,"KCTD5"
"CTNNAL1",0.267945430144279,"CTNNAL1"
"MOXD1",0.595192537670414,"MOXD1"
"FABP3",0.588006929779082,"FABP3"
"ARSB",0.556003225020156,"ARSB"
"SRBD1",0.348480737274933,"SRBD1"
"ESS2",0.084581555628487,"ESS2"
"S100A6",0.748676754039716,"S100A6"
"SH3GLB1",0.493108780543265,"SH3GLB1"
"MRPL51",0.179478394157293,"MRPL51"
"TAP1",0.660645966783862,"TAP1"
"DHFR",0.346170767401245,"DHFR"
"CHERP",0.333521201325275,"CHERP"
"BAG3",0.4337850496363,"BAG3"
"ECM1",0.540285391699427,"ECM1"
"TFB2M",0.377091599557778,"TFB2M"
"CDC16",0.196044725109925,"CDC16"
"ANKMY2",0.432950970208794,"ANKMY2"
"TUT7",0.430612244897959,"TUT7"
"ZBTB10",0.622564102564103,"ZBTB10"
"RRP7A",0.0630910927959674,"RRP7A"
"NT5DC1",0.416480384217126,"NT5DC1"
"IFI35",0.396997987095539,"IFI35"
"RPS9",0.139877405395903,"RPS9"
"MYL9",0.374787287673488,"MYL9"
"PPP1R14B",0.200508380746712,"PPP1R14B"
"ARHGAP21",0.411515233256905,"ARHGAP21"
"OGFOD1",0.231074336322027,"OGFOD1"
"SASS6",0.145726366656599,"SASS6"
"PDE6D",0.412266526380615,"PDE6D"
"SYK",0.674132014496348,"SYK"
"CENPU",0.270901133430591,"CENPU"
"DNASE1L1",0.158478091781177,"DNASE1L1"
"ADGRE5",0.671487020746966,"ADGRE5"
"ABR",0.27393028024607,"ABR"
"S100P",0.649346484217639,"S100P"
"ROR1",0.535186251920123,"ROR1"
"BECN1",0.667857142857143,"BECN1"
"ARHGAP9",0.417130144605117,"ARHGAP9"
"S100A2",0.694122662382503,"S100A2"
"PI4KB",0.538205980066445,"PI4KB"
"LRRC57",0.357859466285416,"LRRC57"
"PIP4K2A",0.733542018993011,"PIP4K2A"
"BRD7",0.108042754975646,"BRD7"
"NUDT1",0.489130789965036,"NUDT1"
"YOD1",0.541963015647226,"YOD1"
"ANKRD13A",0.362541054758487,"ANKRD13A"
"HMMR",0.0588635637960521,"HMMR"
"PABPN1",0.390088232359272,"PABPN1"
"CALB1",0.453571428571428,"CALB1"
"NDUFB1",0.149299366826531,"NDUFB1"
"ZC3H8",0.454449444944494,"ZC3H8"
"ARL2",0.331207147612402,"ARL2"
"DPM3",0.277480793716757,"DPM3"
"TRIOBP",0.513238708679904,"TRIOBP"
"TBC1D24",0.185243741765481,"TBC1D24"
"TAX1BP1",0.241703340978119,"TAX1BP1"
"UBE2D3",0.356450252570403,"UBE2D3"
"SIAE",0.510549887463297,"SIAE"
"RWDD4",0.379426598772904,"RWDD4"
"PLEKHG3",0.456388450528241,"PLEKHG3"
"RAB6B",0.592375513933303,"RAB6B"
"THTPA",0.401194457716197,"THTPA"
"NT5C3B",0.278744939271255,"NT5C3B"
"TRIM32",0.267884349643908,"TRIM32"
"CRABP2",0.698073460887797,"CRABP2"
"LCN2",0.595465695115793,"LCN2"
"RNF14",0.479891692204357,"RNF14"
"NOVA2",0.598759718622732,"NOVA2"
"KIF4A",0.408125819628887,"KIF4A"
"SLAMF7",0.189158667419537,"SLAMF7"
"GINS2",0.169739861956046,"GINS2"
"CYB5B",0.631196436565799,"CYB5B"
"DNPEP",0.50577378511694,"DNPEP"
"VPS37C",0.212266703696019,"VPS37C"
"TSR2",0.215541165587419,"TSR2"
"PMM2",0.473621182454236,"PMM2"
"CMPK1",0.417397481099311,"CMPK1"
"RABGAP1",0.324043488190854,"RABGAP1"
"ELAVL3",0.356260852787961,"ELAVL3"
"RPL31",0.249113206771593,"RPL31"
"TNFAIP8",0.619766368148911,"TNFAIP8"
"CAP2",0.519169304371512,"CAP2"
"CASP2",0.54154052843708,"CASP2"
"CD99",0.690887192250636,"CD99"
"CNOT9",0.134060434566987,"CNOT9"
"FADD",0.453323437526969,"FADD"
"LBR",0.731743207614648,"LBR"
"TESC",0.577674272226593,"TESC"
"HARS2",0.515338373966034,"HARS2"
"GAMT",0.385450097281886,"GAMT"
"PRPS1",0.501652287184148,"PRPS1"
"NRCAM",0.584055124105375,"NRCAM"
"NDUFA13",-0.101435563251314,"NDUFA13"
"MRPL9",-0.0746308881557931,"MRPL9"
"SUDS3",0.216428625641422,"SUDS3"
"STK26",0.652755128254969,"STK26"
"TIMM21",0.377504915402001,"TIMM21"
"WRAP53",0.227841066963045,"WRAP53"
"ASF1B",0.48206325818265,"ASF1B"
"TCAF1",0.43566998062918,"TCAF1"
"HIGD2A",0.143765974640027,"HIGD2A"
"ZFAND5",0.232368478978648,"ZFAND5"
"BST2",0.708311642945945,"BST2"
"XRCC4",0.381717976533373,"XRCC4"
"PVR",0.717083157438268,"PVR"
"LACTB",0.567180040923717,"LACTB"
"DHRS3",0.152620741971607,"DHRS3"
"RAB35",0.168917322328298,"RAB35"
"SMYD5",0.305953533831443,"SMYD5"
"NDUFS8",0.122867052510419,"NDUFS8"
"GALNT7",0.458886897116321,"GALNT7"
"GOT1",0.430536715177063,"GOT1"
"EIF3L",0.295172298955648,"EIF3L"
"IGFBP2",0.294311357041636,"IGFBP2"
"B4GAT1",0.324897232515053,"B4GAT1"
"SLC16A3",0.448858092490073,"SLC16A3"
"HMGA1",0.649160361996274,"HMGA1"
"SNRPD1",0.238333135425195,"SNRPD1"
"CYB5A",0.771701427084513,"CYB5A"
"OTUD7B",0.480185077177658,"OTUD7B"
"MILR1",0.458128078817734,"MILR1"
"EXOC8",0.0723518289282168,"EXOC8"
"B4GALNT1",0.344536060953971,"B4GALNT1"
"ATP5PB",0.030304410289295,"ATP5PB"
"PRIM2",0.127668339507774,"PRIM2"
"RPUSD3",0.358418204646718,"RPUSD3"
"KIN",0.333967633793985,"KIN"
"GSTM2",0.500846427985016,"GSTM2"
"RPL17",0.257075642058349,"RPL17"
"CC2D1B",0.318304107720402,"CC2D1B"
"CCDC12",0.235669261120071,"CCDC12"
"HDAC6",0.485495347564313,"HDAC6"
"CCDC134",0.317873851638269,"CCDC134"
"EHBP1",0.431153128818574,"EHBP1"
"RNF170",0.203000343550788,"RNF170"
"PNISR",0.245332661236551,"PNISR"
"USP28",0.371897596247801,"USP28"
"METTL15",0.370907918077729,"METTL15"
"MTMR6",0.357289857868673,"MTMR6"
"UBE3A",0.408565711467546,"UBE3A"
"ATP5PO",0.0408779899856965,"ATP5PO"
"PSME3",0.411851896309657,"PSME3"
"UQCRH",0.0731953046014304,"UQCRH"
"STK38",0.554242816926583,"STK38"
"PTPN11",0.321296168688377,"PTPN11"
"MPP1",0.702327796956482,"MPP1"
"ERAP1",0.623278098749797,"ERAP1"
"GLMP",0.444487949658253,"GLMP"
"CASK",0.578880332932492,"CASK"
"MRPS2",0.230164297565137,"MRPS2"
"HSF1",0.244838726318369,"HSF1"
"SEPHS1",0.46241839385725,"SEPHS1"
"JMY",0.371323529411765,"JMY"
"PAK1IP1",0.299809477408452,"PAK1IP1"
"SCARB1",0.587469724013122,"SCARB1"
"LSM7",0.501743403458241,"LSM7"
"SCAF8",0.429999062780651,"SCAF8"
"ASAH1",0.586651190182663,"ASAH1"
"MRPL37",-0.0784849291900405,"MRPL37"
"CD320",0.34898136056387,"CD320"
"INSR",0.413774205334308,"INSR"
"ANAPC4",0.0375494071146245,"ANAPC4"
"MRPS18A",0.0648360909771235,"MRPS18A"
"PRNP",0.630900885351202,"PRNP"
"LCP2",0.668933143669986,"LCP2"
"CAMK1D",0.619305413687436,"CAMK1D"
"NCOR2",0.335770841006091,"NCOR2"
"MGAT4B",0.341388301937688,"MGAT4B"
"PPP2R5D",0.366803593501965,"PPP2R5D"
"SLC12A4",0.407667588050696,"SLC12A4"
"NAB2",0.512326169405816,"NAB2"
"KIF14",0.165112694466902,"KIF14"
"VPS29",0.151826615691699,"VPS29"
"OCIAD1",0.484437135051894,"OCIAD1"
"CLTCL1",0.0517113394714742,"CLTCL1"
"DUS1L",0.540372670807454,"DUS1L"
"ARHGAP18",0.590204943743038,"ARHGAP18"
"PAPOLA",0.26437837661529,"PAPOLA"
"GMFG",0.789546574028304,"GMFG"
"IPO8",0.37505409754203,"IPO8"
"EXOSC1",0.162695219445148,"EXOSC1"
"AAMDC",0.367410701724219,"AAMDC"
"ZNF207",0.439968973740465,"ZNF207"
"TMSB4X",0.58258303288138,"TMSB4X"
"TMSB10",0.394774798299349,"TMSB10"
"TMCO1",0.149303098871075,"TMCO1"
"SYNRG",0.275873279630098,"SYNRG"
"MED22",0.150883048254763,"MED22"
"ALG5",0.47357001159085,"ALG5"
"MZT1",0.0601605038157924,"MZT1"
"GMFB",0.43827060617451,"GMFB"
"ATF7IP",0.0853187257636196,"ATF7IP"
"ABHD12",0.73241196899993,"ABHD12"
"SORBS1",0.513355005930677,"SORBS1"
"TEX264",0.465449131354027,"TEX264"
"SEC61A1",0.153000192938453,"SEC61A1"
"SLC1A4",0.61148218467112,"SLC1A4"
"HLA-DQA1",0.50098814229249,"HLA-DQA1"
"HNRNPLL",0.297371707774407,"HNRNPLL"
"ALAS1",0.184143319992377,"ALAS1"
"CRYL1",0.567031854356939,"CRYL1"
"TP53I3",0.506071181751246,"TP53I3"
"APP",0.532411866269437,"APP"
"TUBB4A",0.107548697548128,"TUBB4A"
"FGA",0.389285714285714,"FGA"
"FAM184B",-0.196463002825925,"FAM184B"
"AKAP9",0.320593875908036,"AKAP9"
"CKMT2",0.189285714285714,"CKMT2"
"GDI1",0.611422969263466,"GDI1"
"RPUSD2",0.177529772199641,"RPUSD2"
"PON2",0.831302432531708,"PON2"
"TK1",0.337281124988741,"TK1"
"APPL1",0.576909027589676,"APPL1"
"NDUFAF7",0.35717436718431,"NDUFAF7"
"POFUT2",0.621488662991014,"POFUT2"
"SOAT1",0.569827813491323,"SOAT1"
"PPP4R3A",0.462394088652775,"PPP4R3A"
"TADA1",-0.157019367545683,"TADA1"
"CWF19L1",0.435661185752035,"CWF19L1"
"DIAPH2",0.349743994495376,"DIAPH2"
"MRPS16",0.161977312076841,"MRPS16"
"MRPL22",0.127815107315385,"MRPL22"
"CEACAM6",0.589505247376312,"CEACAM6"
"CCDC25",0.230205278592375,"CCDC25"
"EPM2AIP1",0.299858077255337,"EPM2AIP1"
"AUP1",0.403428268033218,"AUP1"
"MND1",-0.0931443695039699,"MND1"
"MSI1",0.672294637389555,"MSI1"
"NDUFS6",0.140085523378904,"NDUFS6"
"MED30",0.260265956202321,"MED30"
"TRAPPC12",-0.113595729143059,"TRAPPC12"
"ADAM9",0.69518515688868,"ADAM9"
"NDUFA6",0.227021286106861,"NDUFA6"
"EEF1A2",0.158441941607104,"EEF1A2"
"ITIH3",0.12231225140449,"ITIH3"
"RNGTT",0.269277254736778,"RNGTT"
"MTCH2",0.450494012334934,"MTCH2"
"DCDC2",0.147741147741148,"DCDC2"
"MFGE8",0.573647932748256,"MFGE8"
"ENGASE",0.327643432906591,"ENGASE"
"NOB1",0.459426237913937,"NOB1"
"DCAF7",0.342477045639665,"DCAF7"
"APLP2",0.526637539031427,"APLP2"
"NDUFS5",0.114472656636097,"NDUFS5"
"NRP1",0.620365413785178,"NRP1"
"ATAD3B",0.244831551738674,"ATAD3B"
"MRPL55",0.0503215291494825,"MRPL55"
"TSPYL5",0.612846469126393,"TSPYL5"
"BRK1",0.13419088117639,"BRK1"
"CNTFR",0.600267379679144,"CNTFR"
"VLDLR",0.473576178513374,"VLDLR"
"NDUFB4",0.0482966383961177,"NDUFB4"
"QKI",0.783067258067235,"QKI"
"OCLN",0.547641639546386,"OCLN"
"TTK",0.431430810568742,"TTK"
"GNAQ",0.510978462531257,"GNAQ"
"COQ5",0.121186226357332,"COQ5"
"TMEM43",0.77061296391452,"TMEM43"
"ERGIC1",0.67080131390029,"ERGIC1"
"UBASH3B",0.559989269339577,"UBASH3B"
"UFM1",0.37507838588035,"UFM1"
"PPP1R3D",0.543148411569464,"PPP1R3D"
"BPHL",0.532174254398704,"BPHL"
"CAV2",0.480474051534691,"CAV2"
"ATG4B",-0.106923076923077,"ATG4B"
"PPP1R12C",0.248688660073239,"PPP1R12C"
"RBM8A",0.419571250299431,"RBM8A"
"CD33",0.331701890989989,"CD33"
"TGFB2",0.443719806763285,"TGFB2"
"SLC25A10",0.457963887904684,"SLC25A10"
"L3HYPDH",0.244533996398868,"L3HYPDH"
"TRPT1",0.287418402933023,"TRPT1"
"ELAVL2",0.700486069529076,"ELAVL2"
"HAAO",0.847826086956522,"HAAO"
"NAA35",0.0447863247863248,"NAA35"
"SNF8",0.0569769414008981,"SNF8"
"TIMM8B",0.358478318377111,"TIMM8B"
"ATP6V1B1",0.505194805194805,"ATP6V1B1"
"XPR1",0.393196314670447,"XPR1"
"IGSF3",0.540203440249083,"IGSF3"
"RNF2",0.544783669961195,"RNF2"
"ZC2HC1A",0.554945054945055,"ZC2HC1A"
"GAN",0.382712765957447,"GAN"
"TMED7",0.638547676434451,"TMED7"
"MSRB2",0.469808856160686,"MSRB2"
"RING1",0.310479973266899,"RING1"
"MON2",0.19279415769568,"MON2"
"GPCPD1",0.609090909090909,"GPCPD1"
"RWDD1",0.22737822881528,"RWDD1"
"HSD17B11",0.412779136294509,"HSD17B11"
"SPAST",0.23864258347017,"SPAST"
"DHX33",0.148553560844785,"DHX33"
"HAX1",0.275412434132128,"HAX1"
"MAN1A1",0.516351968406763,"MAN1A1"
"LGALS4",0.741558741905643,"LGALS4"
"AP3M1",-0.00435467923915576,"AP3M1"
"YBEY",0.14402855489099,"YBEY"
"HLA-E",0.3520557397671,"HLA-E"
"ATG7",0.497993682233416,"ATG7"
"NRP2",0.708161458095996,"NRP2"
"NOP10",-0.0688499446479538,"NOP10"
"FBXO7",0.37364941138526,"FBXO7"
"RPS4Y1",0.0542136854741897,"RPS4Y1"
"YTHDF1",0.259079347718372,"YTHDF1"
"PRUNE1",0.36971833202203,"PRUNE1"
"COA6",0.400358514209339,"COA6"
"BOLA1",0.465881161757261,"BOLA1"
"B3GAT3",0.425986270844294,"B3GAT3"
"VPS26B",0.549783893120121,"VPS26B"
"BCAS3",0.400197628458498,"BCAS3"
"OAS1",0.186866791744841,"OAS1"
"MRPL47",0.166493694647752,"MRPL47"
"SPCS2",0.235871402562497,"SPCS2"
"PURB",0.509878649314315,"PURB"
"PURA",0.465619823386018,"PURA"
"TFPI",0.79785431959345,"TFPI"
"MAGEA1",0.516849816849817,"MAGEA1"
"SAA1",0.347058823529412,"SAA1"
"CMC2",0.515081932992381,"CMC2"
"TOMM20",0.142337096678813,"TOMM20"
"VPS13A",0.0112098427887902,"VPS13A"
"HM13",0.510526390537498,"HM13"
"N6AMT1",0.368487698020463,"N6AMT1"
"ERCC6L",0.166933365177932,"ERCC6L"
"RNF149",0.418661921098214,"RNF149"
"THEM4",0.667977562220287,"THEM4"
"TMX4",0.541770011173787,"TMX4"
"CASP6",0.20652227763649,"CASP6"
"EHD2",0.662304819679923,"EHD2"
"ETF1",0.290243709882405,"ETF1"
"RBM15B",0.33660421209404,"RBM15B"
"NOL8",0.228462638180933,"NOL8"
"TXNIP",0.297202202989772,"TXNIP"
"B4GALT1",0.58805709173715,"B4GALT1"
"SLC25A3",0.232052832135487,"SLC25A3"
"TSEN34",0.301338475481414,"TSEN34"
"RPIA",0.659688015739318,"RPIA"
"TXNL4A",0.0852272727272727,"TXNL4A"
"PIP4K2B",0.465758619584327,"PIP4K2B"
"SPATA20",0.479757085020243,"SPATA20"
"PTGS1",0.705205479452055,"PTGS1"
"LCMT1",0.216209458990208,"LCMT1"
"PPP2R1B",0.235455269064483,"PPP2R1B"
"TXNDC15",0.225841222677056,"TXNDC15"
"DNPH1",0.529112160019754,"DNPH1"
"RPL7L1",0.145291059791106,"RPL7L1"
"PIN4",0.431821815721945,"PIN4"
"PARS2",0.530829353017803,"PARS2"
"GNPNAT1",0.578503650832625,"GNPNAT1"
"RAB21",0.427974482791237,"RAB21"
"FHIT",0.396597865206558,"FHIT"
"ARL6IP1",0.236027550941826,"ARL6IP1"
"OCIAD2",0.725108331231669,"OCIAD2"
"CCP110",0.512881854987118,"CCP110"
"ASF1A",0.532339188153142,"ASF1A"
"MRPL58",0.176162134905379,"MRPL58"
"YTHDC2",0.0457076069771931,"YTHDC2"
"HABP4",0.234732364287683,"HABP4"
"HDAC3",-0.117035546613011,"HDAC3"
"RAB31",0.740830378892024,"RAB31"
"HLA-DPA1",0.344572428373551,"HLA-DPA1"
"MRPL57",-0.0366544338686273,"MRPL57"
"MAN2B2",0.291570660522273,"MAN2B2"
"PCYOX1L",0.37957091014311,"PCYOX1L"
"SETD7",0.449320750677121,"SETD7"
"TIMM8A",0.270292716413132,"TIMM8A"
"TARBP2",0.225601766130181,"TARBP2"
"IFI27",0.387387387387387,"IFI27"
"AP2S1",0.389247048160661,"AP2S1"
"CNOT10",0.098521805294406,"CNOT10"
"PACS1",0.421116747824425,"PACS1"
"NFU1",0.50611396694942,"NFU1"
"MYO19",0.316571301174145,"MYO19"
"SBNO1",0.224783953910168,"SBNO1"
"UBE2G1",0.195360195360195,"UBE2G1"
"MAN2A1",0.390118331035915,"MAN2A1"
"MCRIP1",0.480690196901791,"MCRIP1"
"PRKACA",0.429251726486277,"PRKACA"
"ANAPC16",0.137244197104716,"ANAPC16"
"UBQLN1",0.363079757137395,"UBQLN1"
"UBQLN2",0.429245835642001,"UBQLN2"
"ABHD6",0.78131556213748,"ABHD6"
"EMC4",0.118031417391996,"EMC4"
"TRAPPC6A",0.13428396465751,"TRAPPC6A"
"COA3",0.50909459014057,"COA3"
"SPTB",0.320967741935484,"SPTB"
"USP8",0.309635634626131,"USP8"
"OGDHL",0.175832248856051,"OGDHL"
"ATPAF2",0.205300764242814,"ATPAF2"
"OSBPL3",0.482191582858436,"OSBPL3"
"ZNF292",-0.0938662855171394,"ZNF292"
"WASHC4",0.300985221674877,"WASHC4"
"PLTP",-0.0340557275541796,"PLTP"
"VPS52",0.149196932480828,"VPS52"
"PPP2R5E",0.355773413833215,"PPP2R5E"
"RAB8B",0.682036835728511,"RAB8B"
"EXOC2",0.152917578624706,"EXOC2"
"PADI2",0.414953467585047,"PADI2"
"GULP1",0.410725880425036,"GULP1"
"GLS2",0.132307692307692,"GLS2"
"HPSE",0.590358109771105,"HPSE"
"SLC2A1",0.760351120468897,"SLC2A1"
"CASP8",0.458872209691219,"CASP8"
"RFX5",0.404065174742617,"RFX5"
"ZWILCH",0.151827414184922,"ZWILCH"
"TMUB1",0.351554116579972,"TMUB1"
"PTGIS",0.687691025284802,"PTGIS"
"PPP1CB",0.275316950801555,"PPP1CB"
"IGFBP3",0.63314342686227,"IGFBP3"
"NAAA",0.540087418222119,"NAAA"
"AGA",0.398682949885668,"AGA"
"CCS",0.310754481577555,"CCS"
"ZNF148",0.30532219297751,"ZNF148"
"PRF1",0.884615384615385,"PRF1"
"LTN1",0.171200941111159,"LTN1"
"RFLNB",0.2792484265087,"RFLNB"
"SUSD2",0.535562998254635,"SUSD2"
"PARP14",0.356009224091156,"PARP14"
"RAB4A",0.429161868600417,"RAB4A"
"VRK3",0.48850567478219,"VRK3"
"SIRT6",0.28215736821945,"SIRT6"
"GIT2",0.622996591945471,"GIT2"
"LUM",0.715500039907415,"LUM"
"ASL",0.58324083952785,"ASL"
"HDDC2",0.555843215469466,"HDDC2"
"NHLRC3",0.26509743391858,"NHLRC3"
"RPL22L1",0.662506618882458,"RPL22L1"
"LRRC20",0.434243242967184,"LRRC20"
"BCAR3",0.458016347231745,"BCAR3"
"DSCC1",0.383741844471874,"DSCC1"
"TIFA",0.322510822510822,"TIFA"
"NDUFA12",-0.0393900864079288,"NDUFA12"
"CA9",0.522383720930233,"CA9"
"MVK",0.355104907876344,"MVK"
"DNM3",0.0451801363193768,"DNM3"
"NCR3LG1",0.07997557997558,"NCR3LG1"
"TGFBR2",0.0181818181818182,"TGFBR2"
"MED1",0.116987806322545,"MED1"
"SELENOF",0.185434753933183,"SELENOF"
"NELFCD",0.0753738194108111,"NELFCD"
"CD46",0.242057041525048,"CD46"
"ASCC1",0.148142814281428,"ASCC1"
"PRAM1",-0.0285714285714286,"PRAM1"
"RRAS2",0.748108643481836,"RRAS2"
"ACP5",0.678146017340572,"ACP5"
"STAMBP",0.43254773780246,"STAMBP"
"ITPK1",0.555287968494689,"ITPK1"
"SETD1A",0.187950290918952,"SETD1A"
"CADM4",0.496692359220426,"CADM4"
"PLD4",0.539495798319328,"PLD4"
"RGS14",0.641791928915217,"RGS14"
"TAOK3",0.468924168818997,"TAOK3"
"TANC1",0.148800566522085,"TANC1"
"PDGFRA",0.677018633540373,"PDGFRA"
"HSBP1",0.176663651159167,"HSBP1"
"TMEM209",-0.0966446264319906,"TMEM209"
"PRKAB1",0.213952263952264,"PRKAB1"
"SPOCK2",0.282142857142857,"SPOCK2"
"KNSTRN",0.148661427219495,"KNSTRN"
"ISOC2",0.40145735095553,"ISOC2"
"PLXND1",0.509059283214821,"PLXND1"
"NIP7",0.236923647595418,"NIP7"
"RAB18",0.703917641949032,"RAB18"
"PIK3R1",0.462629239628715,"PIK3R1"
"ZBTB8OS",0.535195747990666,"ZBTB8OS"
"ENG",0.55286539861018,"ENG"
"RMND5A",0.0668427756026228,"RMND5A"
"PLSCR3",0.239981892615336,"PLSCR3"
"LAT2",0.78240780435756,"LAT2"
"ISCA2",0.367389666362396,"ISCA2"
"PRPS2",0.291008070656312,"PRPS2"
"ALG2",0.489367427192523,"ALG2"
"RBM45",0.108565455587909,"RBM45"
"RPS6KB1",0.328722017254293,"RPS6KB1"
"ANKRD22",0.543498674437901,"ANKRD22"
"SNUPN",0.280193620633602,"SNUPN"
"LOXL4",0.511363636363636,"LOXL4"
"NOS1",0.245098039215686,"NOS1"
"UBE2G2",0.0631823211420292,"UBE2G2"
"CAMK2D",0.644372956591546,"CAMK2D"
"MAP2K4",0.304625346132024,"MAP2K4"
"RILPL2",0.389010989010989,"RILPL2"
"VPS16",0.2268607947057,"VPS16"
"KYNU",0.640125845059431,"KYNU"
"MRPS7",0.256365550107952,"MRPS7"
"WTAP",0.290532454329308,"WTAP"
"WASHC5",0.28807070970338,"WASHC5"
"ST14",0.595774371514974,"ST14"
"ITCH",0.393816235907647,"ITCH"
"FABP6",0.576442307692308,"FABP6"
"LGALS2",0.426573426573427,"LGALS2"
"MGAT2",0.385942460795669,"MGAT2"
"PIEZO1",0.295265639124894,"PIEZO1"
"GTPBP10",0.145044510786498,"GTPBP10"
"STX1A",0.606136820925553,"STX1A"
"TXN2",0.0381558982337495,"TXN2"
"ERCC1",0.278388278388278,"ERCC1"
"CWC15",0.183154298047591,"CWC15"
"TRIP4",0.263846496040082,"TRIP4"
"TAPBP",0.634027046149647,"TAPBP"
"RANBP6",-0.0275803310613437,"RANBP6"
"ZNF609",0.274644964180362,"ZNF609"
"TIMP1",0.348459383753501,"TIMP1"
"TUBB3",0.733633305033883,"TUBB3"
"GPC4",0.608403500350545,"GPC4"
"SNRPC",0.0731803715477099,"SNRPC"
"CAMK2G",0.545571282444194,"CAMK2G"
"UBE2H",0.400436608572097,"UBE2H"
"C9orf78",0.402299132833803,"C9orf78"
"UPK2",0.576923076923077,"UPK2"
"GLT8D1",0.273954288854215,"GLT8D1"
"AAGAB",0.350303289479021,"AAGAB"
"GMDS",0.601036128669877,"GMDS"
"SERPINB4",0.809090909090909,"SERPINB4"
"NDUFA4",0.138560022956975,"NDUFA4"
"ACSS2",0.423577300662463,"ACSS2"
"SEC61B",0.18771803310129,"SEC61B"
"PIP",0.591208791208791,"PIP"
"IRF5",0.705400696864112,"IRF5"
"TMEM115",0.250629894450119,"TMEM115"
"PAX5",0.243502765890826,"PAX5"
"STXBP5",0.525706186088893,"STXBP5"
"UCK2",0.444270514268825,"UCK2"
"TOMM7",-0.10118006993007,"TOMM7"
"YBX2",0.360091480846198,"YBX2"
"NBR1",0.0210526315789474,"NBR1"
"PRKCA",0.64519385902378,"PRKCA"
"CLN5",0.436703367300214,"CLN5"
"ERCC6",0.428539197617908,"ERCC6"
"OBSL1",0.113967950251136,"OBSL1"
"GNL2",0.215909499722524,"GNL2"
"CDC42BPB",0.398554070115812,"CDC42BPB"
"RAB1A",0.699206417498185,"RAB1A"
"RAB1B",0.6020787780723,"RAB1B"
"HSD17B12",0.535800620095211,"HSD17B12"
"CGNL1",0.187684571793439,"CGNL1"
"SPG7",0.123412583555589,"SPG7"
"PXK",0.279990516832622,"PXK"
"ABCC3",0.445338023094632,"ABCC3"
"GYG1",0.594260986890704,"GYG1"
"PTPN18",0.075098814229249,"PTPN18"
"CSNK1E",0.486008166623545,"CSNK1E"
"MST1R",0.432715441585684,"MST1R"
"ACOT13",0.621641945182484,"ACOT13"
"STX8",0.402124762550304,"STX8"
"FKBP2",0.631184476825129,"FKBP2"
"RAB5A",0.645982846175794,"RAB5A"
"RAB5B",0.604152221621103,"RAB5B"
"PBX1",0.313186813186813,"PBX1"
"SRXN1",0.54393944515249,"SRXN1"
"NUBP1",0.384362687099977,"NUBP1"
"MRPL52",0.0558419415373114,"MRPL52"
"ADRM1",0.121669950189809,"ADRM1"
"ZNF316",0.39413700821311,"ZNF316"
"GLYCTK",0.0696053804391865,"GLYCTK"
"ATP6V1H",0.2385867557855,"ATP6V1H"
"POP7",0.171012650859253,"POP7"
"C17orf75",0.139770581127528,"C17orf75"
"PTPRS",0.432118364456114,"PTPRS"
"ICAM5",0.28374549819928,"ICAM5"
"ANKRD28",0.33379164463247,"ANKRD28"
"MGLL",0.584268384341437,"MGLL"
"FERMT1",0.476609486769914,"FERMT1"
"CLP1",0.204105621090634,"CLP1"
"ZNRF2",0.40934055220371,"ZNRF2"
"PTGS2",0.307866151490851,"PTGS2"
"TOMM22",0.120143533825954,"TOMM22"
"CTHRC1",0.63312024663216,"CTHRC1"
"PRCC",0.449647205240309,"PRCC"
"NDUFB5",0.178740905543796,"NDUFB5"
"LSM3",0.127526631936914,"LSM3"
"TRPM4",0.563600165813895,"TRPM4"
"OARD1",0.32488405426727,"OARD1"
"AK5",0.399366515837104,"AK5"
"SNRPE",0.21833104033588,"SNRPE"
"HACD3",0.572079177280037,"HACD3"
"COL5A2",0.388301489222358,"COL5A2"
"CDKN2C",0.551587737046055,"CDKN2C"
"TRIM26",0.287276372163038,"TRIM26"
"PLGRKT",0.601650657603074,"PLGRKT"
"CGREF1",0.438164815897136,"CGREF1"
"ZC3HAV1L",0.518861772220503,"ZC3HAV1L"
"NUSAP1",0.504827006829448,"NUSAP1"
"PDE3A",0.589493433395873,"PDE3A"
"NDUFS2",0.161684359963054,"NDUFS2"
"FCER2",0.188029361942405,"FCER2"
"TPST1",0.472664835164835,"TPST1"
"HMGA2",0.703019872367734,"HMGA2"
"UBE2J1",0.56714940630428,"UBE2J1"
"FOXP4",0.636363636363636,"FOXP4"
"SS18",0.147097727970354,"SS18"
"VAMP8",0.678660155330862,"VAMP8"
"LSM1",0.412733942657678,"LSM1"
"TRIM22",0.500511847250978,"TRIM22"
"CARMIL2",0.200790601448205,"CARMIL2"
"IVL",0.50402889691581,"IVL"
"POLR2G",0.0841605821998063,"POLR2G"
"SLC12A7",0.526133168328464,"SLC12A7"
"COBLL1",0.448820275086921,"COBLL1"
"TNFRSF21",0.231962481962482,"TNFRSF21"
"MYO1F",0.710222016651249,"MYO1F"
"MSI2",0.724499780692005,"MSI2"
"PDRG1",0.199625348724918,"PDRG1"
"MPHOSPH6",0.0813494528940168,"MPHOSPH6"
"KIFC3",0.391630615299448,"KIFC3"
"TRMT112",0.0498460249417402,"TRMT112"
"SERPINB8",0.553229291716687,"SERPINB8"
"MAGT1",0.348439308053025,"MAGT1"
"MVB12A",0.079913908765653,"MVB12A"
"GPC6",0.481285832330395,"GPC6"
"DSN1",0.0668312572475966,"DSN1"
"MMAB",0.492591675236757,"MMAB"
"PEX16",0.252922361607572,"PEX16"
"MICAL2",0.545614595922186,"MICAL2"
"IQSEC1",0.333446357289275,"IQSEC1"
"SPRY4",0.709387783281841,"SPRY4"
"SLC25A46",0.272090567857413,"SLC25A46"
"CUTC",0.513424854133386,"CUTC"
"FKBP14",0.443500643500644,"FKBP14"
"CEMIP",0.666135946111451,"CEMIP"
"AGTRAP",0.486177830598106,"AGTRAP"
"ACBD5",0.591162321618222,"ACBD5"
"PRR12",0.0602050580997949,"PRR12"
"SNRNP27",0.234425005912563,"SNRNP27"
"NUBP2",0.399463270148795,"NUBP2"
"ZNF703",0.481538461538462,"ZNF703"
"NECAP1",0.452856587640886,"NECAP1"
"BAX",0.498138369918465,"BAX"
"PYGO2",0.134439973172368,"PYGO2"
"CXCR4",0.173348390739695,"CXCR4"
"GOLPH3L",0.397757592069648,"GOLPH3L"
"AP1G2",0.296869770036571,"AP1G2"
"CNOT8",0.0824175824175824,"CNOT8"
"CNOT7",0.257254169185581,"CNOT7"
"SV2A",0.495248640794901,"SV2A"
"ACAD10",0.284678249417085,"ACAD10"
"GGPS1",0.528839778322925,"GGPS1"
"SNRPA1",0.3399359669488,"SNRPA1"
"SUCLG1",0.289089599346322,"SUCLG1"
"SEC24D",0.621098448104252,"SEC24D"
"TINAGL1",0.165862665513341,"TINAGL1"
"MFF",0.392260697348877,"MFF"
"UBAP1",0.445493066255778,"UBAP1"
"GDE1",0.399405492960254,"GDE1"
"COX7A2",0.0231331606064237,"COX7A2"
"PPM1H",0.450738634194755,"PPM1H"
"MB",0.539474917955931,"MB"
"GMPR2",0.43689530631576,"GMPR2"
"GMPR",0.756943919820705,"GMPR"
"RPLP0",0.255508458345072,"RPLP0"
"ZNF48",0.325800286669852,"ZNF48"
"GOLGA1",0.400337077069214,"GOLGA1"
"CRIPT",0.369229925392048,"CRIPT"
"CDCA7",0.118453642087673,"CDCA7"
"CCT6B",0.106538382654108,"CCT6B"
"ME3",0.423018121581524,"ME3"
"DDB2",0.273187276679419,"DDB2"
"BORCS8-MEF2B",-0.226539589442815,"BORCS8-MEF2B"
"ZHX2",0.683501850681593,"ZHX2"
"NMNAT1",0.299537287672881,"NMNAT1"
"SVIP",0.475146637887157,"SVIP"
"IRF9",0.376916067631872,"IRF9"
"CD19",0.385896697388633,"CD19"
"CTSH",0.602653867871259,"CTSH"
"COX5A",0.136752961820305,"COX5A"
"AKAP17A",0.334352144992674,"AKAP17A"
"RALGAPB",0.163960396039604,"RALGAPB"
"IGF2",0.0942970073404856,"IGF2"
"PREPL",0.200829893176404,"PREPL"
"MGAT1",0.481646293120439,"MGAT1"
"CKMT1B",0.821590395502049,"CKMT1B"
"WASHC2A",0.0498912089170516,"WASHC2A"
"NT5C2",0.416619430011022,"NT5C2"
"CUTA",0.539006306855942,"CUTA"
"NTPCR",0.65331023295958,"NTPCR"
"MALT1",0.442909314573482,"MALT1"
"GGT1",0.292063492063492,"GGT1"
"DMAC2",0.0345624020656812,"DMAC2"
"RPP30",-0.00802531716786198,"RPP30"
"FAM107B",0.73584571505464,"FAM107B"
"WDR74",0.192890917110656,"WDR74"
"CRB2",0.575091575091575,"CRB2"
"NDE1",0.344339529649006,"NDE1"
"DDX3Y",0.486559872164961,"DDX3Y"
"DDX59",0.425468052274372,"DDX59"
"ARL2BP",0.223858883433352,"ARL2BP"
"DIP2B",0.318093345768622,"DIP2B"
"GINS3",0.369770499431516,"GINS3"
"TMEM205",0.542754935048996,"TMEM205"
"BAD",0.475093612476356,"BAD"
"RUFY3",0.498296725278906,"RUFY3"
"CXorf38",0.41806342674399,"CXorf38"
"BCKDHB",0.44527008383133,"BCKDHB"
"BORCS5",0.268796016873938,"BORCS5"
"GTF3C3",0.182118968018859,"GTF3C3"
"POLR1D",0.203270009964165,"POLR1D"
"PTPRK",0.473169401385421,"PTPRK"
"EPHA4",0.300878815911193,"EPHA4"
"SLIT1",0.195604395604396,"SLIT1"
"DECR2",0.459044073648325,"DECR2"
"RBBP5",0.027786180677926,"RBBP5"
"MRTFB",0.375005639521769,"MRTFB"
"FAHD1",0.714552311495042,"FAHD1"
"TSTD1",0.563253619922134,"TSTD1"
"BGN",0.356614246068455,"BGN"
"RBMS2",0.541175764434405,"RBMS2"
"BSDC1",0.310503335168063,"BSDC1"
"ARFGEF3",0.471734000211335,"ARFGEF3"
"ADD3",0.337558151096393,"ADD3"
"USP16",0.311192746849807,"USP16"
"NEUROD1",0.0821428571428571,"NEUROD1"
"CRELD1",0.451893189318932,"CRELD1"
"MMGT1",0.280220539650201,"MMGT1"
"JCAD",0.607593386405389,"JCAD"
"SENP3",0.223297613014623,"SENP3"
"SERPINB3",0.453416149068323,"SERPINB3"
"DDX28",0.130547374973106,"DDX28"
"NCF2",0.744318181818182,"NCF2"
"ZCCHC9",0.323734923292445,"ZCCHC9"
"DHX34",-0.0315331010452962,"DHX34"
"IL18",0.501733734308685,"IL18"
"FAM114A1",0.561139039134585,"FAM114A1"
"KRT6A",0.696508213958951,"KRT6A"
"LGALS3",0.779073064015364,"LGALS3"
"ARPIN",0.414008114359036,"ARPIN"
"MRPL34",-0.0843790785107975,"MRPL34"
"IGF1R",0.571271652027448,"IGF1R"
"LSM6",0.547336733291646,"LSM6"
"THBS2",0.473874962247055,"THBS2"
"CHI3L1",0.564088085827216,"CHI3L1"
"PPP1R2",0.5455847884683,"PPP1R2"
"VPS11",0.306253349171786,"VPS11"
"CLPTM1",0.519445755915793,"CLPTM1"
"PPP1R14A",0.713319238900634,"PPP1R14A"
"NRGN",0.64158037659276,"NRGN"
"MAFG",0.440068373882818,"MAFG"
"RMI2",0.293775510204082,"RMI2"
"EBI3",0.0441176470588235,"EBI3"
"PODXL2",0.584328402947798,"PODXL2"
"COX16",0.232467532467532,"COX16"
"CLDN6",0.0839160839160839,"CLDN6"
"SYNJ2BP",0.653971058078085,"SYNJ2BP"
"CHD5",-0.117647058823529,"CHD5"
"PRRC1",0.487914244049029,"PRRC1"
"TMED2",0.355020094773538,"TMED2"
"CA12",0.487060478199719,"CA12"
"GID8",0.0825446626235036,"GID8"
"RAB3B",0.65731165201107,"RAB3B"
"FAM234B",0.318815331010453,"FAM234B"
"AMACR",0.623761477685245,"AMACR"
"TGM1",0.269458128078818,"TGM1"
"FKBP1A",0.479502793318322,"FKBP1A"
"EPB41L5",0.438877929456325,"EPB41L5"
"KHDC4",0.100167213325616,"KHDC4"
"TTC9",0.467707967707968,"TTC9"
"SLC35F6",0.465439178587043,"SLC35F6"
"TOR1B",0.572260087766993,"TOR1B"
"SSBP3",0.471838687628161,"SSBP3"
"H6PD",0.351602159783847,"H6PD"
"PHF2",0.377702773112922,"PHF2"
"GNB1L",0.490318359062016,"GNB1L"
"MAGI1",0.162162162162162,"MAGI1"
"ARHGEF16",0.524126735333632,"ARHGEF16"
"COPS5",0.112629805410659,"COPS5"
"NAT14",0.424457519229289,"NAT14"
"SPN",0.774852676130496,"SPN"
"SACM1L",0.350157702885258,"SACM1L"
"FAM234A",0.381723522814215,"FAM234A"
"MPDZ",0.228312253783952,"MPDZ"
"OSBPL11",0.0687331060128324,"OSBPL11"
"RUNX3",0.109959893048128,"RUNX3"
"SSR3",0.29383701563138,"SSR3"
"ACADS",0.447343738471087,"ACADS"
"UBE2Q1",0.506583461787082,"UBE2Q1"
"NR3C1",0.525747580643155,"NR3C1"
"HMCES",0.453112010985831,"HMCES"
"SF3B6",0.091500246531244,"SF3B6"
"MBNL1",0.318590806703136,"MBNL1"
"CTSC",0.721915294150309,"CTSC"
"AAR2",-0.167832167832168,"AAR2"
"RAVER2",0.487238151211116,"RAVER2"
"CASP7",0.604134094661167,"CASP7"
"CDKN1C",0.172727272727273,"CDKN1C"
"NGRN",0.152823758519961,"NGRN"
"PTGR1",0.61260319631407,"PTGR1"
"LAMTOR5",0.196224565120617,"LAMTOR5"
"TCN1",0.518181818181818,"TCN1"
"UFSP2",0.250082946205341,"UFSP2"
"TGFBR3",0.539901477832512,"TGFBR3"
"CHD2",0.249235840575367,"CHD2"
"ACYP1",0.597700581427593,"ACYP1"
"ALG13",0.134917004677701,"ALG13"
"DCAF8",0.274041413682486,"DCAF8"
"NOTCH3",0.404647983595352,"NOTCH3"
"QTRT2",0.378781396106701,"QTRT2"
"BIN1",0.537905705240698,"BIN1"
"ZDHHC5",0.441711708578042,"ZDHHC5"
"GPRC5C",0.552467343976778,"GPRC5C"
"PIK3R4",0.252978600347021,"PIK3R4"
"PLEKHA5",0.505837052354998,"PLEKHA5"
"CLGN",0.566677106169746,"CLGN"
"PHLDA2",-0.0282270323125472,"PHLDA2"
"SLC25A22",0.362401782428419,"SLC25A22"
"FYTTD1",0.230009821285786,"FYTTD1"
"SBF1",0.369998534751015,"SBF1"
"DYNLRB1",0.322580539419184,"DYNLRB1"
"ADD2",0.705906365189105,"ADD2"
"OGFOD3",0.487228044971213,"OGFOD3"
"MRPL15",0.0946184415914285,"MRPL15"
"YEATS4",0.210869145900182,"YEATS4"
"NUDT21",0.285088458790474,"NUDT21"
"PDSS2",0.463237399116796,"PDSS2"
"TFDP1",0.38018018018018,"TFDP1"
"RPL28",0.211763358634144,"RPL28"
"AGR2",0.772484389293243,"AGR2"
"GAL",0.439279153179949,"GAL"
"ATP8B1",0.505769140053776,"ATP8B1"
"MKRN2",0.495789008053502,"MKRN2"
"CAB39L",0.00882352941176471,"CAB39L"
"ADAM17",0.451078192399239,"ADAM17"
"APOO",0.578067004784515,"APOO"
"WDR26",0.298047151451336,"WDR26"
"BIRC6",0.183694286535814,"BIRC6"
"SMARCD3",0.295970695970696,"SMARCD3"
"VIP",0.0934065934065934,"VIP"
"RABGGTB",0.283236828507161,"RABGGTB"
"DYNLT3",0.517241379310345,"DYNLT3"
"COG7",0.1159040516025,"COG7"
"OSBPL9",0.258476951541882,"OSBPL9"
"ATOX1",0.504478869383456,"ATOX1"
"MRPS17",0.109514701329628,"MRPS17"
"RPL26",0.0582813547186766,"RPL26"
"TDRD3",0.389005731110994,"TDRD3"
"KAT7",0.331197959248514,"KAT7"
"GTF2H1",0.248902710193033,"GTF2H1"
"FNBP1L",0.583036604472297,"FNBP1L"
"SLC30A9",0.329150820278625,"SLC30A9"
"CRTC2",0.171639069013432,"CRTC2"
"PLEKHA7",0.435114871893781,"PLEKHA7"
"MYCBP",0.462571444543276,"MYCBP"
"UNG",0.176066237258482,"UNG"
"RTN3",0.459032280971963,"RTN3"
"ADGRG2",0.511764705882353,"ADGRG2"
"VASN",0.525592626913228,"VASN"
"CHEK1",0.399079599612175,"CHEK1"
"MRPS18C",-0.0640589129178911,"MRPS18C"
"KNTC1",0.214705882352941,"KNTC1"
"MRPS14",-0.141187719094574,"MRPS14"
"TJAP1",0.116960126563736,"TJAP1"
"CWF19L2",0.33456017666544,"CWF19L2"
"NSRP1",0.175789027198283,"NSRP1"
"LCLAT1",0.294807364511125,"LCLAT1"
"DMTN",0.549365759776048,"DMTN"
"MAP2K7",0.231699044094974,"MAP2K7"
"RPL19",0.325632145009662,"RPL19"
"CISD1",0.306843439332979,"CISD1"
"CCNT1",0.192792792792793,"CCNT1"
"COQ6",0.207265486851326,"COQ6"
"ASCC2",0.367003505144076,"ASCC2"
"DERL1",0.506788402257772,"DERL1"
"HMGB1",0.588932208083029,"HMGB1"
"CAPNS1",0.415375671240044,"CAPNS1"
"DEPTOR",0.351909184726522,"DEPTOR"
"TRIM4",0.199935495141851,"TRIM4"
"SMG8",0.256650246305419,"SMG8"
"CD37",0.516913319238901,"CD37"
"C1orf174",0.391095994198569,"C1orf174"
"ANKRD44",0.516855337176193,"ANKRD44"
"SUPT7L",0.0458611973855247,"SUPT7L"
"CD276",0.561522502216809,"CD276"
"ARFIP1",0.521212043765565,"ARFIP1"
"AGPAT1",0.329651550176171,"AGPAT1"
"IRF6",0.52047885647088,"IRF6"
"TP53I11",0.570201810405036,"TP53I11"
"COL4A1",0.453705185427974,"COL4A1"
"APOOL",0.270574408110094,"APOOL"
"LY6D",0.496758703481393,"LY6D"
"PLP2",0.656065668152349,"PLP2"
"SCAF11",0.405892465966421,"SCAF11"
"WDR82",0.320270930677913,"WDR82"
"PLBD1",0.650288050208685,"PLBD1"
"PRKAA1",0.276337130407498,"PRKAA1"
"NKX2-1",0.629727653035089,"NKX2-1"
"RELL1",0.513028919400881,"RELL1"
"PITPNA",0.346683965018435,"PITPNA"
"NRBF2",0.522377594698362,"NRBF2"
"TMEM70",0.222273232136246,"TMEM70"
"MRPL32",0.0823473415545911,"MRPL32"
"THY1",0.791488311047003,"THY1"
"TRMU",0.197463640517458,"TRMU"
"DCAKD",0.306669013209657,"DCAKD"
"MED28",0.0725829725829726,"MED28"
"TECR",0.387648609294726,"TECR"
"SNX4",0.148160895795958,"SNX4"
"BTK",0.385175504107543,"BTK"
"MTFR2",0.307728781412992,"MTFR2"
"LRCH2",-0.054945054945055,"LRCH2"
"CAMKK2",0.261904761904762,"CAMKK2"
"RIPK1",0.136223926471905,"RIPK1"
"NDUFAF5",0.273835612210253,"NDUFAF5"
"NEDD1",0.183216612930794,"NEDD1"
"GGA1",0.194959946595461,"GGA1"
"PPP1R1B",0.660312944523471,"PPP1R1B"
"EFR3A",-0.145469237381668,"EFR3A"
"SMPDL3B",0.704609893568322,"SMPDL3B"
"TMEM63A",0.523747378860595,"TMEM63A"
"BRD1",0.271054093982275,"BRD1"
"HTRA1",0.232205182443152,"HTRA1"
"DOK1",0.485177865612648,"DOK1"
"RPP38",0.142672864763259,"RPP38"
"CHMP6",0.506861590916211,"CHMP6"
"MGST3",0.451864591105097,"MGST3"
"GNA11",0.470119301573174,"GNA11"
"ELP3",0.276075136183917,"ELP3"
"AFAP1L2",0.280334169647147,"AFAP1L2"
"MTFR1",0.275110471749006,"MTFR1"
"MAP3K20",0.499964859716288,"MAP3K20"
"RCHY1",0.0691434468524252,"RCHY1"
"NCEH1",0.878808354658306,"NCEH1"
"UBE2N",0.472398698768158,"UBE2N"
"CCDC90B",0.324245886712762,"CCDC90B"
"POLB",0.399758902734624,"POLB"
"ERGIC2",0.452305388076882,"ERGIC2"
"METTL5",0.120437457279563,"METTL5"
"RAB23",0.702311169146173,"RAB23"
"CYB5R2",0.506729401466243,"CYB5R2"
"PTPMT1",0.368236685951819,"PTPMT1"
"PDLIM3",0.477676287906467,"PDLIM3"
"GOLGA7",0.0496745587031317,"GOLGA7"
"TTC27",-0.0285714285714286,"TTC27"
"UBE2V1",0.315332464542283,"UBE2V1"
"NDUFB3",0.0212141236670456,"NDUFB3"
"PRPF18",0.140316205533597,"PRPF18"
"BAG5",0.297552351527911,"BAG5"
"B2M",0.695897642372414,"B2M"
"WASF1",0.565265525783764,"WASF1"
"ELMOD2",0.25938578608094,"ELMOD2"
"KIF20A",0.386931914650986,"KIF20A"
"GBP6",0.326617826617827,"GBP6"
"LEO1",0.174999050427308,"LEO1"
"TAF5",0.185594046887982,"TAF5"
"RAPH1",0.461047802081086,"RAPH1"
"HOMER1",0.40501532010966,"HOMER1"
"KMT2A",0.248131358419869,"KMT2A"
"BCHE",0.370431893687708,"BCHE"
"C5orf15",0.446070460704607,"C5orf15"
"UXS1",0.565258710442846,"UXS1"
"HSPA13",0.541195504353399,"HSPA13"
"BOLA3",0.161466885604817,"BOLA3"
"LY75",0.442357794181502,"LY75"
"COG5",0.190015522673206,"COG5"
"MIF",0.343342649625959,"MIF"
"YEATS2",0.265373874825851,"YEATS2"
"MUC4",0.578434065934066,"MUC4"
"RAB2B",0.339914514240573,"RAB2B"
"RPE",0.219627850893239,"RPE"
"ORC6",0.143213939544215,"ORC6"
"CYBB",0.731923890063425,"CYBB"
"ACYP2",0.41647037173353,"ACYP2"
"NT5C3A",0.390239201039427,"NT5C3A"
"ACTR6",-0.0381958417169685,"ACTR6"
"CHMP1B",0.390797135185181,"CHMP1B"
"ANO1",0.49596713965646,"ANO1"
"ARMT1",0.593248663101604,"ARMT1"
"CDC42BPA",0.292060748240524,"CDC42BPA"
"UBFD1",0.297506219981458,"UBFD1"
"SEMA3C",0.318724120428499,"SEMA3C"
"COMMD8",0.291391819858973,"COMMD8"
"PGM5",0.343653250773994,"PGM5"
"CARD19",0.397579601998551,"CARD19"
"USF2",0.202903524215929,"USF2"
"LIN7A",0.38161225245374,"LIN7A"
"RPF1",0.0546064064841253,"RPF1"
"MED14",-0.0978137017518872,"MED14"
"ARHGAP35",0.292850403984933,"ARHGAP35"
"PAXIP1",0.417306243031964,"PAXIP1"
"RBPJ",0.486486491343688,"RBPJ"
"COBL",0.255725524475524,"COBL"
"TAMM41",0.327770542411306,"TAMM41"
"MANSC1",-0.148897614013893,"MANSC1"
"TBK1",0.316988873984061,"TBK1"
"ELF2",0.435051843317972,"ELF2"
"SPG21",0.204728405028255,"SPG21"
"NOVA1",0.683562152133581,"NOVA1"
"RFK",0.547368421052632,"RFK"
"SP3",0.0273685142729034,"SP3"
"RTN4IP1",0.326024196912808,"RTN4IP1"
"RAB33B",0.116210623711343,"RAB33B"
"CNRIP1",0.471119890742367,"CNRIP1"
"UBXN4",0.30916349370307,"UBXN4"
"HMGB3",0.617133668323672,"HMGB3"
"RPL27A",0.205532293040467,"RPL27A"
"LZIC",0.478078403326519,"LZIC"
"NCOA6",0.352235133287765,"NCOA6"
"SDK2",0.185332314744079,"SDK2"
"CENPC",0.389516265527559,"CENPC"
"AMDHD2",0.476209958633076,"AMDHD2"
"RPLP2",0.287584278256907,"RPLP2"
"COQ3",0.199676096867072,"COQ3"
"NDUFA5",0.183201191144712,"NDUFA5"
"IL6ST",0.383949511669646,"IL6ST"
"TTC17",0.0507427543987328,"TTC17"
"ARHGAP30",0.395753427653014,"ARHGAP30"
"AKR1C2",0.648463606324789,"AKR1C2"
"GPX8",0.763874544191441,"GPX8"
"MASTL",-0.194953617810761,"MASTL"
"SMARCAD1",0.0829119199777716,"SMARCAD1"
"NSUN4",0.146590457398477,"NSUN4"
"PLCH1",-0.105485589014253,"PLCH1"
"BNIP3",0.476250933532487,"BNIP3"
"ICAM2",0.284169478815148,"ICAM2"
"PIKFYVE",0.282661782661783,"PIKFYVE"
"TSC2",0.0221257508882479,"TSC2"
"PIPOX",0.585659551176792,"PIPOX"
"NFATC2IP",0.308777698151699,"NFATC2IP"
"ARL3",0.556311247091096,"ARL3"
"DGKE",0.358961991124831,"DGKE"
"CREB1",0.372523066232931,"CREB1"
"VRK2",0.368563893334536,"VRK2"
"KDM5B",0.407224958949097,"KDM5B"
"PRKACB",0.236263736263736,"PRKACB"
"AP1M2",0.119965417441076,"AP1M2"
"MOCS3",0.577574831242476,"MOCS3"
"ARID5B",0.22406015037594,"ARID5B"
"DENND4C",0.374287482151024,"DENND4C"
"NLE1",0.301349493377032,"NLE1"
"UGT3A2",0.156390977443609,"UGT3A2"
"PWWP2A",0.145542699679298,"PWWP2A"
"MRPS21",-0.066577947071058,"MRPS21"
"PPP6R1",0.559298389866954,"PPP6R1"
"ASB6",0.202341480852585,"ASB6"
"CD274",0.384238765928907,"CD274"
"COX20",0.43938656682393,"COX20"
"SF3B4",0.232604987132446,"SF3B4"
"AGTPBP1",0.448265306122449,"AGTPBP1"
"HOOK1",0.395064137072088,"HOOK1"
"WAC",0.143058180209883,"WAC"
"ENPP3",-0.0148221343873518,"ENPP3"
"UBE2V2",0.380959432864897,"UBE2V2"
"MOSPD2",0.520038564111499,"MOSPD2"
"MRPL21",0.144334510802412,"MRPL21"
"TUBB2A",0.595842539399796,"TUBB2A"
"TUBB4B",0.139159755364361,"TUBB4B"
"TUBB2B",0.674829730797449,"TUBB2B"
"LRIF1",0.340151422504364,"LRIF1"
"MAP2K1",0.460942284989401,"MAP2K1"
"RBBP9",0.328547008547008,"RBBP9"
"SIT1",0.4625320056899,"SIT1"
"TAF12",0.202211968581593,"TAF12"
"MTO1",0.113574247890839,"MTO1"
"DPP6",-0.227067669172932,"DPP6"
"WDR76",0.28110647560312,"WDR76"
"COX11",0.216453295400664,"COX11"
"TNFRSF10A",0.318989759468114,"TNFRSF10A"
"TADA3",0.206251191156852,"TADA3"
"JAM3",0.582702847133288,"JAM3"
"ADGRF1",0.445205479452055,"ADGRF1"
"KMT2D",-0.161108432074952,"KMT2D"
"KIAA1549",0.442706131078224,"KIAA1549"
"NR2C2",0.00739201835440717,"NR2C2"
"CEP250",-0.127272727272727,"CEP250"
"WASHC3",0.184302922247566,"WASHC3"
"SPRYD7",0.294726878960456,"SPRYD7"
"LGALSL",0.35793673012318,"LGALSL"
"ANAPC5",0.166245476360694,"ANAPC5"
"CWC25",0.567705627705628,"CWC25"
"CEP44",0.482925084927588,"CEP44"
"FCGR2B",0.167826086956522,"FCGR2B"
"CHMP7",0.39222550925031,"CHMP7"
"SPIN1",0.540153444258083,"SPIN1"
"IRAK4",0.31637482031848,"IRAK4"
"CDCA5",0.261450687785967,"CDCA5"
"KSR1",0.643366150961088,"KSR1"
"CHD1",0.263954628288469,"CHD1"
"PNPLA8",0.315384615384615,"PNPLA8"
"ASB9",0.458322655794991,"ASB9"
"SEMA4B",0.546617844364937,"SEMA4B"
"UBA5",0.496937119643127,"UBA5"
"PHYHIPL",0.594381035996488,"PHYHIPL"
"ACTN2",-0.230255839822024,"ACTN2"
"BABAM2",0.167637748430431,"BABAM2"
"PPP1R8",0.488843652439074,"PPP1R8"
"ADGRG6",0.550459652706844,"ADGRG6"
"BMP2K",0.512680807020506,"BMP2K"
"SURF1",0.396550646941535,"SURF1"
"UNC119",0.724513987671882,"UNC119"
"SAMD9",0.533036954709642,"SAMD9"
"NECTIN1",0.501768857985672,"NECTIN1"
"POLR2F",0.0303898498188756,"POLR2F"
"FARP1",0.53455351089451,"FARP1"
"CELSR1",0.513758723828515,"CELSR1"
"NR2C2AP",0.333879905249102,"NR2C2AP"
"DCTD",0.522537204298639,"DCTD"
"PPIC",0.672593139605459,"PPIC"
"STX17",0.48756751640483,"STX17"
"ZNF346",0.266785071341195,"ZNF346"
"JAG1",0.446696832579185,"JAG1"
"TSPAN8",0.582608695652174,"TSPAN8"
"ATP5MG",-0.0504358671527657,"ATP5MG"
"D2HGDH",0.172101040208343,"D2HGDH"
"NDUFS7",0.00574703838633706,"NDUFS7"
"ACSF3",0.226014999278056,"ACSF3"
"SLAMF1",0.171538461538462,"SLAMF1"
"MCL1",0.453076648703884,"MCL1"
"CTSZ",0.761945199890991,"CTSZ"
"RAB28",0.0130434782608696,"RAB28"
"ANO6",0.489811694013969,"ANO6"
"COQ7",0.41233697260484,"COQ7"
"TMEM192",0.319355054376419,"TMEM192"
"CD84",0.458718778908418,"CD84"
"NCK2",0.438596234513706,"NCK2"
"MGST1",0.610889853284331,"MGST1"
"FLRT3",0.7219651240778,"FLRT3"
"ANAPC10",0.118012422360248,"ANAPC10"
"NEDD4L",0.351484554376433,"NEDD4L"
"SETD2",0.204684669894122,"SETD2"
"CSNK2A1",0.0772718502797608,"CSNK2A1"
"HIC2",0.456043956043956,"HIC2"
"PDGFRB",0.475015691175057,"PDGFRB"
"FBN2",0.362337662337662,"FBN2"
"FAP",0.205470085470085,"FAP"
"ZFC3H1",0.0205342351502965,"ZFC3H1"
"AIF1",0.319298245614035,"AIF1"
"NDC1",0.0837934111716262,"NDC1"
"GPAA1",0.271174699586403,"GPAA1"
"ATF2",0.183113190864201,"ATF2"
"EIF1",0.249336285712887,"EIF1"
"RPF2",0.11816920684076,"RPF2"
"C15orf48",0.661044969767195,"C15orf48"
"CTTNBP2NL",0.250345481642054,"CTTNBP2NL"
"KAT8",0.422220710774234,"KAT8"
"UBE2L6",0.629683094683095,"UBE2L6"
"BIRC5",0.0726597790696973,"BIRC5"
"COMMD1",0.183116883116883,"COMMD1"
"RPS24",0.0615667696920439,"RPS24"
"CD36",0.526509007086144,"CD36"
"MRPL20",0.0374275052825608,"MRPL20"
"RNASEH2B",0.698977358364391,"RNASEH2B"
"NSMCE4A",0.191601127193426,"NSMCE4A"
"MPZL2",0.473064116793307,"MPZL2"
"GNPAT",0.229460995814407,"GNPAT"
"SMC1B",0.0981923264637395,"SMC1B"
"SERPINF1",0.5125,"SERPINF1"
"CORO2A",0.432062412725396,"CORO2A"
"DTNA",0.408286935925436,"DTNA"
"GJA1",0.707186430590686,"GJA1"
"GRHL2",0.321678906952901,"GRHL2"
"RAB3D",0.552493812345309,"RAB3D"
"MRS2",0.873626373626374,"MRS2"
"KEAP1",0.300746779964992,"KEAP1"
"NPAT",0.491590540425169,"NPAT"
"FURIN",0.407179487179487,"FURIN"
"PCDH7",0.446207468706464,"PCDH7"
"NOTCH1",0.537336040392167,"NOTCH1"
"ITGB6",0.608648074300357,"ITGB6"
"CRLF1",0.207843137254902,"CRLF1"
"INTS7",0.174999396266512,"INTS7"
"BCL2L12",0.304560622914349,"BCL2L12"
"MPHOSPH8",0.144022754565388,"MPHOSPH8"
"SRA1",0.444989205047219,"SRA1"
"MECR",0.377921487617874,"MECR"
"TIMM29",-0.0414265327041514,"TIMM29"
"C8orf82",0.525682315190458,"C8orf82"
"DHRS13",0.437914443180824,"DHRS13"
"DHRS4",0.473834945812533,"DHRS4"
"HIKESHI",0.196255713113794,"HIKESHI"
"BPTF",0.25673453190917,"BPTF"
"WDFY4",-0.0570714087246457,"WDFY4"
"SPAG5",0.115382989069536,"SPAG5"
"IFIH1",0.599802371541502,"IFIH1"
"SORBS3",0.467240228317038,"SORBS3"
"SURF4",0.357805801764712,"SURF4"
"CAAP1",0.176650011837889,"CAAP1"
"CEP350",0.185464984513107,"CEP350"
"GOSR1",0.271562625027695,"GOSR1"
"DENR",0.286574426156739,"DENR"
"KCNN4",0.404713098962748,"KCNN4"
"EIF2S3",0.311052050958561,"EIF2S3"
"GDAP1L1",0.0526315789473684,"GDAP1L1"
"HDAC4",0.536309523809524,"HDAC4"
"NUP54",0.266419620215217,"NUP54"
"MACO1",0.280543099985141,"MACO1"
"SLIT2",0.120879120879121,"SLIT2"
"FXN",0.510199226366508,"FXN"
"SHOC2",0.465397312678584,"SHOC2"
"GNG5",0.0442860351654788,"GNG5"
"EIF1AY",0.525082044069386,"EIF1AY"
"EIF1AX",0.273726391152192,"EIF1AX"
"CSTA",0.540258097373847,"CSTA"
"VCPIP1",0.392305183923121,"VCPIP1"
"PPP4R3B",0.121454778504191,"PPP4R3B"
"ANO10",0.580969290532708,"ANO10"
"HERC2",0.0908736407949006,"HERC2"
"SELENOO",0.359255771666071,"SELENOO"
"CASKIN2",0.281336725254394,"CASKIN2"
"PIMREG",0.595356127433112,"PIMREG"
"HMG20A",0.0408568509389403,"HMG20A"
"WRAP73",0.0100980962474799,"WRAP73"
"CENPK",0.0709677419354839,"CENPK"
"LMAN2L",0.523765349620339,"LMAN2L"
"EVI2B",0.274858879722102,"EVI2B"
"SLC27A1",0.450563157441276,"SLC27A1"
"MRPS33",0.0738340135891557,"MRPS33"
"RAB30",0.495115550047386,"RAB30"
"GXYLT1",0.338564701478021,"GXYLT1"
"RTN4RL2",0.441937167310302,"RTN4RL2"
"NLRX1",0.409751369384397,"NLRX1"
"SNX17",0.367832167832168,"SNX17"
"FARP2",0.23056882327399,"FARP2"
"NEK5",-0.222228359504458,"NEK5"
"SLC20A1",0.441083743842365,"SLC20A1"
"SLC38A1",0.294842920945146,"SLC38A1"
"COX19",0.224122087187695,"COX19"
"MAP4K1",0.582434205730116,"MAP4K1"
"CDON",0.251612903225806,"CDON"
"ARF5",0.405720973031782,"ARF5"
"COMMD6",-0.0657296940347788,"COMMD6"
"IRS1",0.272201665124884,"IRS1"
"TMEM11",0.277280791213491,"TMEM11"
"PRKAR1B",0.330499036196188,"PRKAR1B"
"RER1",0.270052277819268,"RER1"
"SCYL2",-0.037593984962406,"SCYL2"
"ISCU",0.290805879085105,"ISCU"
"MED15",0.342964330765638,"MED15"
"EXOC5",0.243685890392199,"EXOC5"
"NDUFC2",0.126081139213402,"NDUFC2"
"SYP",0.442312910969627,"SYP"
"RBM4B",0.346778675915714,"RBM4B"
"IVNS1ABP",0.414303636198665,"IVNS1ABP"
"RASA1",0.445176288260364,"RASA1"
"SIPA1L1",0.151724137931034,"SIPA1L1"
"MAPRE3",0.563938556600539,"MAPRE3"
"SEC61G",0.267570027114895,"SEC61G"
"SCOC",0.343359332486849,"SCOC"
"CYP4X1",0.181818181818182,"CYP4X1"
"SLC30A7",0.378552561219629,"SLC30A7"
"SUMO1",0.211494112397106,"SUMO1"
"UBA7",0.305657876485366,"UBA7"
"MPC2",0.345316815276572,"MPC2"
"ELMO2",0.244128895103766,"ELMO2"
"C17orf80",0.171861437702202,"C17orf80"
"RECQL5",0.263125763125763,"RECQL5"
"PDZD8",0.548376906097487,"PDZD8"
"ZBTB7A",0.387938780551595,"ZBTB7A"
"SYF2",0.0564413776911087,"SYF2"
"PPP1CA",0.456810242909955,"PPP1CA"
"SGCD",0.434858953315265,"SGCD"
"NUDT4",0.608459618185019,"NUDT4"
"NUDT11",0.406244343891403,"NUDT11"
"CMIP",0.669982847341338,"CMIP"
"SNAPC4",0.177809388335704,"SNAPC4"
"DDX31",0.147504255863389,"DDX31"
"GNB4",0.309034043162046,"GNB4"
"SH2D1A",0.36390977443609,"SH2D1A"
"MRM1",0.337436058359335,"MRM1"
"VPS53",0.138415954673708,"VPS53"
"CCDC127",0.304529981670594,"CCDC127"
"WDR91",0.519930992722246,"WDR91"
"ORC1",0.142738529761318,"ORC1"
"INTS9",0.166417639896813,"INTS9"
"POLR2L",-0.0372836393726782,"POLR2L"
"C1orf52",0.497459448895837,"C1orf52"
"LRP10",0.190793281436502,"LRP10"
"L3MBTL3",0.325816326530612,"L3MBTL3"
"SLC39A6",0.378377070406502,"SLC39A6"
"PET100",0.0875554416225642,"PET100"
"BICC1",0.598872445384073,"BICC1"
"RIPOR2",0.182926829268293,"RIPOR2"
"REPIN1",0.24974843470483,"REPIN1"
"SLC5A6",0.523629553966633,"SLC5A6"
"POLR3F",0.276595476853214,"POLR3F"
"SKP2",0.388469886055345,"SKP2"
"NAA30",0.187853029720141,"NAA30"
"TAF7",0.0998632946001367,"TAF7"
"CNPY4",0.406582385166456,"CNPY4"
"NT5C",0.46509465491739,"NT5C"
"CNOT11",0.0109682001104711,"CNOT11"
"SLC39A10",0.389853533618394,"SLC39A10"
"OXNAD1",0.421793396476941,"OXNAD1"
"DHCR7",0.530398557369158,"DHCR7"
"PLD2",-0.239429175475687,"PLD2"
"SP100",0.608790338934441,"SP100"
"SMAP1",0.398345273045708,"SMAP1"
"NDUFAB1",0.246346413106904,"NDUFAB1"
"VTA1",0.409467586976807,"VTA1"
"SLAIN2",0.429626141839937,"SLAIN2"
"NUMBL",0.453556437237652,"NUMBL"
"MED10",-0.0636925320717478,"MED10"
"PPP1CC",0.322840179933013,"PPP1CC"
"ST3GAL4",0.541105821038813,"ST3GAL4"
"TMEM59",0.321746537098646,"TMEM59"
"KCTD15",0.437315518783542,"KCTD15"
"DDX60",0.343028674817698,"DDX60"
"VPS37B",0.344844255691051,"VPS37B"
"POMP",0.0987040271046314,"POMP"
"ZC3HC1",0.244713704883023,"ZC3HC1"
"CRTC1",0.59469387755102,"CRTC1"
"SYN1",0.256799555947367,"SYN1"
"ECT2",0.326965325260359,"ECT2"
"ESAM",0.457867713681667,"ESAM"
"PRSS23",0.284090909090909,"PRSS23"
"FOSL2",0.410312884872572,"FOSL2"
"SLC25A40",0.161538461538462,"SLC25A40"
"TCF20",0.240588536036443,"TCF20"
"TIPIN",0.0771280645652505,"TIPIN"
"SNX30",0.405188699047059,"SNX30"
"BSPRY",0.383979002624672,"BSPRY"
"CLPTM1L",0.532235398847316,"CLPTM1L"
"TYRP1",0.816752136752137,"TYRP1"
"PEX6",0.148857377241298,"PEX6"
"VAMP2",0.11478332987767,"VAMP2"
"VAMP3",0.482155931488651,"VAMP3"
"MRPL18",-0.0271109290097855,"MRPL18"
"MDP1",0.38910477997561,"MDP1"
"WDR62",0.152625152625153,"WDR62"
"PARVB",0.155555555555556,"PARVB"
"HDDC3",0.1,"HDDC3"
"RAB13",0.673119098101447,"RAB13"
"MRPL35",-0.0992481203007519,"MRPL35"
"ABCB10",0.297793481642249,"ABCB10"
"HPCAL1",0.630763140436111,"HPCAL1"
"PROM1",0.681990824709271,"PROM1"
"TMEM131",0.0164835164835165,"TMEM131"
"ZMYM2",0.26514591919661,"ZMYM2"
"MTF2",0.291369406244222,"MTF2"
"PAM16",0.0804720855563787,"PAM16"
"DESI1",0.427469535908737,"DESI1"
"KLHDC4",0.262550607287449,"KLHDC4"
"FAM120C",0.383933204396434,"FAM120C"
"PRSS2",0.64499484004128,"PRSS2"
"TPRKB",0.218046506750492,"TPRKB"
"PSMG4",0.181657770981795,"PSMG4"
"CNTRL",0.0972027972027972,"CNTRL"
"RNF31",0.392589500052187,"RNF31"
"CPPED1",0.500463502015226,"CPPED1"
"MLLT1",0.282753104570631,"MLLT1"
"UBE2A",0.231431283384868,"UBE2A"
"MRPL33",0.13832559415349,"MRPL33"
"THEMIS",0.35187969924812,"THEMIS"
"SERINC1",0.305456126197395,"SERINC1"
"PRR11",0.24402228245746,"PRR11"
"ERG",0.457580733442802,"ERG"
"BCKDK",0.348803723492494,"BCKDK"
"EMC3",0.249613476920327,"EMC3"
"PDE4DIP",0.27369784428608,"PDE4DIP"
"ADPRH",0.0134158926728586,"ADPRH"
"CHPF",0.542896228258745,"CHPF"
"SYT1",0.695535819497764,"SYT1"
"SPI1",0.695967270601987,"SPI1"
"VPS33A",0.480021893814997,"VPS33A"
"FNTB",0.345296919743847,"FNTB"
"RAB3C",0.542966611932129,"RAB3C"
"IMP4",0.083751264410418,"IMP4"
"CD5",0.754940711462451,"CD5"
"NUDT3",0.526688717610653,"NUDT3"
"IRF8",0.606451612903226,"IRF8"
"EMILIN1",0.388532144745788,"EMILIN1"
"CNST",0.342186831536226,"CNST"
"PRTN3",0.851304347826087,"PRTN3"
"LRCH3",0.193621684258256,"LRCH3"
"RELB",0.299422799422799,"RELB"
"FGFBP1",0.283186414311641,"FGFBP1"
"POLR2K",0.112460697934061,"POLR2K"
"NMRAL1",0.0974182444061962,"NMRAL1"
"PLAUR",0.304523631708098,"PLAUR"
"QPCTL",0.443737758339938,"QPCTL"
"TPMT",0.574274995170319,"TPMT"
"MTFP1",0.17291115673183,"MTFP1"
"RET",0.356140350877193,"RET"
"MRFAP1",0.0917220149418292,"MRFAP1"
"COX7C",-0.0234738804311689,"COX7C"
"ABI3",0.583228511530398,"ABI3"
"AK6",0.442252216612664,"AK6"
"SF3B5",0.0736802769721427,"SF3B5"
"SPCS3",0.185660000434124,"SPCS3"
"GCSH",0.515304682981789,"GCSH"
"PLAU",0.32246835443038,"PLAU"
"APOD",0.482331174838113,"APOD"
"SPINT2",0.703989867163433,"SPINT2"
"QSER1",0.484084454870972,"QSER1"
"SAMD4B",0.508072383949646,"SAMD4B"
"MGP",0.448823207443897,"MGP"
"PCYT1A",0.498955704395057,"PCYT1A"
"PKIG",0.572068511198946,"PKIG"
"MORC3",0.722832722832723,"MORC3"
"TCEA3",0.503752850922662,"TCEA3"
"SLC44A2",0.591170439467653,"SLC44A2"
"SEPHS2",0.512106288020922,"SEPHS2"
"MICU1",0.519109055501461,"MICU1"
"MRGBP",0.419461484183633,"MRGBP"
"FDX2",0.232428462407978,"FDX2"
"RIOK2",-0.355381697486961,"RIOK2"
"SUOX",0.500095575996904,"SUOX"
"EIF1B",0.102887018029447,"EIF1B"
"IER3IP1",0.179855936747807,"IER3IP1"
"TBC1D23",0.31045811431233,"TBC1D23"
"RAB11B",0.380253551785798,"RAB11B"
"AP3S2",0.204704733145003,"AP3S2"
"MRPL30",0.0585653273532705,"MRPL30"
"MINK1",0.344629584758513,"MINK1"
"CYBRD1",0.603291232157532,"CYBRD1"
"C19orf53",0.357537943530686,"C19orf53"
"CKS1B",0.230736734250485,"CKS1B"
"CHTF18",0.340985040678856,"CHTF18"
"URM1",0.188880575329789,"URM1"
"TSPAN13",0.709189189189189,"TSPAN13"
"C5orf22",0.419884432218546,"C5orf22"
"MGAT3",0.175824175824176,"MGAT3"
"PHYH",0.556684499992507,"PHYH"
"AGO2",0.1,"AGO2"
"STARD3",0.739487179487179,"STARD3"
"FCER1G",0.753846153846154,"FCER1G"
"CEP55",0.499230357657324,"CEP55"
"CAMLG",0.0145498199279712,"CAMLG"
"PFKFB2",0.39970178818254,"PFKFB2"
"RABIF",0.544956413449564,"RABIF"
"MEF2C",0.625797852647168,"MEF2C"
"GALNT6",0.696648113790971,"GALNT6"
"INPP4B",0.441340676632573,"INPP4B"
"LGALS9",0.675107466676299,"LGALS9"
"MARK3",0.0667604313173933,"MARK3"
"PIGK",0.346238851347512,"PIGK"
"ZNF800",0.228204080716482,"ZNF800"
"MRPL23",-0.0788504014302469,"MRPL23"
"CLDN1",0.541705796977717,"CLDN1"
"RPL35",0.138365690678092,"RPL35"
"CRYBG3",0.409700722394221,"CRYBG3"
"SCO2",0.274428717023008,"SCO2"
"RBM7",0.342071989376689,"RBM7"
"PHC1",0.3231474407945,"PHC1"
"CD79B",0.441631548186656,"CD79B"
"FAM120B",0.587203302373581,"FAM120B"
"NDUFB2",0.146711540836041,"NDUFB2"
"DLX6",0.740540540540541,"DLX6"
"MTERF4",0.115151515151515,"MTERF4"
"CLN6",0.424817698338725,"CLN6"
"CEACAM1",0.587595855309917,"CEACAM1"
"SYTL4",0.524360400444939,"SYTL4"
"MGA",0.225296442687747,"MGA"
"BAK1",0.398685588342632,"BAK1"
"UBA52",0.153536785403293,"UBA52"
"SH3BP1",0.503087332808812,"SH3BP1"
"UBE3C",0.353393599183495,"UBE3C"
"ERCC5",0.227272727272727,"ERCC5"
"ZFYVE16",0.388891947750983,"ZFYVE16"
"DDX49",0.109537830590462,"DDX49"
"SYN2",0.591505791505792,"SYN2"
"TBC1D22A",0.281369376891765,"TBC1D22A"
"NCCRP1",-0.247252747252747,"NCCRP1"
"ARPP19",0.326650487777894,"ARPP19"
"ZNF593",0.101791840765674,"ZNF593"
"EMSY",0.434094256259205,"EMSY"
"RBPMS2",0.476164045636756,"RBPMS2"
"GRB10",0.418949708252292,"GRB10"
"CD63",0.608521880503997,"CD63"
"TBC1D10B",0.138619176327661,"TBC1D10B"
"TNRC6B",0,"TNRC6B"
"MED20",0.238936657137631,"MED20"
"SYVN1",0.258538756316917,"SYVN1"
"LYRM2",0.311212523286827,"LYRM2"
"TRIM59",0.15354020979021,"TRIM59"
"MAFK",0.306673373574782,"MAFK"
"ORC4",-0.28021978021978,"ORC4"
"UBN2",0.380451127819549,"UBN2"
"CENPS",0.245390693590869,"CENPS"
"PLXNA2",0.0770750988142292,"PLXNA2"
"RBX1",0.213884057503181,"RBX1"
"GOSR2",0.462249359091741,"GOSR2"
"LRP2",0.9,"LRP2"
"RARS2",0.301602657628336,"RARS2"
"FAM8A1",0.290930773269332,"FAM8A1"
"POU2F1",0.447594817074457,"POU2F1"
"FGFR2",0.859340659340659,"FGFR2"
"EML1",0.280984278879016,"EML1"
"CEP290",-0.104295186425816,"CEP290"
"GGA2",0.514837956033955,"GGA2"
"NDRG2",0.26551724137931,"NDRG2"
"ARMCX2",0.491689648379789,"ARMCX2"
"NDUFB11",0.0957437065273893,"NDUFB11"
"CCNB2",0.137340982788725,"CCNB2"
"SIVA1",0.57807917888563,"SIVA1"
"PHLDA1",0.198548738225041,"PHLDA1"
"FAM20C",0.626315789473684,"FAM20C"
"SPANXB1",0.589230769230769,"SPANXB1"
"NKIRAS2",0.214122880177926,"NKIRAS2"
"GOLT1B",0.424285689990144,"GOLT1B"
"VSIG2",0.581818181818182,"VSIG2"
"COG3",0.552883132901634,"COG3"
"MSRA",0.660459287359436,"MSRA"
"FAM117B",-0.0754955594213514,"FAM117B"
"PROSER2",0.404354824286864,"PROSER2"
"ZNF217",0.223886639676113,"ZNF217"
"GRAMD1A",0.29020979020979,"GRAMD1A"
"ZNF516",0.544061492685346,"ZNF516"
"TP73",0.629972247918594,"TP73"
"GPC3",0.714285714285714,"GPC3"
"C16orf87",0.167880192858154,"C16orf87"
"CD40",0.649538795442214,"CD40"
"TRIM58",0.290909090909091,"TRIM58"
"ZNF644",0.241176470588235,"ZNF644"
"SDK1",0.573684210526316,"SDK1"
"ATN1",0.148236570808464,"ATN1"
"SPNS1",0.307415356460692,"SPNS1"
"MAT1A",0.653571428571428,"MAT1A"
"HNRNPA1",0.34670678149733,"HNRNPA1"
"DCTN5",0.267723873857602,"DCTN5"
"NRAS",0.440202634881507,"NRAS"
"NT5DC3",0.525185617049374,"NT5DC3"
"MAGEC1",0.561229198068227,"MAGEC1"
"MTG2",0.347176782597526,"MTG2"
"SINHCAF",0.335124315212811,"SINHCAF"
"CTSV",0.481097748997841,"CTSV"
"ERCC3",0.0616359447004608,"ERCC3"
"COX6A1",0.0717414329928311,"COX6A1"
"SLC38A2",0.513092997801049,"SLC38A2"
"MLH1",0.120318915686665,"MLH1"
"CHCHD1",0.193534077105177,"CHCHD1"
"REEP4",0.248809523809524,"REEP4"
"TMEM167A",0.207252524384855,"TMEM167A"
"RAD9A",0.37174638487208,"RAD9A"
"AKT2",0.380656538252849,"AKT2"
"KIF18B",0.149445234708393,"KIF18B"
"TNFRSF17",0.839638622247318,"TNFRSF17"
"BET1",0.573577897144415,"BET1"
"ENTPD1",0.375609756097561,"ENTPD1"
"RBP7",0.543956043956044,"RBP7"
"DDX19A",0.157473776223776,"DDX19A"
"RAP2C",0.377068815468146,"RAP2C"
"CTIF",0.693043478260869,"CTIF"
"CYP4F22",0.409313725490196,"CYP4F22"
"PIP4P2",0.449864498644986,"PIP4P2"
"CDCA3",0.221981896623086,"CDCA3"
"GPR107",0.394557211838429,"GPR107"
"STK11IP",0.138550786865047,"STK11IP"
"PHC3",0.13020463186221,"PHC3"
"LMTK2",0.352478315818632,"LMTK2"
"JUND",0.132877661720812,"JUND"
"SH2D4A",0.455894145950281,"SH2D4A"
"TMCC3",0.512488687782805,"TMCC3"
"BORCS7",0.233767882585047,"BORCS7"
"CCDC88B",0.136231884057971,"CCDC88B"
"UXT",0.0592889508539561,"UXT"
"BRI3BP",0.55219130503652,"BRI3BP"
"ELAVL4",0.38916365657127,"ELAVL4"
"CBFA2T3",0.600225861095426,"CBFA2T3"
"PHACTR4",0.330949314494209,"PHACTR4"
"RALGAPA1",0.490196078431373,"RALGAPA1"
"CLDN3",0.689424995465264,"CLDN3"
"ARHGAP15",0.577604183785639,"ARHGAP15"
"RHOD",0.359988659605921,"RHOD"
"PIK3C2A",0.254239335764179,"PIK3C2A"
"RABL3",0.151688086081785,"RABL3"
"ADIRF",0.13963143091527,"ADIRF"
"IFNGR1",0.393707033315706,"IFNGR1"
"TAF8",0.263863768042925,"TAF8"
"PTPRA",0.320362144239694,"PTPRA"
"PTPRE",0.237448438741416,"PTPRE"
"CKS2",0.363936014893305,"CKS2"
"TMEM123",0.40769423068121,"TMEM123"
"TGS1",0.443478260869565,"TGS1"
"MRPL54",0.014567582518901,"MRPL54"
"OSBPL5",0.355040611562351,"OSBPL5"
"CLMP",0.329395801739963,"CLMP"
"RNF181",0.274055221734058,"RNF181"
"CDK13",0.208207934336525,"CDK13"
"TBC1D2",0.346207215541166,"TBC1D2"
"UQCC3",0.154054329521616,"UQCC3"
"CHL1",0.508547008547009,"CHL1"
"TM7SF2",0.461321287408244,"TM7SF2"
"INIP",0.161701111535664,"INIP"
"POLG2",0.217581618962433,"POLG2"
"ATAD5",-0.0369337979094077,"ATAD5"
"FADS1",0.395531996220331,"FADS1"
"COMMD5",0.163068706638607,"COMMD5"
"RALYL",0.0389062138250178,"RALYL"
"TRAPPC5",-0.0113664107641809,"TRAPPC5"
"CAPN5",0.620713510580575,"CAPN5"
"CENPX",0.0440361258175023,"CENPX"
"ZFYVE1",0.275438596491228,"ZFYVE1"
"TUBGCP6",0.181297832658049,"TUBGCP6"
"MMAA",0.398786784769741,"MMAA"
"TRAPPC6B",0.479518584863412,"TRAPPC6B"
"CDH5",0.609090909090909,"CDH5"
"RILPL1",0.28021168816456,"RILPL1"
"CEBPA",0.616923076923077,"CEBPA"
"INTS11",0.101428866406884,"INTS11"
"RGS12",0.285714285714286,"RGS12"
"NEGR1",0.530261248185776,"NEGR1"
"SLC16A7",0.439567504383402,"SLC16A7"
"LAPTM5",0.286016309272123,"LAPTM5"
"ZNF462",0.185181093663694,"ZNF462"
