"","Correlation","Protein"
"ENSG00000000003.15",0.684439750109766,"ENSG00000000003.15"
"ENSG00000000005.6",-0.21605484522506,"ENSG00000000005.6"
"ENSG00000000419.12",0.153288593744658,"ENSG00000000419.12"
"ENSG00000000457.14",0.496730028002552,"ENSG00000000457.14"
"ENSG00000000460.17",0.286912436388471,"ENSG00000000460.17"
"ENSG00000000938.13",0.447064753808512,"ENSG00000000938.13"
"ENSG00000000971.16",0.464787565161628,"ENSG00000000971.16"
"ENSG00000001036.14",0.305006099888251,"ENSG00000001036.14"
"ENSG00000001084.13",0.461114056325943,"ENSG00000001084.13"
"ENSG00000001167.14",0.397803450434202,"ENSG00000001167.14"
"ENSG00000001461.17",0.164250898698519,"ENSG00000001461.17"
"ENSG00000001497.16",-0.091654031215895,"ENSG00000001497.16"
"ENSG00000001561.7",0.510329927915133,"ENSG00000001561.7"
"ENSG00000001617.12",0.361313893547351,"ENSG00000001617.12"
"ENSG00000001626.16",0.422544035461247,"ENSG00000001626.16"
"ENSG00000001629.10",0.498167400079316,"ENSG00000001629.10"
"ENSG00000001630.17",0.579360452677246,"ENSG00000001630.17"
"ENSG00000001631.15",0.203296703296703,"ENSG00000001631.15"
"ENSG00000002016.18",0.0681115842003871,"ENSG00000002016.18"
"ENSG00000002330.13",0.299586586570567,"ENSG00000002330.13"
"ENSG00000002549.12",0.490985244085722,"ENSG00000002549.12"
"ENSG00000002586.20",0.497270775167995,"ENSG00000002586.20"
"ENSG00000002726.20",0.828908863465836,"ENSG00000002726.20"
"ENSG00000002822.15",0.258796462366611,"ENSG00000002822.15"
"ENSG00000002834.18",0.397154746032747,"ENSG00000002834.18"
"ENSG00000002919.14",-0.0248264436336385,"ENSG00000002919.14"
"ENSG00000002933.9",0.814368599311463,"ENSG00000002933.9"
"ENSG00000003056.8",0.214766456088159,"ENSG00000003056.8"
"ENSG00000003096.14",0.500356968170736,"ENSG00000003096.14"
"ENSG00000003147.19",0.466973956514241,"ENSG00000003147.19"
"ENSG00000003249.14",0.492529136655873,"ENSG00000003249.14"
"ENSG00000003393.15",0.0278360586397993,"ENSG00000003393.15"
"ENSG00000003400.15",0.747435008117119,"ENSG00000003400.15"
"ENSG00000003402.20",0.504470616611532,"ENSG00000003402.20"
"ENSG00000003436.16",0.708645980645494,"ENSG00000003436.16"
"ENSG00000003509.16",0.247834240996898,"ENSG00000003509.16"
"ENSG00000003756.17",0.288358000035257,"ENSG00000003756.17"
"ENSG00000003987.14",0.470160616192978,"ENSG00000003987.14"
"ENSG00000003989.18",0.343851897940976,"ENSG00000003989.18"
"ENSG00000004059.11",0.310809226629438,"ENSG00000004059.11"
"ENSG00000004139.14",0.456883383813184,"ENSG00000004139.14"
"ENSG00000004142.12",0.516658922605615,"ENSG00000004142.12"
"ENSG00000004399.12",0.695042654435213,"ENSG00000004399.12"
"ENSG00000004455.17",0.307141513766687,"ENSG00000004455.17"
"ENSG00000004468.13",0.724057867441372,"ENSG00000004468.13"
"ENSG00000004478.8",0.581951445764099,"ENSG00000004478.8"
"ENSG00000004487.17",0.427081199009469,"ENSG00000004487.17"
"ENSG00000004534.15",0.256548819238115,"ENSG00000004534.15"
"ENSG00000004660.15",0.217236172828667,"ENSG00000004660.15"
"ENSG00000004700.16",0.370892987347937,"ENSG00000004700.16"
"ENSG00000004766.17",0.323387153342431,"ENSG00000004766.17"
"ENSG00000004776.13",0.401196904556226,"ENSG00000004776.13"
"ENSG00000004779.10",0.401704035822998,"ENSG00000004779.10"
"ENSG00000004799.8",0.731621882446286,"ENSG00000004799.8"
"ENSG00000004838.14",0.656337191646448,"ENSG00000004838.14"
"ENSG00000004864.14",0.594113344813127,"ENSG00000004864.14"
"ENSG00000004866.20",0.0118866206439279,"ENSG00000004866.20"
"ENSG00000004897.12",0.350120525942918,"ENSG00000004897.12"
"ENSG00000004939.15",0.363064936047404,"ENSG00000004939.15"
"ENSG00000004961.15",0.419085708721749,"ENSG00000004961.15"
"ENSG00000004975.12",0.485813633744905,"ENSG00000004975.12"
"ENSG00000005001.10",0.215693877093699,"ENSG00000005001.10"
"ENSG00000005007.13",0.3381001254935,"ENSG00000005007.13"
"ENSG00000005020.13",0.43330972883399,"ENSG00000005020.13"
"ENSG00000005022.6",0.661712603024559,"ENSG00000005022.6"
"ENSG00000005059.16",0.115505648784413,"ENSG00000005059.16"
"ENSG00000005100.13",0.0888576428734677,"ENSG00000005100.13"
"ENSG00000005108.16",0.740449087698068,"ENSG00000005108.16"
"ENSG00000005156.12",0.616341882544575,"ENSG00000005156.12"
"ENSG00000005175.10",0.026403471317625,"ENSG00000005175.10"
"ENSG00000005187.12",0.780057963202003,"ENSG00000005187.12"
"ENSG00000005194.15",0.241646760979013,"ENSG00000005194.15"
"ENSG00000005206.17",0.0739861903362734,"ENSG00000005206.17"
"ENSG00000005243.10",0.763410719207629,"ENSG00000005243.10"
"ENSG00000005249.13",0.62052120207515,"ENSG00000005249.13"
"ENSG00000005302.19",0.217527347674002,"ENSG00000005302.19"
"ENSG00000005339.15",0.442538708940354,"ENSG00000005339.15"
"ENSG00000005379.17",-0.054746055441221,"ENSG00000005379.17"
"ENSG00000005381.8",0.201552864117273,"ENSG00000005381.8"
"ENSG00000005421.9",0.0963716081464644,"ENSG00000005421.9"
"ENSG00000005436.14",0.223142908154574,"ENSG00000005436.14"
"ENSG00000005448.17",0.332111533560437,"ENSG00000005448.17"
"ENSG00000005469.12",0.702738863723367,"ENSG00000005469.12"
"ENSG00000005483.21",0.307442648713019,"ENSG00000005483.21"
"ENSG00000005486.17",0.548089144275164,"ENSG00000005486.17"
"ENSG00000005700.15",0.289483212930845,"ENSG00000005700.15"
"ENSG00000005801.18",0.427766351340686,"ENSG00000005801.18"
"ENSG00000005810.18",0.573888201795533,"ENSG00000005810.18"
"ENSG00000005812.11",0.101622347466872,"ENSG00000005812.11"
"ENSG00000005844.18",0.476432258956043,"ENSG00000005844.18"
"ENSG00000005882.12",0.59981810110769,"ENSG00000005882.12"
"ENSG00000005884.18",0.69311178157635,"ENSG00000005884.18"
"ENSG00000005889.15",-0.250504312509379,"ENSG00000005889.15"
"ENSG00000005893.16",0.360991381167766,"ENSG00000005893.16"
"ENSG00000005961.19",0.245462577531681,"ENSG00000005961.19"
"ENSG00000006007.12",0.176510709082578,"ENSG00000006007.12"
"ENSG00000006015.17",0.0340171087636141,"ENSG00000006015.17"
"ENSG00000006016.11",0.548343917675984,"ENSG00000006016.11"
"ENSG00000006025.12",0.441438396116528,"ENSG00000006025.12"
"ENSG00000006047.13",0.657302389694767,"ENSG00000006047.13"
"ENSG00000006118.14",0.705486837217933,"ENSG00000006118.14"
"ENSG00000006125.18",0.372458801636,"ENSG00000006125.18"
"ENSG00000006194.10",0.084865524210932,"ENSG00000006194.10"
"ENSG00000006210.7",0.398467564457112,"ENSG00000006210.7"
"ENSG00000006282.21",0.56647169225513,"ENSG00000006282.21"
"ENSG00000006327.14",0.438435503865076,"ENSG00000006327.14"
"ENSG00000006432.15",-0.657292920450815,"ENSG00000006432.15"
"ENSG00000006451.8",0.439304081769653,"ENSG00000006451.8"
"ENSG00000006453.14",0.848243324940773,"ENSG00000006453.14"
"ENSG00000006530.18",0.505152388927195,"ENSG00000006530.18"
"ENSG00000006534.16",0.624921943273936,"ENSG00000006534.16"
"ENSG00000006555.11",0.559030411054081,"ENSG00000006555.11"
"ENSG00000006607.14",0.322444399744625,"ENSG00000006607.14"
"ENSG00000006625.18",0.409607969889902,"ENSG00000006625.18"
"ENSG00000006634.8",0.274193548387097,"ENSG00000006634.8"
"ENSG00000006652.14",0.394758027477435,"ENSG00000006652.14"
"ENSG00000006695.12",0.0102951641627813,"ENSG00000006695.12"
"ENSG00000006704.10",0.227814134260123,"ENSG00000006704.10"
"ENSG00000006712.15",0.131912944035205,"ENSG00000006712.15"
"ENSG00000006715.16",0.084974479059241,"ENSG00000006715.16"
"ENSG00000006740.17",0.235091850257248,"ENSG00000006740.17"
"ENSG00000006744.19",0.345268328561209,"ENSG00000006744.19"
"ENSG00000006747.15",0.826063485479645,"ENSG00000006747.15"
"ENSG00000006756.16",0.500641888561849,"ENSG00000006756.16"
"ENSG00000006757.12",0.609268934922997,"ENSG00000006757.12"
"ENSG00000006788.14",0.208048188621105,"ENSG00000006788.14"
"ENSG00000006831.10",0.450101316118724,"ENSG00000006831.10"
"ENSG00000007047.15",0.440887681802167,"ENSG00000007047.15"
"ENSG00000007062.11",0.740369193379266,"ENSG00000007062.11"
"ENSG00000007080.11",0.123749647151259,"ENSG00000007080.11"
"ENSG00000007168.13",0.503084384056094,"ENSG00000007168.13"
"ENSG00000007171.18",0.634840871021776,"ENSG00000007171.18"
"ENSG00000007202.15",0.36157630563612,"ENSG00000007202.15"
"ENSG00000007216.15",-0.139952790372944,"ENSG00000007216.15"
"ENSG00000007237.18",0.712379563338409,"ENSG00000007237.18"
"ENSG00000007255.10",0.197737722607403,"ENSG00000007255.10"
"ENSG00000007264.15",0.3103237551338,"ENSG00000007264.15"
"ENSG00000007376.8",0.258927953315264,"ENSG00000007376.8"
"ENSG00000007384.15",0.181173632805416,"ENSG00000007384.15"
"ENSG00000007392.16",0.483568188497231,"ENSG00000007392.16"
"ENSG00000007402.11",0.696933496067019,"ENSG00000007402.11"
"ENSG00000007516.14",0.639135566016348,"ENSG00000007516.14"
"ENSG00000007520.4",0.192638073101816,"ENSG00000007520.4"
"ENSG00000007541.17",0.338429149443675,"ENSG00000007541.17"
"ENSG00000007545.16",0.397660470082022,"ENSG00000007545.16"
"ENSG00000007866.21",0.583136239552064,"ENSG00000007866.21"
"ENSG00000007923.16",0.0232489502231176,"ENSG00000007923.16"
"ENSG00000007933.13",0.78118150189371,"ENSG00000007933.13"
"ENSG00000008018.9",-0.169619036357811,"ENSG00000008018.9"
"ENSG00000008056.14",0.651460739893652,"ENSG00000008056.14"
"ENSG00000008083.14",-0.197542998686452,"ENSG00000008083.14"
"ENSG00000008086.13",0.440368956720449,"ENSG00000008086.13"
"ENSG00000008128.23",0.261626160811046,"ENSG00000008128.23"
"ENSG00000008130.15",0.360453422661696,"ENSG00000008130.15"
"ENSG00000008196.13",0.812276773441546,"ENSG00000008196.13"
"ENSG00000008197.5",-0.046822649183734,"ENSG00000008197.5"
"ENSG00000008256.16",0.456473604777436,"ENSG00000008256.16"
"ENSG00000008277.14",0.7647728297465,"ENSG00000008277.14"
"ENSG00000008282.8",0.204629017710551,"ENSG00000008282.8"
"ENSG00000008283.16",0.56064333537255,"ENSG00000008283.16"
"ENSG00000008294.21",0.325788489045611,"ENSG00000008294.21"
"ENSG00000008300.17",0.423512413383652,"ENSG00000008300.17"
"ENSG00000008311.15",0.75953397246989,"ENSG00000008311.15"
"ENSG00000008323.15",0.0149644381223329,"ENSG00000008323.15"
"ENSG00000008324.11",0.631019909850972,"ENSG00000008324.11"
"ENSG00000008382.15",0.135822438355801,"ENSG00000008382.15"
"ENSG00000008394.13",0.557102080217454,"ENSG00000008394.13"
"ENSG00000008405.12",0.448248064407035,"ENSG00000008405.12"
"ENSG00000008438.5",0.267238798949658,"ENSG00000008438.5"
"ENSG00000008441.16",0.605875601408325,"ENSG00000008441.16"
"ENSG00000008513.16",0.582996875681448,"ENSG00000008513.16"
"ENSG00000008517.17",0.477357263135222,"ENSG00000008517.17"
"ENSG00000008710.20",0.254208920738369,"ENSG00000008710.20"
"ENSG00000008735.14",0.298230479185817,"ENSG00000008735.14"
"ENSG00000008838.20",0.447219706051324,"ENSG00000008838.20"
"ENSG00000008869.12",0.231156934892183,"ENSG00000008869.12"
"ENSG00000008952.17",-0.0511351728018134,"ENSG00000008952.17"
"ENSG00000008988.9",0.23015853167381,"ENSG00000008988.9"
"ENSG00000009307.16",-0.0288165301070239,"ENSG00000009307.16"
"ENSG00000009335.18",0.185888423838182,"ENSG00000009335.18"
"ENSG00000009724.17",-0.0744858483261852,"ENSG00000009724.17"
"ENSG00000009765.15",-0.158613344612248,"ENSG00000009765.15"
"ENSG00000009780.15",-0.225959045208129,"ENSG00000009780.15"
"ENSG00000009790.15",0.630699570823347,"ENSG00000009790.15"
"ENSG00000009830.11",0.569191982006947,"ENSG00000009830.11"
"ENSG00000009844.16",0.00470624238792673,"ENSG00000009844.16"
"ENSG00000009954.11",-0.185242408544518,"ENSG00000009954.11"
"ENSG00000010017.13",0.12628095005086,"ENSG00000010017.13"
"ENSG00000010072.16",0.400948733258153,"ENSG00000010072.16"
"ENSG00000010165.20",0.552783599229618,"ENSG00000010165.20"
"ENSG00000010244.18",-0.136780478792819,"ENSG00000010244.18"
"ENSG00000010256.11",0.354774594725462,"ENSG00000010256.11"
"ENSG00000010278.14",0.515110212197111,"ENSG00000010278.14"
"ENSG00000010292.13",0.630063952620363,"ENSG00000010292.13"
"ENSG00000010295.19",0.745044583604602,"ENSG00000010295.19"
"ENSG00000010319.7",0.212941021196372,"ENSG00000010319.7"
"ENSG00000010322.16",0.229442176222475,"ENSG00000010322.16"
"ENSG00000010327.10",0.66278100044403,"ENSG00000010327.10"
"ENSG00000010404.18",0.509080702418968,"ENSG00000010404.18"
"ENSG00000010539.11",0.191313507819464,"ENSG00000010539.11"
"ENSG00000010610.10",0.594728890202161,"ENSG00000010610.10"
"ENSG00000010671.16",0.709385965934355,"ENSG00000010671.16"
"ENSG00000010704.18",0.458484635997769,"ENSG00000010704.18"
"ENSG00000010803.16",0.285388498457704,"ENSG00000010803.16"
"ENSG00000010810.17",0.473839163955449,"ENSG00000010810.17"
"ENSG00000010818.10",0.00545705184480081,"ENSG00000010818.10"
"ENSG00000010932.17",0.16939861399608,"ENSG00000010932.17"
"ENSG00000011007.12",0.362901928750539,"ENSG00000011007.12"
"ENSG00000011009.11",0.352264281232005,"ENSG00000011009.11"
"ENSG00000011021.23",0.657553973988069,"ENSG00000011021.23"
"ENSG00000011028.14",0.732629850380643,"ENSG00000011028.14"
"ENSG00000011105.14",0.444749979462462,"ENSG00000011105.14"
"ENSG00000011132.12",0.304975174014415,"ENSG00000011132.12"
"ENSG00000011143.17",0.320209647629671,"ENSG00000011143.17"
"ENSG00000011198.10",0.236661569889856,"ENSG00000011198.10"
"ENSG00000011201.12",0.31591043609161,"ENSG00000011201.12"
"ENSG00000011243.18",0.570175894976666,"ENSG00000011243.18"
"ENSG00000011258.16",0.372825134093615,"ENSG00000011258.16"
"ENSG00000011260.14",0.09940723944,"ENSG00000011260.14"
"ENSG00000011275.18",0.16675864055688,"ENSG00000011275.18"
"ENSG00000011295.16",0.602290756155218,"ENSG00000011295.16"
"ENSG00000011304.20",0.352041314089319,"ENSG00000011304.20"
"ENSG00000011332.19",0.69657163251516,"ENSG00000011332.19"
"ENSG00000011347.10",0.447067799189067,"ENSG00000011347.10"
"ENSG00000011376.12",0.349452291032441,"ENSG00000011376.12"
"ENSG00000011405.13",0.63236044197817,"ENSG00000011405.13"
"ENSG00000011422.12",0.609714216604794,"ENSG00000011422.12"
"ENSG00000011426.11",0.535452292788853,"ENSG00000011426.11"
"ENSG00000011451.21",0.23282357893268,"ENSG00000011451.21"
"ENSG00000011454.17",0.452708224880612,"ENSG00000011454.17"
"ENSG00000011465.17",0.786073961118826,"ENSG00000011465.17"
"ENSG00000011478.12",0.142204158931632,"ENSG00000011478.12"
"ENSG00000011485.15",0.333381797616377,"ENSG00000011485.15"
"ENSG00000011523.14",0.628720946052346,"ENSG00000011523.14"
"ENSG00000011566.15",0.24539843341931,"ENSG00000011566.15"
"ENSG00000011600.12",0.2443046904931,"ENSG00000011600.12"
"ENSG00000011638.10",0.344590502671269,"ENSG00000011638.10"
"ENSG00000012048.23",0.462051210776092,"ENSG00000012048.23"
"ENSG00000012061.16",0.347363011707179,"ENSG00000012061.16"
"ENSG00000012171.20",-0.0607930652972864,"ENSG00000012171.20"
"ENSG00000012174.12",0.384982710733523,"ENSG00000012174.12"
"ENSG00000012211.13",0.606342662890448,"ENSG00000012211.13"
"ENSG00000012223.13",0.193983644668453,"ENSG00000012223.13"
"ENSG00000012232.9",0.691936647849292,"ENSG00000012232.9"
"ENSG00000012660.14",0.377353770672519,"ENSG00000012660.14"
"ENSG00000012779.11",0.816891877026857,"ENSG00000012779.11"
"ENSG00000012822.16",0.492341977810543,"ENSG00000012822.16"
"ENSG00000012963.15",0.260946043428629,"ENSG00000012963.15"
"ENSG00000012983.11",0.668157824280565,"ENSG00000012983.11"
"ENSG00000013016.16",0.571579977708907,"ENSG00000013016.16"
"ENSG00000013275.8",0.118038089874703,"ENSG00000013275.8"
"ENSG00000013288.9",0.512005359173857,"ENSG00000013288.9"
"ENSG00000013364.19",0.761103851046353,"ENSG00000013364.19"
"ENSG00000013374.16",0.122100603795982,"ENSG00000013374.16"
"ENSG00000013375.16",0.166742881907655,"ENSG00000013375.16"
"ENSG00000013392.8",0.21278369343765,"ENSG00000013392.8"
"ENSG00000013441.16",-0.057760347356222,"ENSG00000013441.16"
"ENSG00000013503.10",-0.361127141164985,"ENSG00000013503.10"
"ENSG00000013523.11",0.160015536218627,"ENSG00000013523.11"
"ENSG00000013561.18",0.197374963909639,"ENSG00000013561.18"
"ENSG00000013563.14",0.0443013745159825,"ENSG00000013563.14"
"ENSG00000013573.17",0.197308512656555,"ENSG00000013573.17"
"ENSG00000013583.10",0.442073089865723,"ENSG00000013583.10"
"ENSG00000013588.9",0.780863151288548,"ENSG00000013588.9"
"ENSG00000013619.14",0.630761414442487,"ENSG00000013619.14"
"ENSG00000013725.14",0.277214068756584,"ENSG00000013725.14"
"ENSG00000013810.19",0.469498584589018,"ENSG00000013810.19"
"ENSG00000014123.10",-0.00729523376367423,"ENSG00000014123.10"
"ENSG00000014138.9",0.338288457359123,"ENSG00000014138.9"
"ENSG00000014164.7",-0.0366278209791899,"ENSG00000014164.7"
"ENSG00000014216.16",0.544830104809713,"ENSG00000014216.16"
"ENSG00000014257.16",0.625431320765398,"ENSG00000014257.16"
"ENSG00000014641.20",-0.193089449259394,"ENSG00000014641.20"
"ENSG00000014824.14",0.140718982565335,"ENSG00000014824.14"
"ENSG00000014914.21",0.604088738175118,"ENSG00000014914.21"
"ENSG00000014919.13",-0.19765588272254,"ENSG00000014919.13"
"ENSG00000015133.19",0.668070637428851,"ENSG00000015133.19"
"ENSG00000015153.14",-0.0347928853553524,"ENSG00000015153.14"
"ENSG00000015171.19",0.404272435569758,"ENSG00000015171.19"
"ENSG00000015285.11",0.656003039688988,"ENSG00000015285.11"
"ENSG00000015413.9",0.631365465662799,"ENSG00000015413.9"
"ENSG00000015532.10",0.105689535530045,"ENSG00000015532.10"
"ENSG00000015676.18",0.408411357050401,"ENSG00000015676.18"
"ENSG00000016391.11",0.861642016580778,"ENSG00000016391.11"
"ENSG00000016864.18",0.12146976849772,"ENSG00000016864.18"
"ENSG00000017260.19",0.460547370281536,"ENSG00000017260.19"
"ENSG00000017427.17",0.276139053065931,"ENSG00000017427.17"
"ENSG00000017797.13",-0.193210818667608,"ENSG00000017797.13"
"ENSG00000018189.13",0.759590051055112,"ENSG00000018189.13"
"ENSG00000018236.15",0.757560556869203,"ENSG00000018236.15"
"ENSG00000018408.14",0.705407635382616,"ENSG00000018408.14"
"ENSG00000018510.16",0.350464621165998,"ENSG00000018510.16"
"ENSG00000018610.15",0.181124861562495,"ENSG00000018610.15"
"ENSG00000018699.13",0.379026848931833,"ENSG00000018699.13"
"ENSG00000019144.19",0.695812586931345,"ENSG00000019144.19"
"ENSG00000019169.10",0.728496616673373,"ENSG00000019169.10"
"ENSG00000019485.13",0.379532834026074,"ENSG00000019485.13"
"ENSG00000019505.8",0.727814453646908,"ENSG00000019505.8"
"ENSG00000019549.13",0.761032177667438,"ENSG00000019549.13"
"ENSG00000019582.15",0.569490487937693,"ENSG00000019582.15"
"ENSG00000019991.18",0.725429354068657,"ENSG00000019991.18"
"ENSG00000019995.6",0.302083694919216,"ENSG00000019995.6"
"ENSG00000020129.16",0.603353700005799,"ENSG00000020129.16"
"ENSG00000020181.18",0.198218678504478,"ENSG00000020181.18"
"ENSG00000020256.20",0.139341194962559,"ENSG00000020256.20"
"ENSG00000020426.11",0.266350903518243,"ENSG00000020426.11"
"ENSG00000020577.14",0.625871893120944,"ENSG00000020577.14"
"ENSG00000020633.18",0.373814998788942,"ENSG00000020633.18"
"ENSG00000020922.13",0.418821509439662,"ENSG00000020922.13"
"ENSG00000021300.14",0.728004198111419,"ENSG00000021300.14"
"ENSG00000021355.13",0.739393902165056,"ENSG00000021355.13"
"ENSG00000021574.12",0.395040982613547,"ENSG00000021574.12"
"ENSG00000021762.20",-0.0234319541786771,"ENSG00000021762.20"
"ENSG00000021776.11",0.00345954599014468,"ENSG00000021776.11"
"ENSG00000021826.17",0.498242173564063,"ENSG00000021826.17"
"ENSG00000021852.13",0.274027257072847,"ENSG00000021852.13"
"ENSG00000022267.19",0.538826050107875,"ENSG00000022267.19"
"ENSG00000022277.12",0.0215053250627788,"ENSG00000022277.12"
"ENSG00000022556.16",0.683910816781216,"ENSG00000022556.16"
"ENSG00000022840.16",0.0410604133548785,"ENSG00000022840.16"
"ENSG00000022976.15",0.114565826330532,"ENSG00000022976.15"
"ENSG00000023041.11",0.0397462753382981,"ENSG00000023041.11"
"ENSG00000023191.17",0.400264425503705,"ENSG00000023191.17"
"ENSG00000023228.14",-0.011565476671482,"ENSG00000023228.14"
"ENSG00000023287.13",-0.00600012114783332,"ENSG00000023287.13"
"ENSG00000023318.8",0.194798313082086,"ENSG00000023318.8"
"ENSG00000023330.15",0.0689231538182097,"ENSG00000023330.15"
"ENSG00000023445.16",0.275603432826116,"ENSG00000023445.16"
"ENSG00000023516.9",0.100874676698982,"ENSG00000023516.9"
"ENSG00000023572.9",0.177980852155582,"ENSG00000023572.9"
"ENSG00000023608.5",0.336786674604377,"ENSG00000023608.5"
"ENSG00000023697.13",-0.237480971210502,"ENSG00000023697.13"
"ENSG00000023734.11",0.180380980980339,"ENSG00000023734.11"
"ENSG00000023892.11",0.586883340590304,"ENSG00000023892.11"
"ENSG00000023902.14",0.327914421689588,"ENSG00000023902.14"
"ENSG00000023909.10",0.519062858688902,"ENSG00000023909.10"
"ENSG00000024048.10",0.577933943266936,"ENSG00000024048.10"
"ENSG00000024422.12",0.319431275287446,"ENSG00000024422.12"
"ENSG00000024862.17",0.180146468059574,"ENSG00000024862.17"
"ENSG00000025039.15",0.698847610074217,"ENSG00000025039.15"
"ENSG00000025156.13",0.395685405023262,"ENSG00000025156.13"
"ENSG00000025293.17",0.075257862709973,"ENSG00000025293.17"
"ENSG00000025423.11",0.672069492319065,"ENSG00000025423.11"
"ENSG00000025708.14",0.764123656501533,"ENSG00000025708.14"
"ENSG00000025770.19",0.460297542398129,"ENSG00000025770.19"
"ENSG00000025772.8",0.342207499839863,"ENSG00000025772.8"
"ENSG00000025796.14",0.103477362982789,"ENSG00000025796.14"
"ENSG00000025800.14",0.287213134925149,"ENSG00000025800.14"
"ENSG00000026025.16",0.468251067053506,"ENSG00000026025.16"
"ENSG00000026103.22",0.6438681787904,"ENSG00000026103.22"
"ENSG00000026297.16",0.606682515025562,"ENSG00000026297.16"
"ENSG00000026508.19",0.636896114319227,"ENSG00000026508.19"
"ENSG00000026652.15",0.445744216917161,"ENSG00000026652.15"
"ENSG00000026751.17",0.557731034969814,"ENSG00000026751.17"
"ENSG00000026950.17",0.382855736625148,"ENSG00000026950.17"
"ENSG00000027001.10",0.588619805713257,"ENSG00000027001.10"
"ENSG00000027075.15",0.608648208028687,"ENSG00000027075.15"
"ENSG00000027697.15",0.334518083783932,"ENSG00000027697.15"
"ENSG00000027847.14",0.368871898718582,"ENSG00000027847.14"
"ENSG00000027869.11",0.112461282240922,"ENSG00000027869.11"
"ENSG00000028116.17",0.443215203668744,"ENSG00000028116.17"
"ENSG00000028137.19",0.269877098546418,"ENSG00000028137.19"
"ENSG00000028203.18",0.126329845799614,"ENSG00000028203.18"
"ENSG00000028277.21",0.498472397874928,"ENSG00000028277.21"
"ENSG00000028310.18",0.247322105094563,"ENSG00000028310.18"
"ENSG00000028528.15",0.370622756726339,"ENSG00000028528.15"
"ENSG00000028839.10",0.350673329340037,"ENSG00000028839.10"
"ENSG00000029363.17",0.408452272426717,"ENSG00000029363.17"
"ENSG00000029364.12",0.351265995246949,"ENSG00000029364.12"
"ENSG00000029534.21",0.188762337029191,"ENSG00000029534.21"
"ENSG00000029639.11",0.464669390784529,"ENSG00000029639.11"
"ENSG00000029725.17",0.532099923656701,"ENSG00000029725.17"
"ENSG00000029993.15",0.829337455926035,"ENSG00000029993.15"
"ENSG00000030066.13",0.25476463018535,"ENSG00000030066.13"
"ENSG00000030110.13",0.25452046279432,"ENSG00000030110.13"
"ENSG00000030419.16",0.670603911301406,"ENSG00000030419.16"
"ENSG00000030582.18",0.502226091743193,"ENSG00000030582.18"
"ENSG00000031081.11",0.473563022716739,"ENSG00000031081.11"
"ENSG00000031691.7",0.582355423086774,"ENSG00000031691.7"
"ENSG00000031698.13",-0.0394805406821759,"ENSG00000031698.13"
"ENSG00000031823.14",0.388090194434098,"ENSG00000031823.14"
"ENSG00000032219.19",0.277050183344225,"ENSG00000032219.19"
"ENSG00000032389.12",-0.142322318051596,"ENSG00000032389.12"
"ENSG00000032444.16",0.50871578496887,"ENSG00000032444.16"
"ENSG00000032742.17",0.396643643932356,"ENSG00000032742.17"
"ENSG00000033011.13",0.288089011406326,"ENSG00000033011.13"
"ENSG00000033030.15",0.5230164979072,"ENSG00000033030.15"
"ENSG00000033100.16",0.378531004815068,"ENSG00000033100.16"
"ENSG00000033170.17",0.776395257476093,"ENSG00000033170.17"
"ENSG00000033178.13",0.457767072266745,"ENSG00000033178.13"
"ENSG00000033327.13",0.519530907615724,"ENSG00000033327.13"
"ENSG00000033627.16",0.672985347262785,"ENSG00000033627.16"
"ENSG00000033800.13",0.0667351555123761,"ENSG00000033800.13"
"ENSG00000033867.16",0.469767537761618,"ENSG00000033867.16"
"ENSG00000034053.14",0.779767188699862,"ENSG00000034053.14"
"ENSG00000034152.19",0.334584337737067,"ENSG00000034152.19"
"ENSG00000034510.6",0.0857130635466976,"ENSG00000034510.6"
"ENSG00000034533.11",0.249091305999232,"ENSG00000034533.11"
"ENSG00000034677.13",0.391416288871564,"ENSG00000034677.13"
"ENSG00000034693.15",-0.0625726342992637,"ENSG00000034693.15"
"ENSG00000034713.8",0.125340342401624,"ENSG00000034713.8"
"ENSG00000034971.17",-0.0426336441626416,"ENSG00000034971.17"
"ENSG00000035115.22",0.575913483752445,"ENSG00000035115.22"
"ENSG00000035141.8",0.519015596875266,"ENSG00000035141.8"
"ENSG00000035403.18",0.45570153859996,"ENSG00000035403.18"
"ENSG00000035664.11",0.58583570847086,"ENSG00000035664.11"
"ENSG00000035681.9",0.0656417299972065,"ENSG00000035681.9"
"ENSG00000035687.10",0.364421376118358,"ENSG00000035687.10"
"ENSG00000035720.8",0.0388240359961496,"ENSG00000035720.8"
"ENSG00000035862.12",0.672378966548506,"ENSG00000035862.12"
"ENSG00000035928.16",0.135282082124691,"ENSG00000035928.16"
"ENSG00000036054.13",0.131900077925215,"ENSG00000036054.13"
"ENSG00000036257.13",0.188319833874039,"ENSG00000036257.13"
"ENSG00000036448.10",0.102570528452105,"ENSG00000036448.10"
"ENSG00000036473.8",0.181672658105456,"ENSG00000036473.8"
"ENSG00000036549.13",-0.0158403018506247,"ENSG00000036549.13"
"ENSG00000037042.9",0.422360160628547,"ENSG00000037042.9"
"ENSG00000037241.7",0.37131613860556,"ENSG00000037241.7"
"ENSG00000037280.16",0.401632218291076,"ENSG00000037280.16"
"ENSG00000037474.15",0.773794974199024,"ENSG00000037474.15"
"ENSG00000037637.11",0.364040612331713,"ENSG00000037637.11"
"ENSG00000037749.12",0.0120098082141599,"ENSG00000037749.12"
"ENSG00000037757.14",0.469810069744121,"ENSG00000037757.14"
"ENSG00000037897.17",0.450787915226463,"ENSG00000037897.17"
"ENSG00000037965.6",0.160408163265306,"ENSG00000037965.6"
"ENSG00000038002.9",0.460313661068716,"ENSG00000038002.9"
"ENSG00000038210.14",0.205385436933638,"ENSG00000038210.14"
"ENSG00000038219.13",0.377394407832944,"ENSG00000038219.13"
"ENSG00000038274.17",-0.259849084554091,"ENSG00000038274.17"
"ENSG00000038358.15",0.435539546327699,"ENSG00000038358.15"
"ENSG00000038382.20",0.814779582510211,"ENSG00000038382.20"
"ENSG00000038427.16",0.559804271958632,"ENSG00000038427.16"
"ENSG00000038532.16",0.49060177435165,"ENSG00000038532.16"
"ENSG00000038945.15",0.445176536616953,"ENSG00000038945.15"
"ENSG00000039068.19",0.647327802599311,"ENSG00000039068.19"
"ENSG00000039123.16",0.0866586154217501,"ENSG00000039123.16"
"ENSG00000039319.17",0.576067954823549,"ENSG00000039319.17"
"ENSG00000039523.20",0.278291629871593,"ENSG00000039523.20"
"ENSG00000039537.13",0.295616350068074,"ENSG00000039537.13"
"ENSG00000039560.14",0.638437674622863,"ENSG00000039560.14"
"ENSG00000039650.12",0.495412429568481,"ENSG00000039650.12"
"ENSG00000040199.18",0.458608344974939,"ENSG00000040199.18"
"ENSG00000040275.17",0.108089954965232,"ENSG00000040275.17"
"ENSG00000040341.18",0.465548317838372,"ENSG00000040341.18"
"ENSG00000040487.13",0.47192513368984,"ENSG00000040487.13"
"ENSG00000040633.13",0.582019604201036,"ENSG00000040633.13"
"ENSG00000040933.16",0.582162183086535,"ENSG00000040933.16"
"ENSG00000041353.10",0.803134939922117,"ENSG00000041353.10"
"ENSG00000041357.16",0.0268831465206791,"ENSG00000041357.16"
"ENSG00000041802.11",0.422798252847563,"ENSG00000041802.11"
"ENSG00000041880.14",0.31511469192398,"ENSG00000041880.14"
"ENSG00000041982.16",0.645034274795985,"ENSG00000041982.16"
"ENSG00000042062.13",0.476780758556892,"ENSG00000042062.13"
"ENSG00000042088.14",0.597057184829398,"ENSG00000042088.14"
"ENSG00000042286.15",0.213473818630337,"ENSG00000042286.15"
"ENSG00000042429.12",-0.109733268288544,"ENSG00000042429.12"
"ENSG00000042445.14",0.497954431137639,"ENSG00000042445.14"
"ENSG00000042493.16",0.562610396296466,"ENSG00000042493.16"
"ENSG00000042753.12",0.0274605130080574,"ENSG00000042753.12"
"ENSG00000042832.12",0.258505012157038,"ENSG00000042832.12"
"ENSG00000042980.13",0.564007583405224,"ENSG00000042980.13"
"ENSG00000043039.7",0.544723878662173,"ENSG00000043039.7"
"ENSG00000043093.15",0.32430721836392,"ENSG00000043093.15"
"ENSG00000043143.20",0.537518078338602,"ENSG00000043143.20"
"ENSG00000043462.12",0.669544453004851,"ENSG00000043462.12"
"ENSG00000043514.17",0.418511446406705,"ENSG00000043514.17"
"ENSG00000044090.10",0.292207830319619,"ENSG00000044090.10"
"ENSG00000044115.21",0.0685366127401993,"ENSG00000044115.21"
"ENSG00000044446.12",0.179427254518628,"ENSG00000044446.12"
"ENSG00000044459.15",0.347400704300002,"ENSG00000044459.15"
"ENSG00000044524.11",0.68435813192463,"ENSG00000044524.11"
"ENSG00000044574.8",0.441785202027164,"ENSG00000044574.8"
"ENSG00000046604.13",0.614878489376308,"ENSG00000046604.13"
"ENSG00000046647.13",0.200757864544424,"ENSG00000046647.13"
"ENSG00000046651.15",0.423465479174052,"ENSG00000046651.15"
"ENSG00000046889.19",0.729031368573559,"ENSG00000046889.19"
"ENSG00000047056.16",0.394172596994712,"ENSG00000047056.16"
"ENSG00000047188.16",0.266325889389887,"ENSG00000047188.16"
"ENSG00000047230.15",0.545478882913612,"ENSG00000047230.15"
"ENSG00000047249.18",0.117341350102197,"ENSG00000047249.18"
"ENSG00000047315.17",0.110732533523646,"ENSG00000047315.17"
"ENSG00000047346.12",0.370028011204482,"ENSG00000047346.12"
"ENSG00000047365.12",0.126195005290621,"ENSG00000047365.12"
"ENSG00000047410.14",0.35811078349366,"ENSG00000047410.14"
"ENSG00000047457.14",0.508584928426966,"ENSG00000047457.14"
"ENSG00000047578.13",0.516681118961769,"ENSG00000047578.13"
"ENSG00000047579.20",-0.0177982059161848,"ENSG00000047579.20"
"ENSG00000047621.12",-0.0936095488140904,"ENSG00000047621.12"
"ENSG00000047644.19",0.172132986420014,"ENSG00000047644.19"
"ENSG00000047648.23",0.38917770823324,"ENSG00000047648.23"
"ENSG00000047849.21",0.444225666845078,"ENSG00000047849.21"
"ENSG00000047932.14",0.439920623662655,"ENSG00000047932.14"
"ENSG00000048028.11",0.358491214268367,"ENSG00000048028.11"
"ENSG00000048052.21",0.396506569045956,"ENSG00000048052.21"
"ENSG00000048162.21",0.274824365286295,"ENSG00000048162.21"
"ENSG00000048342.16",0.424198762867306,"ENSG00000048342.16"
"ENSG00000048392.12",0.433299898878535,"ENSG00000048392.12"
"ENSG00000048405.10",-0.147878298708457,"ENSG00000048405.10"
"ENSG00000048462.11",0.45995344786679,"ENSG00000048462.11"
"ENSG00000048471.14",0.264699123621408,"ENSG00000048471.14"
"ENSG00000048540.15",0.72555023923445,"ENSG00000048540.15"
"ENSG00000048544.6",0.0540480097821399,"ENSG00000048544.6"
"ENSG00000048649.13",0.358637477476523,"ENSG00000048649.13"
"ENSG00000048707.15",0.295234034351344,"ENSG00000048707.15"
"ENSG00000048740.18",0.559926409503232,"ENSG00000048740.18"
"ENSG00000048828.17",0.317555622737589,"ENSG00000048828.17"
"ENSG00000048991.16",0.555246531989097,"ENSG00000048991.16"
"ENSG00000049089.15",0.192520820465189,"ENSG00000049089.15"
"ENSG00000049130.16",0.435879507427856,"ENSG00000049130.16"
"ENSG00000049167.14",0.298628320559194,"ENSG00000049167.14"
"ENSG00000049239.13",0.473261003142273,"ENSG00000049239.13"
"ENSG00000049245.13",0.0270742260214886,"ENSG00000049245.13"
"ENSG00000049246.14",0.366600839499967,"ENSG00000049246.14"
"ENSG00000049283.18",0.753039431694763,"ENSG00000049283.18"
"ENSG00000049323.16",0.585608978640472,"ENSG00000049323.16"
"ENSG00000049449.10",0.440279555014805,"ENSG00000049449.10"
"ENSG00000049540.17",0.073209573008693,"ENSG00000049540.17"
"ENSG00000049541.11",0.408825894671234,"ENSG00000049541.11"
"ENSG00000049618.24",0.592404107333313,"ENSG00000049618.24"
"ENSG00000049656.14",0.619526233434616,"ENSG00000049656.14"
"ENSG00000049759.18",0.742166106540611,"ENSG00000049759.18"
"ENSG00000049768.16",0.406418885962345,"ENSG00000049768.16"
"ENSG00000049860.14",0.314014988914608,"ENSG00000049860.14"
"ENSG00000049883.15",0.306918778102835,"ENSG00000049883.15"
"ENSG00000050130.18",0.463199669128621,"ENSG00000050130.18"
"ENSG00000050165.18",0.704193743331943,"ENSG00000050165.18"
"ENSG00000050327.15",0.522602715428351,"ENSG00000050327.15"
"ENSG00000050393.11",0.0667256459429359,"ENSG00000050393.11"
"ENSG00000050405.13",0.569762769223607,"ENSG00000050405.13"
"ENSG00000050426.16",0.294820399112052,"ENSG00000050426.16"
"ENSG00000050555.18",0.52844157372252,"ENSG00000050555.18"
"ENSG00000050748.17",0.100936584002314,"ENSG00000050748.17"
"ENSG00000050820.17",0.499130823242286,"ENSG00000050820.17"
"ENSG00000051009.11",-0.0356551106525597,"ENSG00000051009.11"
"ENSG00000051108.15",0.450120862925577,"ENSG00000051108.15"
"ENSG00000051128.19",0.700280354345616,"ENSG00000051128.19"
"ENSG00000051180.17",0.227863398898833,"ENSG00000051180.17"
"ENSG00000051382.9",0.273355865298348,"ENSG00000051382.9"
"ENSG00000051523.11",0.481942029151891,"ENSG00000051523.11"
"ENSG00000051596.10",0.486185463203501,"ENSG00000051596.10"
"ENSG00000051620.11",0.421503628447549,"ENSG00000051620.11"
"ENSG00000051825.15",0.0859931082045985,"ENSG00000051825.15"
"ENSG00000052126.14",0.702021382907834,"ENSG00000052126.14"
"ENSG00000052344.16",0.605148342158761,"ENSG00000052344.16"
"ENSG00000052723.12",0.045573612948242,"ENSG00000052723.12"
"ENSG00000052749.14",0.436640424798385,"ENSG00000052749.14"
"ENSG00000052795.13",0.295713557600499,"ENSG00000052795.13"
"ENSG00000052802.13",0.390506072773813,"ENSG00000052802.13"
"ENSG00000052841.15",0.0777062854904925,"ENSG00000052841.15"
"ENSG00000053108.17",0.444465486597343,"ENSG00000053108.17"
"ENSG00000053254.15",0.318243718190932,"ENSG00000053254.15"
"ENSG00000053371.12",0.314099194176687,"ENSG00000053371.12"
"ENSG00000053372.5",0.107049783142392,"ENSG00000053372.5"
"ENSG00000053501.13",0.0104437308546562,"ENSG00000053501.13"
"ENSG00000053702.15",0.483513076936549,"ENSG00000053702.15"
"ENSG00000053747.16",0.871770304975405,"ENSG00000053747.16"
"ENSG00000053770.12",-0.16535475873311,"ENSG00000053770.12"
"ENSG00000053900.10",0.189477044616624,"ENSG00000053900.10"
"ENSG00000054116.12",0.027503290242223,"ENSG00000054116.12"
"ENSG00000054118.15",0.314845121957156,"ENSG00000054118.15"
"ENSG00000054148.18",0.213509952675223,"ENSG00000054148.18"
"ENSG00000054179.12",0.419338869118069,"ENSG00000054179.12"
"ENSG00000054219.11",0.206270931007029,"ENSG00000054219.11"
"ENSG00000054267.22",0.254170903941855,"ENSG00000054267.22"
"ENSG00000054282.16",0.391854623704231,"ENSG00000054282.16"
"ENSG00000054523.17",0.325537612370944,"ENSG00000054523.17"
"ENSG00000054598.9",0.117970002363568,"ENSG00000054598.9"
"ENSG00000054611.14",0.304132373597127,"ENSG00000054611.14"
"ENSG00000054654.18",0.43467482848666,"ENSG00000054654.18"
"ENSG00000054793.14",0.668636329221583,"ENSG00000054793.14"
"ENSG00000054965.10",0.602734557419137,"ENSG00000054965.10"
"ENSG00000054983.17",0.410802284791649,"ENSG00000054983.17"
"ENSG00000055044.11",0.522628149900179,"ENSG00000055044.11"
"ENSG00000055070.17",0.148270673179643,"ENSG00000055070.17"
"ENSG00000055130.17",-0.0706120563667415,"ENSG00000055130.17"
"ENSG00000055147.19",0.184355832011973,"ENSG00000055147.19"
"ENSG00000055163.20",0.684903157001013,"ENSG00000055163.20"
"ENSG00000055208.19",0.344129131897763,"ENSG00000055208.19"
"ENSG00000055211.14",0.383754546130092,"ENSG00000055211.14"
"ENSG00000055332.18",0.454651156522545,"ENSG00000055332.18"
"ENSG00000055483.19",0.3010253077361,"ENSG00000055483.19"
"ENSG00000055609.18",-0.235267346895858,"ENSG00000055609.18"
"ENSG00000055813.6",0.484594238177187,"ENSG00000055813.6"
"ENSG00000055917.15",0.28299680947813,"ENSG00000055917.15"
"ENSG00000055950.16",0.211725808909681,"ENSG00000055950.16"
"ENSG00000055955.17",0.198542211395888,"ENSG00000055955.17"
"ENSG00000055957.11",0.174023639954944,"ENSG00000055957.11"
"ENSG00000056050.7",-0.058569126083209,"ENSG00000056050.7"
"ENSG00000056097.16",0.140369182444983,"ENSG00000056097.16"
"ENSG00000056277.16",0.394218601280643,"ENSG00000056277.16"
"ENSG00000056487.16",0.367333448563921,"ENSG00000056487.16"
"ENSG00000056558.11",0.62733551542041,"ENSG00000056558.11"
"ENSG00000056586.16",-0.0765132089377563,"ENSG00000056586.16"
"ENSG00000056736.10",0.345134243744948,"ENSG00000056736.10"
"ENSG00000056972.20",0.616681987318611,"ENSG00000056972.20"
"ENSG00000056998.20",0.722607743321639,"ENSG00000056998.20"
"ENSG00000057019.16",0.506014594213703,"ENSG00000057019.16"
"ENSG00000057149.16",0.892286992827485,"ENSG00000057149.16"
"ENSG00000057252.13",0.500727709707063,"ENSG00000057252.13"
"ENSG00000057294.15",0.635134780070462,"ENSG00000057294.15"
"ENSG00000057593.14",-0.190919933228357,"ENSG00000057593.14"
"ENSG00000057608.17",-0.0248736286177262,"ENSG00000057608.17"
"ENSG00000057657.17",0.485318308821002,"ENSG00000057657.17"
"ENSG00000057663.16",0.00267515171891394,"ENSG00000057663.16"
"ENSG00000057704.13",0.215336739988303,"ENSG00000057704.13"
"ENSG00000057757.10",-0.0349554329116458,"ENSG00000057757.10"
"ENSG00000057935.13",0.505694622830002,"ENSG00000057935.13"
"ENSG00000058056.9",0.580966652943133,"ENSG00000058056.9"
"ENSG00000058063.16",0.828167261419389,"ENSG00000058063.16"
"ENSG00000058085.15",0.856311309786188,"ENSG00000058085.15"
"ENSG00000058091.17",0.64472965959061,"ENSG00000058091.17"
"ENSG00000058262.10",0.265778784602677,"ENSG00000058262.10"
"ENSG00000058272.19",0.339498862198432,"ENSG00000058272.19"
"ENSG00000058404.20",0.639417979411778,"ENSG00000058404.20"
"ENSG00000058453.17",0.551247708683903,"ENSG00000058453.17"
"ENSG00000058600.16",0.421313861854975,"ENSG00000058600.16"
"ENSG00000058668.14",0.381631657415583,"ENSG00000058668.14"
"ENSG00000058729.11",-0.0181266096962338,"ENSG00000058729.11"
"ENSG00000058799.15",0.335782124389946,"ENSG00000058799.15"
"ENSG00000058804.12",0.572101260376935,"ENSG00000058804.12"
"ENSG00000059122.16",0.0907598590721989,"ENSG00000059122.16"
"ENSG00000059145.19",0.323787088487631,"ENSG00000059145.19"
"ENSG00000059377.18",0.611387551048636,"ENSG00000059377.18"
"ENSG00000059378.13",0.687262169132414,"ENSG00000059378.13"
"ENSG00000059573.9",0.668839006469458,"ENSG00000059573.9"
"ENSG00000059588.10",0.310533306868297,"ENSG00000059588.10"
"ENSG00000059691.12",0.122932128835917,"ENSG00000059691.12"
"ENSG00000059758.8",0.30480892843882,"ENSG00000059758.8"
"ENSG00000059769.20",-0.0234420769571681,"ENSG00000059769.20"
"ENSG00000059804.16",0.479083767953307,"ENSG00000059804.16"
"ENSG00000060069.17",0.358567413309654,"ENSG00000060069.17"
"ENSG00000060138.13",0.589102502260902,"ENSG00000060138.13"
"ENSG00000060237.17",0.330921751236291,"ENSG00000060237.17"
"ENSG00000060339.14",0.443589921027148,"ENSG00000060339.14"
"ENSG00000060491.16",0.265777813132082,"ENSG00000060491.16"
"ENSG00000060558.4",0.76028689303588,"ENSG00000060558.4"
"ENSG00000060656.20",0.454404842361911,"ENSG00000060656.20"
"ENSG00000060688.13",0.265166440727666,"ENSG00000060688.13"
"ENSG00000060718.22",0.61264198751757,"ENSG00000060718.22"
"ENSG00000060749.15",0.184056099252185,"ENSG00000060749.15"
"ENSG00000060762.19",0.530559787310753,"ENSG00000060762.19"
"ENSG00000060971.18",0.186995140036208,"ENSG00000060971.18"
"ENSG00000060982.15",0.784869744099291,"ENSG00000060982.15"
"ENSG00000061273.18",0.400130241921405,"ENSG00000061273.18"
"ENSG00000061337.15",-0.0314273481141316,"ENSG00000061337.15"
"ENSG00000061676.15",0.280135838477276,"ENSG00000061676.15"
"ENSG00000061794.13",0.531161797186899,"ENSG00000061794.13"
"ENSG00000061918.13",0.510574188333764,"ENSG00000061918.13"
"ENSG00000061936.9",0.113813503228249,"ENSG00000061936.9"
"ENSG00000061938.19",0.630790071510991,"ENSG00000061938.19"
"ENSG00000061987.16",0.333331620819436,"ENSG00000061987.16"
"ENSG00000062038.14",0.688763180623417,"ENSG00000062038.14"
"ENSG00000062096.15",0.600458581698788,"ENSG00000062096.15"
"ENSG00000062194.16",0.0561403594850527,"ENSG00000062194.16"
"ENSG00000062282.15",0.82,"ENSG00000062282.15"
"ENSG00000062485.19",0.412814383352319,"ENSG00000062485.19"
"ENSG00000062582.14",0.306416946194581,"ENSG00000062582.14"
"ENSG00000062598.18",0.388619750740774,"ENSG00000062598.18"
"ENSG00000062650.19",0.410188274038632,"ENSG00000062650.19"
"ENSG00000062716.13",0.13634984118834,"ENSG00000062716.13"
"ENSG00000062725.10",0.268157463337513,"ENSG00000062725.10"
"ENSG00000062822.15",0.264531118335671,"ENSG00000062822.15"
"ENSG00000063046.17",-0.0603773042281361,"ENSG00000063046.17"
"ENSG00000063169.10",0.468415729365062,"ENSG00000063169.10"
"ENSG00000063176.16",0.325883707941992,"ENSG00000063176.16"
"ENSG00000063177.13",0.280697894491102,"ENSG00000063177.13"
"ENSG00000063241.8",0.303376028331339,"ENSG00000063241.8"
"ENSG00000063244.12",0.35795590185621,"ENSG00000063244.12"
"ENSG00000063245.15",0.227459996552385,"ENSG00000063245.15"
"ENSG00000063322.15",-0.0295130779119147,"ENSG00000063322.15"
"ENSG00000063587.15",0.562068971528991,"ENSG00000063587.15"
"ENSG00000063601.17",0.449333754847369,"ENSG00000063601.17"
"ENSG00000063660.9",0.760937528172,"ENSG00000063660.9"
"ENSG00000063761.16",0.0947806362026097,"ENSG00000063761.16"
"ENSG00000063854.13",0.532436116057127,"ENSG00000063854.13"
"ENSG00000063978.16",0.198726396282794,"ENSG00000063978.16"
"ENSG00000064012.22",0.353598134941067,"ENSG00000064012.22"
"ENSG00000064042.18",0.766099318150942,"ENSG00000064042.18"
"ENSG00000064102.15",0.0733268411916771,"ENSG00000064102.15"
"ENSG00000064115.11",0.366262845863485,"ENSG00000064115.11"
"ENSG00000064199.6",0.498092125270973,"ENSG00000064199.6"
"ENSG00000064205.10",0.60316329584483,"ENSG00000064205.10"
"ENSG00000064270.12",0.395341668632393,"ENSG00000064270.12"
"ENSG00000064300.9",0.681487781155304,"ENSG00000064300.9"
"ENSG00000064309.14",0.0243707063376688,"ENSG00000064309.14"
"ENSG00000064313.12",0.365125517791863,"ENSG00000064313.12"
"ENSG00000064393.16",0.2647488252674,"ENSG00000064393.16"
"ENSG00000064419.13",0.396025242162296,"ENSG00000064419.13"
"ENSG00000064490.14",0.362737051891468,"ENSG00000064490.14"
"ENSG00000064545.15",0.224206181197295,"ENSG00000064545.15"
"ENSG00000064547.14",0.277562132145777,"ENSG00000064547.14"
"ENSG00000064601.19",0.334096279336115,"ENSG00000064601.19"
"ENSG00000064607.17",0.547021703645748,"ENSG00000064607.17"
"ENSG00000064652.11",0.259354220848735,"ENSG00000064652.11"
"ENSG00000064655.19",0.83995011986152,"ENSG00000064655.19"
"ENSG00000064666.15",0.705361092401727,"ENSG00000064666.15"
"ENSG00000064692.19",0.682590800592521,"ENSG00000064692.19"
"ENSG00000064703.12",0.343301398597449,"ENSG00000064703.12"
"ENSG00000064726.10",0.14853471122991,"ENSG00000064726.10"
"ENSG00000064763.11",-0.0406114500219066,"ENSG00000064763.11"
"ENSG00000064787.13",0.813068409469927,"ENSG00000064787.13"
"ENSG00000064886.14",0.744802548470658,"ENSG00000064886.14"
"ENSG00000064932.16",0.212817680484492,"ENSG00000064932.16"
"ENSG00000064933.18",0.153815315357095,"ENSG00000064933.18"
"ENSG00000064961.19",0.520204977638698,"ENSG00000064961.19"
"ENSG00000064989.13",0.365712058981146,"ENSG00000064989.13"
"ENSG00000064995.18",0.216444901275172,"ENSG00000064995.18"
"ENSG00000064999.15",0.463584528222422,"ENSG00000064999.15"
"ENSG00000065000.19",0.36501325015421,"ENSG00000065000.19"
"ENSG00000065029.15",0.313475052779532,"ENSG00000065029.15"
"ENSG00000065054.14",0.379741666462591,"ENSG00000065054.14"
"ENSG00000065057.9",0.462538068847273,"ENSG00000065057.9"
"ENSG00000065060.17",-0.0761888602412718,"ENSG00000065060.17"
"ENSG00000065135.12",0.0349982439534194,"ENSG00000065135.12"
"ENSG00000065150.21",0.224084309354249,"ENSG00000065150.21"
"ENSG00000065154.12",0.556788737667816,"ENSG00000065154.12"
"ENSG00000065243.20",0.496598330094388,"ENSG00000065243.20"
"ENSG00000065268.11",0.155438974451632,"ENSG00000065268.11"
"ENSG00000065308.5",0.236702739049866,"ENSG00000065308.5"
"ENSG00000065320.9",0.816306979745834,"ENSG00000065320.9"
"ENSG00000065328.16",0.614573819201059,"ENSG00000065328.16"
"ENSG00000065357.20",0.83045895413774,"ENSG00000065357.20"
"ENSG00000065361.16",0.624973744030406,"ENSG00000065361.16"
"ENSG00000065413.20",0.698098839774159,"ENSG00000065413.20"
"ENSG00000065427.14",0.0765294721732351,"ENSG00000065427.14"
"ENSG00000065457.10",0.201729120247504,"ENSG00000065457.10"
"ENSG00000065485.20",0.501910604351422,"ENSG00000065485.20"
"ENSG00000065491.8",0.0530408457472727,"ENSG00000065491.8"
"ENSG00000065518.8",0.286841806659128,"ENSG00000065518.8"
"ENSG00000065526.12",0.285881894912358,"ENSG00000065526.12"
"ENSG00000065534.18",0.558976619263424,"ENSG00000065534.18"
"ENSG00000065548.18",0.180962887938165,"ENSG00000065548.18"
"ENSG00000065559.15",0.235835777305019,"ENSG00000065559.15"
"ENSG00000065600.12",0.659586137810128,"ENSG00000065600.12"
"ENSG00000065609.14",0.700415406201337,"ENSG00000065609.14"
"ENSG00000065613.15",0.313899204532112,"ENSG00000065613.15"
"ENSG00000065615.14",0.425769019071648,"ENSG00000065615.14"
"ENSG00000065618.21",0.918838044919536,"ENSG00000065618.21"
"ENSG00000065621.15",-0.106481578123369,"ENSG00000065621.15"
"ENSG00000065665.21",0.467090629800307,"ENSG00000065665.21"
"ENSG00000065675.15",0.413120367661711,"ENSG00000065675.15"
"ENSG00000065717.15",0.437710912787958,"ENSG00000065717.15"
"ENSG00000065802.12",0.567342574852852,"ENSG00000065802.12"
"ENSG00000065809.13",0.615166188625418,"ENSG00000065809.13"
"ENSG00000065833.9",0.673072023994334,"ENSG00000065833.9"
"ENSG00000065882.16",0.516140167563282,"ENSG00000065882.16"
"ENSG00000065883.16",0.492483256536941,"ENSG00000065883.16"
"ENSG00000065911.12",0.592527346880027,"ENSG00000065911.12"
"ENSG00000065923.10",0.634980209580622,"ENSG00000065923.10"
"ENSG00000065970.9",0.146488614268111,"ENSG00000065970.9"
"ENSG00000065978.19",0.0275180491023,"ENSG00000065978.19"
"ENSG00000065989.16",0.196665258951465,"ENSG00000065989.16"
"ENSG00000066027.12",0.330976607621927,"ENSG00000066027.12"
"ENSG00000066032.18",0.869720849134582,"ENSG00000066032.18"
"ENSG00000066044.15",0.504488901683283,"ENSG00000066044.15"
"ENSG00000066056.14",-0.0237742585119657,"ENSG00000066056.14"
"ENSG00000066084.13",0.563263975693435,"ENSG00000066084.13"
"ENSG00000066117.15",0.498249894338989,"ENSG00000066117.15"
"ENSG00000066135.13",0.412875187996558,"ENSG00000066135.13"
"ENSG00000066136.20",0.0923678463494644,"ENSG00000066136.20"
"ENSG00000066248.15",0.42642254779954,"ENSG00000066248.15"
"ENSG00000066279.18",0.465573562623605,"ENSG00000066279.18"
"ENSG00000066294.15",0.289354194150167,"ENSG00000066294.15"
"ENSG00000066322.15",0.487361333610441,"ENSG00000066322.15"
"ENSG00000066336.12",0.424729884095381,"ENSG00000066336.12"
"ENSG00000066379.15",0.106457109812456,"ENSG00000066379.15"
"ENSG00000066382.16",0.783086704148326,"ENSG00000066382.16"
"ENSG00000066422.5",0.356738856401008,"ENSG00000066422.5"
"ENSG00000066427.24",0.278236212709004,"ENSG00000066427.24"
"ENSG00000066455.13",0.331373790307243,"ENSG00000066455.13"
"ENSG00000066468.23",0.722372606422264,"ENSG00000066468.23"
"ENSG00000066557.6",0.170932184706826,"ENSG00000066557.6"
"ENSG00000066583.12",0.598460177436241,"ENSG00000066583.12"
"ENSG00000066629.18",0.517842176890548,"ENSG00000066629.18"
"ENSG00000066651.20",-0.0433358357248169,"ENSG00000066651.20"
"ENSG00000066654.14",0.42007096137631,"ENSG00000066654.14"
"ENSG00000066697.14",0.401758153094184,"ENSG00000066697.14"
"ENSG00000066739.12",0.558626028718928,"ENSG00000066739.12"
"ENSG00000066777.9",0.711196641635776,"ENSG00000066777.9"
"ENSG00000066827.16",0.329245180627567,"ENSG00000066827.16"
"ENSG00000066855.16",0.471788686354765,"ENSG00000066855.16"
"ENSG00000066923.17",-0.0210700205026208,"ENSG00000066923.17"
"ENSG00000066926.12",0.660920261067304,"ENSG00000066926.12"
"ENSG00000066933.16",0.53123436261278,"ENSG00000066933.16"
"ENSG00000067048.17",0.849561058224175,"ENSG00000067048.17"
"ENSG00000067057.17",0.707972715359218,"ENSG00000067057.17"
"ENSG00000067064.11",0.28146651678907,"ENSG00000067064.11"
"ENSG00000067066.17",0.499066253973223,"ENSG00000067066.17"
"ENSG00000067082.15",0.209006336014041,"ENSG00000067082.15"
"ENSG00000067141.17",0.504824530602912,"ENSG00000067141.17"
"ENSG00000067167.8",0.445623070435252,"ENSG00000067167.8"
"ENSG00000067177.15",0.466171951924407,"ENSG00000067177.15"
"ENSG00000067182.8",0.311396251903432,"ENSG00000067182.8"
"ENSG00000067208.14",0.761152451989475,"ENSG00000067208.14"
"ENSG00000067221.14",0.213179869105514,"ENSG00000067221.14"
"ENSG00000067225.18",0.201054416344711,"ENSG00000067225.18"
"ENSG00000067248.10",0.302802975175723,"ENSG00000067248.10"
"ENSG00000067334.14",0.211127349590651,"ENSG00000067334.14"
"ENSG00000067365.15",-0.443275949130149,"ENSG00000067365.15"
"ENSG00000067369.14",0.6534479178072,"ENSG00000067369.14"
"ENSG00000067445.21",0.0774737613374467,"ENSG00000067445.21"
"ENSG00000067533.6",0.288207066485743,"ENSG00000067533.6"
"ENSG00000067560.12",0.0649524034193514,"ENSG00000067560.12"
"ENSG00000067596.12",0.37761365723417,"ENSG00000067596.12"
"ENSG00000067606.17",0.203373172937848,"ENSG00000067606.17"
"ENSG00000067704.10",0.541799727819279,"ENSG00000067704.10"
"ENSG00000067715.14",0.447464915352759,"ENSG00000067715.14"
"ENSG00000067798.16",0.414883492701525,"ENSG00000067798.16"
"ENSG00000067829.19",0.194264867587626,"ENSG00000067829.19"
"ENSG00000067836.13",0.0811844041679353,"ENSG00000067836.13"
"ENSG00000067955.15",0.264791727952275,"ENSG00000067955.15"
"ENSG00000067992.15",0.462165561775014,"ENSG00000067992.15"
"ENSG00000068001.14",0.181164583573048,"ENSG00000068001.14"
"ENSG00000068024.16",0.240044871288253,"ENSG00000068024.16"
"ENSG00000068028.17",0.155780867851873,"ENSG00000068028.17"
"ENSG00000068079.8",0.322179189080193,"ENSG00000068079.8"
"ENSG00000068097.15",0.193006566360619,"ENSG00000068097.15"
"ENSG00000068120.15",0.433595456705199,"ENSG00000068120.15"
"ENSG00000068137.15",0.178714962648341,"ENSG00000068137.15"
"ENSG00000068305.17",0.107966519552291,"ENSG00000068305.17"
"ENSG00000068308.13",0.111659745093948,"ENSG00000068308.13"
"ENSG00000068323.17",0.37312082417733,"ENSG00000068323.17"
"ENSG00000068354.16",0.302299698178289,"ENSG00000068354.16"
"ENSG00000068366.20",0.612371523434448,"ENSG00000068366.20"
"ENSG00000068383.19",0.207334728570301,"ENSG00000068383.19"
"ENSG00000068394.11",-0.0329372862443199,"ENSG00000068394.11"
"ENSG00000068400.13",0.425255187442836,"ENSG00000068400.13"
"ENSG00000068438.15",0.243560922615777,"ENSG00000068438.15"
"ENSG00000068489.13",0.492344065444148,"ENSG00000068489.13"
"ENSG00000068615.19",0.666790943810289,"ENSG00000068615.19"
"ENSG00000068650.18",0.72442265566909,"ENSG00000068650.18"
"ENSG00000068654.16",-0.0180417175981871,"ENSG00000068654.16"
"ENSG00000068697.7",-0.107972894654963,"ENSG00000068697.7"
"ENSG00000068724.17",0.437002411848231,"ENSG00000068724.17"
"ENSG00000068745.15",-0.156306667131276,"ENSG00000068745.15"
"ENSG00000068784.13",0.378231516313896,"ENSG00000068784.13"
"ENSG00000068796.18",0.552261339780266,"ENSG00000068796.18"
"ENSG00000068831.19",0.589841725197055,"ENSG00000068831.19"
"ENSG00000068878.15",0.722434629064609,"ENSG00000068878.15"
"ENSG00000068885.15",0.0684054831503637,"ENSG00000068885.15"
"ENSG00000068903.20",0.600344404997062,"ENSG00000068903.20"
"ENSG00000068912.14",0.317504835212232,"ENSG00000068912.14"
"ENSG00000068971.14",0.385047148429951,"ENSG00000068971.14"
"ENSG00000068976.14",0.475232632777867,"ENSG00000068976.14"
"ENSG00000069011.16",0.765028046792573,"ENSG00000069011.16"
"ENSG00000069020.18",0.41824019651992,"ENSG00000069020.18"
"ENSG00000069122.19",0.71689308961837,"ENSG00000069122.19"
"ENSG00000069188.17",0.428420063884864,"ENSG00000069188.17"
"ENSG00000069248.12",0.341828184959639,"ENSG00000069248.12"
"ENSG00000069275.13",0.418865306643863,"ENSG00000069275.13"
"ENSG00000069329.18",-0.124785371284181,"ENSG00000069329.18"
"ENSG00000069345.12",-0.0449671617342576,"ENSG00000069345.12"
"ENSG00000069399.15",0.48126211165821,"ENSG00000069399.15"
"ENSG00000069424.15",0.448424448169388,"ENSG00000069424.15"
"ENSG00000069431.11",0.187011422697451,"ENSG00000069431.11"
"ENSG00000069509.6",-0.121147787391442,"ENSG00000069509.6"
"ENSG00000069535.14",0.869399791448833,"ENSG00000069535.14"
"ENSG00000069667.16",0.145765124121523,"ENSG00000069667.16"
"ENSG00000069702.11",0.441437524948518,"ENSG00000069702.11"
"ENSG00000069764.10",0.729123107953112,"ENSG00000069764.10"
"ENSG00000069849.11",0.63897320446128,"ENSG00000069849.11"
"ENSG00000069869.16",0.691615962391753,"ENSG00000069869.16"
"ENSG00000069943.10",0.343290089562105,"ENSG00000069943.10"
"ENSG00000069966.18",0.120381243967822,"ENSG00000069966.18"
"ENSG00000069974.16",0.627284763890092,"ENSG00000069974.16"
"ENSG00000069998.12",0.655960962575606,"ENSG00000069998.12"
"ENSG00000070010.19",0.130842053936024,"ENSG00000070010.19"
"ENSG00000070018.9",0.290810827807374,"ENSG00000070018.9"
"ENSG00000070047.13",0.252757826444606,"ENSG00000070047.13"
"ENSG00000070061.15",0.424197442545437,"ENSG00000070061.15"
"ENSG00000070081.17",0.510169383599453,"ENSG00000070081.17"
"ENSG00000070087.14",0.659146441844454,"ENSG00000070087.14"
"ENSG00000070159.14",0.461178747382343,"ENSG00000070159.14"
"ENSG00000070182.21",0.44200924446198,"ENSG00000070182.21"
"ENSG00000070190.13",0.254360104621974,"ENSG00000070190.13"
"ENSG00000070193.5",0.677992277992278,"ENSG00000070193.5"
"ENSG00000070214.16",0.456393820402333,"ENSG00000070214.16"
"ENSG00000070269.14",0.281150660313229,"ENSG00000070269.14"
"ENSG00000070366.14",0.470912209188364,"ENSG00000070366.14"
"ENSG00000070367.16",0.243246543300411,"ENSG00000070367.16"
"ENSG00000070371.16",0.131004993872901,"ENSG00000070371.16"
"ENSG00000070404.10",0.237076105435085,"ENSG00000070404.10"
"ENSG00000070413.20",0.459229838124242,"ENSG00000070413.20"
"ENSG00000070423.18",0.289897416996693,"ENSG00000070423.18"
"ENSG00000070444.15",0.109358388381978,"ENSG00000070444.15"
"ENSG00000070476.15",0.142577013857159,"ENSG00000070476.15"
"ENSG00000070495.14",0.193167589095126,"ENSG00000070495.14"
"ENSG00000070501.12",0.612112264583484,"ENSG00000070501.12"
"ENSG00000070540.13",0.471033507324548,"ENSG00000070540.13"
"ENSG00000070610.14",0.368035086250707,"ENSG00000070610.14"
"ENSG00000070614.15",0.115691393398135,"ENSG00000070614.15"
"ENSG00000070669.17",0.635922713709544,"ENSG00000070669.17"
"ENSG00000070718.12",0.436430353393158,"ENSG00000070718.12"
"ENSG00000070731.11",0.113420374020797,"ENSG00000070731.11"
"ENSG00000070756.16",0.300966057333926,"ENSG00000070756.16"
"ENSG00000070759.17",0.624851909503671,"ENSG00000070759.17"
"ENSG00000070761.8",0.0109112983304942,"ENSG00000070761.8"
"ENSG00000070770.9",0.345529796979188,"ENSG00000070770.9"
"ENSG00000070778.13",-0.0870852878634655,"ENSG00000070778.13"
"ENSG00000070785.17",0.269723689019441,"ENSG00000070785.17"
"ENSG00000070814.22",0.308676848998626,"ENSG00000070814.22"
"ENSG00000070831.17",-0.0903613374868832,"ENSG00000070831.17"
"ENSG00000070882.13",0.399142658392838,"ENSG00000070882.13"
"ENSG00000070950.10",0.45057134580968,"ENSG00000070950.10"
"ENSG00000070961.15",0.676530098527074,"ENSG00000070961.15"
"ENSG00000071051.14",0.231396141788129,"ENSG00000071051.14"
"ENSG00000071054.16",0.602901173152725,"ENSG00000071054.16"
"ENSG00000071073.13",0.313263232907085,"ENSG00000071073.13"
"ENSG00000071082.11",0.0567232567833214,"ENSG00000071082.11"
"ENSG00000071127.17",0.352915558980601,"ENSG00000071127.17"
"ENSG00000071189.21",0.349500285921211,"ENSG00000071189.21"
"ENSG00000071205.12",-0.0672552561569469,"ENSG00000071205.12"
"ENSG00000071243.16",0.101474575882374,"ENSG00000071243.16"
"ENSG00000071246.11",0.537350681627835,"ENSG00000071246.11"
"ENSG00000071282.12",0.764085579791779,"ENSG00000071282.12"
"ENSG00000071462.12",0.532174518938691,"ENSG00000071462.12"
"ENSG00000071537.14",0.191903224572723,"ENSG00000071537.14"
"ENSG00000071539.14",0.79959306784547,"ENSG00000071539.14"
"ENSG00000071553.17",0.160671783689976,"ENSG00000071553.17"
"ENSG00000071564.17",0.573518305197827,"ENSG00000071564.17"
"ENSG00000071626.17",0.478354985824427,"ENSG00000071626.17"
"ENSG00000071655.18",0.332417682423058,"ENSG00000071655.18"
"ENSG00000071794.16",0.431754745203314,"ENSG00000071794.16"
"ENSG00000071859.15",0.433432567324604,"ENSG00000071859.15"
"ENSG00000071889.16",-0.0106706379072117,"ENSG00000071889.16"
"ENSG00000071894.17",0.230708595989529,"ENSG00000071894.17"
"ENSG00000071909.18",0.59719796880992,"ENSG00000071909.18"
"ENSG00000071967.12",0.615489830584956,"ENSG00000071967.12"
"ENSG00000071994.11",0.46492352572645,"ENSG00000071994.11"
"ENSG00000072042.13",0.305922123819278,"ENSG00000072042.13"
"ENSG00000072062.14",-0.103845932867325,"ENSG00000072062.14"
"ENSG00000072071.16",0.635804916248164,"ENSG00000072071.16"
"ENSG00000072080.11",0.262051042755797,"ENSG00000072080.11"
"ENSG00000072110.13",0.361050572676356,"ENSG00000072110.13"
"ENSG00000072121.16",0.478986607493231,"ENSG00000072121.16"
"ENSG00000072133.11",-0.30769940631825,"ENSG00000072133.11"
"ENSG00000072134.15",0.745549060260434,"ENSG00000072134.15"
"ENSG00000072135.13",0.112322932045062,"ENSG00000072135.13"
"ENSG00000072163.19",0.269286581883186,"ENSG00000072163.19"
"ENSG00000072195.15",0.468556910100752,"ENSG00000072195.15"
"ENSG00000072201.14",0.464613280547416,"ENSG00000072201.14"
"ENSG00000072210.19",0.709648079317476,"ENSG00000072210.19"
"ENSG00000072274.13",0.791701731828513,"ENSG00000072274.13"
"ENSG00000072310.17",0.111385081945766,"ENSG00000072310.17"
"ENSG00000072364.13",-0.0516599444163759,"ENSG00000072364.13"
"ENSG00000072401.15",0.312157472038387,"ENSG00000072401.15"
"ENSG00000072415.9",0.368853731271702,"ENSG00000072415.9"
"ENSG00000072501.18",0.208973790468719,"ENSG00000072501.18"
"ENSG00000072506.13",0.54577225077428,"ENSG00000072506.13"
"ENSG00000072518.20",0.552609847647727,"ENSG00000072518.20"
"ENSG00000072571.20",0.502977079384425,"ENSG00000072571.20"
"ENSG00000072609.17",0.0620959939054692,"ENSG00000072609.17"
"ENSG00000072682.18",0.525518075456113,"ENSG00000072682.18"
"ENSG00000072694.21",0.441070535358274,"ENSG00000072694.21"
"ENSG00000072736.19",0.289384967596944,"ENSG00000072736.19"
"ENSG00000072756.17",0.726701298347932,"ENSG00000072756.17"
"ENSG00000072778.20",0.593865590359526,"ENSG00000072778.20"
"ENSG00000072786.13",0.653237861503125,"ENSG00000072786.13"
"ENSG00000072803.17",0.0649756330535247,"ENSG00000072803.17"
"ENSG00000072818.12",0.648933932915889,"ENSG00000072818.12"
"ENSG00000072832.15",0.482706689997984,"ENSG00000072832.15"
"ENSG00000072849.11",0.260352391047641,"ENSG00000072849.11"
"ENSG00000072858.10",0.691363367990794,"ENSG00000072858.10"
"ENSG00000072864.15",0.644534675720032,"ENSG00000072864.15"
"ENSG00000072952.18",0.63549072320374,"ENSG00000072952.18"
"ENSG00000072954.7",0.163145422461127,"ENSG00000072954.7"
"ENSG00000072958.8",0.535442153914901,"ENSG00000072958.8"
"ENSG00000073008.15",0.405859452866889,"ENSG00000073008.15"
"ENSG00000073050.12",0.437723303439934,"ENSG00000073050.12"
"ENSG00000073060.16",0.583672918671473,"ENSG00000073060.16"
"ENSG00000073111.14",0.80399322087509,"ENSG00000073111.14"
"ENSG00000073169.14",0.47556109355095,"ENSG00000073169.14"
"ENSG00000073282.13",0.828272004833531,"ENSG00000073282.13"
"ENSG00000073331.18",0.295896813804612,"ENSG00000073331.18"
"ENSG00000073350.14",0.740657469645763,"ENSG00000073350.14"
"ENSG00000073417.15",0.674016934765886,"ENSG00000073417.15"
"ENSG00000073536.18",0.146410488049866,"ENSG00000073536.18"
"ENSG00000073578.17",0.409649967497026,"ENSG00000073578.17"
"ENSG00000073584.20",0.252121265864671,"ENSG00000073584.20"
"ENSG00000073605.18",0.785787487037326,"ENSG00000073605.18"
"ENSG00000073614.13",0.387730789413743,"ENSG00000073614.13"
"ENSG00000073712.15",0.677692327426898,"ENSG00000073712.15"
"ENSG00000073737.16",0.760354320459513,"ENSG00000073737.16"
"ENSG00000073754.6",0.150772224967272,"ENSG00000073754.6"
"ENSG00000073792.16",0.894382115952903,"ENSG00000073792.16"
"ENSG00000073849.15",0.627906372225572,"ENSG00000073849.15"
"ENSG00000073861.3",0.568842972659167,"ENSG00000073861.3"
"ENSG00000073910.22",0.490104747204126,"ENSG00000073910.22"
"ENSG00000073921.18",0.274920690711784,"ENSG00000073921.18"
"ENSG00000073969.18",0.53387183425459,"ENSG00000073969.18"
"ENSG00000074054.18",0.305436087531229,"ENSG00000074054.18"
"ENSG00000074071.15",0.50375014020486,"ENSG00000074071.15"
"ENSG00000074181.9",0.48216196655148,"ENSG00000074181.9"
"ENSG00000074201.9",0.378130809428337,"ENSG00000074201.9"
"ENSG00000074219.14",0.376947040562485,"ENSG00000074219.14"
"ENSG00000074266.21",0.078526793781887,"ENSG00000074266.21"
"ENSG00000074319.13",-0.139677026388241,"ENSG00000074319.13"
"ENSG00000074356.17",0.14321308426551,"ENSG00000074356.17"
"ENSG00000074370.18",0.667841726522678,"ENSG00000074370.18"
"ENSG00000074410.14",0.838883225227999,"ENSG00000074410.14"
"ENSG00000074416.14",0.445363602383522,"ENSG00000074416.14"
"ENSG00000074527.13",0.665511504032149,"ENSG00000074527.13"
"ENSG00000074582.15",0.415332643015181,"ENSG00000074582.15"
"ENSG00000074590.13",0.184881472475562,"ENSG00000074590.13"
"ENSG00000074603.19",0.520790268462997,"ENSG00000074603.19"
"ENSG00000074657.13",0.530032752516225,"ENSG00000074657.13"
"ENSG00000074660.16",0.40608662361099,"ENSG00000074660.16"
"ENSG00000074695.6",0.411536001881011,"ENSG00000074695.6"
"ENSG00000074696.13",0.592237257228448,"ENSG00000074696.13"
"ENSG00000074755.15",0.146190519314784,"ENSG00000074755.15"
"ENSG00000074800.16",0.12861137361465,"ENSG00000074800.16"
"ENSG00000074842.8",0.100656527801753,"ENSG00000074842.8"
"ENSG00000074855.11",0.634353917640528,"ENSG00000074855.11"
"ENSG00000074935.14",0.352976373071506,"ENSG00000074935.14"
"ENSG00000074964.17",0.610211223528699,"ENSG00000074964.17"
"ENSG00000075089.9",0.160823975551447,"ENSG00000075089.9"
"ENSG00000075131.10",0.204482201233566,"ENSG00000075131.10"
"ENSG00000075142.14",0.623495177403937,"ENSG00000075142.14"
"ENSG00000075151.20",0.554370451647379,"ENSG00000075151.20"
"ENSG00000075188.9",-0.258490499510898,"ENSG00000075188.9"
"ENSG00000075218.19",0.263829280096118,"ENSG00000075218.19"
"ENSG00000075223.14",0.508741085697334,"ENSG00000075223.14"
"ENSG00000075234.17",0.717409914890919,"ENSG00000075234.17"
"ENSG00000075239.14",0.535057250819074,"ENSG00000075239.14"
"ENSG00000075240.17",0.560385933677362,"ENSG00000075240.17"
"ENSG00000075275.17",0.529260836503877,"ENSG00000075275.17"
"ENSG00000075290.8",0.429128230206925,"ENSG00000075290.8"
"ENSG00000075292.19",0.4235151096533,"ENSG00000075292.19"
"ENSG00000075303.13",0.177452505453142,"ENSG00000075303.13"
"ENSG00000075336.12",0.465897952530316,"ENSG00000075336.12"
"ENSG00000075340.23",0.622558211034107,"ENSG00000075340.23"
"ENSG00000075391.16",0.0304807468164533,"ENSG00000075391.16"
"ENSG00000075399.14",0.418366434656381,"ENSG00000075399.14"
"ENSG00000075413.18",0.641215056547388,"ENSG00000075413.18"
"ENSG00000075415.13",0.182894044447857,"ENSG00000075415.13"
"ENSG00000075420.13",0.312644990704309,"ENSG00000075420.13"
"ENSG00000075426.12",0.463404058952995,"ENSG00000075426.12"
"ENSG00000075461.6",0.50332872326823,"ENSG00000075461.6"
"ENSG00000075539.15",0.428311910108459,"ENSG00000075539.15"
"ENSG00000075568.17",0.306551913198358,"ENSG00000075568.17"
"ENSG00000075618.18",0.795689064086625,"ENSG00000075618.18"
"ENSG00000075624.16",0.26960235024296,"ENSG00000075624.16"
"ENSG00000075643.6",0.462852203697062,"ENSG00000075643.6"
"ENSG00000075651.16",0.791599182873611,"ENSG00000075651.16"
"ENSG00000075702.18",0.578324416435528,"ENSG00000075702.18"
"ENSG00000075711.21",0.294521551514854,"ENSG00000075711.21"
"ENSG00000075785.13",0.427992635082681,"ENSG00000075785.13"
"ENSG00000075856.12",0.407615185890133,"ENSG00000075856.12"
"ENSG00000075884.14",0.600739919407876,"ENSG00000075884.14"
"ENSG00000075914.13",0.487128377014389,"ENSG00000075914.13"
"ENSG00000075945.13",0.40014127306318,"ENSG00000075945.13"
"ENSG00000075975.16",0.325975522175831,"ENSG00000075975.16"
"ENSG00000076003.5",0.773972899206711,"ENSG00000076003.5"
"ENSG00000076043.10",0.248156452817382,"ENSG00000076043.10"
"ENSG00000076053.10",-0.0567755424565769,"ENSG00000076053.10"
"ENSG00000076067.13",0.343174351940413,"ENSG00000076067.13"
"ENSG00000076108.11",0.360253671188519,"ENSG00000076108.11"
"ENSG00000076201.15",0.234608929560128,"ENSG00000076201.15"
"ENSG00000076242.16",0.396797523617156,"ENSG00000076242.16"
"ENSG00000076248.11",0.606833140196616,"ENSG00000076248.11"
"ENSG00000076258.10",0.633864065600624,"ENSG00000076258.10"
"ENSG00000076321.11",0.274502657931316,"ENSG00000076321.11"
"ENSG00000076351.13",0.110154220379879,"ENSG00000076351.13"
"ENSG00000076356.7",0.617435370899722,"ENSG00000076356.7"
"ENSG00000076382.17",0.581727339954055,"ENSG00000076382.17"
"ENSG00000076513.17",0.70756758255107,"ENSG00000076513.17"
"ENSG00000076554.15",0.702133088365584,"ENSG00000076554.15"
"ENSG00000076555.15",-0.0192804129803549,"ENSG00000076555.15"
"ENSG00000076604.15",0.377971379366974,"ENSG00000076604.15"
"ENSG00000076641.4",0.579003902329934,"ENSG00000076641.4"
"ENSG00000076650.7",0.100315233594876,"ENSG00000076650.7"
"ENSG00000076662.10",0.463214389392021,"ENSG00000076662.10"
"ENSG00000076685.18",0.369071469053045,"ENSG00000076685.18"
"ENSG00000076706.17",0.30104643453953,"ENSG00000076706.17"
"ENSG00000076716.9",0.613720253880566,"ENSG00000076716.9"
"ENSG00000076770.14",0.483487396403202,"ENSG00000076770.14"
"ENSG00000076826.9",0.492114381941717,"ENSG00000076826.9"
"ENSG00000076864.19",0.506158698996842,"ENSG00000076864.19"
"ENSG00000076924.12",0.065865832573244,"ENSG00000076924.12"
"ENSG00000076928.18",0.479209829631215,"ENSG00000076928.18"
"ENSG00000076944.16",0.387818766042748,"ENSG00000076944.16"
"ENSG00000076984.17",0.00508714847266284,"ENSG00000076984.17"
"ENSG00000077044.10",0.284462652035158,"ENSG00000077044.10"
"ENSG00000077063.11",0.687892233946041,"ENSG00000077063.11"
"ENSG00000077080.10",0.740480198944239,"ENSG00000077080.10"
"ENSG00000077097.15",0.682264738351443,"ENSG00000077097.15"
"ENSG00000077147.16",0.434342893104511,"ENSG00000077147.16"
"ENSG00000077150.20",0.522967633616323,"ENSG00000077150.20"
"ENSG00000077152.11",0.635124838345192,"ENSG00000077152.11"
"ENSG00000077157.22",0.576633069833078,"ENSG00000077157.22"
"ENSG00000077232.18",0.569906997303037,"ENSG00000077232.18"
"ENSG00000077235.18",0.420595551526891,"ENSG00000077235.18"
"ENSG00000077254.14",-0.0845921002656113,"ENSG00000077254.14"
"ENSG00000077264.15",0.693584931864027,"ENSG00000077264.15"
"ENSG00000077274.9",0.662814807886579,"ENSG00000077274.9"
"ENSG00000077279.19",0.741839747013965,"ENSG00000077279.19"
"ENSG00000077312.9",0.242371999466327,"ENSG00000077312.9"
"ENSG00000077348.9",0.0136892045347859,"ENSG00000077348.9"
"ENSG00000077380.15",-0.263068416995122,"ENSG00000077380.15"
"ENSG00000077420.16",0.56802443968729,"ENSG00000077420.16"
"ENSG00000077454.16",0.060519425072921,"ENSG00000077454.16"
"ENSG00000077458.13",0.314690104853025,"ENSG00000077458.13"
"ENSG00000077463.15",0.110730257595475,"ENSG00000077463.15"
"ENSG00000077514.9",0.356180397832815,"ENSG00000077514.9"
"ENSG00000077522.13",0.422808471948709,"ENSG00000077522.13"
"ENSG00000077549.19",0.16636993085363,"ENSG00000077549.19"
"ENSG00000077684.16",0.290296136180698,"ENSG00000077684.16"
"ENSG00000077721.16",0.181419465059184,"ENSG00000077721.16"
"ENSG00000077782.21",0.645758586719137,"ENSG00000077782.21"
"ENSG00000077935.17",0.0671744591200065,"ENSG00000077935.17"
"ENSG00000077942.19",0.514885964963186,"ENSG00000077942.19"
"ENSG00000077984.6",0.558544804205064,"ENSG00000077984.6"
"ENSG00000078018.20",0.819734623620725,"ENSG00000078018.20"
"ENSG00000078043.16",0.00521245341542338,"ENSG00000078043.16"
"ENSG00000078053.17",0.718255751638273,"ENSG00000078053.17"
"ENSG00000078061.13",0.323349000310812,"ENSG00000078061.13"
"ENSG00000078070.13",0.527737227137109,"ENSG00000078070.13"
"ENSG00000078081.8",0.728207026048506,"ENSG00000078081.8"
"ENSG00000078098.14",0.795491618629183,"ENSG00000078098.14"
"ENSG00000078114.18",0.532242624987373,"ENSG00000078114.18"
"ENSG00000078140.14",0.179221628784592,"ENSG00000078140.14"
"ENSG00000078142.13",0.341882560265962,"ENSG00000078142.13"
"ENSG00000078177.14",0.628076154786172,"ENSG00000078177.14"
"ENSG00000078237.7",0.350983392419248,"ENSG00000078237.7"
"ENSG00000078246.17",0.362908432117492,"ENSG00000078246.17"
"ENSG00000078269.15",0.505419828422353,"ENSG00000078269.15"
"ENSG00000078295.17",0.816646216490453,"ENSG00000078295.17"
"ENSG00000078304.19",0.057549270247184,"ENSG00000078304.19"
"ENSG00000078369.18",0.354749718724696,"ENSG00000078369.18"
"ENSG00000078403.17",0.23478966240417,"ENSG00000078403.17"
"ENSG00000078618.21",0.410137811872928,"ENSG00000078618.21"
"ENSG00000078668.14",0.309658245038584,"ENSG00000078668.14"
"ENSG00000078674.17",0.421502971542462,"ENSG00000078674.17"
"ENSG00000078687.17",0.540808407551168,"ENSG00000078687.17"
"ENSG00000078699.22",0.313345745282407,"ENSG00000078699.22"
"ENSG00000078747.15",0.349267188184112,"ENSG00000078747.15"
"ENSG00000078804.13",0.257944016442921,"ENSG00000078804.13"
"ENSG00000078808.18",0.0635917417381154,"ENSG00000078808.18"
"ENSG00000078898.7",0.276638657948711,"ENSG00000078898.7"
"ENSG00000078902.16",0.493992089502465,"ENSG00000078902.16"
"ENSG00000078967.13",0.221633661410621,"ENSG00000078967.13"
"ENSG00000079101.16",-0.204102564102564,"ENSG00000079101.16"
"ENSG00000079102.16",0.40603152672636,"ENSG00000079102.16"
"ENSG00000079134.12",0.287161021532832,"ENSG00000079134.12"
"ENSG00000079150.18",0.384035306699242,"ENSG00000079150.18"
"ENSG00000079156.17",0.796184523921073,"ENSG00000079156.17"
"ENSG00000079215.14",0.74989532963881,"ENSG00000079215.14"
"ENSG00000079246.16",0.227402536257159,"ENSG00000079246.16"
"ENSG00000079257.8",0.592187676027337,"ENSG00000079257.8"
"ENSG00000079263.19",0.48204236415073,"ENSG00000079263.19"
"ENSG00000079277.21",0.516435600638578,"ENSG00000079277.21"
"ENSG00000079308.19",0.595560256993356,"ENSG00000079308.19"
"ENSG00000079313.15",0.390512130234528,"ENSG00000079313.15"
"ENSG00000079332.15",0.287004311176501,"ENSG00000079332.15"
"ENSG00000079335.20",0.357826253863272,"ENSG00000079335.20"
"ENSG00000079385.22",0.744685460604187,"ENSG00000079385.22"
"ENSG00000079387.14",0.387055962781386,"ENSG00000079387.14"
"ENSG00000079432.7",0.509769848329425,"ENSG00000079432.7"
"ENSG00000079435.10",0.459561336668539,"ENSG00000079435.10"
"ENSG00000079459.13",0.724063621476978,"ENSG00000079459.13"
"ENSG00000079462.7",0.572334693371168,"ENSG00000079462.7"
"ENSG00000079482.13",0.431449304576747,"ENSG00000079482.13"
"ENSG00000079557.5",0.195274070350808,"ENSG00000079557.5"
"ENSG00000079616.13",0.522142524809769,"ENSG00000079616.13"
"ENSG00000079689.14",0.863680524267912,"ENSG00000079689.14"
"ENSG00000079691.18",0.567446990688737,"ENSG00000079691.18"
"ENSG00000079739.17",0.594694572414974,"ENSG00000079739.17"
"ENSG00000079785.15",-0.1492809700034,"ENSG00000079785.15"
"ENSG00000079805.17",0.200356253586957,"ENSG00000079805.17"
"ENSG00000079819.19",0.527376223296513,"ENSG00000079819.19"
"ENSG00000079931.15",0.653746761055884,"ENSG00000079931.15"
"ENSG00000079950.14",0.283086796994968,"ENSG00000079950.14"
"ENSG00000079974.17",0.0545023834571049,"ENSG00000079974.17"
"ENSG00000079999.14",0.360858808107468,"ENSG00000079999.14"
"ENSG00000080189.15",0.0882328190333486,"ENSG00000080189.15"
"ENSG00000080200.10",0.667653027243965,"ENSG00000080200.10"
"ENSG00000080298.15",0.662857873378694,"ENSG00000080298.15"
"ENSG00000080345.18",0.0674812718786242,"ENSG00000080345.18"
"ENSG00000080371.6",0.0951627894635877,"ENSG00000080371.6"
"ENSG00000080493.17",0.831057594754253,"ENSG00000080493.17"
"ENSG00000080503.24",0.596158703971733,"ENSG00000080503.24"
"ENSG00000080546.13",-0.0523227730085979,"ENSG00000080546.13"
"ENSG00000080561.13",0.371270355887431,"ENSG00000080561.13"
"ENSG00000080573.7",-0.0126416499217615,"ENSG00000080573.7"
"ENSG00000080603.17",0.3245600748275,"ENSG00000080603.17"
"ENSG00000080608.10",0.492059816170988,"ENSG00000080608.10"
"ENSG00000080618.16",-0.162905892835067,"ENSG00000080618.16"
"ENSG00000080802.18",0.265778982700131,"ENSG00000080802.18"
"ENSG00000080815.19",0.126820795514427,"ENSG00000080815.19"
"ENSG00000080819.9",0.607408426154217,"ENSG00000080819.9"
"ENSG00000080822.17",0.184860657831738,"ENSG00000080822.17"
"ENSG00000080824.19",0.308467191826199,"ENSG00000080824.19"
"ENSG00000080839.12",0.262758883141264,"ENSG00000080839.12"
"ENSG00000080845.17",0.303309453075608,"ENSG00000080845.17"
"ENSG00000080910.13",-0.0213799252285486,"ENSG00000080910.13"
"ENSG00000080986.13",0.549612924440488,"ENSG00000080986.13"
"ENSG00000081014.11",0.180702397637109,"ENSG00000081014.11"
"ENSG00000081019.13",0.0848939794680244,"ENSG00000081019.13"
"ENSG00000081026.19",0.686829438787291,"ENSG00000081026.19"
"ENSG00000081059.20",0.165985247337186,"ENSG00000081059.20"
"ENSG00000081087.15",0.338077704338791,"ENSG00000081087.15"
"ENSG00000081138.14",0.432973637121318,"ENSG00000081138.14"
"ENSG00000081154.12",0.00199628650587847,"ENSG00000081154.12"
"ENSG00000081177.18",0.490953904949894,"ENSG00000081177.18"
"ENSG00000081181.8",0.51240257402122,"ENSG00000081181.8"
"ENSG00000081189.16",0.414838613907072,"ENSG00000081189.16"
"ENSG00000081237.20",0.60531622085405,"ENSG00000081237.20"
"ENSG00000081277.13",0.823486186334882,"ENSG00000081277.13"
"ENSG00000081307.12",0.25055258452695,"ENSG00000081307.12"
"ENSG00000081320.11",0.692986561896829,"ENSG00000081320.11"
"ENSG00000081479.15",0.719365835861716,"ENSG00000081479.15"
"ENSG00000081665.14",0.490965922442534,"ENSG00000081665.14"
"ENSG00000081692.12",0.199772869350569,"ENSG00000081692.12"
"ENSG00000081721.12",0.38604814318203,"ENSG00000081721.12"
"ENSG00000081760.17",0.669425743919184,"ENSG00000081760.17"
"ENSG00000081803.16",0.656521396514934,"ENSG00000081803.16"
"ENSG00000081818.4",0.767093102996664,"ENSG00000081818.4"
"ENSG00000081870.11",0.265584538929501,"ENSG00000081870.11"
"ENSG00000081913.14",0.502498940482185,"ENSG00000081913.14"
"ENSG00000081923.15",0.721160137532174,"ENSG00000081923.15"
"ENSG00000082014.16",0.627917661135489,"ENSG00000082014.16"
"ENSG00000082068.9",0.413524072586961,"ENSG00000082068.9"
"ENSG00000082074.18",0.765014442319254,"ENSG00000082074.18"
"ENSG00000082146.13",0.518513448458898,"ENSG00000082146.13"
"ENSG00000082153.18",0.523878574917304,"ENSG00000082153.18"
"ENSG00000082175.15",0.757520441584631,"ENSG00000082175.15"
"ENSG00000082196.20",0.661445237160334,"ENSG00000082196.20"
"ENSG00000082212.13",0.456555332507841,"ENSG00000082212.13"
"ENSG00000082213.18",0.472398379291875,"ENSG00000082213.18"
"ENSG00000082258.13",0.399131631955727,"ENSG00000082258.13"
"ENSG00000082269.16",-0.0134363470205371,"ENSG00000082269.16"
"ENSG00000082293.13",0.601971496080541,"ENSG00000082293.13"
"ENSG00000082397.17",0.627867937107925,"ENSG00000082397.17"
"ENSG00000082438.17",0.508022461605518,"ENSG00000082438.17"
"ENSG00000082458.12",0.312190299961875,"ENSG00000082458.12"
"ENSG00000082497.12",0.176501971671394,"ENSG00000082497.12"
"ENSG00000082512.15",0.536702176036822,"ENSG00000082512.15"
"ENSG00000082515.18",0.278722679149567,"ENSG00000082515.18"
"ENSG00000082516.9",0.510228268231585,"ENSG00000082516.9"
"ENSG00000082641.16",0.299336737251086,"ENSG00000082641.16"
"ENSG00000082701.16",0.607207956085231,"ENSG00000082701.16"
"ENSG00000082781.12",0.677634810571297,"ENSG00000082781.12"
"ENSG00000082805.20",0.447870479556198,"ENSG00000082805.20"
"ENSG00000082898.17",0.297580778315604,"ENSG00000082898.17"
"ENSG00000082996.19",0.271130636911486,"ENSG00000082996.19"
"ENSG00000083093.10",0.176522586458135,"ENSG00000083093.10"
"ENSG00000083097.14",0.250530168403345,"ENSG00000083097.14"
"ENSG00000083099.11",0.0771941337656194,"ENSG00000083099.11"
"ENSG00000083123.15",0.451510346597324,"ENSG00000083123.15"
"ENSG00000083168.11",0.158855582868124,"ENSG00000083168.11"
"ENSG00000083223.18",0.429510983423155,"ENSG00000083223.18"
"ENSG00000083307.12",0.71496652267294,"ENSG00000083307.12"
"ENSG00000083312.17",0.151624799357755,"ENSG00000083312.17"
"ENSG00000083444.17",0.394740096270278,"ENSG00000083444.17"
"ENSG00000083457.12",0.538786257179917,"ENSG00000083457.12"
"ENSG00000083520.15",0.118407039093154,"ENSG00000083520.15"
"ENSG00000083535.16",0.549958322037908,"ENSG00000083535.16"
"ENSG00000083544.15",0.415575988381715,"ENSG00000083544.15"
"ENSG00000083635.8",0.0656894403515346,"ENSG00000083635.8"
"ENSG00000083642.19",0.168348672004647,"ENSG00000083642.19"
"ENSG00000083720.13",0.598863478074414,"ENSG00000083720.13"
"ENSG00000083750.12",0.355019602087659,"ENSG00000083750.12"
"ENSG00000083799.17",0.473296778936992,"ENSG00000083799.17"
"ENSG00000083812.12",-0.137900212586875,"ENSG00000083812.12"
"ENSG00000083838.16",0.225541785279841,"ENSG00000083838.16"
"ENSG00000083844.10",-0.23807305263629,"ENSG00000083844.10"
"ENSG00000083845.9",0.248279667446868,"ENSG00000083845.9"
"ENSG00000083857.14",0.190725271791551,"ENSG00000083857.14"
"ENSG00000083896.12",0.112214708662528,"ENSG00000083896.12"
"ENSG00000083937.9",0.566175468012617,"ENSG00000083937.9"
"ENSG00000084070.12",0.545605481515641,"ENSG00000084070.12"
"ENSG00000084072.17",-0.162557538359379,"ENSG00000084072.17"
"ENSG00000084073.9",0.239188924765987,"ENSG00000084073.9"
"ENSG00000084090.13",0.400776900677255,"ENSG00000084090.13"
"ENSG00000084092.7",0.435232523148812,"ENSG00000084092.7"
"ENSG00000084093.18",0.322067503178685,"ENSG00000084093.18"
"ENSG00000084112.15",0.0244073372855208,"ENSG00000084112.15"
"ENSG00000084234.17",0.504946734918562,"ENSG00000084234.17"
"ENSG00000084444.14",0.634911475879113,"ENSG00000084444.14"
"ENSG00000084463.8",0.336391958471428,"ENSG00000084463.8"
"ENSG00000084623.11",0.0365598811785362,"ENSG00000084623.11"
"ENSG00000084636.18",0.331837047998248,"ENSG00000084636.18"
"ENSG00000084652.16",0.473885536565031,"ENSG00000084652.16"
"ENSG00000084674.15",0.0783733743210672,"ENSG00000084674.15"
"ENSG00000084676.15",0.542949623546227,"ENSG00000084676.15"
"ENSG00000084710.14",0.801490759634053,"ENSG00000084710.14"
"ENSG00000084731.15",0.696118500089757,"ENSG00000084731.15"
"ENSG00000084733.11",0.455428959944157,"ENSG00000084733.11"
"ENSG00000084754.12",0.142797060610841,"ENSG00000084754.12"
"ENSG00000084764.12",0.654312409463133,"ENSG00000084764.12"
"ENSG00000084774.14",0.626128363563066,"ENSG00000084774.14"
"ENSG00000085117.12",0.54661598711001,"ENSG00000085117.12"
"ENSG00000085185.15",0.36520829088134,"ENSG00000085185.15"
"ENSG00000085224.22",0.441700338319415,"ENSG00000085224.22"
"ENSG00000085231.14",-0.0330044810263696,"ENSG00000085231.14"
"ENSG00000085265.11",0.545881056048203,"ENSG00000085265.11"
"ENSG00000085274.15",0.538969740023893,"ENSG00000085274.15"
"ENSG00000085276.19",0.627477040430898,"ENSG00000085276.19"
"ENSG00000085365.18",-0.14554432323587,"ENSG00000085365.18"
"ENSG00000085377.14",0.396726770262094,"ENSG00000085377.14"
"ENSG00000085382.12",0.424964989095073,"ENSG00000085382.12"
"ENSG00000085415.16",-0.141823620896984,"ENSG00000085415.16"
"ENSG00000085433.15",0.402908014807034,"ENSG00000085433.15"
"ENSG00000085449.15",0.331383694359045,"ENSG00000085449.15"
"ENSG00000085491.17",0.483949413715575,"ENSG00000085491.17"
"ENSG00000085511.20",0.649891703167733,"ENSG00000085511.20"
"ENSG00000085514.16",0.35659563108628,"ENSG00000085514.16"
"ENSG00000085552.17",0.223946692585134,"ENSG00000085552.17"
"ENSG00000085563.15",0.820952910101745,"ENSG00000085563.15"
"ENSG00000085644.14",0.438012720597428,"ENSG00000085644.14"
"ENSG00000085662.14",0.618044508350223,"ENSG00000085662.14"
"ENSG00000085719.13",0.274343092128286,"ENSG00000085719.13"
"ENSG00000085721.13",0.092259215391936,"ENSG00000085721.13"
"ENSG00000085733.16",0.649417068827083,"ENSG00000085733.16"
"ENSG00000085741.13",0.529071664922468,"ENSG00000085741.13"
"ENSG00000085760.15",0.298818675088351,"ENSG00000085760.15"
"ENSG00000085788.14",0.257364324150739,"ENSG00000085788.14"
"ENSG00000085831.15",0.825595317394194,"ENSG00000085831.15"
"ENSG00000085832.17",0.501680926874635,"ENSG00000085832.17"
"ENSG00000085840.13",0.315381564900249,"ENSG00000085840.13"
"ENSG00000085871.9",0.380196175263738,"ENSG00000085871.9"
"ENSG00000085872.15",0.213184561054685,"ENSG00000085872.15"
"ENSG00000085978.22",0.326169721259418,"ENSG00000085978.22"
"ENSG00000085982.13",0.281778014365702,"ENSG00000085982.13"
"ENSG00000085998.14",0.203683158108569,"ENSG00000085998.14"
"ENSG00000086015.22",0.275366688478556,"ENSG00000086015.22"
"ENSG00000086061.16",0.281521649343114,"ENSG00000086061.16"
"ENSG00000086062.12",0.664794812930234,"ENSG00000086062.12"
"ENSG00000086065.14",0.151595916488117,"ENSG00000086065.14"
"ENSG00000086102.19",0.353237198740228,"ENSG00000086102.19"
"ENSG00000086189.10",0.073974967914142,"ENSG00000086189.10"
"ENSG00000086200.16",0.107764413493363,"ENSG00000086200.16"
"ENSG00000086205.18",0.734763997979043,"ENSG00000086205.18"
"ENSG00000086232.13",0.526161695591576,"ENSG00000086232.13"
"ENSG00000086289.12",0.768520455746032,"ENSG00000086289.12"
"ENSG00000086300.16",0.551973118006994,"ENSG00000086300.16"
"ENSG00000086475.15",0.381919759473531,"ENSG00000086475.15"
"ENSG00000086504.17",0.372222875152374,"ENSG00000086504.17"
"ENSG00000086506.3",0.192926630419658,"ENSG00000086506.3"
"ENSG00000086544.3",0.312861030487731,"ENSG00000086544.3"
"ENSG00000086548.9",0.72559688006691,"ENSG00000086548.9"
"ENSG00000086570.12",0.875550213613499,"ENSG00000086570.12"
"ENSG00000086589.12",-0.219385840965287,"ENSG00000086589.12"
"ENSG00000086598.11",-0.0519192795762115,"ENSG00000086598.11"
"ENSG00000086619.14",0.699486203816003,"ENSG00000086619.14"
"ENSG00000086666.19",0.0204362879995109,"ENSG00000086666.19"
"ENSG00000086696.11",0.757326002491447,"ENSG00000086696.11"
"ENSG00000086712.13",0.348790738256462,"ENSG00000086712.13"
"ENSG00000086730.17",0.397853351934701,"ENSG00000086730.17"
"ENSG00000086758.16",-0.0822900528772159,"ENSG00000086758.16"
"ENSG00000086827.9",0.00536118402579139,"ENSG00000086827.9"
"ENSG00000086967.10",0.59337345841059,"ENSG00000086967.10"
"ENSG00000087008.16",0.485526986234562,"ENSG00000087008.16"
"ENSG00000087053.19",0.205285127469961,"ENSG00000087053.19"
"ENSG00000087076.9",0.566867087302174,"ENSG00000087076.9"
"ENSG00000087077.14",0.234870891685228,"ENSG00000087077.14"
"ENSG00000087086.15",0.400566135586064,"ENSG00000087086.15"
"ENSG00000087087.20",0.431968575374047,"ENSG00000087087.20"
"ENSG00000087088.20",0.0221591197723784,"ENSG00000087088.20"
"ENSG00000087095.13",-0.0219419665872026,"ENSG00000087095.13"
"ENSG00000087111.21",0.051959820034674,"ENSG00000087111.21"
"ENSG00000087116.16",0.736589036061492,"ENSG00000087116.16"
"ENSG00000087128.10",0.759793831462741,"ENSG00000087128.10"
"ENSG00000087152.15",0.310057873841829,"ENSG00000087152.15"
"ENSG00000087157.19",0.365677118809513,"ENSG00000087157.19"
"ENSG00000087191.13",0.259002992028617,"ENSG00000087191.13"
"ENSG00000087206.17",0.104567684454883,"ENSG00000087206.17"
"ENSG00000087237.12",0.447569008281539,"ENSG00000087237.12"
"ENSG00000087245.13",0.805239133603918,"ENSG00000087245.13"
"ENSG00000087250.9",0.828292855482232,"ENSG00000087250.9"
"ENSG00000087253.13",0.593682185889142,"ENSG00000087253.13"
"ENSG00000087258.15",0.632792547217933,"ENSG00000087258.15"
"ENSG00000087263.17",0.334657317087968,"ENSG00000087263.17"
"ENSG00000087266.17",0.537015581426751,"ENSG00000087266.17"
"ENSG00000087269.16",0.45083792504852,"ENSG00000087269.16"
"ENSG00000087274.17",0.548291541900557,"ENSG00000087274.17"
"ENSG00000087299.12",0.024726430844734,"ENSG00000087299.12"
"ENSG00000087301.9",0.50398581607157,"ENSG00000087301.9"
"ENSG00000087302.9",0.211441378882083,"ENSG00000087302.9"
"ENSG00000087303.18",0.533909895137612,"ENSG00000087303.18"
"ENSG00000087338.5",0.116345371909434,"ENSG00000087338.5"
"ENSG00000087365.16",0.346869744174709,"ENSG00000087365.16"
"ENSG00000087448.11",0.383781995696346,"ENSG00000087448.11"
"ENSG00000087460.25",0.42997362618143,"ENSG00000087460.25"
"ENSG00000087470.18",0.264738227398643,"ENSG00000087470.18"
"ENSG00000087494.16",0.651198985436739,"ENSG00000087494.16"
"ENSG00000087502.18",0.14609353367817,"ENSG00000087502.18"
"ENSG00000087510.7",0.675787942913988,"ENSG00000087510.7"
"ENSG00000087586.17",0.588735645339825,"ENSG00000087586.17"
"ENSG00000087589.16",0.48465320762446,"ENSG00000087589.16"
"ENSG00000087842.11",0.590356598656882,"ENSG00000087842.11"
"ENSG00000087884.14",0.463882592283771,"ENSG00000087884.14"
"ENSG00000087903.13",0.389727935339357,"ENSG00000087903.13"
"ENSG00000087995.16",0.159621013266714,"ENSG00000087995.16"
"ENSG00000088002.12",0.633580361300777,"ENSG00000088002.12"
"ENSG00000088035.18",0.0319560797539814,"ENSG00000088035.18"
"ENSG00000088038.19",0.401723511623895,"ENSG00000088038.19"
"ENSG00000088053.11",-0.0386601690899296,"ENSG00000088053.11"
"ENSG00000088179.9",0.423377166237902,"ENSG00000088179.9"
"ENSG00000088205.13",0.590431241601382,"ENSG00000088205.13"
"ENSG00000088247.17",0.392749042784958,"ENSG00000088247.17"
"ENSG00000088256.9",0.379458692148272,"ENSG00000088256.9"
"ENSG00000088280.19",0.587071684834484,"ENSG00000088280.19"
"ENSG00000088298.13",0.190131008652978,"ENSG00000088298.13"
"ENSG00000088305.18",0.581923220941966,"ENSG00000088305.18"
"ENSG00000088320.4",0.0330427106876307,"ENSG00000088320.4"
"ENSG00000088325.16",0.660133263471336,"ENSG00000088325.16"
"ENSG00000088356.6",0.36561655513378,"ENSG00000088356.6"
"ENSG00000088367.23",0.670222396439711,"ENSG00000088367.23"
"ENSG00000088386.17",0.690128318007388,"ENSG00000088386.17"
"ENSG00000088387.19",0.120497734905267,"ENSG00000088387.19"
"ENSG00000088448.14",0.0511765475445079,"ENSG00000088448.14"
"ENSG00000088451.11",0.257186015503382,"ENSG00000088451.11"
"ENSG00000088682.14",0.593323516103432,"ENSG00000088682.14"
"ENSG00000088726.16",0.901688747605934,"ENSG00000088726.16"
"ENSG00000088756.12",0.517313573681543,"ENSG00000088756.12"
"ENSG00000088808.18",0.38365796168937,"ENSG00000088808.18"
"ENSG00000088812.18",0.381029809537067,"ENSG00000088812.18"
"ENSG00000088827.12",0.512867127105785,"ENSG00000088827.12"
"ENSG00000088832.17",-0.0854576298421833,"ENSG00000088832.17"
"ENSG00000088833.17",0.155231103997586,"ENSG00000088833.17"
"ENSG00000088836.14",0.513845151242103,"ENSG00000088836.14"
"ENSG00000088854.12",0.635561599255972,"ENSG00000088854.12"
"ENSG00000088882.8",0.596630228878743,"ENSG00000088882.8"
"ENSG00000088888.18",0.258959368332194,"ENSG00000088888.18"
"ENSG00000088899.15",0.406403018743326,"ENSG00000088899.15"
"ENSG00000088926.14",0.334302258881548,"ENSG00000088926.14"
"ENSG00000088930.8",0.019725669398916,"ENSG00000088930.8"
"ENSG00000088970.16",0.41390609091989,"ENSG00000088970.16"
"ENSG00000088986.11",0.280337023210369,"ENSG00000088986.11"
"ENSG00000088992.18",0.750550979845273,"ENSG00000088992.18"
"ENSG00000089006.16",-0.134216004150212,"ENSG00000089006.16"
"ENSG00000089009.15",0.305224783321348,"ENSG00000089009.15"
"ENSG00000089022.14",0.373838295894828,"ENSG00000089022.14"
"ENSG00000089041.17",0.43580435951109,"ENSG00000089041.17"
"ENSG00000089048.14",0.0838747704725431,"ENSG00000089048.14"
"ENSG00000089050.16",0.480770323644192,"ENSG00000089050.16"
"ENSG00000089053.13",-0.0740731585236014,"ENSG00000089053.13"
"ENSG00000089057.15",0.451745762294816,"ENSG00000089057.15"
"ENSG00000089060.11",0.230541922084278,"ENSG00000089060.11"
"ENSG00000089063.15",0.124032561283752,"ENSG00000089063.15"
"ENSG00000089091.16",-0.453579004534769,"ENSG00000089091.16"
"ENSG00000089094.19",0.177639488628777,"ENSG00000089094.19"
"ENSG00000089123.16",0.176968933068207,"ENSG00000089123.16"
"ENSG00000089127.13",0.688220177011558,"ENSG00000089127.13"
"ENSG00000089154.11",0.312394912799554,"ENSG00000089154.11"
"ENSG00000089157.16",0.141692928401639,"ENSG00000089157.16"
"ENSG00000089159.16",0.148959146373982,"ENSG00000089159.16"
"ENSG00000089177.18",0.538841584038411,"ENSG00000089177.18"
"ENSG00000089195.15",0.634086988723025,"ENSG00000089195.15"
"ENSG00000089199.10",0.409671633826589,"ENSG00000089199.10"
"ENSG00000089220.5",0.461965018487011,"ENSG00000089220.5"
"ENSG00000089234.16",0.0941658627838483,"ENSG00000089234.16"
"ENSG00000089248.7",0.449592678542024,"ENSG00000089248.7"
"ENSG00000089280.19",0.595993119536276,"ENSG00000089280.19"
"ENSG00000089289.16",-0.163772311047949,"ENSG00000089289.16"
"ENSG00000089335.21",0.596134182928909,"ENSG00000089335.21"
"ENSG00000089351.14",0.498922493299575,"ENSG00000089351.14"
"ENSG00000089472.16",0.684354182257344,"ENSG00000089472.16"
"ENSG00000089597.18",0.388334461844851,"ENSG00000089597.18"
"ENSG00000089639.11",0.426394186335317,"ENSG00000089639.11"
"ENSG00000089682.16",-0.291682862339736,"ENSG00000089682.16"
"ENSG00000089685.15",0.393583857669262,"ENSG00000089685.15"
"ENSG00000089692.9",0.41743450767841,"ENSG00000089692.9"
"ENSG00000089693.10",0.131514338653108,"ENSG00000089693.10"
"ENSG00000089723.10",0.554478086162411,"ENSG00000089723.10"
"ENSG00000089737.17",0.262189845466548,"ENSG00000089737.17"
"ENSG00000089775.11",0.272742218800704,"ENSG00000089775.11"
"ENSG00000089818.18",0.259851103604301,"ENSG00000089818.18"
"ENSG00000089820.16",0.555481781465783,"ENSG00000089820.16"
"ENSG00000089876.12",0.466250313076051,"ENSG00000089876.12"
"ENSG00000089902.10",0.589725439848738,"ENSG00000089902.10"
"ENSG00000089916.18",-0.188924879632744,"ENSG00000089916.18"
"ENSG00000090006.18",0.306332077388732,"ENSG00000090006.18"
"ENSG00000090013.11",0.288226567004472,"ENSG00000090013.11"
"ENSG00000090020.11",0.364343166656669,"ENSG00000090020.11"
"ENSG00000090054.15",0.105955619318267,"ENSG00000090054.15"
"ENSG00000090060.18",0.485988314997682,"ENSG00000090060.18"
"ENSG00000090061.17",0.413368687084283,"ENSG00000090061.17"
"ENSG00000090097.21",0.754345128359547,"ENSG00000090097.21"
"ENSG00000090104.12",0.429755232914946,"ENSG00000090104.12"
"ENSG00000090238.12",0.424175824175824,"ENSG00000090238.12"
"ENSG00000090263.16",0.270019017812283,"ENSG00000090263.16"
"ENSG00000090266.13",0.143042427142643,"ENSG00000090266.13"
"ENSG00000090273.14",0.365313927104146,"ENSG00000090273.14"
"ENSG00000090316.16",-0.0356218162857367,"ENSG00000090316.16"
"ENSG00000090339.9",0.743001601808185,"ENSG00000090339.9"
"ENSG00000090372.15",0.354054283423212,"ENSG00000090372.15"
"ENSG00000090376.11",0.654960882250863,"ENSG00000090376.11"
"ENSG00000090382.7",0.0376961265489995,"ENSG00000090382.7"
"ENSG00000090432.7",0.117543663849765,"ENSG00000090432.7"
"ENSG00000090447.12",0.458657374520913,"ENSG00000090447.12"
"ENSG00000090470.15",0.368708761086855,"ENSG00000090470.15"
"ENSG00000090487.11",0.0236163087302231,"ENSG00000090487.11"
"ENSG00000090512.12",-0.100768696785792,"ENSG00000090512.12"
"ENSG00000090520.11",0.374239277938082,"ENSG00000090520.11"
"ENSG00000090530.10",0.563301919702932,"ENSG00000090530.10"
"ENSG00000090539.15",0.28858342807832,"ENSG00000090539.15"
"ENSG00000090565.17",0.784598474192344,"ENSG00000090565.17"
"ENSG00000090581.10",0.167149078882339,"ENSG00000090581.10"
"ENSG00000090621.14",0.218225367210949,"ENSG00000090621.14"
"ENSG00000090659.18",0.687600349367489,"ENSG00000090659.18"
"ENSG00000090661.12",0.569043696661958,"ENSG00000090661.12"
"ENSG00000090674.16",0.409344617825985,"ENSG00000090674.16"
"ENSG00000090686.16",0.294071598914584,"ENSG00000090686.16"
"ENSG00000090776.6",0.56466772409809,"ENSG00000090776.6"
"ENSG00000090857.14",0.295918996946907,"ENSG00000090857.14"
"ENSG00000090861.16",0.568440649722095,"ENSG00000090861.16"
"ENSG00000090863.12",0.172044939174205,"ENSG00000090863.12"
"ENSG00000090889.12",0.449640944773347,"ENSG00000090889.12"
"ENSG00000090905.19",0.0685329601612972,"ENSG00000090905.19"
"ENSG00000090924.15",0.435364428587023,"ENSG00000090924.15"
"ENSG00000090971.5",0.656388224391489,"ENSG00000090971.5"
"ENSG00000090975.12",0.594209995583428,"ENSG00000090975.12"
"ENSG00000090989.18",0.0643602187086445,"ENSG00000090989.18"
"ENSG00000091009.8",0.131495148808532,"ENSG00000091009.8"
"ENSG00000091039.17",0.10936136283163,"ENSG00000091039.17"
"ENSG00000091073.19",0.65091124800821,"ENSG00000091073.19"
"ENSG00000091106.19",0.444690745249853,"ENSG00000091106.19"
"ENSG00000091127.14",0.651291757990315,"ENSG00000091127.14"
"ENSG00000091129.21",0.711025685886274,"ENSG00000091129.21"
"ENSG00000091136.14",0.573831866428861,"ENSG00000091136.14"
"ENSG00000091140.14",0.108486197010799,"ENSG00000091140.14"
"ENSG00000091157.13",0.323389066919908,"ENSG00000091157.13"
"ENSG00000091164.13",0.324200663929814,"ENSG00000091164.13"
"ENSG00000091317.8",0.0522689604864215,"ENSG00000091317.8"
"ENSG00000091409.15",0.877498361771546,"ENSG00000091409.15"
"ENSG00000091428.18",0.559043754174879,"ENSG00000091428.18"
"ENSG00000091436.17",0.668612948597079,"ENSG00000091436.17"
"ENSG00000091483.7",0.521194222243179,"ENSG00000091483.7"
"ENSG00000091490.11",0.533515647813428,"ENSG00000091490.11"
"ENSG00000091527.15",0.256418984798856,"ENSG00000091527.15"
"ENSG00000091542.9",0.266565275909905,"ENSG00000091542.9"
"ENSG00000091583.11",0.053744791874069,"ENSG00000091583.11"
"ENSG00000091592.16",0.611287799613827,"ENSG00000091592.16"
"ENSG00000091622.16",-0.0055316669175611,"ENSG00000091622.16"
"ENSG00000091640.8",0.173028689149266,"ENSG00000091640.8"
"ENSG00000091651.9",0.63897900892076,"ENSG00000091651.9"
"ENSG00000091656.19",-0.0250904798614988,"ENSG00000091656.19"
"ENSG00000091732.17",-0.0783396805758612,"ENSG00000091732.17"
"ENSG00000091831.23",0.861568736043099,"ENSG00000091831.23"
"ENSG00000091879.14",0.54067697230834,"ENSG00000091879.14"
"ENSG00000091947.10",0.0593069197199162,"ENSG00000091947.10"
"ENSG00000091972.18",0.471149524193386,"ENSG00000091972.18"
"ENSG00000091986.15",0.679537545402245,"ENSG00000091986.15"
"ENSG00000092009.10",0.510704840709701,"ENSG00000092009.10"
"ENSG00000092010.15",0.422518242190299,"ENSG00000092010.15"
"ENSG00000092020.10",-0.19645123377841,"ENSG00000092020.10"
"ENSG00000092036.18",-0.134570242052307,"ENSG00000092036.18"
"ENSG00000092054.13",0.57696351367865,"ENSG00000092054.13"
"ENSG00000092068.20",0.299958201009554,"ENSG00000092068.20"
"ENSG00000092094.11",0.169936570091872,"ENSG00000092094.11"
"ENSG00000092096.17",0.719053112921717,"ENSG00000092096.17"
"ENSG00000092108.21",0.272199199089925,"ENSG00000092108.21"
"ENSG00000092140.16",-0.136524956970068,"ENSG00000092140.16"
"ENSG00000092148.13",0.211659270284079,"ENSG00000092148.13"
"ENSG00000092199.17",0.0970591807389901,"ENSG00000092199.17"
"ENSG00000092201.10",0.550279657548594,"ENSG00000092201.10"
"ENSG00000092203.15",0.182475417068521,"ENSG00000092203.15"
"ENSG00000092208.17",0.263894641061398,"ENSG00000092208.17"
"ENSG00000092295.12",0.909934100301343,"ENSG00000092295.12"
"ENSG00000092330.18",0.0227624116496316,"ENSG00000092330.18"
"ENSG00000092377.15",-0.0881821777234629,"ENSG00000092377.15"
"ENSG00000092439.16",0.339940714060665,"ENSG00000092439.16"
"ENSG00000092470.12",0.463287934747368,"ENSG00000092470.12"
"ENSG00000092531.10",0.261024878816234,"ENSG00000092531.10"
"ENSG00000092607.15",0.45537127090121,"ENSG00000092607.15"
"ENSG00000092621.12",0.72727586140849,"ENSG00000092621.12"
"ENSG00000092758.18",0.624925529966356,"ENSG00000092758.18"
"ENSG00000092820.18",0.666291012811517,"ENSG00000092820.18"
"ENSG00000092841.19",0.347103200219838,"ENSG00000092841.19"
"ENSG00000092847.13",0.0555505275576621,"ENSG00000092847.13"
"ENSG00000092853.14",-0.0273071656547442,"ENSG00000092853.14"
"ENSG00000092871.17",0.549413286814041,"ENSG00000092871.17"
"ENSG00000092929.11",0.47690583721956,"ENSG00000092929.11"
"ENSG00000092931.11",0.544041848209575,"ENSG00000092931.11"
"ENSG00000092964.18",0.747447980657153,"ENSG00000092964.18"
"ENSG00000092969.12",0.520514191662328,"ENSG00000092969.12"
"ENSG00000092978.11",0.118784571071583,"ENSG00000092978.11"
"ENSG00000093000.19",0.406763979904178,"ENSG00000093000.19"
"ENSG00000093009.11",0.655936867930449,"ENSG00000093009.11"
"ENSG00000093010.14",0.570261069162198,"ENSG00000093010.14"
"ENSG00000093072.18",0.589440909506415,"ENSG00000093072.18"
"ENSG00000093144.19",0.190024071655708,"ENSG00000093144.19"
"ENSG00000093167.18",0.135040523453058,"ENSG00000093167.18"
"ENSG00000093217.11",0.436742635271027,"ENSG00000093217.11"
"ENSG00000094631.21",0.409175152273617,"ENSG00000094631.21"
"ENSG00000094804.12",0.73859649122807,"ENSG00000094804.12"
"ENSG00000094841.14",0.307104431164694,"ENSG00000094841.14"
"ENSG00000094880.11",-0.184509898055976,"ENSG00000094880.11"
"ENSG00000094914.14",0.365955946461485,"ENSG00000094914.14"
"ENSG00000094916.16",0.123928604979036,"ENSG00000094916.16"
"ENSG00000094975.14",0.244890513414055,"ENSG00000094975.14"
"ENSG00000095002.15",0.752636362477223,"ENSG00000095002.15"
"ENSG00000095015.6",0.387855677723159,"ENSG00000095015.6"
"ENSG00000095059.16",0.176742822488468,"ENSG00000095059.16"
"ENSG00000095066.11",0.411400958466056,"ENSG00000095066.11"
"ENSG00000095139.14",0.479021962571063,"ENSG00000095139.14"
"ENSG00000095203.14",0.615261600500772,"ENSG00000095203.14"
"ENSG00000095209.12",0.642442828310229,"ENSG00000095209.12"
"ENSG00000095261.14",0.329007042683453,"ENSG00000095261.14"
"ENSG00000095303.17",0.81151967445606,"ENSG00000095303.17"
"ENSG00000095319.14",0.340078873584947,"ENSG00000095319.14"
"ENSG00000095321.17",0.800605015008582,"ENSG00000095321.17"
"ENSG00000095370.20",0.348613427644811,"ENSG00000095370.20"
"ENSG00000095380.11",0.432967214238897,"ENSG00000095380.11"
"ENSG00000095383.20",0.8306660761852,"ENSG00000095383.20"
"ENSG00000095397.16",0.252426351598256,"ENSG00000095397.16"
"ENSG00000095485.18",0.421561522272481,"ENSG00000095485.18"
"ENSG00000095564.14",-0.0809541109704838,"ENSG00000095564.14"
"ENSG00000095574.12",0.124031430583701,"ENSG00000095574.12"
"ENSG00000095585.17",0.258397499307145,"ENSG00000095585.17"
"ENSG00000095627.9",0.269530543854516,"ENSG00000095627.9"
"ENSG00000095637.22",0.622253997815974,"ENSG00000095637.22"
"ENSG00000095713.14",0.604260149134626,"ENSG00000095713.14"
"ENSG00000095739.11",0.475748194014448,"ENSG00000095739.11"
"ENSG00000095787.23",0.154760666964605,"ENSG00000095787.23"
"ENSG00000095794.19",0.034001331668674,"ENSG00000095794.19"
"ENSG00000095906.17",0.304477204062794,"ENSG00000095906.17"
"ENSG00000095951.17",0.459480551895082,"ENSG00000095951.17"
"ENSG00000095970.17",0.50175738623477,"ENSG00000095970.17"
"ENSG00000096006.11",0.440045998563232,"ENSG00000096006.11"
"ENSG00000096060.14",0.5394889853102,"ENSG00000096060.14"
"ENSG00000096063.16",0.764176721513899,"ENSG00000096063.16"
"ENSG00000096070.19",0.541438541014272,"ENSG00000096070.19"
"ENSG00000096080.11",0.308252036932618,"ENSG00000096080.11"
"ENSG00000096088.16",0.623805409694508,"ENSG00000096088.16"
"ENSG00000096093.16",0.532260940912778,"ENSG00000096093.16"
"ENSG00000096384.20",0.474612165923281,"ENSG00000096384.20"
"ENSG00000096401.8",0.210534030671653,"ENSG00000096401.8"
"ENSG00000096433.11",0.690139416679865,"ENSG00000096433.11"
"ENSG00000096654.15",0.456696536730989,"ENSG00000096654.15"
"ENSG00000096696.14",0.776862547081417,"ENSG00000096696.14"
"ENSG00000096717.12",0.456018767293132,"ENSG00000096717.12"
"ENSG00000096746.17",-0.150819229501049,"ENSG00000096746.17"
"ENSG00000096872.16",0.209619214633007,"ENSG00000096872.16"
"ENSG00000096968.14",0.711815145653676,"ENSG00000096968.14"
"ENSG00000097007.19",0.217301667512944,"ENSG00000097007.19"
"ENSG00000097021.19",0.201397043980222,"ENSG00000097021.19"
"ENSG00000097033.14",0.124089537278684,"ENSG00000097033.14"
"ENSG00000097046.13",0.349751711005965,"ENSG00000097046.13"
"ENSG00000097096.9",0.22946942084914,"ENSG00000097096.9"
"ENSG00000099139.14",0.238767948812874,"ENSG00000099139.14"
"ENSG00000099194.6",0.531678423486158,"ENSG00000099194.6"
"ENSG00000099203.7",0.361758955881942,"ENSG00000099203.7"
"ENSG00000099204.20",0.55387894007168,"ENSG00000099204.20"
"ENSG00000099219.14",0.661820831160571,"ENSG00000099219.14"
"ENSG00000099246.17",0.2286753142953,"ENSG00000099246.17"
"ENSG00000099250.18",0.604706316333722,"ENSG00000099250.18"
"ENSG00000099256.19",0.626802193604635,"ENSG00000099256.19"
"ENSG00000099260.11",0.728239763386184,"ENSG00000099260.11"
"ENSG00000099282.10",0.594077116112226,"ENSG00000099282.10"
"ENSG00000099284.14",0.535149993188482,"ENSG00000099284.14"
"ENSG00000099290.17",0.226453584903457,"ENSG00000099290.17"
"ENSG00000099308.10",0.469831313666602,"ENSG00000099308.10"
"ENSG00000099331.13",0.320746057892933,"ENSG00000099331.13"
"ENSG00000099337.5",-0.0464285714285714,"ENSG00000099337.5"
"ENSG00000099341.11",-0.135518622403687,"ENSG00000099341.11"
"ENSG00000099364.16",0.0352834800848931,"ENSG00000099364.16"
"ENSG00000099377.14",0.131049871895465,"ENSG00000099377.14"
"ENSG00000099381.18",0.354031951745455,"ENSG00000099381.18"
"ENSG00000099385.11",0.058526544932387,"ENSG00000099385.11"
"ENSG00000099399.6",0.61632713994443,"ENSG00000099399.6"
"ENSG00000099622.14",0.374895729805048,"ENSG00000099622.14"
"ENSG00000099624.8",0.376888499220825,"ENSG00000099624.8"
"ENSG00000099769.6",0.16062711695254,"ENSG00000099769.6"
"ENSG00000099783.12",0.401852679903522,"ENSG00000099783.12"
"ENSG00000099795.7",0.0747726153862204,"ENSG00000099795.7"
"ENSG00000099797.15",0.309304404274731,"ENSG00000099797.15"
"ENSG00000099800.8",0.430990163267108,"ENSG00000099800.8"
"ENSG00000099804.9",0.267806337989192,"ENSG00000099804.9"
"ENSG00000099810.21",0.455935062012576,"ENSG00000099810.21"
"ENSG00000099812.9",0.910148015022521,"ENSG00000099812.9"
"ENSG00000099814.16",0.274100557930199,"ENSG00000099814.16"
"ENSG00000099817.12",0.0451058052076834,"ENSG00000099817.12"
"ENSG00000099821.14",0.290952408163013,"ENSG00000099821.14"
"ENSG00000099849.15",0.178940799602002,"ENSG00000099849.15"
"ENSG00000099864.18",0.707463195983926,"ENSG00000099864.18"
"ENSG00000099875.14",0.283616338073497,"ENSG00000099875.14"
"ENSG00000099889.14",0.736539908648373,"ENSG00000099889.14"
"ENSG00000099899.15",0.512282665289113,"ENSG00000099899.15"
"ENSG00000099901.17",0.189598518388546,"ENSG00000099901.17"
"ENSG00000099904.15",0.431986103061246,"ENSG00000099904.15"
"ENSG00000099910.17",0.447764461175431,"ENSG00000099910.17"
"ENSG00000099917.17",0.332482895787641,"ENSG00000099917.17"
"ENSG00000099937.11",0.0588574511841597,"ENSG00000099937.11"
"ENSG00000099940.12",0.345892531365203,"ENSG00000099940.12"
"ENSG00000099942.13",0.569428673257562,"ENSG00000099942.13"
"ENSG00000099949.21",0.266521823910178,"ENSG00000099949.21"
"ENSG00000099953.10",0.636059031714263,"ENSG00000099953.10"
"ENSG00000099954.18",0.403428170331908,"ENSG00000099954.18"
"ENSG00000099956.20",0.25910927588095,"ENSG00000099956.20"
"ENSG00000099958.15",0.52089098968759,"ENSG00000099958.15"
"ENSG00000099968.18",0.464467455560467,"ENSG00000099968.18"
"ENSG00000099991.18",0.395182145367374,"ENSG00000099991.18"
"ENSG00000099992.16",0.615705185454185,"ENSG00000099992.16"
"ENSG00000099994.11",0.692044579009625,"ENSG00000099994.11"
"ENSG00000099995.19",0.2150394782586,"ENSG00000099995.19"
"ENSG00000099998.17",0.717086650888035,"ENSG00000099998.17"
"ENSG00000100003.18",0.813080315217848,"ENSG00000100003.18"
"ENSG00000100012.12",-0.363577929481856,"ENSG00000100012.12"
"ENSG00000100014.20",0.272872086104981,"ENSG00000100014.20"
"ENSG00000100023.19",0.5626227700152,"ENSG00000100023.19"
"ENSG00000100028.12",0.0551371984071257,"ENSG00000100028.12"
"ENSG00000100029.18",0.290105794790665,"ENSG00000100029.18"
"ENSG00000100030.15",0.347988789024052,"ENSG00000100030.15"
"ENSG00000100033.16",0.822791424260175,"ENSG00000100033.16"
"ENSG00000100034.14",0.571586311594958,"ENSG00000100034.14"
"ENSG00000100038.19",0.496130939165572,"ENSG00000100038.19"
"ENSG00000100055.21",0.431672539324035,"ENSG00000100055.21"
"ENSG00000100056.12",0.230887624684683,"ENSG00000100056.12"
"ENSG00000100065.15",0.293135170010791,"ENSG00000100065.15"
"ENSG00000100075.10",0.469589048491536,"ENSG00000100075.10"
"ENSG00000100077.15",0.239659550028898,"ENSG00000100077.15"
"ENSG00000100078.4",-0.0473684210526316,"ENSG00000100078.4"
"ENSG00000100079.7",0.737573473555668,"ENSG00000100079.7"
"ENSG00000100083.19",0.521865429531309,"ENSG00000100083.19"
"ENSG00000100084.14",0.0391917576510308,"ENSG00000100084.14"
"ENSG00000100092.23",0.546006899953622,"ENSG00000100092.23"
"ENSG00000100095.19",0.805304083907393,"ENSG00000100095.19"
"ENSG00000100097.12",0.587804015871508,"ENSG00000100097.12"
"ENSG00000100099.20",0.243918406360074,"ENSG00000100099.20"
"ENSG00000100100.13",0.264288805203281,"ENSG00000100100.13"
"ENSG00000100104.13",-0.136319625883651,"ENSG00000100104.13"
"ENSG00000100105.18",0.499176133060735,"ENSG00000100105.18"
"ENSG00000100106.22",0.394458030723306,"ENSG00000100106.22"
"ENSG00000100109.17",0.25960306487204,"ENSG00000100109.17"
"ENSG00000100116.16",0.0304131546914143,"ENSG00000100116.16"
"ENSG00000100122.7",0.366457260807958,"ENSG00000100122.7"
"ENSG00000100124.15",0.329103858900083,"ENSG00000100124.15"
"ENSG00000100129.18",-0.0392749986411653,"ENSG00000100129.18"
"ENSG00000100139.13",0.432090591329037,"ENSG00000100139.13"
"ENSG00000100142.16",0.278834756969047,"ENSG00000100142.16"
"ENSG00000100146.18",0.74155433261481,"ENSG00000100146.18"
"ENSG00000100147.13",0.431087105164501,"ENSG00000100147.13"
"ENSG00000100150.20",0.493536091604282,"ENSG00000100150.20"
"ENSG00000100151.16",0.190436444388175,"ENSG00000100151.16"
"ENSG00000100154.14",0.561455124669693,"ENSG00000100154.14"
"ENSG00000100162.15",0.594168587543614,"ENSG00000100162.15"
"ENSG00000100167.20",0.760518000887343,"ENSG00000100167.20"
"ENSG00000100170.10",0.505456776696769,"ENSG00000100170.10"
"ENSG00000100196.11",0.676137530281888,"ENSG00000100196.11"
"ENSG00000100201.22",0.232195689625369,"ENSG00000100201.22"
"ENSG00000100207.18",0.591276484432222,"ENSG00000100207.18"
"ENSG00000100209.11",0.496820991162486,"ENSG00000100209.11"
"ENSG00000100211.10",0.193879172468119,"ENSG00000100211.10"
"ENSG00000100216.6",0.351726333022724,"ENSG00000100216.6"
"ENSG00000100219.16",0.694439944275534,"ENSG00000100219.16"
"ENSG00000100220.12",-0.0981697962081619,"ENSG00000100220.12"
"ENSG00000100221.10",-0.113240605828596,"ENSG00000100221.10"
"ENSG00000100225.18",-0.000809857733300152,"ENSG00000100225.18"
"ENSG00000100226.16",0.515573652611671,"ENSG00000100226.16"
"ENSG00000100227.18",0.237954779818919,"ENSG00000100227.18"
"ENSG00000100228.12",0.59688603172779,"ENSG00000100228.12"
"ENSG00000100234.11",0.475858675167671,"ENSG00000100234.11"
"ENSG00000100239.16",-0.0487181502896487,"ENSG00000100239.16"
"ENSG00000100241.21",0.588559805850329,"ENSG00000100241.21"
"ENSG00000100242.15",0.101033473969438,"ENSG00000100242.15"
"ENSG00000100243.21",0.165075923356687,"ENSG00000100243.21"
"ENSG00000100246.13",0.52703399783252,"ENSG00000100246.13"
"ENSG00000100258.18",0.0882727275130525,"ENSG00000100258.18"
"ENSG00000100263.14",0.534979077675778,"ENSG00000100263.14"
"ENSG00000100266.19",0.580113483787887,"ENSG00000100266.19"
"ENSG00000100271.17",0.208869045991794,"ENSG00000100271.17"
"ENSG00000100280.16",0.460564010272392,"ENSG00000100280.16"
"ENSG00000100281.14",0.407698997500156,"ENSG00000100281.14"
"ENSG00000100284.21",0.312651544993945,"ENSG00000100284.21"
"ENSG00000100285.10",0.366497572929102,"ENSG00000100285.10"
"ENSG00000100288.20",0.525697700598789,"ENSG00000100288.20"
"ENSG00000100292.17",0.760018816288738,"ENSG00000100292.17"
"ENSG00000100294.13",0.342289825280311,"ENSG00000100294.13"
"ENSG00000100296.13",0.377672963902269,"ENSG00000100296.13"
"ENSG00000100297.16",0.585038312061805,"ENSG00000100297.16"
"ENSG00000100299.18",0.350475498772033,"ENSG00000100299.18"
"ENSG00000100300.18",0.364435437730394,"ENSG00000100300.18"
"ENSG00000100304.13",0.559046768376541,"ENSG00000100304.13"
"ENSG00000100307.13",0.326214037276305,"ENSG00000100307.13"
"ENSG00000100316.16",0.0201726165946237,"ENSG00000100316.16"
"ENSG00000100319.13",0.0703027294071827,"ENSG00000100319.13"
"ENSG00000100320.23",0.240381838667478,"ENSG00000100320.23"
"ENSG00000100321.15",0.478899094273887,"ENSG00000100321.15"
"ENSG00000100324.14",0.241537220996664,"ENSG00000100324.14"
"ENSG00000100325.15",0.394233904538902,"ENSG00000100325.15"
"ENSG00000100330.16",0.667012452154116,"ENSG00000100330.16"
"ENSG00000100335.15",0.43131057005114,"ENSG00000100335.15"
"ENSG00000100342.21",0.277798216464255,"ENSG00000100342.21"
"ENSG00000100345.22",0.607406086042363,"ENSG00000100345.22"
"ENSG00000100347.15",0.0707846849387239,"ENSG00000100347.15"
"ENSG00000100348.10",0.133611777440561,"ENSG00000100348.10"
"ENSG00000100350.14",0.527833149211332,"ENSG00000100350.14"
"ENSG00000100351.17",0.683464022063788,"ENSG00000100351.17"
"ENSG00000100353.18",0.204777276597178,"ENSG00000100353.18"
"ENSG00000100354.21",0.380834704628335,"ENSG00000100354.21"
"ENSG00000100359.21",0.432198339190713,"ENSG00000100359.21"
"ENSG00000100360.15",0.396258706050122,"ENSG00000100360.15"
"ENSG00000100362.13",0.187284159665906,"ENSG00000100362.13"
"ENSG00000100364.18",0.660890343723898,"ENSG00000100364.18"
"ENSG00000100365.16",0.519811601930185,"ENSG00000100365.16"
"ENSG00000100372.15",0.0273225979249203,"ENSG00000100372.15"
"ENSG00000100376.12",0.19993957877705,"ENSG00000100376.12"
"ENSG00000100379.17",0.633361354293963,"ENSG00000100379.17"
"ENSG00000100380.14",0.186465063502607,"ENSG00000100380.14"
"ENSG00000100387.9",-0.119026126958973,"ENSG00000100387.9"
"ENSG00000100393.14",0.463319762721579,"ENSG00000100393.14"
"ENSG00000100395.15",0.0248318285606345,"ENSG00000100395.15"
"ENSG00000100401.19",0.438882168841967,"ENSG00000100401.19"
"ENSG00000100403.12",0.249490180388043,"ENSG00000100403.12"
"ENSG00000100410.8",0.105946041644143,"ENSG00000100410.8"
"ENSG00000100412.16",0.438914547629583,"ENSG00000100412.16"
"ENSG00000100413.17",0.411062308242735,"ENSG00000100413.17"
"ENSG00000100416.15",0.247094259669588,"ENSG00000100416.15"
"ENSG00000100417.12",0.491209024728776,"ENSG00000100417.12"
"ENSG00000100418.8",0.50506634536475,"ENSG00000100418.8"
"ENSG00000100422.14",0.200921183410864,"ENSG00000100422.14"
"ENSG00000100425.18",0.485013450410598,"ENSG00000100425.18"
"ENSG00000100426.7",-0.152950751985512,"ENSG00000100426.7"
"ENSG00000100429.18",0.125727724640509,"ENSG00000100429.18"
"ENSG00000100439.10",0.395538603414499,"ENSG00000100439.10"
"ENSG00000100441.10",0.556535102056611,"ENSG00000100441.10"
"ENSG00000100442.11",0.227226478053865,"ENSG00000100442.11"
"ENSG00000100445.17",0.618348991345722,"ENSG00000100445.17"
"ENSG00000100450.13",0.58954451939862,"ENSG00000100450.13"
"ENSG00000100453.13",0.528979514550875,"ENSG00000100453.13"
"ENSG00000100461.18",0.096898436431591,"ENSG00000100461.18"
"ENSG00000100462.16",0.0912883327633448,"ENSG00000100462.16"
"ENSG00000100473.18",0.183734618113904,"ENSG00000100473.18"
"ENSG00000100478.15",0.0265931498784241,"ENSG00000100478.15"
"ENSG00000100479.13",0.407396702636224,"ENSG00000100479.13"
"ENSG00000100483.14",0.0591332171816686,"ENSG00000100483.14"
"ENSG00000100485.12",0.0769122065097902,"ENSG00000100485.12"
"ENSG00000100503.24",0.163437537888472,"ENSG00000100503.24"
"ENSG00000100504.17",0.716923373899905,"ENSG00000100504.17"
"ENSG00000100505.13",0.842937591349916,"ENSG00000100505.13"
"ENSG00000100519.12",0.0699781968934304,"ENSG00000100519.12"
"ENSG00000100522.10",0.810029342193564,"ENSG00000100522.10"
"ENSG00000100523.16",0.44158204767321,"ENSG00000100523.16"
"ENSG00000100526.20",0.455667195487396,"ENSG00000100526.20"
"ENSG00000100532.12",0.187847769690484,"ENSG00000100532.12"
"ENSG00000100554.12",-0.159352276771997,"ENSG00000100554.12"
"ENSG00000100558.9",0.626883133013299,"ENSG00000100558.9"
"ENSG00000100564.9",-0.0241764916182838,"ENSG00000100564.9"
"ENSG00000100567.13",0.158108051820043,"ENSG00000100567.13"
"ENSG00000100568.11",0.126417313104181,"ENSG00000100568.11"
"ENSG00000100575.14",0.243604262822415,"ENSG00000100575.14"
"ENSG00000100577.19",0.566068240701401,"ENSG00000100577.19"
"ENSG00000100578.17",0.053167842899156,"ENSG00000100578.17"
"ENSG00000100580.8",0.434444661634367,"ENSG00000100580.8"
"ENSG00000100591.8",0.399120028073418,"ENSG00000100591.8"
"ENSG00000100592.15",0.490097947671622,"ENSG00000100592.15"
"ENSG00000100596.6",0.441491425147161,"ENSG00000100596.6"
"ENSG00000100599.16",0.396078559240612,"ENSG00000100599.16"
"ENSG00000100600.15",0.500741083806559,"ENSG00000100600.15"
"ENSG00000100601.10",0.153985585613008,"ENSG00000100601.10"
"ENSG00000100603.14",-0.00527619779571285,"ENSG00000100603.14"
"ENSG00000100604.13",0.683263699703537,"ENSG00000100604.13"
"ENSG00000100605.17",0.569097442994675,"ENSG00000100605.17"
"ENSG00000100612.14",0.26050654335502,"ENSG00000100612.14"
"ENSG00000100614.18",0.474087032572163,"ENSG00000100614.18"
"ENSG00000100625.9",0.251924249088277,"ENSG00000100625.9"
"ENSG00000100626.17",0.694746622011614,"ENSG00000100626.17"
"ENSG00000100629.17",0.519275200517621,"ENSG00000100629.17"
"ENSG00000100632.11",0.202072946728521,"ENSG00000100632.11"
"ENSG00000100644.17",0.288724153815376,"ENSG00000100644.17"
"ENSG00000100650.16",0.0739620040127806,"ENSG00000100650.16"
"ENSG00000100664.11",0.246020959898071,"ENSG00000100664.11"
"ENSG00000100665.12",0.194932186671426,"ENSG00000100665.12"
"ENSG00000100697.14",0.256250471450956,"ENSG00000100697.14"
"ENSG00000100711.13",0.405556922410053,"ENSG00000100711.13"
"ENSG00000100714.17",0.352278321820232,"ENSG00000100714.17"
"ENSG00000100721.11",0.488343619374125,"ENSG00000100721.11"
"ENSG00000100722.20",0.232180391269863,"ENSG00000100722.20"
"ENSG00000100726.15",0.111287126587706,"ENSG00000100726.15"
"ENSG00000100731.16",-0.282099513506481,"ENSG00000100731.16"
"ENSG00000100744.15",0.393379900146562,"ENSG00000100744.15"
"ENSG00000100749.8",0.74445207196107,"ENSG00000100749.8"
"ENSG00000100764.14",0.00776047311786706,"ENSG00000100764.14"
"ENSG00000100767.17",0.682308263572126,"ENSG00000100767.17"
"ENSG00000100784.12",0.536471042331186,"ENSG00000100784.12"
"ENSG00000100796.17",0.356631302543032,"ENSG00000100796.17"
"ENSG00000100802.15",0.00992905339728399,"ENSG00000100802.15"
"ENSG00000100804.19",-0.0956614005996302,"ENSG00000100804.19"
"ENSG00000100811.14",0.217708990230285,"ENSG00000100811.14"
"ENSG00000100813.14",0.535222956286157,"ENSG00000100813.14"
"ENSG00000100815.12",0.568715139968405,"ENSG00000100815.12"
"ENSG00000100823.12",0.466155151585297,"ENSG00000100823.12"
"ENSG00000100836.10",0.26479792519094,"ENSG00000100836.10"
"ENSG00000100842.13",0.680070085215824,"ENSG00000100842.13"
"ENSG00000100852.13",0.501998439762117,"ENSG00000100852.13"
"ENSG00000100865.15",-0.0565562533024622,"ENSG00000100865.15"
"ENSG00000100867.15",0.524393364850801,"ENSG00000100867.15"
"ENSG00000100883.12",0.242820170779191,"ENSG00000100883.12"
"ENSG00000100888.14",0.373536776637978,"ENSG00000100888.14"
"ENSG00000100889.12",0.692225284862429,"ENSG00000100889.12"
"ENSG00000100897.18",0.131974206029802,"ENSG00000100897.18"
"ENSG00000100902.11",0.188732933902153,"ENSG00000100902.11"
"ENSG00000100906.11",0.0441695543422993,"ENSG00000100906.11"
"ENSG00000100908.14",0.0697570526926091,"ENSG00000100908.14"
"ENSG00000100911.16",0.49709844877085,"ENSG00000100911.16"
"ENSG00000100916.14",0.0528808606254855,"ENSG00000100916.14"
"ENSG00000100934.15",0.426339896201803,"ENSG00000100934.15"
"ENSG00000100938.17",0.175603785483351,"ENSG00000100938.17"
"ENSG00000100941.9",0.242361430826483,"ENSG00000100941.9"
"ENSG00000100949.14",0.397423821198304,"ENSG00000100949.14"
"ENSG00000100968.14",0.494162077343013,"ENSG00000100968.14"
"ENSG00000100979.15",0.632514398582448,"ENSG00000100979.15"
"ENSG00000100982.12",0.300683775881484,"ENSG00000100982.12"
"ENSG00000100983.12",-0.0463515187542307,"ENSG00000100983.12"
"ENSG00000100985.7",0.565841256799441,"ENSG00000100985.7"
"ENSG00000100991.12",0.0894982554255619,"ENSG00000100991.12"
"ENSG00000100994.12",0.635668011728709,"ENSG00000100994.12"
"ENSG00000100997.20",0.533625728211439,"ENSG00000100997.20"
"ENSG00000101000.6",0.37554924688413,"ENSG00000101000.6"
"ENSG00000101003.10",0.336229654628567,"ENSG00000101003.10"
"ENSG00000101017.14",0.649967234454074,"ENSG00000101017.14"
"ENSG00000101019.22",0.436682828623296,"ENSG00000101019.22"
"ENSG00000101040.19",0.304865696632304,"ENSG00000101040.19"
"ENSG00000101052.13",0.484844079108926,"ENSG00000101052.13"
"ENSG00000101057.16",0.477400187658255,"ENSG00000101057.16"
"ENSG00000101079.21",0.459515673221272,"ENSG00000101079.21"
"ENSG00000101082.14",-0.251965811965812,"ENSG00000101082.14"
"ENSG00000101084.18",0.298457700274816,"ENSG00000101084.18"
"ENSG00000101096.20",0.308699633090532,"ENSG00000101096.20"
"ENSG00000101098.13",0.310148781462137,"ENSG00000101098.13"
"ENSG00000101104.13",-0.272700680122418,"ENSG00000101104.13"
"ENSG00000101109.12",0.517412854227981,"ENSG00000101109.12"
"ENSG00000101126.18",0.590649445505871,"ENSG00000101126.18"
"ENSG00000101132.10",-0.0174802147492706,"ENSG00000101132.10"
"ENSG00000101138.12",0.235606283230532,"ENSG00000101138.12"
"ENSG00000101146.13",0.395677595591908,"ENSG00000101146.13"
"ENSG00000101150.17",0.4617717031628,"ENSG00000101150.17"
"ENSG00000101152.11",0.46336087078443,"ENSG00000101152.11"
"ENSG00000101158.15",0.503861181920812,"ENSG00000101158.15"
"ENSG00000101160.14",0.422973252762668,"ENSG00000101160.14"
"ENSG00000101161.8",0.127028895076669,"ENSG00000101161.8"
"ENSG00000101162.4",0.23813705245393,"ENSG00000101162.4"
"ENSG00000101166.16",0.341382014254857,"ENSG00000101166.16"
"ENSG00000101181.17",0.216414199955856,"ENSG00000101181.17"
"ENSG00000101182.15",0.0319875336563434,"ENSG00000101182.15"
"ENSG00000101189.7",0.176312655189271,"ENSG00000101189.7"
"ENSG00000101191.17",0.184770634618049,"ENSG00000101191.17"
"ENSG00000101193.8",0.123918353448206,"ENSG00000101193.8"
"ENSG00000101199.13",0.429260665852002,"ENSG00000101199.13"
"ENSG00000101210.12",0.793063802709614,"ENSG00000101210.12"
"ENSG00000101213.7",0.458414502321364,"ENSG00000101213.7"
"ENSG00000101216.11",0.322045577248449,"ENSG00000101216.11"
"ENSG00000101220.18",0.197884643037588,"ENSG00000101220.18"
"ENSG00000101224.17",0.172984364516262,"ENSG00000101224.17"
"ENSG00000101236.17",0.595329744870045,"ENSG00000101236.17"
"ENSG00000101246.20",0.150498353419327,"ENSG00000101246.20"
"ENSG00000101247.18",0.143017776261094,"ENSG00000101247.18"
"ENSG00000101265.16",0.508425939610224,"ENSG00000101265.16"
"ENSG00000101266.19",0.166492164181139,"ENSG00000101266.19"
"ENSG00000101276.17",-0.300142247510668,"ENSG00000101276.17"
"ENSG00000101290.14",0.387157298159857,"ENSG00000101290.14"
"ENSG00000101294.18",0.154762389437835,"ENSG00000101294.18"
"ENSG00000101298.15",0.683877708980775,"ENSG00000101298.15"
"ENSG00000101306.11",0.415771860937156,"ENSG00000101306.11"
"ENSG00000101310.17",0.278046540110733,"ENSG00000101310.17"
"ENSG00000101311.15",0.934226943359736,"ENSG00000101311.15"
"ENSG00000101333.16",0.411622757690915,"ENSG00000101333.16"
"ENSG00000101335.10",0.546317034879439,"ENSG00000101335.10"
"ENSG00000101336.15",0.745257032127422,"ENSG00000101336.15"
"ENSG00000101337.16",0.336611940401825,"ENSG00000101337.16"
"ENSG00000101343.14",0.162651803939743,"ENSG00000101343.14"
"ENSG00000101346.14",0.380230814300663,"ENSG00000101346.14"
"ENSG00000101347.10",0.530695305303917,"ENSG00000101347.10"
"ENSG00000101350.8",0.384982999943681,"ENSG00000101350.8"
"ENSG00000101361.17",0.2045918524627,"ENSG00000101361.17"
"ENSG00000101363.12",-0.0495680231830466,"ENSG00000101363.12"
"ENSG00000101365.21",0.0738551141371783,"ENSG00000101365.21"
"ENSG00000101367.9",0.393095200520727,"ENSG00000101367.9"
"ENSG00000101384.12",0.770957494814781,"ENSG00000101384.12"
"ENSG00000101391.21",0.36353320531728,"ENSG00000101391.21"
"ENSG00000101400.6",0.539728763431687,"ENSG00000101400.6"
"ENSG00000101407.13",0.111284668577463,"ENSG00000101407.13"
"ENSG00000101412.13",-0.110323886639676,"ENSG00000101412.13"
"ENSG00000101413.12",0.494741573331583,"ENSG00000101413.12"
"ENSG00000101417.12",0.399098905584008,"ENSG00000101417.12"
"ENSG00000101421.4",0.399104583130529,"ENSG00000101421.4"
"ENSG00000101425.14",0.169484018223973,"ENSG00000101425.14"
"ENSG00000101439.9",0.421676185553506,"ENSG00000101439.9"
"ENSG00000101441.4",0.0208854031772146,"ENSG00000101441.4"
"ENSG00000101442.10",0.0109079680835299,"ENSG00000101442.10"
"ENSG00000101443.18",0.611460425552584,"ENSG00000101443.18"
"ENSG00000101444.13",0.270544518989523,"ENSG00000101444.13"
"ENSG00000101445.10",0.324088938917439,"ENSG00000101445.10"
"ENSG00000101447.15",0.570493412873327,"ENSG00000101447.15"
"ENSG00000101452.15",0.0482847208227119,"ENSG00000101452.15"
"ENSG00000101457.13",0.0395592345890627,"ENSG00000101457.13"
"ENSG00000101460.13",0.311129453489572,"ENSG00000101460.13"
"ENSG00000101464.10",0.427160354074536,"ENSG00000101464.10"
"ENSG00000101470.10",0.179837540411809,"ENSG00000101470.10"
"ENSG00000101473.17",0.528647601285483,"ENSG00000101473.17"
"ENSG00000101474.12",0.578344942496414,"ENSG00000101474.12"
"ENSG00000101493.11",0.564357239636883,"ENSG00000101493.11"
"ENSG00000101544.9",0.128842673887972,"ENSG00000101544.9"
"ENSG00000101546.13",0.301875845163252,"ENSG00000101546.13"
"ENSG00000101557.15",0.367265560692999,"ENSG00000101557.15"
"ENSG00000101558.14",0.211563765386743,"ENSG00000101558.14"
"ENSG00000101574.15",0.397177419354839,"ENSG00000101574.15"
"ENSG00000101577.9",0.446885963562197,"ENSG00000101577.9"
"ENSG00000101596.16",0.458218789363872,"ENSG00000101596.16"
"ENSG00000101605.13",0.322599738176548,"ENSG00000101605.13"
"ENSG00000101608.12",-0.0719960049830712,"ENSG00000101608.12"
"ENSG00000101624.11",0.547283320018208,"ENSG00000101624.11"
"ENSG00000101639.18",0.434936435674906,"ENSG00000101639.18"
"ENSG00000101654.17",0.481875877552253,"ENSG00000101654.17"
"ENSG00000101670.12",0.379681960024053,"ENSG00000101670.12"
"ENSG00000101680.15",0.66273283309815,"ENSG00000101680.15"
"ENSG00000101745.17",0.102368439280004,"ENSG00000101745.17"
"ENSG00000101746.15",-0.346971770199894,"ENSG00000101746.15"
"ENSG00000101751.10",0.484576347607067,"ENSG00000101751.10"
"ENSG00000101752.11",0.410112944090018,"ENSG00000101752.11"
"ENSG00000101773.19",0.558048039311654,"ENSG00000101773.19"
"ENSG00000101782.15",0.171777628170578,"ENSG00000101782.15"
"ENSG00000101811.13",0.469870563282278,"ENSG00000101811.13"
"ENSG00000101825.8",0.755039216374329,"ENSG00000101825.8"
"ENSG00000101843.19",0.183886727133436,"ENSG00000101843.19"
"ENSG00000101844.18",0.258166982121822,"ENSG00000101844.18"
"ENSG00000101849.17",0.596288476780748,"ENSG00000101849.17"
"ENSG00000101856.10",0.432515269323701,"ENSG00000101856.10"
"ENSG00000101868.11",0.338011009286408,"ENSG00000101868.11"
"ENSG00000101871.15",0.56357327360454,"ENSG00000101871.15"
"ENSG00000101882.10",-0.0464727034354222,"ENSG00000101882.10"
"ENSG00000101888.11",0.215364163387886,"ENSG00000101888.11"
"ENSG00000101898.6",-0.0656338768217485,"ENSG00000101898.6"
"ENSG00000101901.12",0.205829762717758,"ENSG00000101901.12"
"ENSG00000101911.12",0.479673733374165,"ENSG00000101911.12"
"ENSG00000101916.12",0.23922375457857,"ENSG00000101916.12"
"ENSG00000101928.13",0.0999246328141153,"ENSG00000101928.13"
"ENSG00000101935.10",0.329572287109614,"ENSG00000101935.10"
"ENSG00000101938.15",0.377807648554672,"ENSG00000101938.15"
"ENSG00000101940.18",0.293618618368419,"ENSG00000101940.18"
"ENSG00000101945.17",0.281343514851057,"ENSG00000101945.17"
"ENSG00000101951.17",0.78060414932156,"ENSG00000101951.17"
"ENSG00000101955.15",0.655870954870831,"ENSG00000101955.15"
"ENSG00000101966.12",0.240722737285876,"ENSG00000101966.12"
"ENSG00000101972.19",0.153450175754572,"ENSG00000101972.19"
"ENSG00000101974.14",0.517472508619613,"ENSG00000101974.14"
"ENSG00000101981.12",0.090493089011549,"ENSG00000101981.12"
"ENSG00000101986.12",0.411231885494797,"ENSG00000101986.12"
"ENSG00000101997.13",0.0869904312566424,"ENSG00000101997.13"
"ENSG00000102001.13",0.338268434827232,"ENSG00000102001.13"
"ENSG00000102003.10",0.785487383269488,"ENSG00000102003.10"
"ENSG00000102007.11",0.599552790070175,"ENSG00000102007.11"
"ENSG00000102010.15",0.280062252539393,"ENSG00000102010.15"
"ENSG00000102024.18",0.716010656478662,"ENSG00000102024.18"
"ENSG00000102030.16",0.1967972543752,"ENSG00000102030.16"
"ENSG00000102032.13",0.652635107480361,"ENSG00000102032.13"
"ENSG00000102034.17",-0.024311891835041,"ENSG00000102034.17"
"ENSG00000102038.15",0.517999417950798,"ENSG00000102038.15"
"ENSG00000102048.16",0.357032904399769,"ENSG00000102048.16"
"ENSG00000102054.18",0.333847871546265,"ENSG00000102054.18"
"ENSG00000102078.16",0.038352263831087,"ENSG00000102078.16"
"ENSG00000102081.15",0.217466709077133,"ENSG00000102081.15"
"ENSG00000102098.19",0.295440854236848,"ENSG00000102098.19"
"ENSG00000102100.16",0.555298342291353,"ENSG00000102100.16"
"ENSG00000102103.16",0.340400574343062,"ENSG00000102103.16"
"ENSG00000102109.9",0.652862729006784,"ENSG00000102109.9"
"ENSG00000102119.11",0.252227511596205,"ENSG00000102119.11"
"ENSG00000102125.16",0.1622713583013,"ENSG00000102125.16"
"ENSG00000102144.15",0.149858450556426,"ENSG00000102144.15"
"ENSG00000102158.19",0.169967970007361,"ENSG00000102158.19"
"ENSG00000102172.16",0.215549555623374,"ENSG00000102172.16"
"ENSG00000102178.13",0.177295837380668,"ENSG00000102178.13"
"ENSG00000102181.21",0.688781376939627,"ENSG00000102181.21"
"ENSG00000102189.17",0.457462859385702,"ENSG00000102189.17"
"ENSG00000102218.6",0.337961439703987,"ENSG00000102218.6"
"ENSG00000102221.14",0.608358053461174,"ENSG00000102221.14"
"ENSG00000102225.16",0.411575895283361,"ENSG00000102225.16"
"ENSG00000102226.10",0.465592750744401,"ENSG00000102226.10"
"ENSG00000102230.14",0.932070253892599,"ENSG00000102230.14"
"ENSG00000102241.12",0.157831330340921,"ENSG00000102241.12"
"ENSG00000102243.13",0.0913200465658258,"ENSG00000102243.13"
"ENSG00000102265.12",0.617583498008962,"ENSG00000102265.12"
"ENSG00000102302.8",0.520914193950725,"ENSG00000102302.8"
"ENSG00000102309.15",0.30170949563066,"ENSG00000102309.15"
"ENSG00000102312.22",0.524537181693941,"ENSG00000102312.22"
"ENSG00000102316.17",0.453513449518055,"ENSG00000102316.17"
"ENSG00000102317.18",0.23711129970673,"ENSG00000102317.18"
"ENSG00000102349.18",-0.00993074612205546,"ENSG00000102349.18"
"ENSG00000102359.7",0.453539212643387,"ENSG00000102359.7"
"ENSG00000102362.15",0.744206158599722,"ENSG00000102362.15"
"ENSG00000102384.13",0.481121882705671,"ENSG00000102384.13"
"ENSG00000102390.11",0.0813421778791135,"ENSG00000102390.11"
"ENSG00000102393.12",0.210230917483451,"ENSG00000102393.12"
"ENSG00000102401.20",0.570724354104412,"ENSG00000102401.20"
"ENSG00000102445.18",0.718373389619737,"ENSG00000102445.18"
"ENSG00000102524.11",0.140449145318812,"ENSG00000102524.11"
"ENSG00000102531.16",0.474135847178299,"ENSG00000102531.16"
"ENSG00000102547.19",0.736760291060207,"ENSG00000102547.19"
"ENSG00000102554.14",0.667688745445948,"ENSG00000102554.14"
"ENSG00000102572.14",0.279057241539473,"ENSG00000102572.14"
"ENSG00000102575.13",0.694635483904841,"ENSG00000102575.13"
"ENSG00000102580.15",0.696860739020513,"ENSG00000102580.15"
"ENSG00000102595.20",0.604091487694679,"ENSG00000102595.20"
"ENSG00000102606.18",0.577334412275646,"ENSG00000102606.18"
"ENSG00000102683.7",0.299486130388021,"ENSG00000102683.7"
"ENSG00000102699.6",0.689989959315279,"ENSG00000102699.6"
"ENSG00000102710.20",0.209279332646675,"ENSG00000102710.20"
"ENSG00000102738.8",0.262753519760318,"ENSG00000102738.8"
"ENSG00000102743.15",0.0360084700941094,"ENSG00000102743.15"
"ENSG00000102753.10",0.315585294911044,"ENSG00000102753.10"
"ENSG00000102755.12",0.712687600139134,"ENSG00000102755.12"
"ENSG00000102760.13",0.506202463735759,"ENSG00000102760.13"
"ENSG00000102763.18",0.50077380241562,"ENSG00000102763.18"
"ENSG00000102780.16",0.232467502956038,"ENSG00000102780.16"
"ENSG00000102781.14",0.234527858644369,"ENSG00000102781.14"
"ENSG00000102786.15",0.0465093391039385,"ENSG00000102786.15"
"ENSG00000102804.15",0.271013089947808,"ENSG00000102804.15"
"ENSG00000102805.16",0.207064887972066,"ENSG00000102805.16"
"ENSG00000102837.7",0.688706019910484,"ENSG00000102837.7"
"ENSG00000102854.16",0.79849440981188,"ENSG00000102854.16"
"ENSG00000102858.13",0.426854736338426,"ENSG00000102858.13"
"ENSG00000102870.6",0.450644318803206,"ENSG00000102870.6"
"ENSG00000102871.16",0.733359997176213,"ENSG00000102871.16"
"ENSG00000102879.16",0.427511256615879,"ENSG00000102879.16"
"ENSG00000102882.12",0.378919333086158,"ENSG00000102882.12"
"ENSG00000102886.15",0.539967745867779,"ENSG00000102886.15"
"ENSG00000102890.16",0.458584335129878,"ENSG00000102890.16"
"ENSG00000102893.16",0.306572229609744,"ENSG00000102893.16"
"ENSG00000102897.10",0.31600807609773,"ENSG00000102897.10"
"ENSG00000102898.12",-0.0128691083285733,"ENSG00000102898.12"
"ENSG00000102900.13",0.342794583797148,"ENSG00000102900.13"
"ENSG00000102901.13",0.055134849651197,"ENSG00000102901.13"
"ENSG00000102908.22",0.448849105976717,"ENSG00000102908.22"
"ENSG00000102910.14",0.0849905054475276,"ENSG00000102910.14"
"ENSG00000102921.8",0.550090246383404,"ENSG00000102921.8"
"ENSG00000102931.8",0.280274548705986,"ENSG00000102931.8"
"ENSG00000102935.11",0.65892665467947,"ENSG00000102935.11"
"ENSG00000102967.12",0.475513948180247,"ENSG00000102967.12"
"ENSG00000102974.16",0.28683740913086,"ENSG00000102974.16"
"ENSG00000102977.17",0.0872464143313979,"ENSG00000102977.17"
"ENSG00000102978.13",-0.0918500572844447,"ENSG00000102978.13"
"ENSG00000102984.15",-0.0729402655708512,"ENSG00000102984.15"
"ENSG00000102996.5",0.415706466002748,"ENSG00000102996.5"
"ENSG00000103005.12",0.188036140680763,"ENSG00000103005.12"
"ENSG00000103018.17",0.344255747664952,"ENSG00000103018.17"
"ENSG00000103024.7",0.469754499647144,"ENSG00000103024.7"
"ENSG00000103034.14",0.478403707522928,"ENSG00000103034.14"
"ENSG00000103035.11",-0.0401238109449413,"ENSG00000103035.11"
"ENSG00000103037.12",0.292648090085246,"ENSG00000103037.12"
"ENSG00000103043.15",0.0605815934027322,"ENSG00000103043.15"
"ENSG00000103047.8",0.579551595758422,"ENSG00000103047.8"
"ENSG00000103051.20",0.0431433385918187,"ENSG00000103051.20"
"ENSG00000103056.12",0.475366194001398,"ENSG00000103056.12"
"ENSG00000103061.13",0.180091001197833,"ENSG00000103061.13"
"ENSG00000103064.15",0.147924246842603,"ENSG00000103064.15"
"ENSG00000103066.13",0.538940714042356,"ENSG00000103066.13"
"ENSG00000103067.14",0.609581938241762,"ENSG00000103067.14"
"ENSG00000103089.9",0.49374252297741,"ENSG00000103089.9"
"ENSG00000103091.15",0.285741529053192,"ENSG00000103091.15"
"ENSG00000103111.15",0.278984895729279,"ENSG00000103111.15"
"ENSG00000103121.9",0.085811264938666,"ENSG00000103121.9"
"ENSG00000103126.15",0.200754862166499,"ENSG00000103126.15"
"ENSG00000103148.16",0.263322131249749,"ENSG00000103148.16"
"ENSG00000103150.7",0.519014336601578,"ENSG00000103150.7"
"ENSG00000103152.12",0.225617400934235,"ENSG00000103152.12"
"ENSG00000103160.12",0.522818772775923,"ENSG00000103160.12"
"ENSG00000103168.16",-0.225306312591305,"ENSG00000103168.16"
"ENSG00000103174.13",0.342024840399368,"ENSG00000103174.13"
"ENSG00000103187.8",0.466584758643805,"ENSG00000103187.8"
"ENSG00000103194.15",0.228025369744761,"ENSG00000103194.15"
"ENSG00000103196.12",0.693284617065805,"ENSG00000103196.12"
"ENSG00000103197.18",0.235733234721494,"ENSG00000103197.18"
"ENSG00000103199.14",-0.352137627878979,"ENSG00000103199.14"
"ENSG00000103202.13",0.601174067049747,"ENSG00000103202.13"
"ENSG00000103222.19",0.715950954386283,"ENSG00000103222.19"
"ENSG00000103226.18",0.609503241103409,"ENSG00000103226.18"
"ENSG00000103227.19",0.268941951820734,"ENSG00000103227.19"
"ENSG00000103245.14",0.340690876144419,"ENSG00000103245.14"
"ENSG00000103248.19",0.333171118689284,"ENSG00000103248.19"
"ENSG00000103249.18",0.404701359410549,"ENSG00000103249.18"
"ENSG00000103253.18",0.443949619485868,"ENSG00000103253.18"
"ENSG00000103254.10",0.0553924360234238,"ENSG00000103254.10"
"ENSG00000103257.9",0.764690150010667,"ENSG00000103257.9"
"ENSG00000103260.9",0.813823899888197,"ENSG00000103260.9"
"ENSG00000103264.18",0.691374457480212,"ENSG00000103264.18"
"ENSG00000103266.11",0.39863550917193,"ENSG00000103266.11"
"ENSG00000103274.11",0.118493037133033,"ENSG00000103274.11"
"ENSG00000103313.12",0.368392281073985,"ENSG00000103313.12"
"ENSG00000103316.11",0.597993186985969,"ENSG00000103316.11"
"ENSG00000103319.12",0.544698092842594,"ENSG00000103319.12"
"ENSG00000103326.12",0.217675824327453,"ENSG00000103326.12"
"ENSG00000103335.22",0.536470415974973,"ENSG00000103335.22"
"ENSG00000103342.13",0.505531051928432,"ENSG00000103342.13"
"ENSG00000103343.13",0.020504274186267,"ENSG00000103343.13"
"ENSG00000103351.13",0.0892498501142916,"ENSG00000103351.13"
"ENSG00000103353.16",0.608881143352124,"ENSG00000103353.16"
"ENSG00000103356.17",0.293794994576325,"ENSG00000103356.17"
"ENSG00000103363.15",-0.114602857275705,"ENSG00000103363.15"
"ENSG00000103365.15",0.649802914032333,"ENSG00000103365.15"
"ENSG00000103381.12",0.163915572491607,"ENSG00000103381.12"
"ENSG00000103404.14",0.634530558449266,"ENSG00000103404.14"
"ENSG00000103415.12",0.273705221358572,"ENSG00000103415.12"
"ENSG00000103423.14",0.381380968108785,"ENSG00000103423.14"
"ENSG00000103460.17",0.248163632938097,"ENSG00000103460.17"
"ENSG00000103479.16",0.100665401180246,"ENSG00000103479.16"
"ENSG00000103485.19",0.737257350446281,"ENSG00000103485.19"
"ENSG00000103489.12",0.123823861797936,"ENSG00000103489.12"
"ENSG00000103490.14",0.638026704155637,"ENSG00000103490.14"
"ENSG00000103494.14",0.173240687207222,"ENSG00000103494.14"
"ENSG00000103495.14",0.117508801491476,"ENSG00000103495.14"
"ENSG00000103496.15",0.0457336549900252,"ENSG00000103496.15"
"ENSG00000103502.14",0.290975464262816,"ENSG00000103502.14"
"ENSG00000103507.14",0.608683504379629,"ENSG00000103507.14"
"ENSG00000103510.20",0.278890072488358,"ENSG00000103510.20"
"ENSG00000103512.15",0.0556066313374825,"ENSG00000103512.15"
"ENSG00000103528.17",0.545518224138798,"ENSG00000103528.17"
"ENSG00000103534.17",0.503616698396741,"ENSG00000103534.17"
"ENSG00000103540.16",0.255986106979808,"ENSG00000103540.16"
"ENSG00000103544.15",0.405533771147379,"ENSG00000103544.15"
"ENSG00000103549.21",-0.143962325639273,"ENSG00000103549.21"
"ENSG00000103550.14",0.42755594703925,"ENSG00000103550.14"
"ENSG00000103591.13",0.461992049094369,"ENSG00000103591.13"
"ENSG00000103642.12",0.428530561728868,"ENSG00000103642.12"
"ENSG00000103647.13",0.746670178096291,"ENSG00000103647.13"
"ENSG00000103653.16",0.345710804065118,"ENSG00000103653.16"
"ENSG00000103657.14",0.571090821540728,"ENSG00000103657.14"
"ENSG00000103671.10",0.217873843662963,"ENSG00000103671.10"
"ENSG00000103707.10",-0.078162882082012,"ENSG00000103707.10"
"ENSG00000103710.11",0.324088015131909,"ENSG00000103710.11"
"ENSG00000103723.15",0.618553729780377,"ENSG00000103723.15"
"ENSG00000103740.10",0.862675279008338,"ENSG00000103740.10"
"ENSG00000103769.10",0.248597888998049,"ENSG00000103769.10"
"ENSG00000103811.17",0.611378944597205,"ENSG00000103811.17"
"ENSG00000103855.18",0.607958026073281,"ENSG00000103855.18"
"ENSG00000103876.13",0.614287621403729,"ENSG00000103876.13"
"ENSG00000103888.17",0.640281560815522,"ENSG00000103888.17"
"ENSG00000103932.12",0.402517191822082,"ENSG00000103932.12"
"ENSG00000103942.13",0.763169849789914,"ENSG00000103942.13"
"ENSG00000103966.11",0.518061890905719,"ENSG00000103966.11"
"ENSG00000103978.16",0.432920669599907,"ENSG00000103978.16"
"ENSG00000103994.17",0.119394817376558,"ENSG00000103994.17"
"ENSG00000103995.14",0.326741262878007,"ENSG00000103995.14"
"ENSG00000104047.15",-0.0959644091344188,"ENSG00000104047.15"
"ENSG00000104064.17",0.249836268317593,"ENSG00000104064.17"
"ENSG00000104067.16",0.367587897996947,"ENSG00000104067.16"
"ENSG00000104081.14",0.249455762217611,"ENSG00000104081.14"
"ENSG00000104093.13",0.51160677802276,"ENSG00000104093.13"
"ENSG00000104112.9",0.704454626655454,"ENSG00000104112.9"
"ENSG00000104129.10",0.557623143017416,"ENSG00000104129.10"
"ENSG00000104131.13",-0.0360803005549376,"ENSG00000104131.13"
"ENSG00000104133.15",0.212401143678793,"ENSG00000104133.15"
"ENSG00000104142.11",0.456265983234595,"ENSG00000104142.11"
"ENSG00000104147.9",0.377997744417984,"ENSG00000104147.9"
"ENSG00000104164.12",-0.00973547473966666,"ENSG00000104164.12"
"ENSG00000104177.18",0.882673427892772,"ENSG00000104177.18"
"ENSG00000104213.13",0.599981855316098,"ENSG00000104213.13"
"ENSG00000104218.14",0.0821103342617894,"ENSG00000104218.14"
"ENSG00000104221.13",0.242693398377321,"ENSG00000104221.13"
"ENSG00000104231.11",0.22083273525768,"ENSG00000104231.11"
"ENSG00000104290.11",0.687652776659818,"ENSG00000104290.11"
"ENSG00000104299.15",0.190140901863714,"ENSG00000104299.15"
"ENSG00000104312.8",0.288283091756291,"ENSG00000104312.8"
"ENSG00000104320.14",0.189007096632913,"ENSG00000104320.14"
"ENSG00000104321.11",0.572461621537896,"ENSG00000104321.11"
"ENSG00000104324.16",0.653106891377628,"ENSG00000104324.16"
"ENSG00000104325.7",0.504502845438314,"ENSG00000104325.7"
"ENSG00000104327.7",0.297341345728785,"ENSG00000104327.7"
"ENSG00000104331.9",0.446406955992649,"ENSG00000104331.9"
"ENSG00000104332.12",0.634659618037088,"ENSG00000104332.12"
"ENSG00000104341.17",0.499062346963452,"ENSG00000104341.17"
"ENSG00000104343.21",-0.238934213917176,"ENSG00000104343.21"
"ENSG00000104356.11",0.546271576856534,"ENSG00000104356.11"
"ENSG00000104361.10",0.504223418438667,"ENSG00000104361.10"
"ENSG00000104365.15",0.631362378574309,"ENSG00000104365.15"
"ENSG00000104368.18",0.642746881628561,"ENSG00000104368.18"
"ENSG00000104369.5",0.404930341087991,"ENSG00000104369.5"
"ENSG00000104371.5",0.349815672284206,"ENSG00000104371.5"
"ENSG00000104375.17",0.601857398993136,"ENSG00000104375.17"
"ENSG00000104381.13",0.694707307511314,"ENSG00000104381.13"
"ENSG00000104388.15",0.261517767669496,"ENSG00000104388.15"
"ENSG00000104408.10",0.0699351681696433,"ENSG00000104408.10"
"ENSG00000104412.8",-0.244009034503582,"ENSG00000104412.8"
"ENSG00000104413.18",0.616711977798736,"ENSG00000104413.18"
"ENSG00000104415.14",0.268721883779309,"ENSG00000104415.14"
"ENSG00000104419.16",0.85656006293065,"ENSG00000104419.16"
"ENSG00000104427.12",0.502905846756429,"ENSG00000104427.12"
"ENSG00000104442.10",-0.138543705654438,"ENSG00000104442.10"
"ENSG00000104447.12",0.68379931905918,"ENSG00000104447.12"
"ENSG00000104450.13",0.645999253316017,"ENSG00000104450.13"
"ENSG00000104472.10",0.539416730973571,"ENSG00000104472.10"
"ENSG00000104490.18",0.731414512768148,"ENSG00000104490.18"
"ENSG00000104497.14",0.0467449223904114,"ENSG00000104497.14"
"ENSG00000104517.13",0.227013857256738,"ENSG00000104517.13"
"ENSG00000104518.11",0.522295100644692,"ENSG00000104518.11"
"ENSG00000104522.16",0.502964242005592,"ENSG00000104522.16"
"ENSG00000104524.14",0.50813783328325,"ENSG00000104524.14"
"ENSG00000104529.17",-0.124116793254362,"ENSG00000104529.17"
"ENSG00000104549.12",0.691383576672278,"ENSG00000104549.12"
"ENSG00000104611.12",0.64894213581675,"ENSG00000104611.12"
"ENSG00000104613.12",-0.0658518240054099,"ENSG00000104613.12"
"ENSG00000104626.15",0.394508985263912,"ENSG00000104626.15"
"ENSG00000104635.14",0.574147601624926,"ENSG00000104635.14"
"ENSG00000104643.10",0.741764414620941,"ENSG00000104643.10"
"ENSG00000104671.8",-0.0779088761689234,"ENSG00000104671.8"
"ENSG00000104679.11",0.445936343457955,"ENSG00000104679.11"
"ENSG00000104687.14",0.483298498844164,"ENSG00000104687.14"
"ENSG00000104689.10",0.261227685605277,"ENSG00000104689.10"
"ENSG00000104691.15",0.104105132268206,"ENSG00000104691.15"
"ENSG00000104695.13",0.0518280578978437,"ENSG00000104695.13"
"ENSG00000104714.14",0.208658866386935,"ENSG00000104714.14"
"ENSG00000104722.14",0.426608790999818,"ENSG00000104722.14"
"ENSG00000104723.21",0.403826091878979,"ENSG00000104723.21"
"ENSG00000104728.16",0.654617262255058,"ENSG00000104728.16"
"ENSG00000104731.14",0.0824432872986164,"ENSG00000104731.14"
"ENSG00000104738.18",0.770489618821787,"ENSG00000104738.18"
"ENSG00000104756.16",0.492104848107294,"ENSG00000104756.16"
"ENSG00000104760.17",0.166387683353431,"ENSG00000104760.17"
"ENSG00000104763.19",0.498965740766363,"ENSG00000104763.19"
"ENSG00000104765.16",0.138969291404153,"ENSG00000104765.16"
"ENSG00000104774.13",0.494768495291422,"ENSG00000104774.13"
"ENSG00000104783.14",0.613538775016279,"ENSG00000104783.14"
"ENSG00000104805.16",0.124444810495377,"ENSG00000104805.16"
"ENSG00000104812.15",0.682120898159974,"ENSG00000104812.15"
"ENSG00000104814.13",0.605635473584557,"ENSG00000104814.13"
"ENSG00000104823.9",0.496433036996204,"ENSG00000104823.9"
"ENSG00000104824.17",0.451226925365061,"ENSG00000104824.17"
"ENSG00000104825.17",0.130511389579615,"ENSG00000104825.17"
"ENSG00000104833.12",0.738383905901901,"ENSG00000104833.12"
"ENSG00000104835.15",0.34309709405467,"ENSG00000104835.15"
"ENSG00000104852.15",0.226723834424983,"ENSG00000104852.15"
"ENSG00000104853.16",0.37272861456388,"ENSG00000104853.16"
"ENSG00000104859.15",0.242694809270057,"ENSG00000104859.15"
"ENSG00000104863.12",0.574301266104224,"ENSG00000104863.12"
"ENSG00000104866.11",0.318694604509572,"ENSG00000104866.11"
"ENSG00000104870.13",0.454026566606959,"ENSG00000104870.13"
"ENSG00000104872.11",0.0457047288366518,"ENSG00000104872.11"
"ENSG00000104880.18",0.209274200432166,"ENSG00000104880.18"
"ENSG00000104881.16",0.692295271691526,"ENSG00000104881.16"
"ENSG00000104883.8",0.00831748896265025,"ENSG00000104883.8"
"ENSG00000104884.16",0.194227173349633,"ENSG00000104884.16"
"ENSG00000104885.18",-0.0705889515445659,"ENSG00000104885.18"
"ENSG00000104886.12",0.0460495114231472,"ENSG00000104886.12"
"ENSG00000104889.7",0.423392397935928,"ENSG00000104889.7"
"ENSG00000104892.17",0.842297822114985,"ENSG00000104892.17"
"ENSG00000104894.12",0.434991635855327,"ENSG00000104894.12"
"ENSG00000104897.10",0.393619753269005,"ENSG00000104897.10"
"ENSG00000104907.12",0.265815076268659,"ENSG00000104907.12"
"ENSG00000104915.15",0.287960212540456,"ENSG00000104915.15"
"ENSG00000104918.8",0.456308933529318,"ENSG00000104918.8"
"ENSG00000104936.18",0.0705872409519085,"ENSG00000104936.18"
"ENSG00000104946.13",0.29197856892356,"ENSG00000104946.13"
"ENSG00000104951.16",0.71856711625171,"ENSG00000104951.16"
"ENSG00000104957.14",0.29334196650177,"ENSG00000104957.14"
"ENSG00000104960.15",0.663207184099418,"ENSG00000104960.15"
"ENSG00000104964.15",0.189407188294477,"ENSG00000104964.15"
"ENSG00000104967.7",0.340378956741608,"ENSG00000104967.7"
"ENSG00000104969.10",0.398967706944614,"ENSG00000104969.10"
"ENSG00000104972.15",0.440056804133307,"ENSG00000104972.15"
"ENSG00000104973.18",0.0685843693987152,"ENSG00000104973.18"
"ENSG00000104976.12",0.0707478159679647,"ENSG00000104976.12"
"ENSG00000104979.9",0.391722685227808,"ENSG00000104979.9"
"ENSG00000104980.8",0.289654201615959,"ENSG00000104980.8"
"ENSG00000104983.8",0.171790539364626,"ENSG00000104983.8"
"ENSG00000104998.4",0.594295479476537,"ENSG00000104998.4"
"ENSG00000105011.9",0.594585617909342,"ENSG00000105011.9"
"ENSG00000105048.17",0.283063456126682,"ENSG00000105048.17"
"ENSG00000105053.11",0.355462287188422,"ENSG00000105053.11"
"ENSG00000105058.12",0.148189650773851,"ENSG00000105058.12"
"ENSG00000105063.19",0.17966098825472,"ENSG00000105063.19"
"ENSG00000105085.11",0.268029160695399,"ENSG00000105085.11"
"ENSG00000105088.8",0.76195086822568,"ENSG00000105088.8"
"ENSG00000105122.13",0.604756640809011,"ENSG00000105122.13"
"ENSG00000105127.9",-0.016661219138858,"ENSG00000105127.9"
"ENSG00000105135.16",0.430166488378849,"ENSG00000105135.16"
"ENSG00000105137.13",0.409464772600935,"ENSG00000105137.13"
"ENSG00000105141.6",0.643220813923772,"ENSG00000105141.6"
"ENSG00000105171.10",-0.093602215008692,"ENSG00000105171.10"
"ENSG00000105173.14",0.600051441879694,"ENSG00000105173.14"
"ENSG00000105176.18",0.255155444799304,"ENSG00000105176.18"
"ENSG00000105185.12",0.189365346376122,"ENSG00000105185.12"
"ENSG00000105186.16",0.400390088526446,"ENSG00000105186.16"
"ENSG00000105193.9",0.277502082232903,"ENSG00000105193.9"
"ENSG00000105197.11",0.602495678316079,"ENSG00000105197.11"
"ENSG00000105202.9",0.540454075898654,"ENSG00000105202.9"
"ENSG00000105204.14",0.131183877893068,"ENSG00000105204.14"
"ENSG00000105205.7",0.730139352359076,"ENSG00000105205.7"
"ENSG00000105220.17",0.457139813949829,"ENSG00000105220.17"
"ENSG00000105221.18",0.270406047865547,"ENSG00000105221.18"
"ENSG00000105223.20",0.747377638591615,"ENSG00000105223.20"
"ENSG00000105229.7",0.0824413137710811,"ENSG00000105229.7"
"ENSG00000105245.9",0.499189681859809,"ENSG00000105245.9"
"ENSG00000105246.6",0.270223978919631,"ENSG00000105246.6"
"ENSG00000105248.16",0.433994494847322,"ENSG00000105248.16"
"ENSG00000105254.12",0.394310444174859,"ENSG00000105254.12"
"ENSG00000105255.11",0.786738444763688,"ENSG00000105255.11"
"ENSG00000105258.9",0.232091907477912,"ENSG00000105258.9"
"ENSG00000105281.12",0.734623268997665,"ENSG00000105281.12"
"ENSG00000105287.12",0.376514804712658,"ENSG00000105287.12"
"ENSG00000105289.15",0.870867596808565,"ENSG00000105289.15"
"ENSG00000105290.13",0.792123392559957,"ENSG00000105290.13"
"ENSG00000105298.14",0.379607554977031,"ENSG00000105298.14"
"ENSG00000105321.14",0.271482578568192,"ENSG00000105321.14"
"ENSG00000105323.17",0.143399844267897,"ENSG00000105323.17"
"ENSG00000105325.14",0.384365712034277,"ENSG00000105325.14"
"ENSG00000105327.18",0.21726054962252,"ENSG00000105327.18"
"ENSG00000105329.10",0.35708911601799,"ENSG00000105329.10"
"ENSG00000105339.10",0.430667294314855,"ENSG00000105339.10"
"ENSG00000105341.18",0.155091307524068,"ENSG00000105341.18"
"ENSG00000105355.9",0.408072388056983,"ENSG00000105355.9"
"ENSG00000105357.18",0.815050864843447,"ENSG00000105357.18"
"ENSG00000105364.14",0.57614738052857,"ENSG00000105364.14"
"ENSG00000105369.10",0.701192821504538,"ENSG00000105369.10"
"ENSG00000105372.8",0.105239534997122,"ENSG00000105372.8"
"ENSG00000105373.19",0.0324654596872554,"ENSG00000105373.19"
"ENSG00000105376.5",0.296627407588993,"ENSG00000105376.5"
"ENSG00000105379.10",0.247996995195552,"ENSG00000105379.10"
"ENSG00000105383.15",0.37714931149021,"ENSG00000105383.15"
"ENSG00000105388.16",0.884417263825283,"ENSG00000105388.16"
"ENSG00000105393.16",0.180066029419287,"ENSG00000105393.16"
"ENSG00000105397.14",0.533413276093783,"ENSG00000105397.14"
"ENSG00000105401.9",-0.0437035404780281,"ENSG00000105401.9"
"ENSG00000105402.8",0.471987162140236,"ENSG00000105402.8"
"ENSG00000105404.11",0.158197449829215,"ENSG00000105404.11"
"ENSG00000105409.19",0.390860847828959,"ENSG00000105409.19"
"ENSG00000105426.17",0.633749868488121,"ENSG00000105426.17"
"ENSG00000105429.13",0.416266968504238,"ENSG00000105429.13"
"ENSG00000105443.15",0.159478233172595,"ENSG00000105443.15"
"ENSG00000105447.13",0.359356609247496,"ENSG00000105447.13"
"ENSG00000105472.13",0.466084713483574,"ENSG00000105472.13"
"ENSG00000105483.18",0.44709541912347,"ENSG00000105483.18"
"ENSG00000105486.14",0.389360266280542,"ENSG00000105486.14"
"ENSG00000105499.14",0.678466854821264,"ENSG00000105499.14"
"ENSG00000105514.8",0.642796648028714,"ENSG00000105514.8"
"ENSG00000105516.11",0.0292446180194029,"ENSG00000105516.11"
"ENSG00000105518.14",0.312828632088273,"ENSG00000105518.14"
"ENSG00000105519.18",0.846326532383337,"ENSG00000105519.18"
"ENSG00000105523.3",0.668614001554854,"ENSG00000105523.3"
"ENSG00000105538.10",0.213578545977675,"ENSG00000105538.10"
"ENSG00000105552.15",0.470316370113481,"ENSG00000105552.15"
"ENSG00000105556.11",0.0584405541483152,"ENSG00000105556.11"
"ENSG00000105559.12",0.350104377325859,"ENSG00000105559.12"
"ENSG00000105568.18",0.187109129067822,"ENSG00000105568.18"
"ENSG00000105576.15",0.634596059878044,"ENSG00000105576.15"
"ENSG00000105583.11",-0.098106602902585,"ENSG00000105583.11"
"ENSG00000105607.13",0.356709379313414,"ENSG00000105607.13"
"ENSG00000105609.17",0.43800765341253,"ENSG00000105609.17"
"ENSG00000105612.9",0.549593210928036,"ENSG00000105612.9"
"ENSG00000105617.4",0.186179707356856,"ENSG00000105617.4"
"ENSG00000105618.14",0.157656690665857,"ENSG00000105618.14"
"ENSG00000105619.13",0.337056672292015,"ENSG00000105619.13"
"ENSG00000105639.19",0.453355205676137,"ENSG00000105639.19"
"ENSG00000105640.13",0.219402445320461,"ENSG00000105640.13"
"ENSG00000105643.10",0.125357756974883,"ENSG00000105643.10"
"ENSG00000105649.10",0.587178207315862,"ENSG00000105649.10"
"ENSG00000105655.19",0.765874962803396,"ENSG00000105655.19"
"ENSG00000105656.13",0.301740202103376,"ENSG00000105656.13"
"ENSG00000105662.16",0.375256866794526,"ENSG00000105662.16"
"ENSG00000105664.11",0.888405968575461,"ENSG00000105664.11"
"ENSG00000105669.14",0.197864838706559,"ENSG00000105669.14"
"ENSG00000105671.12",0.357381020629834,"ENSG00000105671.12"
"ENSG00000105676.14",0.452522338074682,"ENSG00000105676.14"
"ENSG00000105677.12",0.0911831462477514,"ENSG00000105677.12"
"ENSG00000105679.9",-0.0546524576615258,"ENSG00000105679.9"
"ENSG00000105697.9",0.168389673097872,"ENSG00000105697.9"
"ENSG00000105698.16",0.247341699081547,"ENSG00000105698.16"
"ENSG00000105699.16",0.674639628821614,"ENSG00000105699.16"
"ENSG00000105700.11",0.0229989111661016,"ENSG00000105700.11"
"ENSG00000105701.16",0.244316362543465,"ENSG00000105701.16"
"ENSG00000105705.16",0.449067027809308,"ENSG00000105705.16"
"ENSG00000105707.14",0.733872067005168,"ENSG00000105707.14"
"ENSG00000105722.10",0.451227549196443,"ENSG00000105722.10"
"ENSG00000105723.12",0.422374919146113,"ENSG00000105723.12"
"ENSG00000105726.17",0.433907361909954,"ENSG00000105726.17"
"ENSG00000105732.13",0.24963582356944,"ENSG00000105732.13"
"ENSG00000105738.11",0.545944839561322,"ENSG00000105738.11"
"ENSG00000105755.8",0.739101607651581,"ENSG00000105755.8"
"ENSG00000105767.3",0.376600843825293,"ENSG00000105767.3"
"ENSG00000105778.19",0.277868991440332,"ENSG00000105778.19"
"ENSG00000105793.16",0.158770391289646,"ENSG00000105793.16"
"ENSG00000105808.18",0.622109181757755,"ENSG00000105808.18"
"ENSG00000105810.10",0.659194930375741,"ENSG00000105810.10"
"ENSG00000105819.14",0.308325691391272,"ENSG00000105819.14"
"ENSG00000105821.15",0.00660304666909931,"ENSG00000105821.15"
"ENSG00000105825.14",0.572429372106754,"ENSG00000105825.14"
"ENSG00000105829.13",0.148776519825507,"ENSG00000105829.13"
"ENSG00000105835.12",0.597597664341789,"ENSG00000105835.12"
"ENSG00000105849.6",0.0696200619275894,"ENSG00000105849.6"
"ENSG00000105851.11",0.434395874915533,"ENSG00000105851.11"
"ENSG00000105852.11",0.787150229439834,"ENSG00000105852.11"
"ENSG00000105854.13",0.555601494327333,"ENSG00000105854.13"
"ENSG00000105855.10",0.741021596379545,"ENSG00000105855.10"
"ENSG00000105856.14",0.246850555833193,"ENSG00000105856.14"
"ENSG00000105865.11",-0.104250047646274,"ENSG00000105865.11"
"ENSG00000105866.15",0.540424587346853,"ENSG00000105866.15"
"ENSG00000105875.14",0.250366534817609,"ENSG00000105875.14"
"ENSG00000105879.12",0.14315163909538,"ENSG00000105879.12"
"ENSG00000105887.11",0.074912060045467,"ENSG00000105887.11"
"ENSG00000105894.12",0.727903709534267,"ENSG00000105894.12"
"ENSG00000105926.15",0.554427940398007,"ENSG00000105926.15"
"ENSG00000105928.16",0.83164651611696,"ENSG00000105928.16"
"ENSG00000105929.16",-0.0873823190198307,"ENSG00000105929.16"
"ENSG00000105939.13",0.494089717597691,"ENSG00000105939.13"
"ENSG00000105948.13",0.447619716840924,"ENSG00000105948.13"
"ENSG00000105953.15",0.33194421219883,"ENSG00000105953.15"
"ENSG00000105963.15",0.56277924704719,"ENSG00000105963.15"
"ENSG00000105968.19",0.270974908218161,"ENSG00000105968.19"
"ENSG00000105971.15",0.398021588986072,"ENSG00000105971.15"
"ENSG00000105974.12",0.457172364052351,"ENSG00000105974.12"
"ENSG00000105976.15",0.896612258030224,"ENSG00000105976.15"
"ENSG00000105983.22",0.230347058466457,"ENSG00000105983.22"
"ENSG00000105989.10",0.434033500520059,"ENSG00000105989.10"
"ENSG00000105993.15",0.158285651690555,"ENSG00000105993.15"
"ENSG00000106003.13",0.362496044492905,"ENSG00000106003.13"
"ENSG00000106004.5",0.137651978994815,"ENSG00000106004.5"
"ENSG00000106009.16",0.372516145644402,"ENSG00000106009.16"
"ENSG00000106012.18",0.319747964794496,"ENSG00000106012.18"
"ENSG00000106018.14",0.534615384615385,"ENSG00000106018.14"
"ENSG00000106028.11",0.285098234576502,"ENSG00000106028.11"
"ENSG00000106049.9",0.699755266793,"ENSG00000106049.9"
"ENSG00000106052.13",0.276415546245244,"ENSG00000106052.13"
"ENSG00000106069.23",-0.0235182008766914,"ENSG00000106069.23"
"ENSG00000106070.20",0.809206157577447,"ENSG00000106070.20"
"ENSG00000106077.18",0.799041287085888,"ENSG00000106077.18"
"ENSG00000106078.19",0.472568368436271,"ENSG00000106078.19"
"ENSG00000106080.11",0.156618770639691,"ENSG00000106080.11"
"ENSG00000106086.20",0.432882723285321,"ENSG00000106086.20"
"ENSG00000106089.12",0.279666022517233,"ENSG00000106089.12"
"ENSG00000106100.11",0.172500855174828,"ENSG00000106100.11"
"ENSG00000106105.14",0.4302215449336,"ENSG00000106105.14"
"ENSG00000106125.14",0.51103631880532,"ENSG00000106125.14"
"ENSG00000106144.20",0.56035208235649,"ENSG00000106144.20"
"ENSG00000106153.13",0.317567676891918,"ENSG00000106153.13"
"ENSG00000106211.9",0.696529343072268,"ENSG00000106211.9"
"ENSG00000106244.13",0.0902108614147599,"ENSG00000106244.13"
"ENSG00000106245.11",0.0926907410740909,"ENSG00000106245.11"
"ENSG00000106261.17",0.365065680582684,"ENSG00000106261.17"
"ENSG00000106263.18",0.0748349824154744,"ENSG00000106263.18"
"ENSG00000106266.11",0.589606817725754,"ENSG00000106266.11"
"ENSG00000106268.15",0.500525445499681,"ENSG00000106268.15"
"ENSG00000106278.12",0.42212879769452,"ENSG00000106278.12"
"ENSG00000106290.15",0.368203064099123,"ENSG00000106290.15"
"ENSG00000106299.8",0.264042696921914,"ENSG00000106299.8"
"ENSG00000106305.10",0.266352416234946,"ENSG00000106305.10"
"ENSG00000106330.12",0.460162374020157,"ENSG00000106330.12"
"ENSG00000106333.13",0.76435353147717,"ENSG00000106333.13"
"ENSG00000106344.8",-0.175510123739416,"ENSG00000106344.8"
"ENSG00000106346.11",0.16766259650185,"ENSG00000106346.11"
"ENSG00000106348.18",0.501823071531932,"ENSG00000106348.18"
"ENSG00000106351.13",0.594487248733031,"ENSG00000106351.13"
"ENSG00000106355.10",0.288580678488705,"ENSG00000106355.10"
"ENSG00000106366.9",0.761237459758134,"ENSG00000106366.9"
"ENSG00000106367.15",0.178531414388384,"ENSG00000106367.15"
"ENSG00000106392.11",0.334955310722116,"ENSG00000106392.11"
"ENSG00000106397.12",0.512166775383566,"ENSG00000106397.12"
"ENSG00000106399.11",-0.0565315708717534,"ENSG00000106399.11"
"ENSG00000106400.12",-0.0920543011108597,"ENSG00000106400.12"
"ENSG00000106415.13",0.581011811864406,"ENSG00000106415.13"
"ENSG00000106443.16",0.071881122711351,"ENSG00000106443.16"
"ENSG00000106459.15",0.388213699975948,"ENSG00000106459.15"
"ENSG00000106460.19",0.283685325867432,"ENSG00000106460.19"
"ENSG00000106462.11",0.335667452711798,"ENSG00000106462.11"
"ENSG00000106477.19",0.770743669129314,"ENSG00000106477.19"
"ENSG00000106483.12",0.786861524358743,"ENSG00000106483.12"
"ENSG00000106484.16",0.660332789662386,"ENSG00000106484.16"
"ENSG00000106511.6",0.653883309480871,"ENSG00000106511.6"
"ENSG00000106524.9",0.402797711910288,"ENSG00000106524.9"
"ENSG00000106537.8",0.678851793776817,"ENSG00000106537.8"
"ENSG00000106538.10",0.582469493023631,"ENSG00000106538.10"
"ENSG00000106541.12",0.928053619226174,"ENSG00000106541.12"
"ENSG00000106554.13",0.371271043332245,"ENSG00000106554.13"
"ENSG00000106560.11",0.219744678950452,"ENSG00000106560.11"
"ENSG00000106565.18",0.544168612801503,"ENSG00000106565.18"
"ENSG00000106571.14",0.48978284697507,"ENSG00000106571.14"
"ENSG00000106591.4",0.361399871003978,"ENSG00000106591.4"
"ENSG00000106603.19",0.0983853265305277,"ENSG00000106603.19"
"ENSG00000106605.11",0.600762544722847,"ENSG00000106605.11"
"ENSG00000106608.16",0.355799072168005,"ENSG00000106608.16"
"ENSG00000106609.16",0.420642040385185,"ENSG00000106609.16"
"ENSG00000106615.10",0.274911952287782,"ENSG00000106615.10"
"ENSG00000106617.15",0.279684475584608,"ENSG00000106617.15"
"ENSG00000106624.11",0.641574848034165,"ENSG00000106624.11"
"ENSG00000106628.10",0.230708856799521,"ENSG00000106628.10"
"ENSG00000106635.8",-0.01107689055177,"ENSG00000106635.8"
"ENSG00000106636.8",0.501591424727185,"ENSG00000106636.8"
"ENSG00000106638.17",0.395384454098501,"ENSG00000106638.17"
"ENSG00000106665.16",0.639047953578304,"ENSG00000106665.16"
"ENSG00000106682.14",0.191014271215178,"ENSG00000106682.14"
"ENSG00000106683.15",0.668462701102972,"ENSG00000106683.15"
"ENSG00000106688.12",0.565803798858862,"ENSG00000106688.12"
"ENSG00000106701.12",0.458637669418928,"ENSG00000106701.12"
"ENSG00000106723.17",0.396895226141842,"ENSG00000106723.17"
"ENSG00000106733.21",0.461653423331227,"ENSG00000106733.21"
"ENSG00000106771.13",0.417477733215963,"ENSG00000106771.13"
"ENSG00000106772.18",0.756584667268485,"ENSG00000106772.18"
"ENSG00000106780.9",0.633010967111186,"ENSG00000106780.9"
"ENSG00000106785.15",0.416607662189648,"ENSG00000106785.15"
"ENSG00000106789.13",0.740799696393538,"ENSG00000106789.13"
"ENSG00000106799.13",0.318076302289894,"ENSG00000106799.13"
"ENSG00000106803.10",0.237113303311449,"ENSG00000106803.10"
"ENSG00000106809.11",0.554225124088373,"ENSG00000106809.11"
"ENSG00000106819.13",0.707742951596009,"ENSG00000106819.13"
"ENSG00000106823.12",0.399108068555786,"ENSG00000106823.12"
"ENSG00000106829.19",0.544793477092152,"ENSG00000106829.19"
"ENSG00000106853.20",0.692510327976094,"ENSG00000106853.20"
"ENSG00000106927.12",0.0731798239612663,"ENSG00000106927.12"
"ENSG00000106948.16",0.347076204989943,"ENSG00000106948.16"
"ENSG00000106976.21",0.734034993978046,"ENSG00000106976.21"
"ENSG00000106991.13",0.214198878896915,"ENSG00000106991.13"
"ENSG00000106992.19",0.455454197258155,"ENSG00000106992.19"
"ENSG00000106993.12",0.0571817954231873,"ENSG00000106993.12"
"ENSG00000107020.10",0.574754652591975,"ENSG00000107020.10"
"ENSG00000107021.16",0.175585777434131,"ENSG00000107021.16"
"ENSG00000107036.12",0.172232661253597,"ENSG00000107036.12"
"ENSG00000107077.18",0.0958906251865124,"ENSG00000107077.18"
"ENSG00000107099.15",0.571634630779036,"ENSG00000107099.15"
"ENSG00000107104.19",0.67699348512058,"ENSG00000107104.19"
"ENSG00000107105.15",0.495230997264626,"ENSG00000107105.15"
"ENSG00000107130.10",0.66063907771151,"ENSG00000107130.10"
"ENSG00000107140.16",0.0668357379476855,"ENSG00000107140.16"
"ENSG00000107159.13",0.770118744838241,"ENSG00000107159.13"
"ENSG00000107164.16",0.40047407718871,"ENSG00000107164.16"
"ENSG00000107185.10",-0.0108185952372157,"ENSG00000107185.10"
"ENSG00000107186.16",0.514554804338776,"ENSG00000107186.16"
"ENSG00000107201.10",0.649071762792648,"ENSG00000107201.10"
"ENSG00000107223.13",-0.0617253844357649,"ENSG00000107223.13"
"ENSG00000107262.25",0.332582486193983,"ENSG00000107262.25"
"ENSG00000107263.18",0.512778881114301,"ENSG00000107263.18"
"ENSG00000107281.10",0.675565124749428,"ENSG00000107281.10"
"ENSG00000107282.8",0.636979617641822,"ENSG00000107282.8"
"ENSG00000107290.14",0.166551730019131,"ENSG00000107290.14"
"ENSG00000107295.10",0.371699215428279,"ENSG00000107295.10"
"ENSG00000107331.17",0.498574123416488,"ENSG00000107331.17"
"ENSG00000107338.10",-0.0140701129522686,"ENSG00000107338.10"
"ENSG00000107341.5",0.317039379325377,"ENSG00000107341.5"
"ENSG00000107362.13",0.411827862007502,"ENSG00000107362.13"
"ENSG00000107371.13",0.174827704324959,"ENSG00000107371.13"
"ENSG00000107372.13",0.0409738495086754,"ENSG00000107372.13"
"ENSG00000107404.20",0.0475493967778436,"ENSG00000107404.20"
"ENSG00000107438.9",0.466286986449341,"ENSG00000107438.9"
"ENSG00000107485.18",0.900948349499001,"ENSG00000107485.18"
"ENSG00000107521.19",0.248991501769636,"ENSG00000107521.19"
"ENSG00000107537.14",0.587340674856061,"ENSG00000107537.14"
"ENSG00000107551.21",0.737946938036188,"ENSG00000107551.21"
"ENSG00000107554.17",0.00940235242969606,"ENSG00000107554.17"
"ENSG00000107560.12",0.456355672402048,"ENSG00000107560.12"
"ENSG00000107562.16",0.488573779899556,"ENSG00000107562.16"
"ENSG00000107566.14",0.42597811925845,"ENSG00000107566.14"
"ENSG00000107581.13",0.27269805409159,"ENSG00000107581.13"
"ENSG00000107614.22",0.0245778760267505,"ENSG00000107614.22"
"ENSG00000107625.13",0.413256144798181,"ENSG00000107625.13"
"ENSG00000107643.16",0.271796163910079,"ENSG00000107643.16"
"ENSG00000107651.13",0.67265042593589,"ENSG00000107651.13"
"ENSG00000107669.17",0.463777656615045,"ENSG00000107669.17"
"ENSG00000107672.15",0.247898975475889,"ENSG00000107672.15"
"ENSG00000107679.14",0.779917007004576,"ENSG00000107679.14"
"ENSG00000107719.9",0.531337381910701,"ENSG00000107719.9"
"ENSG00000107731.12",0.229396522880268,"ENSG00000107731.12"
"ENSG00000107738.20",0.587061045711185,"ENSG00000107738.20"
"ENSG00000107742.13",0.63020611352817,"ENSG00000107742.13"
"ENSG00000107745.19",0.348298317215858,"ENSG00000107745.19"
"ENSG00000107758.15",0.13787081855832,"ENSG00000107758.15"
"ENSG00000107771.17",-0.124867572027897,"ENSG00000107771.17"
"ENSG00000107779.14",0.134646670668918,"ENSG00000107779.14"
"ENSG00000107789.16",0.145435618299012,"ENSG00000107789.16"
"ENSG00000107796.13",0.362376090420609,"ENSG00000107796.13"
"ENSG00000107798.18",0.35390136002998,"ENSG00000107798.18"
"ENSG00000107807.13",0.510048531215678,"ENSG00000107807.13"
"ENSG00000107815.10",0.163794307627037,"ENSG00000107815.10"
"ENSG00000107816.17",0.539394760217801,"ENSG00000107816.17"
"ENSG00000107819.13",0.700367688906883,"ENSG00000107819.13"
"ENSG00000107829.15",0.192572754779974,"ENSG00000107829.15"
"ENSG00000107833.10",0.605358406731223,"ENSG00000107833.10"
"ENSG00000107854.6",-0.152971262416343,"ENSG00000107854.6"
"ENSG00000107862.5",0.536585055668968,"ENSG00000107862.5"
"ENSG00000107863.18",0.612482994871585,"ENSG00000107863.18"
"ENSG00000107864.15",0.325261612751684,"ENSG00000107864.15"
"ENSG00000107872.12",0.0973112651909762,"ENSG00000107872.12"
"ENSG00000107874.11",0.5084382405562,"ENSG00000107874.11"
"ENSG00000107882.12",0.193260185781036,"ENSG00000107882.12"
"ENSG00000107890.16",0.312995104735948,"ENSG00000107890.16"
"ENSG00000107897.19",0.498254104860848,"ENSG00000107897.19"
"ENSG00000107902.14",0.292027093110555,"ENSG00000107902.14"
"ENSG00000107929.15",0.56102652767914,"ENSG00000107929.15"
"ENSG00000107937.19",0.530973460218252,"ENSG00000107937.19"
"ENSG00000107938.18",0.399743087780313,"ENSG00000107938.18"
"ENSG00000107949.17",0.555275111346181,"ENSG00000107949.17"
"ENSG00000107951.14",0.171202117081789,"ENSG00000107951.14"
"ENSG00000107957.16",0.493581694726314,"ENSG00000107957.16"
"ENSG00000107959.16",0.621122002611251,"ENSG00000107959.16"
"ENSG00000107960.11",0.258455244798425,"ENSG00000107960.11"
"ENSG00000107968.10",0.281270504881121,"ENSG00000107968.10"
"ENSG00000107984.10",0.551459136127566,"ENSG00000107984.10"
"ENSG00000108010.12",0.471730212647284,"ENSG00000108010.12"
"ENSG00000108021.20",0.226914172540105,"ENSG00000108021.20"
"ENSG00000108039.18",0.135552919092173,"ENSG00000108039.18"
"ENSG00000108055.10",0.325027931731411,"ENSG00000108055.10"
"ENSG00000108061.12",0.064434509544372,"ENSG00000108061.12"
"ENSG00000108064.11",0.301464865366949,"ENSG00000108064.11"
"ENSG00000108091.11",0.68102316606015,"ENSG00000108091.11"
"ENSG00000108094.15",0.161040823130583,"ENSG00000108094.15"
"ENSG00000108100.18",-0.168208644744158,"ENSG00000108100.18"
"ENSG00000108106.14",0.511238252933386,"ENSG00000108106.14"
"ENSG00000108107.15",0.409471248605425,"ENSG00000108107.15"
"ENSG00000108175.17",0.413753581900538,"ENSG00000108175.17"
"ENSG00000108176.15",0.69968071812159,"ENSG00000108176.15"
"ENSG00000108179.14",0.698428893514137,"ENSG00000108179.14"
"ENSG00000108187.16",0.815488199967497,"ENSG00000108187.16"
"ENSG00000108219.15",0.473694578555544,"ENSG00000108219.15"
"ENSG00000108239.9",0.0225477041420886,"ENSG00000108239.9"
"ENSG00000108244.17",0.872342571405303,"ENSG00000108244.17"
"ENSG00000108256.9",0.451510475971324,"ENSG00000108256.9"
"ENSG00000108262.15",0.280854123351573,"ENSG00000108262.15"
"ENSG00000108298.11",0.222627673021188,"ENSG00000108298.11"
"ENSG00000108306.13",0.172425210931113,"ENSG00000108306.13"
"ENSG00000108309.14",0.702243903841204,"ENSG00000108309.14"
"ENSG00000108312.15",0.350454022546708,"ENSG00000108312.15"
"ENSG00000108344.15",0.35395488028779,"ENSG00000108344.15"
"ENSG00000108349.17",0.223522602430183,"ENSG00000108349.17"
"ENSG00000108352.12",0.415297014959511,"ENSG00000108352.12"
"ENSG00000108381.11",0.833702343550964,"ENSG00000108381.11"
"ENSG00000108384.15",0.453493557580321,"ENSG00000108384.15"
"ENSG00000108387.15",0.780959933929291,"ENSG00000108387.15"
"ENSG00000108389.9",0.186465525954786,"ENSG00000108389.9"
"ENSG00000108395.14",0.337391316199287,"ENSG00000108395.14"
"ENSG00000108405.4",0.695102252074586,"ENSG00000108405.4"
"ENSG00000108406.10",0.328264966109645,"ENSG00000108406.10"
"ENSG00000108423.15",0.173517786561265,"ENSG00000108423.15"
"ENSG00000108424.10",0.378396088327481,"ENSG00000108424.10"
"ENSG00000108433.17",0.484780356445588,"ENSG00000108433.17"
"ENSG00000108439.11",0.489449035323943,"ENSG00000108439.11"
"ENSG00000108443.14",0.280431584004316,"ENSG00000108443.14"
"ENSG00000108465.15",0.176452704688286,"ENSG00000108465.15"
"ENSG00000108468.15",0.569677525355016,"ENSG00000108468.15"
"ENSG00000108469.15",0.150145418147898,"ENSG00000108469.15"
"ENSG00000108479.12",0.267854407967853,"ENSG00000108479.12"
"ENSG00000108506.12",0.176339447778168,"ENSG00000108506.12"
"ENSG00000108510.10",0.36342731455734,"ENSG00000108510.10"
"ENSG00000108511.10",0.69088519871351,"ENSG00000108511.10"
"ENSG00000108515.18",0.355256086464363,"ENSG00000108515.18"
"ENSG00000108518.8",0.352852115484517,"ENSG00000108518.8"
"ENSG00000108523.16",0.0876634717141681,"ENSG00000108523.16"
"ENSG00000108528.14",0.34995626353484,"ENSG00000108528.14"
"ENSG00000108557.19",0.313688785060836,"ENSG00000108557.19"
"ENSG00000108559.12",0.0661249648780335,"ENSG00000108559.12"
"ENSG00000108561.8",0.566651437697748,"ENSG00000108561.8"
"ENSG00000108576.10",0.270490934207719,"ENSG00000108576.10"
"ENSG00000108578.15",0.55216474523048,"ENSG00000108578.15"
"ENSG00000108582.12",0.428729339362714,"ENSG00000108582.12"
"ENSG00000108587.15",0.241531910223658,"ENSG00000108587.15"
"ENSG00000108588.14",0.4412296634148,"ENSG00000108588.14"
"ENSG00000108590.11",0.000103689572360362,"ENSG00000108590.11"
"ENSG00000108591.10",0.347115193337605,"ENSG00000108591.10"
"ENSG00000108592.17",0.344056572277663,"ENSG00000108592.17"
"ENSG00000108599.15",0.324566362095519,"ENSG00000108599.15"
"ENSG00000108604.16",0.551436127343391,"ENSG00000108604.16"
"ENSG00000108622.11",0.55783422590923,"ENSG00000108622.11"
"ENSG00000108639.7",0.60787429251256,"ENSG00000108639.7"
"ENSG00000108641.18",0.43809040272368,"ENSG00000108641.18"
"ENSG00000108651.10",0.121041322740948,"ENSG00000108651.10"
"ENSG00000108654.15",0.32410785068093,"ENSG00000108654.15"
"ENSG00000108666.10",0.47702753390261,"ENSG00000108666.10"
"ENSG00000108669.16",0.457509009315523,"ENSG00000108669.16"
"ENSG00000108671.11",0.0430533804780134,"ENSG00000108671.11"
"ENSG00000108679.13",0.51371347222831,"ENSG00000108679.13"
"ENSG00000108733.10",0.383312782965109,"ENSG00000108733.10"
"ENSG00000108771.13",0.5192063466439,"ENSG00000108771.13"
"ENSG00000108773.11",0.317993639946451,"ENSG00000108773.11"
"ENSG00000108774.15",0.402454758922756,"ENSG00000108774.15"
"ENSG00000108784.10",0.258975504359307,"ENSG00000108784.10"
"ENSG00000108786.10",0.12703520201349,"ENSG00000108786.10"
"ENSG00000108788.11",-0.317444687571012,"ENSG00000108788.11"
"ENSG00000108797.12",0.550881676356346,"ENSG00000108797.12"
"ENSG00000108798.9",0.543308782303129,"ENSG00000108798.9"
"ENSG00000108799.13",0.0496048607562108,"ENSG00000108799.13"
"ENSG00000108819.11",0.457271492630306,"ENSG00000108819.11"
"ENSG00000108821.14",0.409424332035163,"ENSG00000108821.14"
"ENSG00000108826.16",0.276626740679861,"ENSG00000108826.16"
"ENSG00000108828.16",0.520549762951954,"ENSG00000108828.16"
"ENSG00000108829.10",0.547391291590295,"ENSG00000108829.10"
"ENSG00000108840.15",0.401005071748049,"ENSG00000108840.15"
"ENSG00000108846.16",0.81620413535068,"ENSG00000108846.16"
"ENSG00000108848.16",0.0451449301324906,"ENSG00000108848.16"
"ENSG00000108852.14",0.575122694337043,"ENSG00000108852.14"
"ENSG00000108854.16",0.427067055164517,"ENSG00000108854.16"
"ENSG00000108861.9",0.494656559013147,"ENSG00000108861.9"
"ENSG00000108883.13",0.231357969247565,"ENSG00000108883.13"
"ENSG00000108946.15",0.193848548421138,"ENSG00000108946.15"
"ENSG00000108950.12",0.175228972843546,"ENSG00000108950.12"
"ENSG00000108953.17",0.230502195067288,"ENSG00000108953.17"
"ENSG00000108961.14",0.366967497070048,"ENSG00000108961.14"
"ENSG00000108963.18",0.189591733746665,"ENSG00000108963.18"
"ENSG00000108984.15",0.145874228964333,"ENSG00000108984.15"
"ENSG00000109016.17",0.343290216342071,"ENSG00000109016.17"
"ENSG00000109046.15",0.586171739886567,"ENSG00000109046.15"
"ENSG00000109061.10",0.509312769906834,"ENSG00000109061.10"
"ENSG00000109062.12",0.749312341295198,"ENSG00000109062.12"
"ENSG00000109063.15",0.686436046179245,"ENSG00000109063.15"
"ENSG00000109065.12",0.162367043607633,"ENSG00000109065.12"
"ENSG00000109066.14",0.105067618291046,"ENSG00000109066.14"
"ENSG00000109072.14",0.211123254813945,"ENSG00000109072.14"
"ENSG00000109079.10",0.187440808673786,"ENSG00000109079.10"
"ENSG00000109083.13",0.206327744591518,"ENSG00000109083.13"
"ENSG00000109084.14",0.320392632674093,"ENSG00000109084.14"
"ENSG00000109089.7",0.545595130664776,"ENSG00000109089.7"
"ENSG00000109103.12",0.372266876017651,"ENSG00000109103.12"
"ENSG00000109107.14",0.678131593309351,"ENSG00000109107.14"
"ENSG00000109111.15",0.28985202922962,"ENSG00000109111.15"
"ENSG00000109113.20",0.659007923937742,"ENSG00000109113.20"
"ENSG00000109118.14",0.434654560277519,"ENSG00000109118.14"
"ENSG00000109133.13",0.357563392900895,"ENSG00000109133.13"
"ENSG00000109171.15",0.389544452740212,"ENSG00000109171.15"
"ENSG00000109180.14",0.291702135219307,"ENSG00000109180.14"
"ENSG00000109184.15",0.390614679642718,"ENSG00000109184.15"
"ENSG00000109189.13",0.481535680339025,"ENSG00000109189.13"
"ENSG00000109193.12",0.713966291560868,"ENSG00000109193.12"
"ENSG00000109265.14",0.80683965035718,"ENSG00000109265.14"
"ENSG00000109270.13",-0.28394084837572,"ENSG00000109270.13"
"ENSG00000109320.13",0.526487174176968,"ENSG00000109320.13"
"ENSG00000109321.11",0.539838381056766,"ENSG00000109321.11"
"ENSG00000109323.11",0.388432005452947,"ENSG00000109323.11"
"ENSG00000109332.20",0.18195327419038,"ENSG00000109332.20"
"ENSG00000109339.24",0.427737239270634,"ENSG00000109339.24"
"ENSG00000109381.20",0.363448796994969,"ENSG00000109381.20"
"ENSG00000109390.12",-0.220020862812113,"ENSG00000109390.12"
"ENSG00000109424.4",0.442009072071007,"ENSG00000109424.4"
"ENSG00000109436.8",0.4865706491005,"ENSG00000109436.8"
"ENSG00000109445.11",-0.139836108882487,"ENSG00000109445.11"
"ENSG00000109452.12",0.695295456381837,"ENSG00000109452.12"
"ENSG00000109458.8",0.379252019778746,"ENSG00000109458.8"
"ENSG00000109466.14",0.284342709483756,"ENSG00000109466.14"
"ENSG00000109472.14",0.585425231302781,"ENSG00000109472.14"
"ENSG00000109475.16",0.24504551350543,"ENSG00000109475.16"
"ENSG00000109501.14",0.519462039458824,"ENSG00000109501.14"
"ENSG00000109519.13",0.501881350483794,"ENSG00000109519.13"
"ENSG00000109534.17",0.513780750008035,"ENSG00000109534.17"
"ENSG00000109536.12",0.00174676212147143,"ENSG00000109536.12"
"ENSG00000109572.14",0.201056996330111,"ENSG00000109572.14"
"ENSG00000109576.14",0.00176685707002217,"ENSG00000109576.14"
"ENSG00000109586.12",0.80140163074564,"ENSG00000109586.12"
"ENSG00000109606.13",0.263919511081542,"ENSG00000109606.13"
"ENSG00000109610.6",0.520380814253367,"ENSG00000109610.6"
"ENSG00000109618.12",0.507597100992049,"ENSG00000109618.12"
"ENSG00000109625.19",0.53034304001526,"ENSG00000109625.19"
"ENSG00000109654.15",0.788373895414712,"ENSG00000109654.15"
"ENSG00000109670.16",0.360598802819344,"ENSG00000109670.16"
"ENSG00000109674.4",0.597967250141163,"ENSG00000109674.4"
"ENSG00000109685.18",0.388022346324672,"ENSG00000109685.18"
"ENSG00000109686.18",0.530577605111541,"ENSG00000109686.18"
"ENSG00000109689.17",0.498229648294628,"ENSG00000109689.17"
"ENSG00000109736.15",0.132001707388796,"ENSG00000109736.15"
"ENSG00000109743.11",0.446626357252479,"ENSG00000109743.11"
"ENSG00000109756.9",0.752734201704895,"ENSG00000109756.9"
"ENSG00000109758.9",-0.0571398665765823,"ENSG00000109758.9"
"ENSG00000109762.16",0.0387649140754536,"ENSG00000109762.16"
"ENSG00000109775.11",0.160546683595593,"ENSG00000109775.11"
"ENSG00000109787.13",-0.171433753073393,"ENSG00000109787.13"
"ENSG00000109790.16",0.588970256838645,"ENSG00000109790.16"
"ENSG00000109805.10",0.575231582432934,"ENSG00000109805.10"
"ENSG00000109814.12",0.784213371079009,"ENSG00000109814.12"
"ENSG00000109846.9",0.843370211082454,"ENSG00000109846.9"
"ENSG00000109854.13",0.655096332809478,"ENSG00000109854.13"
"ENSG00000109861.16",0.599622788719655,"ENSG00000109861.16"
"ENSG00000109906.14",0.446186658598114,"ENSG00000109906.14"
"ENSG00000109911.19",0.11922361963542,"ENSG00000109911.19"
"ENSG00000109917.11",0.219187362420105,"ENSG00000109917.11"
"ENSG00000109919.10",0.412175972679918,"ENSG00000109919.10"
"ENSG00000109920.13",0.241653927979182,"ENSG00000109920.13"
"ENSG00000109929.10",0.402844267469076,"ENSG00000109929.10"
"ENSG00000109971.14",0.00318627194321416,"ENSG00000109971.14"
"ENSG00000110002.16",0.74199363103046,"ENSG00000110002.16"
"ENSG00000110013.13",0.703766166675454,"ENSG00000110013.13"
"ENSG00000110025.13",0.170173374687897,"ENSG00000110025.13"
"ENSG00000110031.12",0.609892289579515,"ENSG00000110031.12"
"ENSG00000110046.13",0.318312878044567,"ENSG00000110046.13"
"ENSG00000110047.18",0.304212208202392,"ENSG00000110047.18"
"ENSG00000110048.12",0.413693840014734,"ENSG00000110048.12"
"ENSG00000110057.8",0.406368106318763,"ENSG00000110057.8"
"ENSG00000110060.9",0.191983623918089,"ENSG00000110060.9"
"ENSG00000110063.10",0.370823573383998,"ENSG00000110063.10"
"ENSG00000110066.15",0.0229396974785659,"ENSG00000110066.15"
"ENSG00000110074.11",0.313650202591034,"ENSG00000110074.11"
"ENSG00000110075.14",0.316924090359503,"ENSG00000110075.14"
"ENSG00000110077.14",0.0459425099854115,"ENSG00000110077.14"
"ENSG00000110080.18",0.0287190864193005,"ENSG00000110080.18"
"ENSG00000110090.13",0.49360820496303,"ENSG00000110090.13"
"ENSG00000110092.4",0.507019740491394,"ENSG00000110092.4"
"ENSG00000110104.13",0.325717486674772,"ENSG00000110104.13"
"ENSG00000110107.9",0.335361578791937,"ENSG00000110107.9"
"ENSG00000110108.10",0.226839056350894,"ENSG00000110108.10"
"ENSG00000110169.11",0.294002591517155,"ENSG00000110169.11"
"ENSG00000110171.20",0.476885531088968,"ENSG00000110171.20"
"ENSG00000110172.12",0.287691762912203,"ENSG00000110172.12"
"ENSG00000110195.13",0.835074282744011,"ENSG00000110195.13"
"ENSG00000110200.8",0.248512374433387,"ENSG00000110200.8"
"ENSG00000110218.9",0.503463619622495,"ENSG00000110218.9"
"ENSG00000110237.5",0.562253904491282,"ENSG00000110237.5"
"ENSG00000110243.12",0.00112471589246869,"ENSG00000110243.12"
"ENSG00000110244.7",0.00529191554459938,"ENSG00000110244.7"
"ENSG00000110245.12",-0.0708808909022389,"ENSG00000110245.12"
"ENSG00000110274.16",-0.0729752842648265,"ENSG00000110274.16"
"ENSG00000110315.7",0.399053107661284,"ENSG00000110315.7"
"ENSG00000110321.18",0.228892400356865,"ENSG00000110321.18"
"ENSG00000110328.6",0.471081249601362,"ENSG00000110328.6"
"ENSG00000110330.8",-0.0160590580990003,"ENSG00000110330.8"
"ENSG00000110344.10",0.399324136874374,"ENSG00000110344.10"
"ENSG00000110367.13",0.0244706165959094,"ENSG00000110367.13"
"ENSG00000110395.7",0.388630049962535,"ENSG00000110395.7"
"ENSG00000110400.11",0.68162888240488,"ENSG00000110400.11"
"ENSG00000110422.12",-0.386198744042962,"ENSG00000110422.12"
"ENSG00000110427.16",0.339902032965806,"ENSG00000110427.16"
"ENSG00000110429.14",0.121232793789102,"ENSG00000110429.14"
"ENSG00000110435.12",0.19782607954762,"ENSG00000110435.12"
"ENSG00000110436.13",0.88363383187146,"ENSG00000110436.13"
"ENSG00000110442.12",-0.0445739571024404,"ENSG00000110442.12"
"ENSG00000110446.11",0.199374417938777,"ENSG00000110446.11"
"ENSG00000110448.11",0.456873008353846,"ENSG00000110448.11"
"ENSG00000110455.14",-0.0435764400015401,"ENSG00000110455.14"
"ENSG00000110484.7",0.729027815066254,"ENSG00000110484.7"
"ENSG00000110492.15",0.80489151416843,"ENSG00000110492.15"
"ENSG00000110497.14",-0.00910510206857241,"ENSG00000110497.14"
"ENSG00000110514.19",0.530627739099844,"ENSG00000110514.19"
"ENSG00000110536.14",0.172509369274097,"ENSG00000110536.14"
"ENSG00000110583.13",0.508139410217044,"ENSG00000110583.13"
"ENSG00000110619.17",0.315467498991719,"ENSG00000110619.17"
"ENSG00000110628.16",0.524871020266854,"ENSG00000110628.16"
"ENSG00000110651.12",0.492117396431669,"ENSG00000110651.12"
"ENSG00000110660.15",0.445618854454478,"ENSG00000110660.15"
"ENSG00000110693.18",0.773819603673208,"ENSG00000110693.18"
"ENSG00000110696.10",0.00520883790080621,"ENSG00000110696.10"
"ENSG00000110697.13",0.179526784341389,"ENSG00000110697.13"
"ENSG00000110700.7",0.0135121139645818,"ENSG00000110700.7"
"ENSG00000110711.10",0.277414536952551,"ENSG00000110711.10"
"ENSG00000110713.17",0.247003604120388,"ENSG00000110713.17"
"ENSG00000110717.13",0.108132119834045,"ENSG00000110717.13"
"ENSG00000110719.10",0.448066041726891,"ENSG00000110719.10"
"ENSG00000110721.12",0.597603977799777,"ENSG00000110721.12"
"ENSG00000110723.12",0.303736314178425,"ENSG00000110723.12"
"ENSG00000110756.18",0.493746157207091,"ENSG00000110756.18"
"ENSG00000110768.12",0.159832382389719,"ENSG00000110768.12"
"ENSG00000110777.12",0.428510553580847,"ENSG00000110777.12"
"ENSG00000110799.13",0.572660510829067,"ENSG00000110799.13"
"ENSG00000110801.14",-0.0832038865039072,"ENSG00000110801.14"
"ENSG00000110811.20",0.643995723094952,"ENSG00000110811.20"
"ENSG00000110841.14",0.529343951150736,"ENSG00000110841.14"
"ENSG00000110844.13",0.250175964520011,"ENSG00000110844.13"
"ENSG00000110848.8",0.415978715349534,"ENSG00000110848.8"
"ENSG00000110851.12",-0.150826297481624,"ENSG00000110851.12"
"ENSG00000110852.4",0.496708978904784,"ENSG00000110852.4"
"ENSG00000110871.15",0.508574926971537,"ENSG00000110871.15"
"ENSG00000110876.9",0.297769987948871,"ENSG00000110876.9"
"ENSG00000110880.10",0.458461724764933,"ENSG00000110880.10"
"ENSG00000110888.17",0.32569952660851,"ENSG00000110888.17"
"ENSG00000110906.13",0.13704653624517,"ENSG00000110906.13"
"ENSG00000110911.16",0.484634120199362,"ENSG00000110911.16"
"ENSG00000110917.8",0.424862596519712,"ENSG00000110917.8"
"ENSG00000110921.14",0.519095512222149,"ENSG00000110921.14"
"ENSG00000110925.7",-0.376205085044066,"ENSG00000110925.7"
"ENSG00000110931.19",0.148931399997987,"ENSG00000110931.19"
"ENSG00000110934.13",0.51615842204742,"ENSG00000110934.13"
"ENSG00000110955.9",0.202048980516795,"ENSG00000110955.9"
"ENSG00000110958.16",0.36135380563927,"ENSG00000110958.16"
"ENSG00000110987.9",0.527828286141242,"ENSG00000110987.9"
"ENSG00000111011.18",0.283275192922335,"ENSG00000111011.18"
"ENSG00000111052.7",0.683039638733727,"ENSG00000111052.7"
"ENSG00000111057.11",0.840967999451562,"ENSG00000111057.11"
"ENSG00000111058.8",0.838272325942002,"ENSG00000111058.8"
"ENSG00000111077.18",0.5329571553197,"ENSG00000111077.18"
"ENSG00000111110.12",0.567386354557273,"ENSG00000111110.12"
"ENSG00000111142.14",-0.0551263359091319,"ENSG00000111142.14"
"ENSG00000111144.10",0.395686513009777,"ENSG00000111144.10"
"ENSG00000111145.8",-0.0320169306321491,"ENSG00000111145.8"
"ENSG00000111186.13",0.331868640148011,"ENSG00000111186.13"
"ENSG00000111199.11",0.733465797466708,"ENSG00000111199.11"
"ENSG00000111203.13",0.392874522564841,"ENSG00000111203.13"
"ENSG00000111206.13",0.538379864304301,"ENSG00000111206.13"
"ENSG00000111229.16",-0.030496796727845,"ENSG00000111229.16"
"ENSG00000111231.9",0.0973340313471257,"ENSG00000111231.9"
"ENSG00000111237.19",-0.270907971067962,"ENSG00000111237.19"
"ENSG00000111245.17",0.548832030311285,"ENSG00000111245.17"
"ENSG00000111247.14",0.319300820566591,"ENSG00000111247.14"
"ENSG00000111252.11",0.412167915892525,"ENSG00000111252.11"
"ENSG00000111261.14",0.535329254072358,"ENSG00000111261.14"
"ENSG00000111266.9",0.0366004398583049,"ENSG00000111266.9"
"ENSG00000111269.3",0.41778405293475,"ENSG00000111269.3"
"ENSG00000111271.15",0.479077689175219,"ENSG00000111271.15"
"ENSG00000111275.13",0.751150206512855,"ENSG00000111275.13"
"ENSG00000111276.11",0.0445256724172019,"ENSG00000111276.11"
"ENSG00000111300.10",0.3245832555331,"ENSG00000111300.10"
"ENSG00000111321.11",0.384454031910667,"ENSG00000111321.11"
"ENSG00000111325.16",-0.00522802798218002,"ENSG00000111325.16"
"ENSG00000111328.7",0.613936817707405,"ENSG00000111328.7"
"ENSG00000111331.13",0.729409949568448,"ENSG00000111331.13"
"ENSG00000111335.13",0.780764124391783,"ENSG00000111335.13"
"ENSG00000111341.10",0.534264516659541,"ENSG00000111341.10"
"ENSG00000111344.11",0.555042515974094,"ENSG00000111344.11"
"ENSG00000111348.9",0.487256482352318,"ENSG00000111348.9"
"ENSG00000111358.14",0.168471050345266,"ENSG00000111358.14"
"ENSG00000111361.13",0.224373992756362,"ENSG00000111361.13"
"ENSG00000111364.16",0.265756222250714,"ENSG00000111364.16"
"ENSG00000111371.16",0.517048905255636,"ENSG00000111371.16"
"ENSG00000111424.12",0.419895562971171,"ENSG00000111424.12"
"ENSG00000111432.4",0.243707264387296,"ENSG00000111432.4"
"ENSG00000111445.14",0.312447050003084,"ENSG00000111445.14"
"ENSG00000111450.14",0.464961396545398,"ENSG00000111450.14"
"ENSG00000111481.10",0.376113861482446,"ENSG00000111481.10"
"ENSG00000111490.15",0.375858001580069,"ENSG00000111490.15"
"ENSG00000111530.13",0.307458022336947,"ENSG00000111530.13"
"ENSG00000111540.16",0.35878098367761,"ENSG00000111540.16"
"ENSG00000111554.14",0.154960722653047,"ENSG00000111554.14"
"ENSG00000111581.10",0.453414211660951,"ENSG00000111581.10"
"ENSG00000111596.13",0.179432048651487,"ENSG00000111596.13"
"ENSG00000111602.12",0.533638591911262,"ENSG00000111602.12"
"ENSG00000111605.18",0.39190407970456,"ENSG00000111605.18"
"ENSG00000111615.14",0.244355217068666,"ENSG00000111615.14"
"ENSG00000111639.8",0.475099271994259,"ENSG00000111639.8"
"ENSG00000111640.15",0.0739467627665562,"ENSG00000111640.15"
"ENSG00000111641.12",0.71309221141803,"ENSG00000111641.12"
"ENSG00000111642.16",0.240123556099074,"ENSG00000111642.16"
"ENSG00000111647.13",0.0804516382052263,"ENSG00000111647.13"
"ENSG00000111652.10",0.155022584032951,"ENSG00000111652.10"
"ENSG00000111653.20",0.199877042834087,"ENSG00000111653.20"
"ENSG00000111664.10",-0.0550064193191755,"ENSG00000111664.10"
"ENSG00000111665.11",0.641315359091857,"ENSG00000111665.11"
"ENSG00000111666.11",0.462775567009166,"ENSG00000111666.11"
"ENSG00000111667.13",0.388399796974477,"ENSG00000111667.13"
"ENSG00000111669.15",0.0435879989019353,"ENSG00000111669.15"
"ENSG00000111670.16",0.44871117215925,"ENSG00000111670.16"
"ENSG00000111671.9",0.0359640224292997,"ENSG00000111671.9"
"ENSG00000111674.9",0.777170418745718,"ENSG00000111674.9"
"ENSG00000111676.15",0.0127257530138564,"ENSG00000111676.15"
"ENSG00000111678.11",0.26655321504494,"ENSG00000111678.11"
"ENSG00000111679.17",0.695038889821771,"ENSG00000111679.17"
"ENSG00000111684.11",0.362725765629506,"ENSG00000111684.11"
"ENSG00000111696.12",0.56099522510296,"ENSG00000111696.12"
"ENSG00000111707.12",0.311489884013384,"ENSG00000111707.12"
"ENSG00000111711.10",0.0391472349247402,"ENSG00000111711.10"
"ENSG00000111716.14",0.5795499998033,"ENSG00000111716.14"
"ENSG00000111725.11",0.414510677308329,"ENSG00000111725.11"
"ENSG00000111726.13",0.220181682363245,"ENSG00000111726.13"
"ENSG00000111727.12",0.558762951719052,"ENSG00000111727.12"
"ENSG00000111731.12",0.211506321638194,"ENSG00000111731.12"
"ENSG00000111737.12",0.139457869525194,"ENSG00000111737.12"
"ENSG00000111752.11",0.410911747954493,"ENSG00000111752.11"
"ENSG00000111775.3",-0.00121886529467194,"ENSG00000111775.3"
"ENSG00000111785.21",0.383209699516684,"ENSG00000111785.21"
"ENSG00000111786.9",0.44943405623329,"ENSG00000111786.9"
"ENSG00000111790.14",0.00349365388718794,"ENSG00000111790.14"
"ENSG00000111799.21",0.609665328937774,"ENSG00000111799.21"
"ENSG00000111801.16",0.31211112282595,"ENSG00000111801.16"
"ENSG00000111802.14",0.386800607546471,"ENSG00000111802.14"
"ENSG00000111816.8",0.61102077754477,"ENSG00000111816.8"
"ENSG00000111817.19",0.402692759229806,"ENSG00000111817.19"
"ENSG00000111832.13",0.015903092616951,"ENSG00000111832.13"
"ENSG00000111834.13",0.427858549182209,"ENSG00000111834.13"
"ENSG00000111843.14",0.327467896235713,"ENSG00000111843.14"
"ENSG00000111845.5",0.444487101193982,"ENSG00000111845.5"
"ENSG00000111850.11",0.162550711918052,"ENSG00000111850.11"
"ENSG00000111859.17",0.315507911004698,"ENSG00000111859.17"
"ENSG00000111875.8",0.407716595196965,"ENSG00000111875.8"
"ENSG00000111877.17",-0.344694134366607,"ENSG00000111877.17"
"ENSG00000111880.16",0.486265542745729,"ENSG00000111880.16"
"ENSG00000111885.7",0.542258112754178,"ENSG00000111885.7"
"ENSG00000111897.7",0.207251272900199,"ENSG00000111897.7"
"ENSG00000111906.18",0.170232842173285,"ENSG00000111906.18"
"ENSG00000111907.21",0.691461746257294,"ENSG00000111907.21"
"ENSG00000111911.7",0.340678010046595,"ENSG00000111911.7"
"ENSG00000111912.20",0.19087585269741,"ENSG00000111912.20"
"ENSG00000111913.20",0.406051928534102,"ENSG00000111913.20"
"ENSG00000111961.18",0.639117871611421,"ENSG00000111961.18"
"ENSG00000111981.5",0.387387387387387,"ENSG00000111981.5"
"ENSG00000112029.10",-0.388071638828377,"ENSG00000112029.10"
"ENSG00000112031.16",0.0943407312700549,"ENSG00000112031.16"
"ENSG00000112033.14",-0.0646793145228788,"ENSG00000112033.14"
"ENSG00000112062.10",0.407223937462544,"ENSG00000112062.10"
"ENSG00000112077.17",0.176601594729885,"ENSG00000112077.17"
"ENSG00000112078.14",0.299161117127972,"ENSG00000112078.14"
"ENSG00000112079.9",0.199121558511831,"ENSG00000112079.9"
"ENSG00000112081.17",0.408849916089153,"ENSG00000112081.17"
"ENSG00000112096.18",0.718432292667893,"ENSG00000112096.18"
"ENSG00000112110.10",0.31744714152082,"ENSG00000112110.10"
"ENSG00000112118.20",0.644490143452389,"ENSG00000112118.20"
"ENSG00000112130.17",0.479057675272065,"ENSG00000112130.17"
"ENSG00000112137.17",0.643255174086223,"ENSG00000112137.17"
"ENSG00000112144.15",0.39480134297469,"ENSG00000112144.15"
"ENSG00000112146.16",0.339907939573595,"ENSG00000112146.16"
"ENSG00000112149.10",0.407202460077312,"ENSG00000112149.10"
"ENSG00000112159.12",0.42794897781205,"ENSG00000112159.12"
"ENSG00000112167.10",0.177676423805262,"ENSG00000112167.10"
"ENSG00000112186.12",0.728256542131394,"ENSG00000112186.12"
"ENSG00000112200.17",0.113862509235389,"ENSG00000112200.17"
"ENSG00000112208.11",0.774143157969596,"ENSG00000112208.11"
"ENSG00000112210.12",0.633712463236415,"ENSG00000112210.12"
"ENSG00000112214.10",0.728473985985829,"ENSG00000112214.10"
"ENSG00000112234.9",0.447671476990746,"ENSG00000112234.9"
"ENSG00000112237.13",0.135908995424604,"ENSG00000112237.13"
"ENSG00000112242.15",0.331972547360665,"ENSG00000112242.15"
"ENSG00000112245.12",0.162753044090517,"ENSG00000112245.12"
"ENSG00000112249.14",0.591434821848884,"ENSG00000112249.14"
"ENSG00000112282.18",0.0582538873302317,"ENSG00000112282.18"
"ENSG00000112290.13",0.614758475914985,"ENSG00000112290.13"
"ENSG00000112293.15",0.227864764788237,"ENSG00000112293.15"
"ENSG00000112294.13",0.746991590945021,"ENSG00000112294.13"
"ENSG00000112297.17",0.84657340386915,"ENSG00000112297.17"
"ENSG00000112299.8",0.607308169136895,"ENSG00000112299.8"
"ENSG00000112303.14",0.353472668046913,"ENSG00000112303.14"
"ENSG00000112304.11",0.499204215968017,"ENSG00000112304.11"
"ENSG00000112305.15",0.261588759612868,"ENSG00000112305.15"
"ENSG00000112306.8",0.276432097421503,"ENSG00000112306.8"
"ENSG00000112312.10",0.473211398442159,"ENSG00000112312.10"
"ENSG00000112335.15",0.148235662055061,"ENSG00000112335.15"
"ENSG00000112339.15",0.135468689131502,"ENSG00000112339.15"
"ENSG00000112343.11",0.73777175519123,"ENSG00000112343.11"
"ENSG00000112357.13",0.257821633065901,"ENSG00000112357.13"
"ENSG00000112365.5",0.00431451214597349,"ENSG00000112365.5"
"ENSG00000112367.11",0.273278415082077,"ENSG00000112367.11"
"ENSG00000112379.9",0.764033865134719,"ENSG00000112379.9"
"ENSG00000112394.17",0.233333437396172,"ENSG00000112394.17"
"ENSG00000112406.5",0.492696146016194,"ENSG00000112406.5"
"ENSG00000112414.15",0.577389528907335,"ENSG00000112414.15"
"ENSG00000112419.14",0.451431317478835,"ENSG00000112419.14"
"ENSG00000112425.15",0.547395369173073,"ENSG00000112425.15"
"ENSG00000112473.18",0.45652658796094,"ENSG00000112473.18"
"ENSG00000112486.16",0.649874578176421,"ENSG00000112486.16"
"ENSG00000112511.17",0.420639154983456,"ENSG00000112511.17"
"ENSG00000112514.17",0.516939258699437,"ENSG00000112514.17"
"ENSG00000112530.11",-0.247444205358706,"ENSG00000112530.11"
"ENSG00000112531.17",0.379573233233341,"ENSG00000112531.17"
"ENSG00000112561.18",0.559473530880268,"ENSG00000112561.18"
"ENSG00000112562.19",0.73220472861753,"ENSG00000112562.19"
"ENSG00000112576.13",0.444524086417325,"ENSG00000112576.13"
"ENSG00000112578.10",0.597765478490668,"ENSG00000112578.10"
"ENSG00000112592.14",0.0831875301679594,"ENSG00000112592.14"
"ENSG00000112624.12",0.0829072261949963,"ENSG00000112624.12"
"ENSG00000112640.15",0.501150274707481,"ENSG00000112640.15"
"ENSG00000112651.12",0.514539964495045,"ENSG00000112651.12"
"ENSG00000112655.16",0.796033207724733,"ENSG00000112655.16"
"ENSG00000112658.8",0.00288805500433483,"ENSG00000112658.8"
"ENSG00000112659.14",-0.0643514254236068,"ENSG00000112659.14"
"ENSG00000112667.13",0.304192781095956,"ENSG00000112667.13"
"ENSG00000112679.14",0.485005158594962,"ENSG00000112679.14"
"ENSG00000112685.14",0.274506702340765,"ENSG00000112685.14"
"ENSG00000112695.11",0.325109053104387,"ENSG00000112695.11"
"ENSG00000112697.17",0.208617095625658,"ENSG00000112697.17"
"ENSG00000112699.11",0.783123493685766,"ENSG00000112699.11"
"ENSG00000112701.18",0.25004788156422,"ENSG00000112701.18"
"ENSG00000112715.24",0.668943387341615,"ENSG00000112715.24"
"ENSG00000112739.17",0.448436687588103,"ENSG00000112739.17"
"ENSG00000112742.10",0.775977338360705,"ENSG00000112742.10"
"ENSG00000112759.19",0.252076290179921,"ENSG00000112759.19"
"ENSG00000112763.17",0.204397562956481,"ENSG00000112763.17"
"ENSG00000112769.20",0.493659666447375,"ENSG00000112769.20"
"ENSG00000112773.16",0.251424918733007,"ENSG00000112773.16"
"ENSG00000112782.19",0.508768404297141,"ENSG00000112782.19"
"ENSG00000112787.13",0.0991003371599737,"ENSG00000112787.13"
"ENSG00000112796.10",0.420630194595981,"ENSG00000112796.10"
"ENSG00000112799.9",0.478137274584034,"ENSG00000112799.9"
"ENSG00000112851.14",0.644219565707676,"ENSG00000112851.14"
"ENSG00000112852.7",-0.097261757815452,"ENSG00000112852.7"
"ENSG00000112855.17",0.211157182077375,"ENSG00000112855.17"
"ENSG00000112874.10",0.431564832401315,"ENSG00000112874.10"
"ENSG00000112877.8",0.207881773399015,"ENSG00000112877.8"
"ENSG00000112893.9",0.224481810860967,"ENSG00000112893.9"
"ENSG00000112902.12",0.691937064982293,"ENSG00000112902.12"
"ENSG00000112936.19",0.586937535998558,"ENSG00000112936.19"
"ENSG00000112941.14",0.334228794229468,"ENSG00000112941.14"
"ENSG00000112972.15",0.601111319936365,"ENSG00000112972.15"
"ENSG00000112977.16",0.458926101378235,"ENSG00000112977.16"
"ENSG00000112981.5",0.304352970297722,"ENSG00000112981.5"
"ENSG00000112983.17",0.309079263964382,"ENSG00000112983.17"
"ENSG00000112984.12",0.591962774040751,"ENSG00000112984.12"
"ENSG00000112992.18",0.451007434045135,"ENSG00000112992.18"
"ENSG00000112996.11",0.243998562386244,"ENSG00000112996.11"
"ENSG00000113013.15",0.548460465080256,"ENSG00000113013.15"
"ENSG00000113048.16",0.225236693625777,"ENSG00000113048.16"
"ENSG00000113068.10",-0.252958483693599,"ENSG00000113068.10"
"ENSG00000113083.14",0.536346239010996,"ENSG00000113083.14"
"ENSG00000113088.6",0.383717204205277,"ENSG00000113088.6"
"ENSG00000113119.12",-0.109147406754063,"ENSG00000113119.12"
"ENSG00000113140.11",0.650097818572486,"ENSG00000113140.11"
"ENSG00000113141.18",-0.0427140115213206,"ENSG00000113141.18"
"ENSG00000113161.16",0.414802536677633,"ENSG00000113161.16"
"ENSG00000113163.17",0.52208417910751,"ENSG00000113163.17"
"ENSG00000113194.13",0.405455895053054,"ENSG00000113194.13"
"ENSG00000113205.5",0.200181970884658,"ENSG00000113205.5"
"ENSG00000113240.13",-0.150891396260972,"ENSG00000113240.13"
"ENSG00000113263.13",0.505405132234323,"ENSG00000113263.13"
"ENSG00000113269.14",0.429321532399933,"ENSG00000113269.14"
"ENSG00000113272.14",-0.00158284690218585,"ENSG00000113272.14"
"ENSG00000113273.17",0.592502077252645,"ENSG00000113273.17"
"ENSG00000113282.13",0.487505494954538,"ENSG00000113282.13"
"ENSG00000113296.14",0.690143352612395,"ENSG00000113296.14"
"ENSG00000113300.13",0.449594827760837,"ENSG00000113300.13"
"ENSG00000113312.11",-0.000328750796522568,"ENSG00000113312.11"
"ENSG00000113318.11",0.220871636521836,"ENSG00000113318.11"
"ENSG00000113319.13",0.204956290388036,"ENSG00000113319.13"
"ENSG00000113356.12",0.140916877385742,"ENSG00000113356.12"
"ENSG00000113360.16",0.507820509837476,"ENSG00000113360.16"
"ENSG00000113361.13",0.887603884906866,"ENSG00000113361.13"
"ENSG00000113368.12",0.417904175647236,"ENSG00000113368.12"
"ENSG00000113384.14",0.604077162348347,"ENSG00000113384.14"
"ENSG00000113387.12",0.460156536975474,"ENSG00000113387.12"
"ENSG00000113389.16",0.844566270476675,"ENSG00000113389.16"
"ENSG00000113391.19",0.538822908183697,"ENSG00000113391.19"
"ENSG00000113396.13",0.790975108233965,"ENSG00000113396.13"
"ENSG00000113407.13",0.31794165971183,"ENSG00000113407.13"
"ENSG00000113430.10",-0.105029476693576,"ENSG00000113430.10"
"ENSG00000113441.16",0.279673554408246,"ENSG00000113441.16"
"ENSG00000113448.19",0.66424308632816,"ENSG00000113448.19"
"ENSG00000113456.19",0.488681407382407,"ENSG00000113456.19"
"ENSG00000113460.13",0.526503785903889,"ENSG00000113460.13"
"ENSG00000113494.17",0.457422168574575,"ENSG00000113494.17"
"ENSG00000113504.21",0.546175202350689,"ENSG00000113504.21"
"ENSG00000113522.14",0.117394926331917,"ENSG00000113522.14"
"ENSG00000113532.13",0.0769932147957919,"ENSG00000113532.13"
"ENSG00000113552.16",0.261566535520045,"ENSG00000113552.16"
"ENSG00000113555.5",0.124544346243909,"ENSG00000113555.5"
"ENSG00000113558.19",0.0218618600954478,"ENSG00000113558.19"
"ENSG00000113569.16",0.294853536996092,"ENSG00000113569.16"
"ENSG00000113578.18",0.590579047503092,"ENSG00000113578.18"
"ENSG00000113580.15",0.794093569550101,"ENSG00000113580.15"
"ENSG00000113583.8",0.0959176189156154,"ENSG00000113583.8"
"ENSG00000113593.12",0.0345294059059839,"ENSG00000113593.12"
"ENSG00000113597.18",-0.00887094179071204,"ENSG00000113597.18"
"ENSG00000113600.11",0.108138593714405,"ENSG00000113600.11"
"ENSG00000113615.13",0.406425321875347,"ENSG00000113615.13"
"ENSG00000113621.15",0.126776589194768,"ENSG00000113621.15"
"ENSG00000113638.14",-0.0475568793323305,"ENSG00000113638.14"
"ENSG00000113643.9",0.0108874291404785,"ENSG00000113643.9"
"ENSG00000113645.14",0.0796572712944191,"ENSG00000113645.14"
"ENSG00000113648.16",0.554539227402248,"ENSG00000113648.16"
"ENSG00000113649.11",0.300361990641697,"ENSG00000113649.11"
"ENSG00000113657.13",0.849637381274654,"ENSG00000113657.13"
"ENSG00000113658.18",0.237662949491407,"ENSG00000113658.18"
"ENSG00000113712.18",0.3066714692502,"ENSG00000113712.18"
"ENSG00000113716.13",0.129621459133911,"ENSG00000113716.13"
"ENSG00000113719.16",0.55526827787426,"ENSG00000113719.16"
"ENSG00000113721.14",0.0627248398646039,"ENSG00000113721.14"
"ENSG00000113734.17",0.18676338158371,"ENSG00000113734.17"
"ENSG00000113739.10",0.496394583327659,"ENSG00000113739.10"
"ENSG00000113742.14",0.354584855464206,"ENSG00000113742.14"
"ENSG00000113758.13",0.637421846406421,"ENSG00000113758.13"
"ENSG00000113761.12",0.41854646171709,"ENSG00000113761.12"
"ENSG00000113790.11",0.580125915413786,"ENSG00000113790.11"
"ENSG00000113805.8",-0.0419026289127073,"ENSG00000113805.8"
"ENSG00000113810.16",0.661320054990751,"ENSG00000113810.16"
"ENSG00000113811.11",-0.012768911546873,"ENSG00000113811.11"
"ENSG00000113812.14",-0.253120093776937,"ENSG00000113812.14"
"ENSG00000113838.13",0.511357305341238,"ENSG00000113838.13"
"ENSG00000113845.10",0.51710267947768,"ENSG00000113845.10"
"ENSG00000113851.14",-0.0076870683283956,"ENSG00000113851.14"
"ENSG00000113889.14",-0.121758307615011,"ENSG00000113889.14"
"ENSG00000113905.5",-0.020050934499054,"ENSG00000113905.5"
"ENSG00000113916.18",0.289096969157389,"ENSG00000113916.18"
"ENSG00000113924.12",0.87570653714665,"ENSG00000113924.12"
"ENSG00000113966.10",0.51788701553029,"ENSG00000113966.10"
"ENSG00000113971.20",0.0621303222022341,"ENSG00000113971.20"
"ENSG00000114013.16",0.421551682983202,"ENSG00000114013.16"
"ENSG00000114019.14",0.0754552148501566,"ENSG00000114019.14"
"ENSG00000114021.12",0.496179371131122,"ENSG00000114021.12"
"ENSG00000114023.15",0.648916762690782,"ENSG00000114023.15"
"ENSG00000114026.21",0.604969968175079,"ENSG00000114026.21"
"ENSG00000114030.13",0.627093125479671,"ENSG00000114030.13"
"ENSG00000114054.14",0.0410155159704885,"ENSG00000114054.14"
"ENSG00000114062.21",0.497147966726014,"ENSG00000114062.21"
"ENSG00000114098.18",-0.104281214444756,"ENSG00000114098.18"
"ENSG00000114107.9",0.0565251519115988,"ENSG00000114107.9"
"ENSG00000114113.6",0.0883737802571957,"ENSG00000114113.6"
"ENSG00000114115.10",0.80922199809711,"ENSG00000114115.10"
"ENSG00000114120.14",-0.145938536697771,"ENSG00000114120.14"
"ENSG00000114125.14",-0.274569300177603,"ENSG00000114125.14"
"ENSG00000114126.17",0.315084339124627,"ENSG00000114126.17"
"ENSG00000114127.10",0.37379388522634,"ENSG00000114127.10"
"ENSG00000114166.8",0.409403649120988,"ENSG00000114166.8"
"ENSG00000114200.10",0.462598887646803,"ENSG00000114200.10"
"ENSG00000114209.15",0.326447444838606,"ENSG00000114209.15"
"ENSG00000114248.10",0.527045877793667,"ENSG00000114248.10"
"ENSG00000114251.14",0.717955829308817,"ENSG00000114251.14"
"ENSG00000114268.12",0.0735741362105732,"ENSG00000114268.12"
"ENSG00000114270.17",0.621010674091496,"ENSG00000114270.17"
"ENSG00000114279.13",0.520556700852878,"ENSG00000114279.13"
"ENSG00000114302.16",0.32878947882947,"ENSG00000114302.16"
"ENSG00000114315.4",0.246174296668833,"ENSG00000114315.4"
"ENSG00000114316.13",0.601835232834343,"ENSG00000114316.13"
"ENSG00000114331.15",0.693238596621046,"ENSG00000114331.15"
"ENSG00000114346.13",0.482328964736759,"ENSG00000114346.13"
"ENSG00000114353.17",0.34363683811735,"ENSG00000114353.17"
"ENSG00000114354.14",-0.00256962334616891,"ENSG00000114354.14"
"ENSG00000114378.17",0.625691709255567,"ENSG00000114378.17"
"ENSG00000114383.10",0.207440434626647,"ENSG00000114383.10"
"ENSG00000114388.14",0.231065737448866,"ENSG00000114388.14"
"ENSG00000114391.13",0.454946896241724,"ENSG00000114391.13"
"ENSG00000114405.10",0.526936713723297,"ENSG00000114405.10"
"ENSG00000114416.18",0.244971848172841,"ENSG00000114416.18"
"ENSG00000114423.23",0.533296214736827,"ENSG00000114423.23"
"ENSG00000114439.19",0.134141256629749,"ENSG00000114439.19"
"ENSG00000114446.5",0.202014480931674,"ENSG00000114446.5"
"ENSG00000114450.10",0.496236215721908,"ENSG00000114450.10"
"ENSG00000114473.14",0.149996713782266,"ENSG00000114473.14"
"ENSG00000114480.13",0.6642727405431,"ENSG00000114480.13"
"ENSG00000114491.14",0.439695189933903,"ENSG00000114491.14"
"ENSG00000114503.11",0.27160111790029,"ENSG00000114503.11"
"ENSG00000114520.11",0.0599305036447155,"ENSG00000114520.11"
"ENSG00000114529.12",-0.0647929197898158,"ENSG00000114529.12"
"ENSG00000114544.16",0.319540987826568,"ENSG00000114544.16"
"ENSG00000114554.11",0.45238657666081,"ENSG00000114554.11"
"ENSG00000114573.10",0.178664426479495,"ENSG00000114573.10"
"ENSG00000114626.18",-0.0867204086448533,"ENSG00000114626.18"
"ENSG00000114631.11",0.608517152053203,"ENSG00000114631.11"
"ENSG00000114648.12",0.131647857532722,"ENSG00000114648.12"
"ENSG00000114650.20",0.588059241887304,"ENSG00000114650.20"
"ENSG00000114654.7",0.0418774618701813,"ENSG00000114654.7"
"ENSG00000114670.14",0.472777655447545,"ENSG00000114670.14"
"ENSG00000114686.9",0.597814239672673,"ENSG00000114686.9"
"ENSG00000114698.15",0.178792995774547,"ENSG00000114698.15"
"ENSG00000114735.9",-0.0412438906839151,"ENSG00000114735.9"
"ENSG00000114737.15",-0.178803418803419,"ENSG00000114737.15"
"ENSG00000114738.11",0.219391375946533,"ENSG00000114738.11"
"ENSG00000114742.14",0.0697888660434325,"ENSG00000114742.14"
"ENSG00000114744.9",-0.0478091398187438,"ENSG00000114744.9"
"ENSG00000114745.13",0.0891319389941929,"ENSG00000114745.13"
"ENSG00000114757.19",0.794511877919882,"ENSG00000114757.19"
"ENSG00000114767.7",0.697583009649572,"ENSG00000114767.7"
"ENSG00000114770.17",0.714196893994365,"ENSG00000114770.17"
"ENSG00000114779.19",0.338124370319863,"ENSG00000114779.19"
"ENSG00000114784.4",0.0337572728875993,"ENSG00000114784.4"
"ENSG00000114790.13",0.803721496804997,"ENSG00000114790.13"
"ENSG00000114796.16",0.388307991311802,"ENSG00000114796.16"
"ENSG00000114805.17",0.275390818109841,"ENSG00000114805.17"
"ENSG00000114812.13",-0.0604382579426241,"ENSG00000114812.13"
"ENSG00000114850.6",0.273664900949356,"ENSG00000114850.6"
"ENSG00000114853.14",0.584424707417588,"ENSG00000114853.14"
"ENSG00000114854.8",0.083154605709086,"ENSG00000114854.8"
"ENSG00000114857.18",0.381963623751008,"ENSG00000114857.18"
"ENSG00000114859.16",0.445277411923445,"ENSG00000114859.16"
"ENSG00000114861.22",-0.224797645863501,"ENSG00000114861.22"
"ENSG00000114867.21",0.680295758179824,"ENSG00000114867.21"
"ENSG00000114902.14",0.0714476357028515,"ENSG00000114902.14"
"ENSG00000114904.13",0.235220869289971,"ENSG00000114904.13"
"ENSG00000114933.16",0.256611891601132,"ENSG00000114933.16"
"ENSG00000114942.14",0.385357192363419,"ENSG00000114942.14"
"ENSG00000114956.20",0.226646249672451,"ENSG00000114956.20"
"ENSG00000114982.19",0.260311519725938,"ENSG00000114982.19"
"ENSG00000114988.11",0.297384398624324,"ENSG00000114988.11"
"ENSG00000114993.17",0.374017118885341,"ENSG00000114993.17"
"ENSG00000114999.8",0.424257732927178,"ENSG00000114999.8"
"ENSG00000115009.13",0.515541658166052,"ENSG00000115009.13"
"ENSG00000115020.17",0.378286395595091,"ENSG00000115020.17"
"ENSG00000115042.10",0.398516102051727,"ENSG00000115042.10"
"ENSG00000115053.16",0.448031192013902,"ENSG00000115053.16"
"ENSG00000115073.8",0.235900194900951,"ENSG00000115073.8"
"ENSG00000115084.15",0.0866799760750899,"ENSG00000115084.15"
"ENSG00000115085.13",0.68734713974924,"ENSG00000115085.13"
"ENSG00000115091.12",0.196503717669874,"ENSG00000115091.12"
"ENSG00000115107.20",0.71157107586437,"ENSG00000115107.20"
"ENSG00000115109.14",0.699625486407147,"ENSG00000115109.14"
"ENSG00000115112.8",0.220753487012211,"ENSG00000115112.8"
"ENSG00000115128.7",-0.0106996665388235,"ENSG00000115128.7"
"ENSG00000115129.14",0.407818926075343,"ENSG00000115129.14"
"ENSG00000115137.12",0.26962481962482,"ENSG00000115137.12"
"ENSG00000115145.10",0.32520309333416,"ENSG00000115145.10"
"ENSG00000115159.16",0.548763243362941,"ENSG00000115159.16"
"ENSG00000115165.10",0.561163069670141,"ENSG00000115165.10"
"ENSG00000115170.15",0.197572736856956,"ENSG00000115170.15"
"ENSG00000115183.15",0.684125775990146,"ENSG00000115183.15"
"ENSG00000115204.15",0.321104777370922,"ENSG00000115204.15"
"ENSG00000115207.13",0.634550720892808,"ENSG00000115207.13"
"ENSG00000115211.16",0.202848414976185,"ENSG00000115211.16"
"ENSG00000115216.14",0.192522122540575,"ENSG00000115216.14"
"ENSG00000115221.12",0.833371448052595,"ENSG00000115221.12"
"ENSG00000115232.14",0.690263908420417,"ENSG00000115232.14"
"ENSG00000115233.12",-0.0411872339611949,"ENSG00000115233.12"
"ENSG00000115234.11",0.146396793939659,"ENSG00000115234.11"
"ENSG00000115239.24",0.406578201328928,"ENSG00000115239.24"
"ENSG00000115241.11",0.453232844968056,"ENSG00000115241.11"
"ENSG00000115252.18",0.231991985286523,"ENSG00000115252.18"
"ENSG00000115255.11",0.67958303963413,"ENSG00000115255.11"
"ENSG00000115267.8",0.592637105040512,"ENSG00000115267.8"
"ENSG00000115268.9",0.259590938967383,"ENSG00000115268.9"
"ENSG00000115271.11",0.131810703300456,"ENSG00000115271.11"
"ENSG00000115275.14",0.505544305661152,"ENSG00000115275.14"
"ENSG00000115282.21",0.316613831558522,"ENSG00000115282.21"
"ENSG00000115286.20",0.345929361949973,"ENSG00000115286.20"
"ENSG00000115289.14",0.240863737956325,"ENSG00000115289.14"
"ENSG00000115290.10",0.56452713556844,"ENSG00000115290.10"
"ENSG00000115295.20",0.160574205918106,"ENSG00000115295.20"
"ENSG00000115306.16",0.500803173885465,"ENSG00000115306.16"
"ENSG00000115307.17",0.475778199128346,"ENSG00000115307.17"
"ENSG00000115310.18",0.149144634941665,"ENSG00000115310.18"
"ENSG00000115317.11",0.272242927772558,"ENSG00000115317.11"
"ENSG00000115318.12",0.0683674344682194,"ENSG00000115318.12"
"ENSG00000115325.13",0.240441505707966,"ENSG00000115325.13"
"ENSG00000115339.14",0.84365931849071,"ENSG00000115339.14"
"ENSG00000115350.12",0.296780747008513,"ENSG00000115350.12"
"ENSG00000115355.17",0.711418460307848,"ENSG00000115355.17"
"ENSG00000115361.8",0.649877935342018,"ENSG00000115361.8"
"ENSG00000115364.14",0.193036701767957,"ENSG00000115364.14"
"ENSG00000115365.12",0.325886922781119,"ENSG00000115365.12"
"ENSG00000115368.10",0.0116374507313511,"ENSG00000115368.10"
"ENSG00000115380.20",0.471733619070917,"ENSG00000115380.20"
"ENSG00000115414.20",0.62702474985147,"ENSG00000115414.20"
"ENSG00000115415.20",0.732220877804499,"ENSG00000115415.20"
"ENSG00000115419.13",0.599179851999876,"ENSG00000115419.13"
"ENSG00000115421.13",0.165255240129862,"ENSG00000115421.13"
"ENSG00000115425.14",0.644647696747178,"ENSG00000115425.14"
"ENSG00000115457.10",0.832315787681804,"ENSG00000115457.10"
"ENSG00000115459.18",-0.0292322916826977,"ENSG00000115459.18"
"ENSG00000115461.5",0.73451065021628,"ENSG00000115461.5"
"ENSG00000115464.15",0.173821931728231,"ENSG00000115464.15"
"ENSG00000115468.12",0.825175339964891,"ENSG00000115468.12"
"ENSG00000115484.15",-0.277031622504808,"ENSG00000115484.15"
"ENSG00000115486.12",0.507086190060535,"ENSG00000115486.12"
"ENSG00000115504.14",0.553511378203798,"ENSG00000115504.14"
"ENSG00000115507.10",0.657435897435897,"ENSG00000115507.10"
"ENSG00000115514.12",0.149582812555423,"ENSG00000115514.12"
"ENSG00000115520.8",0.129953476983985,"ENSG00000115520.8"
"ENSG00000115523.17",0.290366364840597,"ENSG00000115523.17"
"ENSG00000115524.17",0.23559337629556,"ENSG00000115524.17"
"ENSG00000115526.11",0.82445689529235,"ENSG00000115526.11"
"ENSG00000115539.14",0.323638020125176,"ENSG00000115539.14"
"ENSG00000115540.15",-0.13341035452911,"ENSG00000115540.15"
"ENSG00000115541.11",0.620803630955828,"ENSG00000115541.11"
"ENSG00000115548.17",0.408682007381107,"ENSG00000115548.17"
"ENSG00000115556.14",0.30784205995528,"ENSG00000115556.14"
"ENSG00000115561.16",0.21742812928607,"ENSG00000115561.16"
"ENSG00000115568.15",0.271180226756139,"ENSG00000115568.15"
"ENSG00000115593.15",0.536395734440916,"ENSG00000115593.15"
"ENSG00000115594.12",0.473553744807058,"ENSG00000115594.12"
"ENSG00000115596.4",0.241758241758242,"ENSG00000115596.4"
"ENSG00000115602.17",0.0961265976027083,"ENSG00000115602.17"
"ENSG00000115616.3",0.464726997315813,"ENSG00000115616.3"
"ENSG00000115641.19",0.608714342146454,"ENSG00000115641.19"
"ENSG00000115648.14",0.809462731327971,"ENSG00000115648.14"
"ENSG00000115652.14",0.436191739458433,"ENSG00000115652.14"
"ENSG00000115657.14",0.563650040181077,"ENSG00000115657.14"
"ENSG00000115661.14",0.186215610403638,"ENSG00000115661.14"
"ENSG00000115677.17",0.601617782962013,"ENSG00000115677.17"
"ENSG00000115685.15",-0.028084886674971,"ENSG00000115685.15"
"ENSG00000115687.14",0.406299195589795,"ENSG00000115687.14"
"ENSG00000115694.15",0.0416756995956365,"ENSG00000115694.15"
"ENSG00000115718.18",-0.135222564502968,"ENSG00000115718.18"
"ENSG00000115738.10",0.476812352392726,"ENSG00000115738.10"
"ENSG00000115750.17",0.355476042746092,"ENSG00000115750.17"
"ENSG00000115756.13",0.485110503611508,"ENSG00000115756.13"
"ENSG00000115760.14",0.201518645714884,"ENSG00000115760.14"
"ENSG00000115761.16",0.380101257825823,"ENSG00000115761.16"
"ENSG00000115762.16",0.302905510882535,"ENSG00000115762.16"
"ENSG00000115806.13",0.201079283579587,"ENSG00000115806.13"
"ENSG00000115808.12",0.366889878944307,"ENSG00000115808.12"
"ENSG00000115816.15",-0.000593325990759529,"ENSG00000115816.15"
"ENSG00000115825.10",0.2485875478388,"ENSG00000115825.10"
"ENSG00000115828.17",0.418937277692813,"ENSG00000115828.17"
"ENSG00000115839.18",-0.219486618367455,"ENSG00000115839.18"
"ENSG00000115840.14",0.503215978665425,"ENSG00000115840.14"
"ENSG00000115841.21",0.570390674634662,"ENSG00000115841.21"
"ENSG00000115866.11",0.0468782233868549,"ENSG00000115866.11"
"ENSG00000115875.19",0.452097216876201,"ENSG00000115875.19"
"ENSG00000115884.11",0.768038743911072,"ENSG00000115884.11"
"ENSG00000115896.16",0.486388722772736,"ENSG00000115896.16"
"ENSG00000115902.11",0.760317970387473,"ENSG00000115902.11"
"ENSG00000115904.13",0.235288726237918,"ENSG00000115904.13"
"ENSG00000115919.15",0.638799545443933,"ENSG00000115919.15"
"ENSG00000115935.17",0.636041075829801,"ENSG00000115935.17"
"ENSG00000115942.9",0.064006012012222,"ENSG00000115942.9"
"ENSG00000115944.15",0.353353807219358,"ENSG00000115944.15"
"ENSG00000115946.8",0.210668856502311,"ENSG00000115946.8"
"ENSG00000115947.14",-0.00310063918534503,"ENSG00000115947.14"
"ENSG00000115956.10",0.481523841645589,"ENSG00000115956.10"
"ENSG00000115963.13",0.468164800873909,"ENSG00000115963.13"
"ENSG00000115966.17",0.157198129189576,"ENSG00000115966.17"
"ENSG00000115970.18",0.460796467932509,"ENSG00000115970.18"
"ENSG00000115977.19",0.704277451932452,"ENSG00000115977.19"
"ENSG00000115993.13",0.0493418290027404,"ENSG00000115993.13"
"ENSG00000115998.7",-0.0875444872752618,"ENSG00000115998.7"
"ENSG00000116001.17",0.361577314971712,"ENSG00000116001.17"
"ENSG00000116005.12",0.508771624348523,"ENSG00000116005.12"
"ENSG00000116017.11",0.662175974257707,"ENSG00000116017.11"
"ENSG00000116031.9",0.629530371799057,"ENSG00000116031.9"
"ENSG00000116035.4",0.322372787628182,"ENSG00000116035.4"
"ENSG00000116039.13",0.340204923130038,"ENSG00000116039.13"
"ENSG00000116062.17",0.611975220332381,"ENSG00000116062.17"
"ENSG00000116095.11",0.0234745451549663,"ENSG00000116095.11"
"ENSG00000116096.6",0.725622938746769,"ENSG00000116096.6"
"ENSG00000116106.12",0.619952712853896,"ENSG00000116106.12"
"ENSG00000116117.18",0.538165461861611,"ENSG00000116117.18"
"ENSG00000116120.11",0.258190660298024,"ENSG00000116120.11"
"ENSG00000116127.18",0.0933943830573001,"ENSG00000116127.18"
"ENSG00000116128.11",0.725902057670212,"ENSG00000116128.11"
"ENSG00000116132.12",0.426162048918847,"ENSG00000116132.12"
"ENSG00000116133.13",0.752408468123924,"ENSG00000116133.13"
"ENSG00000116138.13",0.144184347454777,"ENSG00000116138.13"
"ENSG00000116141.16",0.812207932052007,"ENSG00000116141.16"
"ENSG00000116147.17",0.638930669225882,"ENSG00000116147.17"
"ENSG00000116157.6",0.491976936243243,"ENSG00000116157.6"
"ENSG00000116161.18",0.537452661225426,"ENSG00000116161.18"
"ENSG00000116171.19",0.0789304775326305,"ENSG00000116171.19"
"ENSG00000116191.17",0.599550547387734,"ENSG00000116191.17"
"ENSG00000116194.13",0.49928805907802,"ENSG00000116194.13"
"ENSG00000116198.13",0.211335446696054,"ENSG00000116198.13"
"ENSG00000116199.12",0.635837700646442,"ENSG00000116199.12"
"ENSG00000116205.14",0.353773606365447,"ENSG00000116205.14"
"ENSG00000116209.12",0.0305263209271239,"ENSG00000116209.12"
"ENSG00000116212.15",0.273235003074086,"ENSG00000116212.15"
"ENSG00000116213.16",0.310148709872061,"ENSG00000116213.16"
"ENSG00000116221.15",0.456471752509892,"ENSG00000116221.15"
"ENSG00000116237.16",0.219669631740242,"ENSG00000116237.16"
"ENSG00000116251.11",-0.0140672306713448,"ENSG00000116251.11"
"ENSG00000116260.17",0.679410233820955,"ENSG00000116260.17"
"ENSG00000116266.11",0.129979533523532,"ENSG00000116266.11"
"ENSG00000116273.6",0.370285558529577,"ENSG00000116273.6"
"ENSG00000116285.13",0.635153177720258,"ENSG00000116285.13"
"ENSG00000116288.13",0.168755741941615,"ENSG00000116288.13"
"ENSG00000116299.17",0.823803502717166,"ENSG00000116299.17"
"ENSG00000116337.19",0.463692467174228,"ENSG00000116337.19"
"ENSG00000116350.17",0.102262400909125,"ENSG00000116350.17"
"ENSG00000116353.16",0.280478952793477,"ENSG00000116353.16"
"ENSG00000116406.19",0.426668630650524,"ENSG00000116406.19"
"ENSG00000116455.14",-0.0704545200378767,"ENSG00000116455.14"
"ENSG00000116459.11",0.232064731061361,"ENSG00000116459.11"
"ENSG00000116473.14",0.146015074219893,"ENSG00000116473.14"
"ENSG00000116478.12",0.347751351783369,"ENSG00000116478.12"
"ENSG00000116489.13",0.270583642806315,"ENSG00000116489.13"
"ENSG00000116497.18",-0.0406801353892697,"ENSG00000116497.18"
"ENSG00000116521.11",0.338621176566632,"ENSG00000116521.11"
"ENSG00000116525.14",0.0219967638444874,"ENSG00000116525.14"
"ENSG00000116539.13",-0.0720731715908536,"ENSG00000116539.13"
"ENSG00000116560.11",0.43326317503037,"ENSG00000116560.11"
"ENSG00000116580.18",-0.00195925676840104,"ENSG00000116580.18"
"ENSG00000116584.20",0.580771128776572,"ENSG00000116584.20"
"ENSG00000116586.12",-0.00303788020764829,"ENSG00000116586.12"
"ENSG00000116604.18",0.418514294573528,"ENSG00000116604.18"
"ENSG00000116641.18",0.305818646588249,"ENSG00000116641.18"
"ENSG00000116649.10",0.46747934098618,"ENSG00000116649.10"
"ENSG00000116661.11",0.69366214997713,"ENSG00000116661.11"
"ENSG00000116663.11",0.442865854929266,"ENSG00000116663.11"
"ENSG00000116667.14",0.589361908656026,"ENSG00000116667.14"
"ENSG00000116668.13",0.158730158730159,"ENSG00000116668.13"
"ENSG00000116670.15",0.491223808496419,"ENSG00000116670.15"
"ENSG00000116675.16",0.526207126756734,"ENSG00000116675.16"
"ENSG00000116679.16",0.508796808737091,"ENSG00000116679.16"
"ENSG00000116685.16",0.328097938149604,"ENSG00000116685.16"
"ENSG00000116688.17",0.414036447412684,"ENSG00000116688.17"
"ENSG00000116690.13",0.458106270914109,"ENSG00000116690.13"
"ENSG00000116698.21",0.0553354284002556,"ENSG00000116698.21"
"ENSG00000116701.15",0.792723574606462,"ENSG00000116701.15"
"ENSG00000116704.8",-0.339484901911906,"ENSG00000116704.8"
"ENSG00000116711.10",0.788410550298745,"ENSG00000116711.10"
"ENSG00000116729.14",0.604568102081342,"ENSG00000116729.14"
"ENSG00000116731.22",0.256632072010055,"ENSG00000116731.22"
"ENSG00000116741.8",0.50457846544181,"ENSG00000116741.8"
"ENSG00000116747.12",0.423764304552014,"ENSG00000116747.12"
"ENSG00000116748.21",0.32887341133759,"ENSG00000116748.21"
"ENSG00000116750.13",0.414673558179707,"ENSG00000116750.13"
"ENSG00000116752.6",0.0650042886524819,"ENSG00000116752.6"
"ENSG00000116754.13",0.113136289564546,"ENSG00000116754.13"
"ENSG00000116761.12",0.335582217568337,"ENSG00000116761.12"
"ENSG00000116771.6",0.830603343051927,"ENSG00000116771.6"
"ENSG00000116774.12",0.503114627436651,"ENSG00000116774.12"
"ENSG00000116785.14",0.129366959508308,"ENSG00000116785.14"
"ENSG00000116786.13",-0.0699641101190019,"ENSG00000116786.13"
"ENSG00000116791.14",0.638361471599285,"ENSG00000116791.14"
"ENSG00000116809.11",0.0773915134281615,"ENSG00000116809.11"
"ENSG00000116815.16",-0.14627297780656,"ENSG00000116815.16"
"ENSG00000116819.8",0.29699451922308,"ENSG00000116819.8"
"ENSG00000116824.5",0.589231425260049,"ENSG00000116824.5"
"ENSG00000116830.12",0.334695299942291,"ENSG00000116830.12"
"ENSG00000116852.14",0.0692555171429813,"ENSG00000116852.14"
"ENSG00000116857.17",0.0894958548803004,"ENSG00000116857.17"
"ENSG00000116863.11",0.292373362450994,"ENSG00000116863.11"
"ENSG00000116871.15",0.599537369751724,"ENSG00000116871.15"
"ENSG00000116874.11",0.516865372422084,"ENSG00000116874.11"
"ENSG00000116882.14",0.551894939468297,"ENSG00000116882.14"
"ENSG00000116885.18",0.670555716042053,"ENSG00000116885.18"
"ENSG00000116898.12",0.614634767136846,"ENSG00000116898.12"
"ENSG00000116903.7",0.28419012225363,"ENSG00000116903.7"
"ENSG00000116906.13",0.0664200083451612,"ENSG00000116906.13"
"ENSG00000116918.15",0.251204353827168,"ENSG00000116918.15"
"ENSG00000116922.14",0.0553766027457593,"ENSG00000116922.14"
"ENSG00000116954.8",0.0901995852523259,"ENSG00000116954.8"
"ENSG00000116962.15",0.478493091031457,"ENSG00000116962.15"
"ENSG00000116977.18",0.599352545769275,"ENSG00000116977.18"
"ENSG00000116984.13",0.693432386046228,"ENSG00000116984.13"
"ENSG00000116991.10",0.301110637339312,"ENSG00000116991.10"
"ENSG00000117000.9",-0.0643162920798327,"ENSG00000117000.9"
"ENSG00000117009.12",0.588069072964133,"ENSG00000117009.12"
"ENSG00000117016.10",0.606001631558165,"ENSG00000117016.10"
"ENSG00000117020.18",0.79552714143912,"ENSG00000117020.18"
"ENSG00000117036.12",0.599069331836503,"ENSG00000117036.12"
"ENSG00000117054.14",0.543040364090204,"ENSG00000117054.14"
"ENSG00000117069.15",0.311352690946718,"ENSG00000117069.15"
"ENSG00000117090.15",0.515532610614991,"ENSG00000117090.15"
"ENSG00000117091.10",0.584838631031293,"ENSG00000117091.10"
"ENSG00000117114.20",0.669634060510719,"ENSG00000117114.20"
"ENSG00000117115.13",0.71083196391619,"ENSG00000117115.13"
"ENSG00000117118.10",0.0589773254279068,"ENSG00000117118.10"
"ENSG00000117122.14",0.554626550060457,"ENSG00000117122.14"
"ENSG00000117133.11",0.0232918826283901,"ENSG00000117133.11"
"ENSG00000117139.18",0.151187539167476,"ENSG00000117139.18"
"ENSG00000117143.13",0.470979168565896,"ENSG00000117143.13"
"ENSG00000117148.8",0.413140249355408,"ENSG00000117148.8"
"ENSG00000117151.13",0.256321989573609,"ENSG00000117151.13"
"ENSG00000117153.16",0.142761409777163,"ENSG00000117153.16"
"ENSG00000117154.12",0.486346190706494,"ENSG00000117154.12"
"ENSG00000117155.16",0.320209414446861,"ENSG00000117155.16"
"ENSG00000117174.11",0.021255598478709,"ENSG00000117174.11"
"ENSG00000117222.14",0.214102728752188,"ENSG00000117222.14"
"ENSG00000117226.12",0.248888383539225,"ENSG00000117226.12"
"ENSG00000117228.10",0.749497638602915,"ENSG00000117228.10"
"ENSG00000117266.15",0.503570887256243,"ENSG00000117266.15"
"ENSG00000117280.13",0.415233935205525,"ENSG00000117280.13"
"ENSG00000117298.16",0.690735057198628,"ENSG00000117298.16"
"ENSG00000117305.15",0.6483607436912,"ENSG00000117305.15"
"ENSG00000117308.15",0.543608896402557,"ENSG00000117308.15"
"ENSG00000117318.9",0.815686274509804,"ENSG00000117318.9"
"ENSG00000117322.18",0.516268218942998,"ENSG00000117322.18"
"ENSG00000117335.20",0.650700386523969,"ENSG00000117335.20"
"ENSG00000117360.13",0.236880949195809,"ENSG00000117360.13"
"ENSG00000117362.13",0.117528538210364,"ENSG00000117362.13"
"ENSG00000117385.16",0.585033549927741,"ENSG00000117385.16"
"ENSG00000117394.23",0.652574232976764,"ENSG00000117394.23"
"ENSG00000117395.12",0.603457691887414,"ENSG00000117395.12"
"ENSG00000117399.14",0.587091921164454,"ENSG00000117399.14"
"ENSG00000117408.11",0.519320383997498,"ENSG00000117408.11"
"ENSG00000117419.16",0.421742388985728,"ENSG00000117419.16"
"ENSG00000117448.13",0.213548947822052,"ENSG00000117448.13"
"ENSG00000117472.10",0.817035181722193,"ENSG00000117472.10"
"ENSG00000117475.14",0.0777700649998414,"ENSG00000117475.14"
"ENSG00000117480.16",0.624694173669895,"ENSG00000117480.16"
"ENSG00000117481.10",0.402515720102038,"ENSG00000117481.10"
"ENSG00000117500.13",0.294339271107665,"ENSG00000117500.13"
"ENSG00000117505.13",-0.0298362731229573,"ENSG00000117505.13"
"ENSG00000117519.16",0.537275848501645,"ENSG00000117519.16"
"ENSG00000117523.16",0.353559781779229,"ENSG00000117523.16"
"ENSG00000117525.14",0.811986387245564,"ENSG00000117525.14"
"ENSG00000117528.14",0.362543122308603,"ENSG00000117528.14"
"ENSG00000117533.15",-0.239209525045105,"ENSG00000117533.15"
"ENSG00000117543.21",0.144835812510551,"ENSG00000117543.21"
"ENSG00000117569.18",0.631395019291136,"ENSG00000117569.18"
"ENSG00000117586.11",0.676477847710724,"ENSG00000117586.11"
"ENSG00000117592.9",0.356405778567541,"ENSG00000117592.9"
"ENSG00000117593.12",0.483989638482984,"ENSG00000117593.12"
"ENSG00000117594.10",0.761565510153964,"ENSG00000117594.10"
"ENSG00000117595.12",0.882853003891366,"ENSG00000117595.12"
"ENSG00000117597.18",0.363716335315533,"ENSG00000117597.18"
"ENSG00000117602.12",0.0318348381010031,"ENSG00000117602.12"
"ENSG00000117614.10",0.0148267486685693,"ENSG00000117614.10"
"ENSG00000117616.18",0.177781877474612,"ENSG00000117616.18"
"ENSG00000117620.15",0.737108013937282,"ENSG00000117620.15"
"ENSG00000117625.13",0.532125068332614,"ENSG00000117625.13"
"ENSG00000117632.23",0.571256415479047,"ENSG00000117632.23"
"ENSG00000117640.18",0.140777067533327,"ENSG00000117640.18"
"ENSG00000117643.14",0.555916526798929,"ENSG00000117643.14"
"ENSG00000117650.13",0.496428571428571,"ENSG00000117650.13"
"ENSG00000117676.14",0.713403022369383,"ENSG00000117676.14"
"ENSG00000117682.17",-0.00471392194128343,"ENSG00000117682.17"
"ENSG00000117691.10",0.25117091363309,"ENSG00000117691.10"
"ENSG00000117697.15",0.0523834578404925,"ENSG00000117697.15"
"ENSG00000117713.20",0.44665518824005,"ENSG00000117713.20"
"ENSG00000117724.13",0.259568829538142,"ENSG00000117724.13"
"ENSG00000117748.10",0.0626273965643704,"ENSG00000117748.10"
"ENSG00000117751.18",0.0219630706026873,"ENSG00000117751.18"
"ENSG00000117758.14",0.334280861734346,"ENSG00000117758.14"
"ENSG00000117791.16",0.645612668578163,"ENSG00000117791.16"
"ENSG00000117859.19",0.191193505490712,"ENSG00000117859.19"
"ENSG00000117862.13",0.148923237313194,"ENSG00000117862.13"
"ENSG00000117868.17",0.354933873438367,"ENSG00000117868.17"
"ENSG00000117877.10",0.363490226242813,"ENSG00000117877.10"
"ENSG00000117899.11",0.136371152443561,"ENSG00000117899.11"
"ENSG00000117906.14",0.52087483067742,"ENSG00000117906.14"
"ENSG00000117983.17",0.719558026653307,"ENSG00000117983.17"
"ENSG00000118004.18",0.618655549349762,"ENSG00000118004.18"
"ENSG00000118007.13",0.0259931730396865,"ENSG00000118007.13"
"ENSG00000118046.16",0.329557141559902,"ENSG00000118046.16"
"ENSG00000118058.23",0.224127089034103,"ENSG00000118058.23"
"ENSG00000118096.8",0.416490859205687,"ENSG00000118096.8"
"ENSG00000118113.12",0.320202720033922,"ENSG00000118113.12"
"ENSG00000118137.9",0.297916960984251,"ENSG00000118137.9"
"ENSG00000118160.14",0.643496441738822,"ENSG00000118160.14"
"ENSG00000118162.14",0.307910845278874,"ENSG00000118162.14"
"ENSG00000118181.11",0.268949528908029,"ENSG00000118181.11"
"ENSG00000118193.12",0.430250901569734,"ENSG00000118193.12"
"ENSG00000118197.14",0.430049619952008,"ENSG00000118197.14"
"ENSG00000118200.14",0.673555792042545,"ENSG00000118200.14"
"ENSG00000118217.6",-0.00263409596125718,"ENSG00000118217.6"
"ENSG00000118242.16",0.3799019335103,"ENSG00000118242.16"
"ENSG00000118246.14",0.246559857497816,"ENSG00000118246.14"
"ENSG00000118257.16",0.312108029517234,"ENSG00000118257.16"
"ENSG00000118260.15",0.0801416515906132,"ENSG00000118260.15"
"ENSG00000118271.11",0.0640318701076441,"ENSG00000118271.11"
"ENSG00000118308.15",0.683509446433557,"ENSG00000118308.15"
"ENSG00000118363.12",0.102253079516707,"ENSG00000118363.12"
"ENSG00000118369.13",0.524928397464615,"ENSG00000118369.13"
"ENSG00000118402.6",0.419663085862244,"ENSG00000118402.6"
"ENSG00000118407.15",0.649350538505658,"ENSG00000118407.15"
"ENSG00000118412.12",0.327731959745713,"ENSG00000118412.12"
"ENSG00000118418.14",0.289389949300087,"ENSG00000118418.14"
"ENSG00000118420.17",0.258782622317547,"ENSG00000118420.17"
"ENSG00000118454.13",0.251463635841434,"ENSG00000118454.13"
"ENSG00000118473.22",0.489370434495466,"ENSG00000118473.22"
"ENSG00000118482.12",0.209664022712524,"ENSG00000118482.12"
"ENSG00000118496.5",0.336817816780612,"ENSG00000118496.5"
"ENSG00000118503.15",0.590197318315501,"ENSG00000118503.15"
"ENSG00000118507.17",0.377297301203849,"ENSG00000118507.17"
"ENSG00000118508.5",0.312266672132708,"ENSG00000118508.5"
"ENSG00000118513.19",0.467473788521907,"ENSG00000118513.19"
"ENSG00000118518.15",0.145050264706448,"ENSG00000118518.15"
"ENSG00000118520.15",-0.0789348336627924,"ENSG00000118520.15"
"ENSG00000118523.6",0.653924719224812,"ENSG00000118523.6"
"ENSG00000118557.16",-0.256921413613408,"ENSG00000118557.16"
"ENSG00000118579.13",0.110154612859745,"ENSG00000118579.13"
"ENSG00000118596.12",0.666659559104544,"ENSG00000118596.12"
"ENSG00000118600.12",0.110752916195921,"ENSG00000118600.12"
"ENSG00000118620.13",0.284249793636891,"ENSG00000118620.13"
"ENSG00000118640.11",0.465724547291104,"ENSG00000118640.11"
"ENSG00000118680.13",0.0588591981116205,"ENSG00000118680.13"
"ENSG00000118689.15",0.0359915697759373,"ENSG00000118689.15"
"ENSG00000118705.17",0.334635577017027,"ENSG00000118705.17"
"ENSG00000118729.11",0.355490658491881,"ENSG00000118729.11"
"ENSG00000118733.17",0.682930559295121,"ENSG00000118733.17"
"ENSG00000118762.8",0.776606006524005,"ENSG00000118762.8"
"ENSG00000118785.14",0.690278333630463,"ENSG00000118785.14"
"ENSG00000118804.8",0.496587344498492,"ENSG00000118804.8"
"ENSG00000118816.10",-0.054710207672574,"ENSG00000118816.10"
"ENSG00000118849.10",0.360793610672633,"ENSG00000118849.10"
"ENSG00000118855.21",0.350548976893585,"ENSG00000118855.21"
"ENSG00000118873.16",0.0326246827820823,"ENSG00000118873.16"
"ENSG00000118894.15",0.544873783333898,"ENSG00000118894.15"
"ENSG00000118898.16",0.807983738584308,"ENSG00000118898.16"
"ENSG00000118900.15",-0.0210536685676442,"ENSG00000118900.15"
"ENSG00000118922.17",0.45091831270013,"ENSG00000118922.17"
"ENSG00000118939.17",0.149486911307293,"ENSG00000118939.17"
"ENSG00000118960.13",0.497963939638566,"ENSG00000118960.13"
"ENSG00000118961.15",0.340663669213528,"ENSG00000118961.15"
"ENSG00000118965.15",0.618689466307161,"ENSG00000118965.15"
"ENSG00000118971.8",-0.057604377936871,"ENSG00000118971.8"
"ENSG00000118985.16",0.293258876211187,"ENSG00000118985.16"
"ENSG00000119004.16",0.404761518754516,"ENSG00000119004.16"
"ENSG00000119013.9",0.162374870665545,"ENSG00000119013.9"
"ENSG00000119041.11",0.227435370252408,"ENSG00000119041.11"
"ENSG00000119042.17",0.406094973906375,"ENSG00000119042.17"
"ENSG00000119048.8",0.273418818053194,"ENSG00000119048.8"
"ENSG00000119147.10",0.287975349119958,"ENSG00000119147.10"
"ENSG00000119185.12",0.0038248181942093,"ENSG00000119185.12"
"ENSG00000119203.14",0.130815074462284,"ENSG00000119203.14"
"ENSG00000119231.11",0.369192062619049,"ENSG00000119231.11"
"ENSG00000119242.8",0.621254425411762,"ENSG00000119242.8"
"ENSG00000119280.17",0.76426588071458,"ENSG00000119280.17"
"ENSG00000119285.11",0.143450521641104,"ENSG00000119285.11"
"ENSG00000119314.15",0.494879454981906,"ENSG00000119314.15"
"ENSG00000119318.13",0.368450631753899,"ENSG00000119318.13"
"ENSG00000119321.9",0.437538009271306,"ENSG00000119321.9"
"ENSG00000119326.15",0.072378156752679,"ENSG00000119326.15"
"ENSG00000119328.12",0.0656367047258892,"ENSG00000119328.12"
"ENSG00000119333.11",0.221711716222789,"ENSG00000119333.11"
"ENSG00000119335.17",0.16635635751083,"ENSG00000119335.17"
"ENSG00000119383.19",0.034946464419953,"ENSG00000119383.19"
"ENSG00000119392.15",0.278612683721829,"ENSG00000119392.15"
"ENSG00000119396.11",0.151491067304948,"ENSG00000119396.11"
"ENSG00000119397.16",0.526245339898592,"ENSG00000119397.16"
"ENSG00000119401.10",0.277822014671799,"ENSG00000119401.10"
"ENSG00000119402.17",0.158976780238997,"ENSG00000119402.17"
"ENSG00000119408.16",0.618792156901726,"ENSG00000119408.16"
"ENSG00000119411.11",0.699452484616716,"ENSG00000119411.11"
"ENSG00000119414.11",-0.294752611426043,"ENSG00000119414.11"
"ENSG00000119421.7",0.11763476587708,"ENSG00000119421.7"
"ENSG00000119431.9",0.620032327183624,"ENSG00000119431.9"
"ENSG00000119446.14",0.142443918737116,"ENSG00000119446.14"
"ENSG00000119471.15",0.583078929546224,"ENSG00000119471.15"
"ENSG00000119487.17",-0.139693995005641,"ENSG00000119487.17"
"ENSG00000119508.18",0.489300930093009,"ENSG00000119508.18"
"ENSG00000119509.13",0.447888502368092,"ENSG00000119509.13"
"ENSG00000119522.16",0.329749796416498,"ENSG00000119522.16"
"ENSG00000119523.10",0.00687304184057286,"ENSG00000119523.10"
"ENSG00000119537.18",0.271845240239601,"ENSG00000119537.18"
"ENSG00000119541.10",0.235913575772777,"ENSG00000119541.10"
"ENSG00000119559.17",0.201277276969563,"ENSG00000119559.17"
"ENSG00000119574.13",-0.296828660639522,"ENSG00000119574.13"
"ENSG00000119596.18",0.678682972289284,"ENSG00000119596.18"
"ENSG00000119599.17",0.659311740890688,"ENSG00000119599.17"
"ENSG00000119616.11",0.0660052476924103,"ENSG00000119616.11"
"ENSG00000119638.13",0.475817363408285,"ENSG00000119638.13"
"ENSG00000119640.9",0.161521596445844,"ENSG00000119640.9"
"ENSG00000119650.12",0.361151467028216,"ENSG00000119650.12"
"ENSG00000119655.11",0.407148447364487,"ENSG00000119655.11"
"ENSG00000119661.15",0.0948036389542962,"ENSG00000119661.15"
"ENSG00000119669.5",0.515304462874366,"ENSG00000119669.5"
"ENSG00000119673.14",0.490386794844069,"ENSG00000119673.14"
"ENSG00000119681.12",0.783943500882214,"ENSG00000119681.12"
"ENSG00000119684.15",0.193749010557546,"ENSG00000119684.15"
"ENSG00000119685.20",0.112048278631736,"ENSG00000119685.20"
"ENSG00000119688.21",0.595433064326938,"ENSG00000119688.21"
"ENSG00000119689.15",0.336540713785252,"ENSG00000119689.15"
"ENSG00000119699.7",0.748960905567309,"ENSG00000119699.7"
"ENSG00000119705.10",0.250809040058447,"ENSG00000119705.10"
"ENSG00000119707.14",0.276691905761083,"ENSG00000119707.14"
"ENSG00000119711.13",0.705922462199061,"ENSG00000119711.13"
"ENSG00000119718.11",-0.132556928378618,"ENSG00000119718.11"
"ENSG00000119720.18",0.434128070704915,"ENSG00000119720.18"
"ENSG00000119723.17",0.33339285483426,"ENSG00000119723.17"
"ENSG00000119725.20",0.234772790995846,"ENSG00000119725.20"
"ENSG00000119729.12",0.174034849949279,"ENSG00000119729.12"
"ENSG00000119760.16",0.134587723970384,"ENSG00000119760.16"
"ENSG00000119771.15",0.350893852707045,"ENSG00000119771.15"
"ENSG00000119772.16",0.548911457842969,"ENSG00000119772.16"
"ENSG00000119778.15",0.406486153544356,"ENSG00000119778.15"
"ENSG00000119782.14",0.386924778572331,"ENSG00000119782.14"
"ENSG00000119787.14",0.328844421371828,"ENSG00000119787.14"
"ENSG00000119801.13",-0.00937619009414665,"ENSG00000119801.13"
"ENSG00000119812.19",0.184290273455312,"ENSG00000119812.19"
"ENSG00000119820.11",0.0184722211043452,"ENSG00000119820.11"
"ENSG00000119844.15",-0.0188274632496191,"ENSG00000119844.15"
"ENSG00000119862.13",0.324233455282514,"ENSG00000119862.13"
"ENSG00000119865.9",0.710743930867798,"ENSG00000119865.9"
"ENSG00000119866.22",0.624035744656049,"ENSG00000119866.22"
"ENSG00000119878.6",0.218187222193584,"ENSG00000119878.6"
"ENSG00000119888.11",0.831189317107577,"ENSG00000119888.11"
"ENSG00000119899.13",0.632615518177038,"ENSG00000119899.13"
"ENSG00000119900.9",0.579785640943449,"ENSG00000119900.9"
"ENSG00000119906.13",-0.0297933880766238,"ENSG00000119906.13"
"ENSG00000119912.17",0.488506734689875,"ENSG00000119912.17"
"ENSG00000119917.14",0.693624120019501,"ENSG00000119917.14"
"ENSG00000119922.10",0.559902644237018,"ENSG00000119922.10"
"ENSG00000119927.14",0.347919089610345,"ENSG00000119927.14"
"ENSG00000119929.13",0.456252415024207,"ENSG00000119929.13"
"ENSG00000119943.13",0.350241385808805,"ENSG00000119943.13"
"ENSG00000119953.13",0.133510386646537,"ENSG00000119953.13"
"ENSG00000119965.13",0.184007528105511,"ENSG00000119965.13"
"ENSG00000119969.15",0.567737286384843,"ENSG00000119969.15"
"ENSG00000119977.21",0.541592286040815,"ENSG00000119977.21"
"ENSG00000119979.18",-0.1493059681677,"ENSG00000119979.18"
"ENSG00000120008.16",-0.0222748485013195,"ENSG00000120008.16"
"ENSG00000120029.13",0.49518361886647,"ENSG00000120029.13"
"ENSG00000120053.12",0.263810303353722,"ENSG00000120053.12"
"ENSG00000120054.12",-0.170920267174243,"ENSG00000120054.12"
"ENSG00000120063.10",0.11484767583967,"ENSG00000120063.10"
"ENSG00000120071.14",0.198309294218104,"ENSG00000120071.14"
"ENSG00000120075.5",0.694032253970896,"ENSG00000120075.5"
"ENSG00000120137.7",0.0193449648323076,"ENSG00000120137.7"
"ENSG00000120149.9",0.61148300690022,"ENSG00000120149.9"
"ENSG00000120158.12",0.237403979355404,"ENSG00000120158.12"
"ENSG00000120159.13",-0.167620590426875,"ENSG00000120159.13"
"ENSG00000120162.10",0.698395308430896,"ENSG00000120162.10"
"ENSG00000120217.14",0.537562667848655,"ENSG00000120217.14"
"ENSG00000120251.20",0.533415928465451,"ENSG00000120251.20"
"ENSG00000120253.14",-0.0731949644282335,"ENSG00000120253.14"
"ENSG00000120254.15",0.667860015314105,"ENSG00000120254.15"
"ENSG00000120256.11",0.297260593439287,"ENSG00000120256.11"
"ENSG00000120262.10",0.024102991876515,"ENSG00000120262.10"
"ENSG00000120265.18",-0.0610936013379782,"ENSG00000120265.18"
"ENSG00000120278.16",0.548638125874512,"ENSG00000120278.16"
"ENSG00000120279.6",0.352438081003506,"ENSG00000120279.6"
"ENSG00000120280.6",0.285145176210796,"ENSG00000120280.6"
"ENSG00000120289.12",0.365543173314016,"ENSG00000120289.12"
"ENSG00000120306.11",0.462976599042334,"ENSG00000120306.11"
"ENSG00000120314.18",0.227050634143315,"ENSG00000120314.18"
"ENSG00000120318.16",0.543615633686946,"ENSG00000120318.16"
"ENSG00000120322.4",0.170138656849455,"ENSG00000120322.4"
"ENSG00000120328.6",0.0380681818181818,"ENSG00000120328.6"
"ENSG00000120332.16",0.560856167567648,"ENSG00000120332.16"
"ENSG00000120333.4",0.23466035584573,"ENSG00000120333.4"
"ENSG00000120334.15",0.103920702793309,"ENSG00000120334.15"
"ENSG00000120341.18",0.526111910981799,"ENSG00000120341.18"
"ENSG00000120370.12",0.402841690821516,"ENSG00000120370.12"
"ENSG00000120437.9",0.275729127966572,"ENSG00000120437.9"
"ENSG00000120438.12",0.0677971596696277,"ENSG00000120438.12"
"ENSG00000120451.10",0.254850231866956,"ENSG00000120451.10"
"ENSG00000120458.12",0.135295573268138,"ENSG00000120458.12"
"ENSG00000120509.10",-0.210859916183602,"ENSG00000120509.10"
"ENSG00000120519.15",0.406559353995867,"ENSG00000120519.15"
"ENSG00000120526.11",0.27383652455604,"ENSG00000120526.11"
"ENSG00000120533.13",0.151084251171503,"ENSG00000120533.13"
"ENSG00000120539.15",0.427569560103922,"ENSG00000120539.15"
"ENSG00000120549.18",0.733484858612989,"ENSG00000120549.18"
"ENSG00000120594.17",0.408960225283657,"ENSG00000120594.17"
"ENSG00000120616.16",0.277436229219717,"ENSG00000120616.16"
"ENSG00000120647.10",0.0117797533339368,"ENSG00000120647.10"
"ENSG00000120656.11",0.107577631181699,"ENSG00000120656.11"
"ENSG00000120662.16",0.0928036644917094,"ENSG00000120662.16"
"ENSG00000120675.6",0.75115320477691,"ENSG00000120675.6"
"ENSG00000120685.20",0.248953043312212,"ENSG00000120685.20"
"ENSG00000120686.12",0.037452414679787,"ENSG00000120686.12"
"ENSG00000120688.9",0.229633643775299,"ENSG00000120688.9"
"ENSG00000120690.16",0.418027456678467,"ENSG00000120690.16"
"ENSG00000120694.20",0.577429355002316,"ENSG00000120694.20"
"ENSG00000120696.9",0.357285230272965,"ENSG00000120696.9"
"ENSG00000120697.9",0.211701248152877,"ENSG00000120697.9"
"ENSG00000120699.13",-0.0704439460111844,"ENSG00000120699.13"
"ENSG00000120705.13",0.0816188824258142,"ENSG00000120705.13"
"ENSG00000120708.17",0.601792327136473,"ENSG00000120708.17"
"ENSG00000120709.11",0.588293875088803,"ENSG00000120709.11"
"ENSG00000120725.13",0.406747730791562,"ENSG00000120725.13"
"ENSG00000120727.13",-0.0225319467095308,"ENSG00000120727.13"
"ENSG00000120729.10",0.779420969591129,"ENSG00000120729.10"
"ENSG00000120733.14",0.111223997843057,"ENSG00000120733.14"
"ENSG00000120738.8",0.153228458092293,"ENSG00000120738.8"
"ENSG00000120756.13",0.903431208975684,"ENSG00000120756.13"
"ENSG00000120798.17",0.168663402444085,"ENSG00000120798.17"
"ENSG00000120800.5",0.222982883327664,"ENSG00000120800.5"
"ENSG00000120802.13",0.612746300683868,"ENSG00000120802.13"
"ENSG00000120805.14",0.21855080950124,"ENSG00000120805.14"
"ENSG00000120820.12",0.427998717145262,"ENSG00000120820.12"
"ENSG00000120832.10",0.42792236257126,"ENSG00000120832.10"
"ENSG00000120833.14",0.467016272756312,"ENSG00000120833.14"
"ENSG00000120837.8",0.162564499703779,"ENSG00000120837.8"
"ENSG00000120860.11",-0.00962807732390345,"ENSG00000120860.11"
"ENSG00000120868.14",0.460866343480168,"ENSG00000120868.14"
"ENSG00000120875.9",0.662012395064227,"ENSG00000120875.9"
"ENSG00000120885.22",0.476443847283357,"ENSG00000120885.22"
"ENSG00000120889.13",0.194508432773735,"ENSG00000120889.13"
"ENSG00000120896.13",0.147135026566358,"ENSG00000120896.13"
"ENSG00000120899.18",0.500798182631037,"ENSG00000120899.18"
"ENSG00000120910.14",0.323525312389471,"ENSG00000120910.14"
"ENSG00000120913.23",0.427623460373756,"ENSG00000120913.23"
"ENSG00000120915.14",0.705583655815752,"ENSG00000120915.14"
"ENSG00000120925.16",0.216363860471234,"ENSG00000120925.16"
"ENSG00000120942.13",0.0077830824874063,"ENSG00000120942.13"
"ENSG00000120948.18",0.354635168839138,"ENSG00000120948.18"
"ENSG00000120963.12",0.310491204877261,"ENSG00000120963.12"
"ENSG00000120992.18",0.248187116203972,"ENSG00000120992.18"
"ENSG00000121005.9",0.545173045103765,"ENSG00000121005.9"
"ENSG00000121022.14",-0.308717959852165,"ENSG00000121022.14"
"ENSG00000121039.10",0.715945806686194,"ENSG00000121039.10"
"ENSG00000121053.6",-0.108007773765305,"ENSG00000121053.6"
"ENSG00000121057.13",0.44051255829101,"ENSG00000121057.13"
"ENSG00000121058.5",0.563038423364894,"ENSG00000121058.5"
"ENSG00000121060.18",0.3122789699798,"ENSG00000121060.18"
"ENSG00000121064.13",0.765844561478792,"ENSG00000121064.13"
"ENSG00000121067.19",-0.0196812732391068,"ENSG00000121067.19"
"ENSG00000121068.14",0.276339597864222,"ENSG00000121068.14"
"ENSG00000121073.15",0.0861901622225658,"ENSG00000121073.15"
"ENSG00000121104.8",0.178892484681391,"ENSG00000121104.8"
"ENSG00000121152.10",0.63331536612095,"ENSG00000121152.10"
"ENSG00000121210.16",0.279896310956547,"ENSG00000121210.16"
"ENSG00000121211.8",0.119051915232283,"ENSG00000121211.8"
"ENSG00000121270.15",0.426981103501092,"ENSG00000121270.15"
"ENSG00000121274.13",0.254430638125856,"ENSG00000121274.13"
"ENSG00000121281.13",0.311589234260988,"ENSG00000121281.13"
"ENSG00000121289.18",0.139569427569403,"ENSG00000121289.18"
"ENSG00000121297.8",-0.0385273904902282,"ENSG00000121297.8"
"ENSG00000121310.17",0.542792102178436,"ENSG00000121310.17"
"ENSG00000121316.11",0.60169690574704,"ENSG00000121316.11"
"ENSG00000121350.16",0.378689015416607,"ENSG00000121350.16"
"ENSG00000121380.12",0.79130544221895,"ENSG00000121380.12"
"ENSG00000121390.19",0.563431637567254,"ENSG00000121390.19"
"ENSG00000121406.9",0.213237432192738,"ENSG00000121406.9"
"ENSG00000121410.12",0.119200534274606,"ENSG00000121410.12"
"ENSG00000121413.12",0.767495136354529,"ENSG00000121413.12"
"ENSG00000121440.15",0.38066494502698,"ENSG00000121440.15"
"ENSG00000121481.11",0.0559677569614427,"ENSG00000121481.11"
"ENSG00000121486.12",0.367259602887782,"ENSG00000121486.12"
"ENSG00000121542.12",0.165469699000756,"ENSG00000121542.12"
"ENSG00000121552.4",0.668174055248737,"ENSG00000121552.4"
"ENSG00000121578.13",0.636599568680129,"ENSG00000121578.13"
"ENSG00000121579.13",0.383544711035962,"ENSG00000121579.13"
"ENSG00000121621.7",0.455594684891836,"ENSG00000121621.7"
"ENSG00000121644.19",0.240233529639047,"ENSG00000121644.19"
"ENSG00000121653.11",0.0909675085538184,"ENSG00000121653.11"
"ENSG00000121671.12",0.349274161807586,"ENSG00000121671.12"
"ENSG00000121680.16",0.136335098486546,"ENSG00000121680.16"
"ENSG00000121741.16",0.419185139900983,"ENSG00000121741.16"
"ENSG00000121743.4",0.201432868316328,"ENSG00000121743.4"
"ENSG00000121749.15",-0.0503034692724322,"ENSG00000121749.15"
"ENSG00000121766.15",0.356049862939435,"ENSG00000121766.15"
"ENSG00000121774.18",0.451732043090173,"ENSG00000121774.18"
"ENSG00000121797.10",0.424912850181841,"ENSG00000121797.10"
"ENSG00000121851.13",0.330043390672134,"ENSG00000121851.13"
"ENSG00000121858.11",0.701153478905881,"ENSG00000121858.11"
"ENSG00000121864.10",-0.0123283390298417,"ENSG00000121864.10"
"ENSG00000121879.5",0.233033823695173,"ENSG00000121879.5"
"ENSG00000121892.15",0.092559458614887,"ENSG00000121892.15"
"ENSG00000121897.15",0.388233784353168,"ENSG00000121897.15"
"ENSG00000121898.13",0.661310394160829,"ENSG00000121898.13"
"ENSG00000121931.16",0.259855563197062,"ENSG00000121931.16"
"ENSG00000121940.15",0.538890126273819,"ENSG00000121940.15"
"ENSG00000121957.14",0.344270572357991,"ENSG00000121957.14"
"ENSG00000121964.14",0.362532447130668,"ENSG00000121964.14"
"ENSG00000121966.7",0.146826743468084,"ENSG00000121966.7"
"ENSG00000121988.18",0.377664695779532,"ENSG00000121988.18"
"ENSG00000122008.15",0.0910753973067288,"ENSG00000122008.15"
"ENSG00000122026.10",0.17133887803017,"ENSG00000122026.10"
"ENSG00000122033.14",0.298538605946007,"ENSG00000122033.14"
"ENSG00000122034.16",0.276020127304286,"ENSG00000122034.16"
"ENSG00000122068.13",0.491246791417079,"ENSG00000122068.13"
"ENSG00000122085.17",-0.0984418247644819,"ENSG00000122085.17"
"ENSG00000122122.10",0.563017179200008,"ENSG00000122122.10"
"ENSG00000122126.17",0.595106610516486,"ENSG00000122126.17"
"ENSG00000122140.11",0.33086754272359,"ENSG00000122140.11"
"ENSG00000122176.12",0.627379299335754,"ENSG00000122176.12"
"ENSG00000122188.13",0.668590982830255,"ENSG00000122188.13"
"ENSG00000122194.18",-0.0596845554762146,"ENSG00000122194.18"
"ENSG00000122203.15",0.431694889615803,"ENSG00000122203.15"
"ENSG00000122218.16",0.448553790685009,"ENSG00000122218.16"
"ENSG00000122224.18",0.26233307229177,"ENSG00000122224.18"
"ENSG00000122257.20",0.310103497411296,"ENSG00000122257.20"
"ENSG00000122299.12",0.365163954272561,"ENSG00000122299.12"
"ENSG00000122335.17",0.497000417102663,"ENSG00000122335.17"
"ENSG00000122359.18",0.65388022840789,"ENSG00000122359.18"
"ENSG00000122367.19",0.169055066652928,"ENSG00000122367.19"
"ENSG00000122376.11",0.250344115785732,"ENSG00000122376.11"
"ENSG00000122378.14",0.687212063141445,"ENSG00000122378.14"
"ENSG00000122386.10",-0.0217923186344239,"ENSG00000122386.10"
"ENSG00000122406.14",0.211693620764422,"ENSG00000122406.14"
"ENSG00000122417.15",0.750473566021244,"ENSG00000122417.15"
"ENSG00000122435.10",0.110323622977123,"ENSG00000122435.10"
"ENSG00000122481.17",0.202493102733866,"ENSG00000122481.17"
"ENSG00000122482.21",-0.18600759243704,"ENSG00000122482.21"
"ENSG00000122483.17",0.163309239757652,"ENSG00000122483.17"
"ENSG00000122484.9",0.00600581348581043,"ENSG00000122484.9"
"ENSG00000122490.19",0.170275142078364,"ENSG00000122490.19"
"ENSG00000122507.21",0.423589258633045,"ENSG00000122507.21"
"ENSG00000122512.16",0.382021409147666,"ENSG00000122512.16"
"ENSG00000122515.15",0.37128411388755,"ENSG00000122515.15"
"ENSG00000122545.20",0.165950448132086,"ENSG00000122545.20"
"ENSG00000122547.11",0.716653405507563,"ENSG00000122547.11"
"ENSG00000122550.18",0.30867156870726,"ENSG00000122550.18"
"ENSG00000122557.10",0.357677308464059,"ENSG00000122557.10"
"ENSG00000122565.19",0.271947600455348,"ENSG00000122565.19"
"ENSG00000122566.21",0.212504579405998,"ENSG00000122566.21"
"ENSG00000122574.10",0.446684770621129,"ENSG00000122574.10"
"ENSG00000122585.8",0.593826979306751,"ENSG00000122585.8"
"ENSG00000122591.12",0.771844839149436,"ENSG00000122591.12"
"ENSG00000122641.11",0.631745795268158,"ENSG00000122641.11"
"ENSG00000122642.11",0.5077344039613,"ENSG00000122642.11"
"ENSG00000122643.22",0.471432179816067,"ENSG00000122643.22"
"ENSG00000122678.17",0.218138833060259,"ENSG00000122678.17"
"ENSG00000122679.8",0.584438007666039,"ENSG00000122679.8"
"ENSG00000122687.19",-0.0696178634182763,"ENSG00000122687.19"
"ENSG00000122692.9",-0.0109200731090157,"ENSG00000122692.9"
"ENSG00000122694.16",0.506832099829468,"ENSG00000122694.16"
"ENSG00000122696.14",0.234277700024745,"ENSG00000122696.14"
"ENSG00000122705.17",-0.0703413521928524,"ENSG00000122705.17"
"ENSG00000122707.12",0.351942253640497,"ENSG00000122707.12"
"ENSG00000122729.19",0.384705616093336,"ENSG00000122729.19"
"ENSG00000122741.16",0.249358311551764,"ENSG00000122741.16"
"ENSG00000122756.15",0.728161268086582,"ENSG00000122756.15"
"ENSG00000122778.10",0.0753648086850076,"ENSG00000122778.10"
"ENSG00000122779.18",0.420007593005369,"ENSG00000122779.18"
"ENSG00000122783.16",-0.230162221270199,"ENSG00000122783.16"
"ENSG00000122786.20",0.503111091973028,"ENSG00000122786.20"
"ENSG00000122824.11",0.520183999965901,"ENSG00000122824.11"
"ENSG00000122861.16",0.787698769587992,"ENSG00000122861.16"
"ENSG00000122862.5",0.400100279149367,"ENSG00000122862.5"
"ENSG00000122863.6",0.0993304384099041,"ENSG00000122863.6"
"ENSG00000122870.12",0.755448310572885,"ENSG00000122870.12"
"ENSG00000122873.12",0.0404375293578639,"ENSG00000122873.12"
"ENSG00000122877.16",0.463229590214971,"ENSG00000122877.16"
"ENSG00000122882.11",0.164440226561456,"ENSG00000122882.11"
"ENSG00000122884.12",0.593596687538545,"ENSG00000122884.12"
"ENSG00000122912.15",0.305301974896685,"ENSG00000122912.15"
"ENSG00000122952.17",0.358986318722473,"ENSG00000122952.17"
"ENSG00000122958.15",0.16891346319939,"ENSG00000122958.15"
"ENSG00000122965.11",0.31724887329795,"ENSG00000122965.11"
"ENSG00000122966.16",0.755218002772429,"ENSG00000122966.16"
"ENSG00000122971.9",0.695455749847438,"ENSG00000122971.9"
"ENSG00000122986.13",0.506996165875104,"ENSG00000122986.13"
"ENSG00000123064.12",0.16355449782592,"ENSG00000123064.12"
"ENSG00000123066.8",0.082803423494156,"ENSG00000123066.8"
"ENSG00000123080.12",0.403235709511011,"ENSG00000123080.12"
"ENSG00000123091.5",0.216450097582148,"ENSG00000123091.5"
"ENSG00000123094.15",0.551477024919982,"ENSG00000123094.15"
"ENSG00000123095.6",0.434059766258782,"ENSG00000123095.6"
"ENSG00000123096.11",0.129924006630279,"ENSG00000123096.11"
"ENSG00000123104.12",0.680634683976379,"ENSG00000123104.12"
"ENSG00000123106.10",0.276784876889116,"ENSG00000123106.10"
"ENSG00000123124.14",-0.017707987493652,"ENSG00000123124.14"
"ENSG00000123130.17",0.340215699764407,"ENSG00000123130.17"
"ENSG00000123131.13",0.317272974112629,"ENSG00000123131.13"
"ENSG00000123136.15",0.507226227233164,"ENSG00000123136.15"
"ENSG00000123143.13",0.581053915393356,"ENSG00000123143.13"
"ENSG00000123144.11",0.213199900864006,"ENSG00000123144.11"
"ENSG00000123146.20",0.590975365008976,"ENSG00000123146.20"
"ENSG00000123154.12",-0.0241738731108083,"ENSG00000123154.12"
"ENSG00000123159.16",0.471869488287263,"ENSG00000123159.16"
"ENSG00000123165.8",-0.145498081063033,"ENSG00000123165.8"
"ENSG00000123178.15",-0.0343605106157716,"ENSG00000123178.15"
"ENSG00000123191.16",0.456141223338566,"ENSG00000123191.16"
"ENSG00000123200.16",-0.00540620474890539,"ENSG00000123200.16"
"ENSG00000123213.23",0.487703440619471,"ENSG00000123213.23"
"ENSG00000123219.13",0.243416038492013,"ENSG00000123219.13"
"ENSG00000123240.17",0.330273231918099,"ENSG00000123240.17"
"ENSG00000123243.15",0.682551143992085,"ENSG00000123243.15"
"ENSG00000123268.9",0.554925278055856,"ENSG00000123268.9"
"ENSG00000123297.20",0.435511027364094,"ENSG00000123297.20"
"ENSG00000123329.20",0.531657776990346,"ENSG00000123329.20"
"ENSG00000123338.13",0.52613922536016,"ENSG00000123338.13"
"ENSG00000123342.16",0.372212220988505,"ENSG00000123342.16"
"ENSG00000123349.14",-0.00569963308215856,"ENSG00000123349.14"
"ENSG00000123352.18",0.499460898667233,"ENSG00000123352.18"
"ENSG00000123353.10",0.364111557661511,"ENSG00000123353.10"
"ENSG00000123358.20",0.303960467841058,"ENSG00000123358.20"
"ENSG00000123360.12",0.53813781130734,"ENSG00000123360.12"
"ENSG00000123374.11",0.377052098192552,"ENSG00000123374.11"
"ENSG00000123384.14",0.67363429934064,"ENSG00000123384.14"
"ENSG00000123388.4",0.717412510291028,"ENSG00000123388.4"
"ENSG00000123395.14",0.169570134855685,"ENSG00000123395.14"
"ENSG00000123407.4",0.704124295990365,"ENSG00000123407.4"
"ENSG00000123411.15",0.47766240846849,"ENSG00000123411.15"
"ENSG00000123415.15",0.327732543884919,"ENSG00000123415.15"
"ENSG00000123444.14",0.165220292649245,"ENSG00000123444.14"
"ENSG00000123453.18",0.630568494225847,"ENSG00000123453.18"
"ENSG00000123454.12",0.155978676903404,"ENSG00000123454.12"
"ENSG00000123472.12",0.298769506243989,"ENSG00000123472.12"
"ENSG00000123473.15",0.292215624273199,"ENSG00000123473.15"
"ENSG00000123485.12",0.440720849141818,"ENSG00000123485.12"
"ENSG00000123500.10",0.541772436550607,"ENSG00000123500.10"
"ENSG00000123505.18",0.0818398174868831,"ENSG00000123505.18"
"ENSG00000123545.6",0.487418708968851,"ENSG00000123545.6"
"ENSG00000123552.17",0.023934800902634,"ENSG00000123552.17"
"ENSG00000123561.15",-0.0553634488372841,"ENSG00000123561.15"
"ENSG00000123562.17",0.379398947082924,"ENSG00000123562.17"
"ENSG00000123572.17",0.0676987038518559,"ENSG00000123572.17"
"ENSG00000123575.9",0.164875474953679,"ENSG00000123575.9"
"ENSG00000123595.8",0.231691172809079,"ENSG00000123595.8"
"ENSG00000123600.20",0.159411830653809,"ENSG00000123600.20"
"ENSG00000123607.15",0.470783072187582,"ENSG00000123607.15"
"ENSG00000123609.11",0.131694305951127,"ENSG00000123609.11"
"ENSG00000123610.5",0.561626292360423,"ENSG00000123610.5"
"ENSG00000123636.18",0.252840637734518,"ENSG00000123636.18"
"ENSG00000123643.13",-0.244307106342197,"ENSG00000123643.13"
"ENSG00000123684.13",0.427396645583698,"ENSG00000123684.13"
"ENSG00000123728.10",-0.0268463655249811,"ENSG00000123728.10"
"ENSG00000123737.13",-0.0344070355675809,"ENSG00000123737.13"
"ENSG00000123739.11",0.233637110669711,"ENSG00000123739.11"
"ENSG00000123810.8",0.342455608933012,"ENSG00000123810.8"
"ENSG00000123815.12",0.223401536408375,"ENSG00000123815.12"
"ENSG00000123836.15",0.736718410498415,"ENSG00000123836.15"
"ENSG00000123838.11",0.305512354337066,"ENSG00000123838.11"
"ENSG00000123843.13",-0.0214013409004519,"ENSG00000123843.13"
"ENSG00000123892.12",0.760539924664163,"ENSG00000123892.12"
"ENSG00000123908.12",0.539688815163309,"ENSG00000123908.12"
"ENSG00000123933.17",-0.376529819523027,"ENSG00000123933.17"
"ENSG00000123975.5",0.359991226686973,"ENSG00000123975.5"
"ENSG00000123983.14",0.469784664360252,"ENSG00000123983.14"
"ENSG00000123989.14",0.366238124425829,"ENSG00000123989.14"
"ENSG00000123992.19",-0.184083830833388,"ENSG00000123992.19"
"ENSG00000124006.15",0.604242038099836,"ENSG00000124006.15"
"ENSG00000124067.17",0.692373425384431,"ENSG00000124067.17"
"ENSG00000124074.12",0.310508746100833,"ENSG00000124074.12"
"ENSG00000124098.10",0.362440565855023,"ENSG00000124098.10"
"ENSG00000124102.5",0.722098294379663,"ENSG00000124102.5"
"ENSG00000124104.19",0.525343162275638,"ENSG00000124104.19"
"ENSG00000124107.5",0.828585167782296,"ENSG00000124107.5"
"ENSG00000124120.11",0.538319423056544,"ENSG00000124120.11"
"ENSG00000124126.14",0.650316656680611,"ENSG00000124126.14"
"ENSG00000124140.14",0.837383788369315,"ENSG00000124140.14"
"ENSG00000124145.6",0.644010830152017,"ENSG00000124145.6"
"ENSG00000124151.19",0.0449296915306372,"ENSG00000124151.19"
"ENSG00000124155.18",0.0965955759915627,"ENSG00000124155.18"
"ENSG00000124157.7",0.0555725756704869,"ENSG00000124157.7"
"ENSG00000124159.15",0.168703243791283,"ENSG00000124159.15"
"ENSG00000124160.12",0.547053750576303,"ENSG00000124160.12"
"ENSG00000124164.16",0.317389084798121,"ENSG00000124164.16"
"ENSG00000124171.9",0.585397299283818,"ENSG00000124171.9"
"ENSG00000124172.10",0.322648028795479,"ENSG00000124172.10"
"ENSG00000124177.15",0.206846805590088,"ENSG00000124177.15"
"ENSG00000124181.14",0.51074851647835,"ENSG00000124181.14"
"ENSG00000124193.16",-0.0505539484024165,"ENSG00000124193.16"
"ENSG00000124198.9",0.59592088110119,"ENSG00000124198.9"
"ENSG00000124201.15",0.454983811956163,"ENSG00000124201.15"
"ENSG00000124207.17",0.488620979364291,"ENSG00000124207.17"
"ENSG00000124209.4",0.370024304147282,"ENSG00000124209.4"
"ENSG00000124212.6",0.754634722515243,"ENSG00000124212.6"
"ENSG00000124214.19",-0.0312864380002696,"ENSG00000124214.19"
"ENSG00000124216.4",-0.310278745644599,"ENSG00000124216.4"
"ENSG00000124217.5",0.233960475495733,"ENSG00000124217.5"
"ENSG00000124222.22",0.274350863147565,"ENSG00000124222.22"
"ENSG00000124226.11",0.071622788456727,"ENSG00000124226.11"
"ENSG00000124228.14",0.606505601490161,"ENSG00000124228.14"
"ENSG00000124243.17",0.388208807889945,"ENSG00000124243.17"
"ENSG00000124253.11",0.759279657158119,"ENSG00000124253.11"
"ENSG00000124256.15",0.408415350018768,"ENSG00000124256.15"
"ENSG00000124260.12",0.686609510189363,"ENSG00000124260.12"
"ENSG00000124275.15",0.450602484239329,"ENSG00000124275.15"
"ENSG00000124279.12",0.013255817723222,"ENSG00000124279.12"
"ENSG00000124299.15",0.411365890833489,"ENSG00000124299.15"
"ENSG00000124313.16",0.166246494600898,"ENSG00000124313.16"
"ENSG00000124333.16",-0.036284893603782,"ENSG00000124333.16"
"ENSG00000124356.16",0.205518400737594,"ENSG00000124356.16"
"ENSG00000124357.13",0.487966088741618,"ENSG00000124357.13"
"ENSG00000124370.11",0.477573781333583,"ENSG00000124370.11"
"ENSG00000124374.9",0.397555739465672,"ENSG00000124374.9"
"ENSG00000124380.11",0.0405477376417828,"ENSG00000124380.11"
"ENSG00000124383.9",0.179506474537888,"ENSG00000124383.9"
"ENSG00000124406.16",0.585560398392971,"ENSG00000124406.16"
"ENSG00000124422.12",0.342105223223197,"ENSG00000124422.12"
"ENSG00000124429.18",0.903030519747616,"ENSG00000124429.18"
"ENSG00000124444.16",0.364187493056469,"ENSG00000124444.16"
"ENSG00000124466.9",0.884907240625901,"ENSG00000124466.9"
"ENSG00000124469.12",0.021996057118637,"ENSG00000124469.12"
"ENSG00000124479.11",0.730347742751792,"ENSG00000124479.11"
"ENSG00000124486.13",0.449970820660159,"ENSG00000124486.13"
"ENSG00000124491.16",0.750892285723663,"ENSG00000124491.16"
"ENSG00000124496.12",0.507831497766472,"ENSG00000124496.12"
"ENSG00000124507.11",0.44721597975023,"ENSG00000124507.11"
"ENSG00000124523.16",0.312288052110885,"ENSG00000124523.16"
"ENSG00000124532.14",-0.0934598988954633,"ENSG00000124532.14"
"ENSG00000124535.16",0.484759539644635,"ENSG00000124535.16"
"ENSG00000124541.7",0.184297580001312,"ENSG00000124541.7"
"ENSG00000124557.12",-0.136364750584162,"ENSG00000124557.12"
"ENSG00000124562.10",0.133462094492942,"ENSG00000124562.10"
"ENSG00000124570.21",0.528743922227055,"ENSG00000124570.21"
"ENSG00000124571.18",0.564832922941124,"ENSG00000124571.18"
"ENSG00000124574.15",0.431444887250719,"ENSG00000124574.15"
"ENSG00000124575.7",-0.132119080722298,"ENSG00000124575.7"
"ENSG00000124587.14",0.149459540598095,"ENSG00000124587.14"
"ENSG00000124596.17",0.21451516662652,"ENSG00000124596.17"
"ENSG00000124608.5",-0.0416245115785474,"ENSG00000124608.5"
"ENSG00000124610.5",0.108066406810738,"ENSG00000124610.5"
"ENSG00000124613.8",0.501213388151796,"ENSG00000124613.8"
"ENSG00000124614.16",0.30797063160126,"ENSG00000124614.16"
"ENSG00000124615.20",0.685740829207701,"ENSG00000124615.20"
"ENSG00000124641.16",0.296490654289407,"ENSG00000124641.16"
"ENSG00000124659.7",0.404700769758423,"ENSG00000124659.7"
"ENSG00000124664.11",0.664974624920843,"ENSG00000124664.11"
"ENSG00000124688.13",0.147405641870594,"ENSG00000124688.13"
"ENSG00000124701.5",0.468538888815897,"ENSG00000124701.5"
"ENSG00000124702.18",0.172027760755184,"ENSG00000124702.18"
"ENSG00000124713.6",0.172608293739827,"ENSG00000124713.6"
"ENSG00000124731.13",0.636758053672921,"ENSG00000124731.13"
"ENSG00000124733.5",0.555678445040044,"ENSG00000124733.5"
"ENSG00000124762.14",-0.0177010707057828,"ENSG00000124762.14"
"ENSG00000124766.7",0.511159982395544,"ENSG00000124766.7"
"ENSG00000124767.7",0.140611853551202,"ENSG00000124767.7"
"ENSG00000124782.20",0.59983594766243,"ENSG00000124782.20"
"ENSG00000124783.14",0.433656321504096,"ENSG00000124783.14"
"ENSG00000124784.9",0.58833056498966,"ENSG00000124784.9"
"ENSG00000124786.11",0.141031192022756,"ENSG00000124786.11"
"ENSG00000124787.14",-0.00683775355308011,"ENSG00000124787.14"
"ENSG00000124788.18",0.433932317027268,"ENSG00000124788.18"
"ENSG00000124789.12",0.285197408727872,"ENSG00000124789.12"
"ENSG00000124795.17",0.14794653373248,"ENSG00000124795.17"
"ENSG00000124802.12",0.112298440256616,"ENSG00000124802.12"
"ENSG00000124813.23",0.313804407108362,"ENSG00000124813.23"
"ENSG00000124831.19",0.43317847189045,"ENSG00000124831.19"
"ENSG00000124839.13",0.524476903455326,"ENSG00000124839.13"
"ENSG00000124935.4",0.646679289835867,"ENSG00000124935.4"
"ENSG00000124939.6",0.870484751414483,"ENSG00000124939.6"
"ENSG00000124942.14",0.177581781489587,"ENSG00000124942.14"
"ENSG00000125037.12",-0.0355794245769027,"ENSG00000125037.12"
"ENSG00000125089.17",0.569215702302454,"ENSG00000125089.17"
"ENSG00000125107.18",0.0591316043965404,"ENSG00000125107.18"
"ENSG00000125124.12",0.720727583200666,"ENSG00000125124.12"
"ENSG00000125144.14",0.322931014472072,"ENSG00000125144.14"
"ENSG00000125148.7",0.426078360158406,"ENSG00000125148.7"
"ENSG00000125149.12",0.2141110227828,"ENSG00000125149.12"
"ENSG00000125166.13",0.264886772466106,"ENSG00000125166.13"
"ENSG00000125246.15",0.745732747600003,"ENSG00000125246.15"
"ENSG00000125247.15",0.358217263856647,"ENSG00000125247.15"
"ENSG00000125249.7",0.415027459611647,"ENSG00000125249.7"
"ENSG00000125257.16",0.513363398033043,"ENSG00000125257.16"
"ENSG00000125266.8",0.630424729397137,"ENSG00000125266.8"
"ENSG00000125304.10",0.326441867454941,"ENSG00000125304.10"
"ENSG00000125319.14",0.466761846929741,"ENSG00000125319.14"
"ENSG00000125347.14",0.288470703847467,"ENSG00000125347.14"
"ENSG00000125351.12",-0.0980081820234795,"ENSG00000125351.12"
"ENSG00000125352.6",0.0802895936400213,"ENSG00000125352.6"
"ENSG00000125354.23",0.523483120387421,"ENSG00000125354.23"
"ENSG00000125356.7",0.179414570222622,"ENSG00000125356.7"
"ENSG00000125375.16",0.466283052654185,"ENSG00000125375.16"
"ENSG00000125386.15",0.337749485217384,"ENSG00000125386.15"
"ENSG00000125398.8",0.779900280690735,"ENSG00000125398.8"
"ENSG00000125414.19",0.606236122794728,"ENSG00000125414.19"
"ENSG00000125434.11",0.528277627958598,"ENSG00000125434.11"
"ENSG00000125445.11",0.401824928654696,"ENSG00000125445.11"
"ENSG00000125447.18",0.318118228609584,"ENSG00000125447.18"
"ENSG00000125449.7",0.0685429058028782,"ENSG00000125449.7"
"ENSG00000125450.11",0.371050621273016,"ENSG00000125450.11"
"ENSG00000125454.12",0.39300913568193,"ENSG00000125454.12"
"ENSG00000125457.14",0.169873489590519,"ENSG00000125457.14"
"ENSG00000125458.7",0.127646377809997,"ENSG00000125458.7"
"ENSG00000125459.17",0.612679534862136,"ENSG00000125459.17"
"ENSG00000125482.13",0.0697283868096762,"ENSG00000125482.13"
"ENSG00000125484.12",0.297997643243384,"ENSG00000125484.12"
"ENSG00000125485.17",0.440333405240979,"ENSG00000125485.17"
"ENSG00000125503.13",-0.109340405366161,"ENSG00000125503.13"
"ENSG00000125505.17",0.515542154460811,"ENSG00000125505.17"
"ENSG00000125520.14",0.00495574011704732,"ENSG00000125520.14"
"ENSG00000125534.10",0.288596040407434,"ENSG00000125534.10"
"ENSG00000125611.15",0.12535227800414,"ENSG00000125611.15"
"ENSG00000125629.15",0.0230587116664704,"ENSG00000125629.15"
"ENSG00000125630.16",0.322402049797691,"ENSG00000125630.16"
"ENSG00000125633.11",0.196379853400866,"ENSG00000125633.11"
"ENSG00000125637.16",0.469961516852616,"ENSG00000125637.16"
"ENSG00000125648.15",0.538937546662843,"ENSG00000125648.15"
"ENSG00000125651.14",-0.129418820903785,"ENSG00000125651.14"
"ENSG00000125652.8",0.343327170013239,"ENSG00000125652.8"
"ENSG00000125656.11",0.598179240799946,"ENSG00000125656.11"
"ENSG00000125676.20",0.364527153094383,"ENSG00000125676.20"
"ENSG00000125686.12",0.245499971197102,"ENSG00000125686.12"
"ENSG00000125691.14",0.154777228248102,"ENSG00000125691.14"
"ENSG00000125703.15",0.204279172914394,"ENSG00000125703.15"
"ENSG00000125726.11",0.895192690938002,"ENSG00000125726.11"
"ENSG00000125730.17",0.450055934973278,"ENSG00000125730.17"
"ENSG00000125731.13",0.470505512840407,"ENSG00000125731.13"
"ENSG00000125733.18",0.325916499486836,"ENSG00000125733.18"
"ENSG00000125734.15",0.192526053151182,"ENSG00000125734.15"
"ENSG00000125740.14",0.175713012593709,"ENSG00000125740.14"
"ENSG00000125741.5",0.0114240708403032,"ENSG00000125741.5"
"ENSG00000125743.10",0.0349087520587449,"ENSG00000125743.10"
"ENSG00000125744.12",0.114979354122943,"ENSG00000125744.12"
"ENSG00000125746.17",0.520953468977191,"ENSG00000125746.17"
"ENSG00000125753.14",0.630106389791096,"ENSG00000125753.14"
"ENSG00000125772.14",0.570407472519638,"ENSG00000125772.14"
"ENSG00000125775.15",0.887679151641748,"ENSG00000125775.15"
"ENSG00000125779.22",0.514399075042919,"ENSG00000125779.22"
"ENSG00000125810.10",0.727117505655241,"ENSG00000125810.10"
"ENSG00000125812.16",0.205772733621702,"ENSG00000125812.16"
"ENSG00000125814.17",0.318643163248188,"ENSG00000125814.17"
"ENSG00000125817.8",0.156737086624357,"ENSG00000125817.8"
"ENSG00000125818.18",0.15295903280223,"ENSG00000125818.18"
"ENSG00000125821.13",0.335712459965429,"ENSG00000125821.13"
"ENSG00000125826.21",-0.0862012664792704,"ENSG00000125826.21"
"ENSG00000125827.9",0.464477215721652,"ENSG00000125827.9"
"ENSG00000125834.13",0.351027463038937,"ENSG00000125834.13"
"ENSG00000125835.19",0.311123910375707,"ENSG00000125835.19"
"ENSG00000125841.13",-0.462578030432101,"ENSG00000125841.13"
"ENSG00000125843.11",0.422819642909672,"ENSG00000125843.11"
"ENSG00000125844.16",0.65201541304678,"ENSG00000125844.16"
"ENSG00000125848.10",0.638632280016717,"ENSG00000125848.10"
"ENSG00000125850.11",0.573362881339736,"ENSG00000125850.11"
"ENSG00000125863.20",-0.0887063864800566,"ENSG00000125863.20"
"ENSG00000125868.16",0.249223816540916,"ENSG00000125868.16"
"ENSG00000125870.11",0.0186024549306325,"ENSG00000125870.11"
"ENSG00000125871.14",0.646733203520856,"ENSG00000125871.14"
"ENSG00000125875.14",0.380191737323949,"ENSG00000125875.14"
"ENSG00000125877.13",0.0836952587397182,"ENSG00000125877.13"
"ENSG00000125898.13",0.672189888904195,"ENSG00000125898.13"
"ENSG00000125901.6",0.240330133740336,"ENSG00000125901.6"
"ENSG00000125912.11",0.175746273384659,"ENSG00000125912.11"
"ENSG00000125944.20",0.386928136980322,"ENSG00000125944.20"
"ENSG00000125945.15",0.672349297661998,"ENSG00000125945.15"
"ENSG00000125952.20",0.309947531432287,"ENSG00000125952.20"
"ENSG00000125962.14",0.130765416857971,"ENSG00000125962.14"
"ENSG00000125967.16",-0.304819508448541,"ENSG00000125967.16"
"ENSG00000125968.9",0.345451418954096,"ENSG00000125968.9"
"ENSG00000125970.12",0.625821347164064,"ENSG00000125970.12"
"ENSG00000125971.16",-0.0440283042091652,"ENSG00000125971.16"
"ENSG00000125977.7",-0.00073650483494983,"ENSG00000125977.7"
"ENSG00000125991.19",0.159168120560301,"ENSG00000125991.19"
"ENSG00000125995.16",0.225304371043692,"ENSG00000125995.16"
"ENSG00000125999.11",0.570138371115355,"ENSG00000125999.11"
"ENSG00000126001.16",0.493020083307337,"ENSG00000126001.16"
"ENSG00000126003.7",0.29858102300216,"ENSG00000126003.7"
"ENSG00000126005.17",0.0564068380781832,"ENSG00000126005.17"
"ENSG00000126010.6",0.554179566563468,"ENSG00000126010.6"
"ENSG00000126012.12",0.451021825588876,"ENSG00000126012.12"
"ENSG00000126016.15",0.406091844572359,"ENSG00000126016.15"
"ENSG00000126062.4",0.110619658325793,"ENSG00000126062.4"
"ENSG00000126067.12",0.0963287388272738,"ENSG00000126067.12"
"ENSG00000126070.20",0.36188128010753,"ENSG00000126070.20"
"ENSG00000126088.14",0.32192259352803,"ENSG00000126088.14"
"ENSG00000126106.14",0.205645161290323,"ENSG00000126106.14"
"ENSG00000126107.15",0.142327022050636,"ENSG00000126107.15"
"ENSG00000126214.21",0.431531297556437,"ENSG00000126214.21"
"ENSG00000126215.14",0.267649684408892,"ENSG00000126215.14"
"ENSG00000126216.15",0.293244705964458,"ENSG00000126216.15"
"ENSG00000126217.21",0.491577092037826,"ENSG00000126217.21"
"ENSG00000126218.12",0.203693558051596,"ENSG00000126218.12"
"ENSG00000126226.22",-0.0144068219473981,"ENSG00000126226.22"
"ENSG00000126231.15",0.0787607758670488,"ENSG00000126231.15"
"ENSG00000126233.2",0.811603601512545,"ENSG00000126233.2"
"ENSG00000126243.9",0.245092838196286,"ENSG00000126243.9"
"ENSG00000126246.10",0.565863396053113,"ENSG00000126246.10"
"ENSG00000126247.11",-0.0300064468380706,"ENSG00000126247.11"
"ENSG00000126249.8",0.178525216096827,"ENSG00000126249.8"
"ENSG00000126254.12",0.174321836670946,"ENSG00000126254.12"
"ENSG00000126261.13",0.178703176046157,"ENSG00000126261.13"
"ENSG00000126267.11",0.290280963573847,"ENSG00000126267.11"
"ENSG00000126351.13",0.173663618085679,"ENSG00000126351.13"
"ENSG00000126368.6",0.0712446360600977,"ENSG00000126368.6"
"ENSG00000126391.14",0.324046595964043,"ENSG00000126391.14"
"ENSG00000126432.14",0.512400526698685,"ENSG00000126432.14"
"ENSG00000126453.9",0.474980093482213,"ENSG00000126453.9"
"ENSG00000126456.16",0.17886894988884,"ENSG00000126456.16"
"ENSG00000126457.21",0.361481149564457,"ENSG00000126457.21"
"ENSG00000126458.4",0.578836664760761,"ENSG00000126458.4"
"ENSG00000126461.15",0.331092259285556,"ENSG00000126461.15"
"ENSG00000126464.14",0.336559020735841,"ENSG00000126464.14"
"ENSG00000126522.17",0.780987217636902,"ENSG00000126522.17"
"ENSG00000126524.10",0.292478160596404,"ENSG00000126524.10"
"ENSG00000126545.14",0.486094673383892,"ENSG00000126545.14"
"ENSG00000126549.10",0.372791645258461,"ENSG00000126549.10"
"ENSG00000126561.16",0.348602176664705,"ENSG00000126561.16"
"ENSG00000126562.17",0.287726889636564,"ENSG00000126562.17"
"ENSG00000126581.13",-0.22591505661841,"ENSG00000126581.13"
"ENSG00000126602.11",0.703484928528118,"ENSG00000126602.11"
"ENSG00000126603.8",0.219610781474656,"ENSG00000126603.8"
"ENSG00000126653.18",-0.0959735851384317,"ENSG00000126653.18"
"ENSG00000126698.11",-0.0240904716178833,"ENSG00000126698.11"
"ENSG00000126705.15",0.465301311237686,"ENSG00000126705.15"
"ENSG00000126709.15",0.254628861732044,"ENSG00000126709.15"
"ENSG00000126746.17",0.340780862286886,"ENSG00000126746.17"
"ENSG00000126749.16",0.341784240173067,"ENSG00000126749.16"
"ENSG00000126756.12",-0.260050317751364,"ENSG00000126756.12"
"ENSG00000126759.13",0.15720678972388,"ENSG00000126759.13"
"ENSG00000126767.18",0.473327222102591,"ENSG00000126767.18"
"ENSG00000126768.12",0.204933244649976,"ENSG00000126768.12"
"ENSG00000126775.9",0.0556987385793372,"ENSG00000126775.9"
"ENSG00000126777.18",0.312480003582518,"ENSG00000126777.18"
"ENSG00000126778.12",0.482913206048578,"ENSG00000126778.12"
"ENSG00000126787.13",0.713957020737639,"ENSG00000126787.13"
"ENSG00000126790.12",0.618039212028314,"ENSG00000126790.12"
"ENSG00000126803.9",0.7827122357079,"ENSG00000126803.9"
"ENSG00000126804.13",0.126184803840971,"ENSG00000126804.13"
"ENSG00000126814.7",0.418584267311232,"ENSG00000126814.7"
"ENSG00000126821.8",0.441824529021071,"ENSG00000126821.8"
"ENSG00000126822.17",0.604273598103699,"ENSG00000126822.17"
"ENSG00000126838.10",0.034905324387998,"ENSG00000126838.10"
"ENSG00000126858.18",0.187233122121158,"ENSG00000126858.18"
"ENSG00000126870.16",0.719280102992262,"ENSG00000126870.16"
"ENSG00000126878.13",0.910126400860128,"ENSG00000126878.13"
"ENSG00000126883.17",0.233313725050821,"ENSG00000126883.17"
"ENSG00000126934.14",0.376054511870914,"ENSG00000126934.14"
"ENSG00000126945.9",-0.0163978871988451,"ENSG00000126945.9"
"ENSG00000126947.13",0.734189698551201,"ENSG00000126947.13"
"ENSG00000126953.8",0.291314280832907,"ENSG00000126953.8"
"ENSG00000127022.15",0.22302751557524,"ENSG00000127022.15"
"ENSG00000127054.21",0.228160239087405,"ENSG00000127054.21"
"ENSG00000127080.10",0.564356298872539,"ENSG00000127080.10"
"ENSG00000127081.14",-0.198937469350877,"ENSG00000127081.14"
"ENSG00000127083.7",0.713107875366245,"ENSG00000127083.7"
"ENSG00000127084.19",0.700893823833602,"ENSG00000127084.19"
"ENSG00000127124.16",0.471401831458484,"ENSG00000127124.16"
"ENSG00000127125.9",0.199373582601715,"ENSG00000127125.9"
"ENSG00000127152.18",0.558029196431684,"ENSG00000127152.18"
"ENSG00000127184.13",0.0138390848394018,"ENSG00000127184.13"
"ENSG00000127191.18",0.194873865025248,"ENSG00000127191.18"
"ENSG00000127241.17",0.42938816064672,"ENSG00000127241.17"
"ENSG00000127249.15",0.80466563814167,"ENSG00000127249.15"
"ENSG00000127311.10",0.0399055050109533,"ENSG00000127311.10"
"ENSG00000127314.18",0.133528873858692,"ENSG00000127314.18"
"ENSG00000127324.9",0.871651010322489,"ENSG00000127324.9"
"ENSG00000127328.21",0.452232725177524,"ENSG00000127328.21"
"ENSG00000127329.15",0.372436582131811,"ENSG00000127329.15"
"ENSG00000127334.11",0.291309987087826,"ENSG00000127334.11"
"ENSG00000127337.7",0.303164749401777,"ENSG00000127337.7"
"ENSG00000127415.13",0.433131941078974,"ENSG00000127415.13"
"ENSG00000127418.15",0.435548420012468,"ENSG00000127418.15"
"ENSG00000127419.17",0.456475220293284,"ENSG00000127419.17"
"ENSG00000127445.14",0.390484313319366,"ENSG00000127445.14"
"ENSG00000127452.9",0.0862732680894012,"ENSG00000127452.9"
"ENSG00000127463.15",0.355023901657369,"ENSG00000127463.15"
"ENSG00000127483.19",0.0592726683711905,"ENSG00000127483.19"
"ENSG00000127507.18",0.564383035404521,"ENSG00000127507.18"
"ENSG00000127511.9",0.31930397258079,"ENSG00000127511.9"
"ENSG00000127526.15",0.366203885081161,"ENSG00000127526.15"
"ENSG00000127527.14",0.221317348558678,"ENSG00000127527.14"
"ENSG00000127528.6",-0.0745975498633188,"ENSG00000127528.6"
"ENSG00000127554.13",0.0623918600446027,"ENSG00000127554.13"
"ENSG00000127561.15",0.616113072447914,"ENSG00000127561.15"
"ENSG00000127564.17",0.29621682461714,"ENSG00000127564.17"
"ENSG00000127580.17",0.560527315677455,"ENSG00000127580.17"
"ENSG00000127585.12",0.319691890315027,"ENSG00000127585.12"
"ENSG00000127586.17",0.51220484903962,"ENSG00000127586.17"
"ENSG00000127603.29",0.510643588324739,"ENSG00000127603.29"
"ENSG00000127616.18",0.594060622191662,"ENSG00000127616.18"
"ENSG00000127663.15",0.405595247199767,"ENSG00000127663.15"
"ENSG00000127666.9",0.330241939590229,"ENSG00000127666.9"
"ENSG00000127720.8",0.166573833690066,"ENSG00000127720.8"
"ENSG00000127743.6",-0.0248530264259365,"ENSG00000127743.6"
"ENSG00000127774.7",0.111870736701035,"ENSG00000127774.7"
"ENSG00000127804.13",0.347158847144464,"ENSG00000127804.13"
"ENSG00000127824.14",0.331120765529359,"ENSG00000127824.14"
"ENSG00000127831.11",0.908145453583325,"ENSG00000127831.11"
"ENSG00000127837.9",0.402448114281313,"ENSG00000127837.9"
"ENSG00000127838.14",0.486113317959716,"ENSG00000127838.14"
"ENSG00000127870.17",-0.0602738267933108,"ENSG00000127870.17"
"ENSG00000127884.5",0.528942584057328,"ENSG00000127884.5"
"ENSG00000127914.17",0.516147731110239,"ENSG00000127914.17"
"ENSG00000127920.6",0.21111251050662,"ENSG00000127920.6"
"ENSG00000127946.17",0.63819311908932,"ENSG00000127946.17"
"ENSG00000127947.16",0.202031521604866,"ENSG00000127947.16"
"ENSG00000127948.16",0.610082452666963,"ENSG00000127948.16"
"ENSG00000127951.7",0.499544540675622,"ENSG00000127951.7"
"ENSG00000127954.12",0.733062844543612,"ENSG00000127954.12"
"ENSG00000127955.17",0.630532583083531,"ENSG00000127955.17"
"ENSG00000127980.16",0.358937644279192,"ENSG00000127980.16"
"ENSG00000127989.14",-0.209405619156433,"ENSG00000127989.14"
"ENSG00000127990.19",0.235857770061199,"ENSG00000127990.19"
"ENSG00000127993.16",0.086867677149317,"ENSG00000127993.16"
"ENSG00000127995.17",0.101662012159172,"ENSG00000127995.17"
"ENSG00000128016.7",0.273489511239737,"ENSG00000128016.7"
"ENSG00000128039.11",0.307513279183032,"ENSG00000128039.11"
"ENSG00000128050.8",0.485604971291952,"ENSG00000128050.8"
"ENSG00000128059.8",0.338000967474658,"ENSG00000128059.8"
"ENSG00000128159.12",-0.395593952006604,"ENSG00000128159.12"
"ENSG00000128185.10",0.369796159261425,"ENSG00000128185.10"
"ENSG00000128191.16",0.32808298770632,"ENSG00000128191.16"
"ENSG00000128203.7",0.45512979804788,"ENSG00000128203.7"
"ENSG00000128228.5",0.447883247793894,"ENSG00000128228.5"
"ENSG00000128245.15",0.23679117801029,"ENSG00000128245.15"
"ENSG00000128266.9",0.63285351586224,"ENSG00000128266.9"
"ENSG00000128274.17",0.475642337599257,"ENSG00000128274.17"
"ENSG00000128283.7",0.527455776432427,"ENSG00000128283.7"
"ENSG00000128284.19",0.650120308209465,"ENSG00000128284.19"
"ENSG00000128294.16",0.324997977170131,"ENSG00000128294.16"
"ENSG00000128309.16",0.336589390662681,"ENSG00000128309.16"
"ENSG00000128311.14",0.645367364306162,"ENSG00000128311.14"
"ENSG00000128322.7",0.0213242649818883,"ENSG00000128322.7"
"ENSG00000128335.14",0.662953543139684,"ENSG00000128335.14"
"ENSG00000128340.15",0.69883323413766,"ENSG00000128340.15"
"ENSG00000128342.5",0.299345768378,"ENSG00000128342.5"
"ENSG00000128383.13",0.741599924946725,"ENSG00000128383.13"
"ENSG00000128394.17",0.577826248465261,"ENSG00000128394.17"
"ENSG00000128408.9",0.411666803184318,"ENSG00000128408.9"
"ENSG00000128422.17",0.920519603093872,"ENSG00000128422.17"
"ENSG00000128463.13",-0.314909187404635,"ENSG00000128463.13"
"ENSG00000128487.16",0.665449754421997,"ENSG00000128487.16"
"ENSG00000128510.12",0.735753339357657,"ENSG00000128510.12"
"ENSG00000128512.23",0.698187431707761,"ENSG00000128512.23"
"ENSG00000128513.16",-0.244019479986011,"ENSG00000128513.16"
"ENSG00000128524.5",-0.164809657677393,"ENSG00000128524.5"
"ENSG00000128534.8",0.184331265048418,"ENSG00000128534.8"
"ENSG00000128563.13",0.286470707636901,"ENSG00000128563.13"
"ENSG00000128564.7",0.816914363864717,"ENSG00000128564.7"
"ENSG00000128567.17",0.747828166492442,"ENSG00000128567.17"
"ENSG00000128578.10",0.729616297563131,"ENSG00000128578.10"
"ENSG00000128581.17",0.64711018664573,"ENSG00000128581.17"
"ENSG00000128585.18",-0.00179665419454737,"ENSG00000128585.18"
"ENSG00000128590.5",0.122942820962011,"ENSG00000128590.5"
"ENSG00000128591.15",0.707122873573768,"ENSG00000128591.15"
"ENSG00000128595.17",0.443560705123275,"ENSG00000128595.17"
"ENSG00000128602.11",0.432726504727975,"ENSG00000128602.11"
"ENSG00000128604.20",0.562095990120089,"ENSG00000128604.20"
"ENSG00000128606.13",0.576824976350413,"ENSG00000128606.13"
"ENSG00000128607.14",0.0033096171744313,"ENSG00000128607.14"
"ENSG00000128609.15",0.0635156338246728,"ENSG00000128609.15"
"ENSG00000128626.11",0.36135653149874,"ENSG00000128626.11"
"ENSG00000128641.19",0.673652034469125,"ENSG00000128641.19"
"ENSG00000128654.14",-0.0191121711764246,"ENSG00000128654.14"
"ENSG00000128656.15",0.242890947698953,"ENSG00000128656.15"
"ENSG00000128694.12",0.507307472784958,"ENSG00000128694.12"
"ENSG00000128699.14",0.220915059061351,"ENSG00000128699.14"
"ENSG00000128708.13",0.313464001375059,"ENSG00000128708.13"
"ENSG00000128709.13",-0.241426855470402,"ENSG00000128709.13"
"ENSG00000128731.18",-0.123977876318824,"ENSG00000128731.18"
"ENSG00000128739.22",0.332467532467532,"ENSG00000128739.22"
"ENSG00000128789.21",0.372606406832524,"ENSG00000128789.21"
"ENSG00000128791.12",0.661015874903216,"ENSG00000128791.12"
"ENSG00000128805.14",0.266318168908661,"ENSG00000128805.14"
"ENSG00000128815.19",0.541429465252274,"ENSG00000128815.19"
"ENSG00000128829.12",0.101259945641419,"ENSG00000128829.12"
"ENSG00000128833.13",0.831109359493892,"ENSG00000128833.13"
"ENSG00000128849.10",0.826807862209825,"ENSG00000128849.10"
"ENSG00000128872.10",0.660375481825639,"ENSG00000128872.10"
"ENSG00000128881.17",0.0554519388166772,"ENSG00000128881.17"
"ENSG00000128886.12",-0.1587155480749,"ENSG00000128886.12"
"ENSG00000128891.15",0.0911648488483859,"ENSG00000128891.15"
"ENSG00000128908.17",0.307675203328206,"ENSG00000128908.17"
"ENSG00000128915.12",0.15289478944936,"ENSG00000128915.12"
"ENSG00000128918.15",0.684749444215401,"ENSG00000128918.15"
"ENSG00000128923.11",0.257867152189692,"ENSG00000128923.11"
"ENSG00000128928.10",0.623179855193769,"ENSG00000128928.10"
"ENSG00000128944.13",0.646994787274414,"ENSG00000128944.13"
"ENSG00000128951.14",0.483571133519248,"ENSG00000128951.14"
"ENSG00000128973.13",0.158060213973592,"ENSG00000128973.13"
"ENSG00000128989.10",0.413722862314976,"ENSG00000128989.10"
"ENSG00000129003.19",0.38587249636313,"ENSG00000129003.19"
"ENSG00000129007.14",0.661410754794272,"ENSG00000129007.14"
"ENSG00000129009.13",0.760126764550787,"ENSG00000129009.13"
"ENSG00000129038.16",0.645476320570737,"ENSG00000129038.16"
"ENSG00000129055.12",0.148742219373401,"ENSG00000129055.12"
"ENSG00000129071.9",0.442340418764429,"ENSG00000129071.9"
"ENSG00000129083.12",0.267967700082784,"ENSG00000129083.12"
"ENSG00000129084.17",0.136918157724567,"ENSG00000129084.17"
"ENSG00000129103.18",0.376613097949306,"ENSG00000129103.18"
"ENSG00000129116.19",0.6945907734628,"ENSG00000129116.19"
"ENSG00000129128.13",0.377388980323876,"ENSG00000129128.13"
"ENSG00000129151.9",0.801258549819874,"ENSG00000129151.9"
"ENSG00000129158.11",0.588081494743796,"ENSG00000129158.11"
"ENSG00000129167.9",0.508771929824561,"ENSG00000129167.9"
"ENSG00000129170.10",0.609492941445223,"ENSG00000129170.10"
"ENSG00000129187.14",-0.0493240733776075,"ENSG00000129187.14"
"ENSG00000129194.8",0.865201456534447,"ENSG00000129194.8"
"ENSG00000129195.16",0.297512642306332,"ENSG00000129195.16"
"ENSG00000129197.14",0.368152630018001,"ENSG00000129197.14"
"ENSG00000129214.15",0.0594047684618137,"ENSG00000129214.15"
"ENSG00000129219.14",0.381934047989336,"ENSG00000129219.14"
"ENSG00000129226.14",0.0732428560146164,"ENSG00000129226.14"
"ENSG00000129235.11",0.30354488913782,"ENSG00000129235.11"
"ENSG00000129245.12",0.306138641458449,"ENSG00000129245.12"
"ENSG00000129250.12",0.188861218055168,"ENSG00000129250.12"
"ENSG00000129255.16",0.368723247111916,"ENSG00000129255.16"
"ENSG00000129292.20",0.175503309326266,"ENSG00000129292.20"
"ENSG00000129315.11",0.281744893038944,"ENSG00000129315.11"
"ENSG00000129317.14",-0.017362133942348,"ENSG00000129317.14"
"ENSG00000129347.21",0.473075778119486,"ENSG00000129347.21"
"ENSG00000129351.17",0.388574165438677,"ENSG00000129351.17"
"ENSG00000129353.15",0.409868948762357,"ENSG00000129353.15"
"ENSG00000129354.11",0.688458878877255,"ENSG00000129354.11"
"ENSG00000129355.7",-0.228053747516187,"ENSG00000129355.7"
"ENSG00000129422.14",0.707221853746018,"ENSG00000129422.14"
"ENSG00000129437.10",0.558718581302439,"ENSG00000129437.10"
"ENSG00000129450.8",0.339304137298323,"ENSG00000129450.8"
"ENSG00000129451.12",0.769580432421873,"ENSG00000129451.12"
"ENSG00000129455.15",0.609511771036162,"ENSG00000129455.15"
"ENSG00000129460.16",0.2971328784436,"ENSG00000129460.16"
"ENSG00000129465.16",0.80591077830298,"ENSG00000129465.16"
"ENSG00000129472.15",0.272569058874262,"ENSG00000129472.15"
"ENSG00000129474.16",0.731088370052558,"ENSG00000129474.16"
"ENSG00000129480.13",0.347161540786659,"ENSG00000129480.13"
"ENSG00000129484.13",0.25421323486186,"ENSG00000129484.13"
"ENSG00000129493.15",0.727186414367337,"ENSG00000129493.15"
"ENSG00000129514.8",0.684600519739594,"ENSG00000129514.8"
"ENSG00000129515.20",-0.00760052264930224,"ENSG00000129515.20"
"ENSG00000129518.9",0.0237282202153664,"ENSG00000129518.9"
"ENSG00000129534.14",0.34900124742726,"ENSG00000129534.14"
"ENSG00000129538.14",0.455554075102951,"ENSG00000129538.14"
"ENSG00000129562.11",0.189263488664171,"ENSG00000129562.11"
"ENSG00000129566.13",0.526118387951494,"ENSG00000129566.13"
"ENSG00000129595.13",0.217707210985957,"ENSG00000129595.13"
"ENSG00000129596.5",0.57563250621055,"ENSG00000129596.5"
"ENSG00000129625.13",0.17105639756889,"ENSG00000129625.13"
"ENSG00000129636.13",0.208115932855302,"ENSG00000129636.13"
"ENSG00000129657.16",0.250300837021404,"ENSG00000129657.16"
"ENSG00000129667.12",0.348718430139863,"ENSG00000129667.12"
"ENSG00000129675.16",0.705249676210664,"ENSG00000129675.16"
"ENSG00000129680.16",0.373916932939118,"ENSG00000129680.16"
"ENSG00000129682.16",0.530408163265306,"ENSG00000129682.16"
"ENSG00000129691.16",0.263489667694125,"ENSG00000129691.16"
"ENSG00000129696.13",0.18025136481896,"ENSG00000129696.13"
"ENSG00000129757.13",0.402039429524999,"ENSG00000129757.13"
"ENSG00000129810.15",-0.145108408249603,"ENSG00000129810.15"
"ENSG00000129911.9",0.250842922406015,"ENSG00000129911.9"
"ENSG00000129925.11",0.412323630917882,"ENSG00000129925.11"
"ENSG00000129932.10",0.187956707656531,"ENSG00000129932.10"
"ENSG00000129933.21",0.331346852162634,"ENSG00000129933.21"
"ENSG00000129968.15",0.373669476384183,"ENSG00000129968.15"
"ENSG00000129988.6",0.314187219816025,"ENSG00000129988.6"
"ENSG00000129993.15",0.312355140152801,"ENSG00000129993.15"
"ENSG00000130005.13",0.843826038931433,"ENSG00000130005.13"
"ENSG00000130021.15",0.346938273033235,"ENSG00000130021.15"
"ENSG00000130024.15",0.322458204859459,"ENSG00000130024.15"
"ENSG00000130038.10",0.408099870486516,"ENSG00000130038.10"
"ENSG00000130066.16",-0.137365959369706,"ENSG00000130066.16"
"ENSG00000130119.17",0.453780967256136,"ENSG00000130119.17"
"ENSG00000130147.16",0.525546905800584,"ENSG00000130147.16"
"ENSG00000130150.12",0.103450055728148,"ENSG00000130150.12"
"ENSG00000130158.14",0.283813811389597,"ENSG00000130158.14"
"ENSG00000130159.14",0.29857183550494,"ENSG00000130159.14"
"ENSG00000130164.14",0.768046676940449,"ENSG00000130164.14"
"ENSG00000130165.10",0.166253051843235,"ENSG00000130165.10"
"ENSG00000130175.9",0.374819198108162,"ENSG00000130175.9"
"ENSG00000130176.8",0.664843629394429,"ENSG00000130176.8"
"ENSG00000130177.16",-0.148145869905509,"ENSG00000130177.16"
"ENSG00000130193.8",0.421323895806803,"ENSG00000130193.8"
"ENSG00000130202.10",0.455270377812288,"ENSG00000130202.10"
"ENSG00000130203.10",0.582572237107825,"ENSG00000130203.10"
"ENSG00000130204.13",0.570735829341404,"ENSG00000130204.13"
"ENSG00000130208.9",0.223871277071649,"ENSG00000130208.9"
"ENSG00000130224.15",0.591146259138187,"ENSG00000130224.15"
"ENSG00000130227.17",0.36906111437674,"ENSG00000130227.17"
"ENSG00000130234.11",0.69707900525281,"ENSG00000130234.11"
"ENSG00000130244.12",0.181339146045399,"ENSG00000130244.12"
"ENSG00000130254.12",0.317776174858005,"ENSG00000130254.12"
"ENSG00000130255.13",0.235429389889817,"ENSG00000130255.13"
"ENSG00000130287.14",0.657158925100206,"ENSG00000130287.14"
"ENSG00000130294.16",0.812727762373352,"ENSG00000130294.16"
"ENSG00000130299.17",0.466574458576499,"ENSG00000130299.17"
"ENSG00000130300.9",0.630786451702271,"ENSG00000130300.9"
"ENSG00000130303.13",0.488511663578147,"ENSG00000130303.13"
"ENSG00000130304.17",0.665946926621437,"ENSG00000130304.17"
"ENSG00000130305.17",0.353330226624475,"ENSG00000130305.17"
"ENSG00000130307.12",-0.157997241415529,"ENSG00000130307.12"
"ENSG00000130309.11",0.617574786525247,"ENSG00000130309.11"
"ENSG00000130311.11",-0.168617865624296,"ENSG00000130311.11"
"ENSG00000130312.6",0.532893428618221,"ENSG00000130312.6"
"ENSG00000130313.7",0.285494254765044,"ENSG00000130313.7"
"ENSG00000130332.15",0.19065921964033,"ENSG00000130332.15"
"ENSG00000130338.13",-0.286621260892912,"ENSG00000130338.13"
"ENSG00000130340.16",0.517331966839954,"ENSG00000130340.16"
"ENSG00000130347.13",0.5026472830901,"ENSG00000130347.13"
"ENSG00000130348.11",0.280200107005767,"ENSG00000130348.11"
"ENSG00000130349.10",0.458689405195756,"ENSG00000130349.10"
"ENSG00000130382.9",0.184534120522661,"ENSG00000130382.9"
"ENSG00000130396.20",0.569373509810351,"ENSG00000130396.20"
"ENSG00000130402.12",0.39026842238612,"ENSG00000130402.12"
"ENSG00000130414.12",-0.185622972261188,"ENSG00000130414.12"
"ENSG00000130429.15",0.463556087357641,"ENSG00000130429.15"
"ENSG00000130433.7",0.467460451169807,"ENSG00000130433.7"
"ENSG00000130449.6",0.168214654282766,"ENSG00000130449.6"
"ENSG00000130475.14",0.401421336734176,"ENSG00000130475.14"
"ENSG00000130479.11",0.369983189167608,"ENSG00000130479.11"
"ENSG00000130487.9",0.391664734057207,"ENSG00000130487.9"
"ENSG00000130508.11",0.62358543854528,"ENSG00000130508.11"
"ENSG00000130511.16",0.384324489943876,"ENSG00000130511.16"
"ENSG00000130513.6",0.423906696917152,"ENSG00000130513.6"
"ENSG00000130517.14",0.719590726631307,"ENSG00000130517.14"
"ENSG00000130520.11",0.335891530917778,"ENSG00000130520.11"
"ENSG00000130522.6",0.0547746096051666,"ENSG00000130522.6"
"ENSG00000130528.12",0.439215682522287,"ENSG00000130528.12"
"ENSG00000130529.16",0.469073375532765,"ENSG00000130529.16"
"ENSG00000130545.16",0.2606149659278,"ENSG00000130545.16"
"ENSG00000130558.19",0.605990183638601,"ENSG00000130558.19"
"ENSG00000130559.19",0.328649690876161,"ENSG00000130559.19"
"ENSG00000130560.9",0.17700657468572,"ENSG00000130560.9"
"ENSG00000130561.17",0.18445506522929,"ENSG00000130561.17"
"ENSG00000130584.11",0.263716316848778,"ENSG00000130584.11"
"ENSG00000130589.16",0.40641775844088,"ENSG00000130589.16"
"ENSG00000130592.16",0.687943731768099,"ENSG00000130592.16"
"ENSG00000130595.19",0.544554221580375,"ENSG00000130595.19"
"ENSG00000130598.16",0.509668175538902,"ENSG00000130598.16"
"ENSG00000130635.16",0.30374137330438,"ENSG00000130635.16"
"ENSG00000130638.17",0.479808664861799,"ENSG00000130638.17"
"ENSG00000130640.13",0.0959631944397425,"ENSG00000130640.13"
"ENSG00000130653.16",0.0977726361759371,"ENSG00000130653.16"
"ENSG00000130656.6",0.261979735828074,"ENSG00000130656.6"
"ENSG00000130669.17",0.295031293761708,"ENSG00000130669.17"
"ENSG00000130675.15",0.664148376856401,"ENSG00000130675.15"
"ENSG00000130695.15",0.474284855205881,"ENSG00000130695.15"
"ENSG00000130699.18",0.255443679759184,"ENSG00000130699.18"
"ENSG00000130701.4",0.520774453504456,"ENSG00000130701.4"
"ENSG00000130702.15",-0.00830845849037673,"ENSG00000130702.15"
"ENSG00000130703.17",0.306593001128906,"ENSG00000130703.17"
"ENSG00000130706.13",-0.0578540583082985,"ENSG00000130706.13"
"ENSG00000130707.18",0.767102350094276,"ENSG00000130707.18"
"ENSG00000130713.16",0.22503267104465,"ENSG00000130713.16"
"ENSG00000130714.17",0.616549799286394,"ENSG00000130714.17"
"ENSG00000130717.13",0.572672822797021,"ENSG00000130717.13"
"ENSG00000130723.20",0.318715098021194,"ENSG00000130723.20"
"ENSG00000130724.9",0.00296594425538949,"ENSG00000130724.9"
"ENSG00000130725.8",0.235272701108371,"ENSG00000130725.8"
"ENSG00000130726.12",0.500184495882714,"ENSG00000130726.12"
"ENSG00000130731.16",0.151596281776957,"ENSG00000130731.16"
"ENSG00000130733.10",0.456604168974785,"ENSG00000130733.10"
"ENSG00000130734.10",0.465744138908058,"ENSG00000130734.10"
"ENSG00000130741.11",0.0464618639928399,"ENSG00000130741.11"
"ENSG00000130748.7",0.0746134673418993,"ENSG00000130748.7"
"ENSG00000130749.10",0.266763255949408,"ENSG00000130749.10"
"ENSG00000130755.13",0.320816976901881,"ENSG00000130755.13"
"ENSG00000130762.15",0.608546339622867,"ENSG00000130762.15"
"ENSG00000130764.10",0.38889674713663,"ENSG00000130764.10"
"ENSG00000130766.5",0.385405546143173,"ENSG00000130766.5"
"ENSG00000130768.15",0.657534546254475,"ENSG00000130768.15"
"ENSG00000130770.18",0.343980305636782,"ENSG00000130770.18"
"ENSG00000130772.14",0.0621468248087444,"ENSG00000130772.14"
"ENSG00000130775.16",0.522714095517591,"ENSG00000130775.16"
"ENSG00000130779.20",0.605237182146594,"ENSG00000130779.20"
"ENSG00000130787.14",0.607981756084192,"ENSG00000130787.14"
"ENSG00000130803.15",0.459422855601553,"ENSG00000130803.15"
"ENSG00000130811.12",-0.150746607780602,"ENSG00000130811.12"
"ENSG00000130812.10",-0.263348694316436,"ENSG00000130812.10"
"ENSG00000130813.18",0.286668326022009,"ENSG00000130813.18"
"ENSG00000130816.16",0.625708249628801,"ENSG00000130816.16"
"ENSG00000130818.12",0.351079482905326,"ENSG00000130818.12"
"ENSG00000130826.18",0.26567155248462,"ENSG00000130826.18"
"ENSG00000130827.6",0.171471319863568,"ENSG00000130827.6"
"ENSG00000130829.18",-0.0557703082418619,"ENSG00000130829.18"
"ENSG00000130830.15",0.65607779672007,"ENSG00000130830.15"
"ENSG00000130844.18",0.253152032238561,"ENSG00000130844.18"
"ENSG00000130881.14",0.369875089199077,"ENSG00000130881.14"
"ENSG00000130921.8",0.436162209015321,"ENSG00000130921.8"
"ENSG00000130935.10",0.379917558662219,"ENSG00000130935.10"
"ENSG00000130939.20",0.444587016045696,"ENSG00000130939.20"
"ENSG00000130940.15",0.514530064998705,"ENSG00000130940.15"
"ENSG00000130956.14",0.0104741461861063,"ENSG00000130956.14"
"ENSG00000130957.5",0.19378519126639,"ENSG00000130957.5"
"ENSG00000130962.17",0.301646490781804,"ENSG00000130962.17"
"ENSG00000130985.17",0.547132502227258,"ENSG00000130985.17"
"ENSG00000130988.13",0.809543518793669,"ENSG00000130988.13"
"ENSG00000131013.4",0.104437624658927,"ENSG00000131013.4"
"ENSG00000131015.5",0.728965789771529,"ENSG00000131015.5"
"ENSG00000131016.17",0.788774955741682,"ENSG00000131016.17"
"ENSG00000131018.24",0.854156946817441,"ENSG00000131018.24"
"ENSG00000131019.11",0.597515379446626,"ENSG00000131019.11"
"ENSG00000131023.13",0.246988169783327,"ENSG00000131023.13"
"ENSG00000131037.15",0.826382362903268,"ENSG00000131037.15"
"ENSG00000131042.14",0.407330479844771,"ENSG00000131042.14"
"ENSG00000131043.12",0.225987720297494,"ENSG00000131043.12"
"ENSG00000131051.24",-0.0118798346876724,"ENSG00000131051.24"
"ENSG00000131061.14",-0.280481950844854,"ENSG00000131061.14"
"ENSG00000131067.17",0.487917856333579,"ENSG00000131067.17"
"ENSG00000131069.20",0.629046292519707,"ENSG00000131069.20"
"ENSG00000131095.13",0.576831548750539,"ENSG00000131095.13"
"ENSG00000131100.13",-0.0838038540174223,"ENSG00000131100.13"
"ENSG00000131115.16",-0.263504611330698,"ENSG00000131115.16"
"ENSG00000131116.12",0.668306406560684,"ENSG00000131116.12"
"ENSG00000131143.10",0.19205522383356,"ENSG00000131143.10"
"ENSG00000131148.9",0.335024768539621,"ENSG00000131148.9"
"ENSG00000131149.19",0.632764076219281,"ENSG00000131149.19"
"ENSG00000131153.9",0.502937273223845,"ENSG00000131153.9"
"ENSG00000131165.15",0.246094493889184,"ENSG00000131165.15"
"ENSG00000131171.13",0.221090019660575,"ENSG00000131171.13"
"ENSG00000131174.7",0.133186182888711,"ENSG00000131174.7"
"ENSG00000131187.9",-0.123172959914331,"ENSG00000131187.9"
"ENSG00000131196.17",0.508751007932075,"ENSG00000131196.17"
"ENSG00000131203.13",0.694824901230692,"ENSG00000131203.13"
"ENSG00000131236.17",0.489651943200822,"ENSG00000131236.17"
"ENSG00000131238.17",0.368676657097379,"ENSG00000131238.17"
"ENSG00000131242.18",0.482976972150487,"ENSG00000131242.18"
"ENSG00000131263.13",-0.0264158009754313,"ENSG00000131263.13"
"ENSG00000131269.19",0.366785641453675,"ENSG00000131269.19"
"ENSG00000131323.16",-0.103370365764572,"ENSG00000131323.16"
"ENSG00000131351.15",0.242329792080381,"ENSG00000131351.15"
"ENSG00000131355.15",0.547544853713742,"ENSG00000131355.15"
"ENSG00000131368.8",0.458791713453778,"ENSG00000131368.8"
"ENSG00000131370.16",0.442187518312254,"ENSG00000131370.16"
"ENSG00000131373.15",0.201459492442597,"ENSG00000131373.15"
"ENSG00000131374.14",0.336394978981487,"ENSG00000131374.14"
"ENSG00000131375.10",0.148931436031874,"ENSG00000131375.10"
"ENSG00000131378.14",0.51291406982095,"ENSG00000131378.14"
"ENSG00000131381.12",0.738172741693367,"ENSG00000131381.12"
"ENSG00000131389.17",0.0422089961962753,"ENSG00000131389.17"
"ENSG00000131408.15",0.263939550550122,"ENSG00000131408.15"
"ENSG00000131435.13",0.420006096019067,"ENSG00000131435.13"
"ENSG00000131437.15",0.624413118919303,"ENSG00000131437.15"
"ENSG00000131446.16",0.344750470327285,"ENSG00000131446.16"
"ENSG00000131459.13",0.75059503606603,"ENSG00000131459.13"
"ENSG00000131462.8",0.330806078478751,"ENSG00000131462.8"
"ENSG00000131467.11",0.713384772622895,"ENSG00000131467.11"
"ENSG00000131469.15",0.355643926249349,"ENSG00000131469.15"
"ENSG00000131470.14",0.59464473575114,"ENSG00000131470.14"
"ENSG00000131471.7",0.641485675878307,"ENSG00000131471.7"
"ENSG00000131473.17",0.578587733220969,"ENSG00000131473.17"
"ENSG00000131475.7",-0.135543395148234,"ENSG00000131475.7"
"ENSG00000131477.11",0.0533126990489768,"ENSG00000131477.11"
"ENSG00000131495.9",-0.13044017591273,"ENSG00000131495.9"
"ENSG00000131503.21",0.304276586709171,"ENSG00000131503.21"
"ENSG00000131504.17",0.452504629244681,"ENSG00000131504.17"
"ENSG00000131507.11",0.464802623776443,"ENSG00000131507.11"
"ENSG00000131508.16",0.105665586352235,"ENSG00000131508.16"
"ENSG00000131558.15",0.107159011371536,"ENSG00000131558.15"
"ENSG00000131584.19",0.548125851849098,"ENSG00000131584.19"
"ENSG00000131620.17",0.818451740077533,"ENSG00000131620.17"
"ENSG00000131626.18",0.549694980707697,"ENSG00000131626.18"
"ENSG00000131652.14",0.261052371730254,"ENSG00000131652.14"
"ENSG00000131653.13",0.366449574132405,"ENSG00000131653.13"
"ENSG00000131669.10",0.380036509612556,"ENSG00000131669.10"
"ENSG00000131686.15",0.249461954420253,"ENSG00000131686.15"
"ENSG00000131697.18",0.339752219707528,"ENSG00000131697.18"
"ENSG00000131711.15",0.805715007968436,"ENSG00000131711.15"
"ENSG00000131724.11",0.487026692224609,"ENSG00000131724.11"
"ENSG00000131725.14",0.675907710478511,"ENSG00000131725.14"
"ENSG00000131730.16",0.289884404133413,"ENSG00000131730.16"
"ENSG00000131732.12",-0.0413641996646518,"ENSG00000131732.12"
"ENSG00000131746.13",0.761642359414629,"ENSG00000131746.13"
"ENSG00000131747.15",0.818788844714748,"ENSG00000131747.15"
"ENSG00000131748.16",0.273253810644773,"ENSG00000131748.16"
"ENSG00000131759.18",0.47928526817845,"ENSG00000131759.18"
"ENSG00000131771.14",0.831491439831198,"ENSG00000131771.14"
"ENSG00000131773.14",0.774637855479004,"ENSG00000131773.14"
"ENSG00000131778.19",0.516947108132624,"ENSG00000131778.19"
"ENSG00000131779.11",0.433342269303721,"ENSG00000131779.11"
"ENSG00000131781.13",0.667330373686118,"ENSG00000131781.13"
"ENSG00000131788.16",0.233141459872004,"ENSG00000131788.16"
"ENSG00000131791.8",0.394372228989098,"ENSG00000131791.8"
"ENSG00000131828.14",0.137276791258812,"ENSG00000131828.14"
"ENSG00000131831.18",0.607146114228185,"ENSG00000131831.18"
"ENSG00000131844.16",0.581743664071315,"ENSG00000131844.16"
"ENSG00000131848.9",0.356775355328317,"ENSG00000131848.9"
"ENSG00000131849.12",0.539397971077957,"ENSG00000131849.12"
"ENSG00000131864.10",0.00469766168865041,"ENSG00000131864.10"
"ENSG00000131871.15",0.257646375934011,"ENSG00000131871.15"
"ENSG00000131873.7",0.179282401717967,"ENSG00000131873.7"
"ENSG00000131876.17",0.482851861434453,"ENSG00000131876.17"
"ENSG00000131899.11",0.424295790027668,"ENSG00000131899.11"
"ENSG00000131914.11",0.176926742315253,"ENSG00000131914.11"
"ENSG00000131941.8",0.764880657202284,"ENSG00000131941.8"
"ENSG00000131943.18",0.465536069926905,"ENSG00000131943.18"
"ENSG00000131966.14",-0.232781483667683,"ENSG00000131966.14"
"ENSG00000131979.19",0.150629031447753,"ENSG00000131979.19"
"ENSG00000131981.16",0.656418788872612,"ENSG00000131981.16"
"ENSG00000132000.13",0.373962465332222,"ENSG00000132000.13"
"ENSG00000132002.8",0.416877242923423,"ENSG00000132002.8"
"ENSG00000132004.13",0.547014746413419,"ENSG00000132004.13"
"ENSG00000132005.9",0.32033337898173,"ENSG00000132005.9"
"ENSG00000132010.16",0.458662815865389,"ENSG00000132010.16"
"ENSG00000132016.11",0.106752484191509,"ENSG00000132016.11"
"ENSG00000132017.10",0.057523424959057,"ENSG00000132017.10"
"ENSG00000132024.17",0.460423469086858,"ENSG00000132024.17"
"ENSG00000132026.14",0.770426934790279,"ENSG00000132026.14"
"ENSG00000132031.13",0.608068591659141,"ENSG00000132031.13"
"ENSG00000132109.10",0.400900620414673,"ENSG00000132109.10"
"ENSG00000132122.12",-0.136990132017611,"ENSG00000132122.12"
"ENSG00000132128.16",0.168568830651965,"ENSG00000132128.16"
"ENSG00000132141.14",0.324256031352624,"ENSG00000132141.14"
"ENSG00000132153.15",0.437576489667194,"ENSG00000132153.15"
"ENSG00000132155.12",0.497107631396317,"ENSG00000132155.12"
"ENSG00000132170.22",0.162625139043382,"ENSG00000132170.22"
"ENSG00000132182.12",0.356643780910679,"ENSG00000132182.12"
"ENSG00000132196.15",0.539402130202216,"ENSG00000132196.15"
"ENSG00000132199.20",0.704740609375072,"ENSG00000132199.20"
"ENSG00000132205.11",0.32344363753516,"ENSG00000132205.11"
"ENSG00000132254.12",0.276688088138886,"ENSG00000132254.12"
"ENSG00000132256.19",0.305144102747225,"ENSG00000132256.19"
"ENSG00000132274.16",0.555082389547312,"ENSG00000132274.16"
"ENSG00000132275.11",0.131333761489931,"ENSG00000132275.11"
"ENSG00000132294.15",0.347354837766195,"ENSG00000132294.15"
"ENSG00000132300.19",0.370673415493344,"ENSG00000132300.19"
"ENSG00000132305.20",0.218235931483394,"ENSG00000132305.20"
"ENSG00000132313.15",0.138466649688423,"ENSG00000132313.15"
"ENSG00000132323.9",0.361322748436495,"ENSG00000132323.9"
"ENSG00000132326.12",0.077421852406049,"ENSG00000132326.12"
"ENSG00000132330.18",-0.182549149285083,"ENSG00000132330.18"
"ENSG00000132334.16",0.660954566411232,"ENSG00000132334.16"
"ENSG00000132341.12",0.0948567258183628,"ENSG00000132341.12"
"ENSG00000132356.11",0.219591158508671,"ENSG00000132356.11"
"ENSG00000132357.14",0.731409825113376,"ENSG00000132357.14"
"ENSG00000132359.15",0.404048164275506,"ENSG00000132359.15"
"ENSG00000132361.17",0.551140341768159,"ENSG00000132361.17"
"ENSG00000132376.20",0.375363478992329,"ENSG00000132376.20"
"ENSG00000132382.14",0.29982635099289,"ENSG00000132382.14"
"ENSG00000132383.12",0.510847762667615,"ENSG00000132383.12"
"ENSG00000132386.11",0.641683200638981,"ENSG00000132386.11"
"ENSG00000132388.12",0.443787665930494,"ENSG00000132388.12"
"ENSG00000132394.11",-0.164840137104988,"ENSG00000132394.11"
"ENSG00000132405.19",-0.0729103684121805,"ENSG00000132405.19"
"ENSG00000132406.12",0.244509433631557,"ENSG00000132406.12"
"ENSG00000132423.12",0.225686921980205,"ENSG00000132423.12"
"ENSG00000132424.16",0.0750596505172743,"ENSG00000132424.16"
"ENSG00000132432.14",0.0403433674189524,"ENSG00000132432.14"
"ENSG00000132434.9",0.47894262987829,"ENSG00000132434.9"
"ENSG00000132436.11",0.147838988466551,"ENSG00000132436.11"
"ENSG00000132463.14",0.230605365674108,"ENSG00000132463.14"
"ENSG00000132465.11",0.586933749709482,"ENSG00000132465.11"
"ENSG00000132466.19",0.521400446692305,"ENSG00000132466.19"
"ENSG00000132467.4",0.108437928661462,"ENSG00000132467.4"
"ENSG00000132470.14",0.794604660271083,"ENSG00000132470.14"
"ENSG00000132471.12",0.55086012493286,"ENSG00000132471.12"
"ENSG00000132478.10",0.261282613306306,"ENSG00000132478.10"
"ENSG00000132481.7",0.57015003430094,"ENSG00000132481.7"
"ENSG00000132485.14",0.150303441754753,"ENSG00000132485.14"
"ENSG00000132507.18",0.22274433199936,"ENSG00000132507.18"
"ENSG00000132510.10",0.0166869807004105,"ENSG00000132510.10"
"ENSG00000132522.16",-0.0878020760829102,"ENSG00000132522.16"
"ENSG00000132530.17",0.508733024265272,"ENSG00000132530.17"
"ENSG00000132535.21",0.778191305993738,"ENSG00000132535.21"
"ENSG00000132541.11",0.597643077775983,"ENSG00000132541.11"
"ENSG00000132549.18",-0.205611232236259,"ENSG00000132549.18"
"ENSG00000132561.14",0.389168108011083,"ENSG00000132561.14"
"ENSG00000132563.16",0.827369681922876,"ENSG00000132563.16"
"ENSG00000132570.15",0.455848239629371,"ENSG00000132570.15"
"ENSG00000132581.10",0.141490625611007,"ENSG00000132581.10"
"ENSG00000132589.16",0.277276036667679,"ENSG00000132589.16"
"ENSG00000132591.12",0.479259367844597,"ENSG00000132591.12"
"ENSG00000132600.16",0.399124230543316,"ENSG00000132600.16"
"ENSG00000132603.15",0.241330432746254,"ENSG00000132603.15"
"ENSG00000132604.11",0.283836963788513,"ENSG00000132604.11"
"ENSG00000132612.16",0.414684390681478,"ENSG00000132612.16"
"ENSG00000132613.15",0.620885726894218,"ENSG00000132613.15"
"ENSG00000132622.11",0.494200906861658,"ENSG00000132622.11"
"ENSG00000132623.16",0.00863652234996394,"ENSG00000132623.16"
"ENSG00000132639.13",0.604459815052867,"ENSG00000132639.13"
"ENSG00000132640.15",-0.103301122723309,"ENSG00000132640.15"
"ENSG00000132646.11",0.663534079508324,"ENSG00000132646.11"
"ENSG00000132661.4",0.214810404072906,"ENSG00000132661.4"
"ENSG00000132664.12",0.168567386260766,"ENSG00000132664.12"
"ENSG00000132669.13",0.294462587247726,"ENSG00000132669.13"
"ENSG00000132670.20",0.347587080147602,"ENSG00000132670.20"
"ENSG00000132676.16",0.636109682601848,"ENSG00000132676.16"
"ENSG00000132680.11",0.336424796919932,"ENSG00000132680.11"
"ENSG00000132688.11",0.701898999740487,"ENSG00000132688.11"
"ENSG00000132692.19",0.879357354189022,"ENSG00000132692.19"
"ENSG00000132694.18",0.595491758730102,"ENSG00000132694.18"
"ENSG00000132698.15",0.56772863458402,"ENSG00000132698.15"
"ENSG00000132703.4",0.339371902766055,"ENSG00000132703.4"
"ENSG00000132716.19",0.452498990594096,"ENSG00000132716.19"
"ENSG00000132740.9",0.452297629953619,"ENSG00000132740.9"
"ENSG00000132744.8",0.726272862709377,"ENSG00000132744.8"
"ENSG00000132749.11",0.589716018725828,"ENSG00000132749.11"
"ENSG00000132763.15",0.31962567841221,"ENSG00000132763.15"
"ENSG00000132768.14",0.303197931835975,"ENSG00000132768.14"
"ENSG00000132773.12",0.109677662113773,"ENSG00000132773.12"
"ENSG00000132780.17",0.602599356123956,"ENSG00000132780.17"
"ENSG00000132781.18",0.548027835255333,"ENSG00000132781.18"
"ENSG00000132792.19",0.255919588799847,"ENSG00000132792.19"
"ENSG00000132793.11",0.493805301155376,"ENSG00000132793.11"
"ENSG00000132801.7",0.413704965920156,"ENSG00000132801.7"
"ENSG00000132819.17",0.376436189533862,"ENSG00000132819.17"
"ENSG00000132821.12",0.802642511325365,"ENSG00000132821.12"
"ENSG00000132824.14",0.0992085234439482,"ENSG00000132824.14"
"ENSG00000132825.7",0.389464489621903,"ENSG00000132825.7"
"ENSG00000132837.15",0.847348140251686,"ENSG00000132837.15"
"ENSG00000132842.14",0.188222475346738,"ENSG00000132842.14"
"ENSG00000132846.6",0.455975697936774,"ENSG00000132846.6"
"ENSG00000132849.20",0.397745351303432,"ENSG00000132849.20"
"ENSG00000132854.19",0.61052128482728,"ENSG00000132854.19"
"ENSG00000132855.5",0.59228068380076,"ENSG00000132855.5"
"ENSG00000132879.14",0.558217283465444,"ENSG00000132879.14"
"ENSG00000132881.12",0.00716928769657724,"ENSG00000132881.12"
"ENSG00000132906.18",0.143414896837864,"ENSG00000132906.18"
"ENSG00000132912.12",0.195619216408762,"ENSG00000132912.12"
"ENSG00000132932.17",0.721998339442296,"ENSG00000132932.17"
"ENSG00000132938.21",0.439960318651954,"ENSG00000132938.21"
"ENSG00000132953.16",0.109618226577949,"ENSG00000132953.16"
"ENSG00000132963.8",0.0851248573024588,"ENSG00000132963.8"
"ENSG00000132964.12",0.221825419002967,"ENSG00000132964.12"
"ENSG00000132965.9",0.45850241630301,"ENSG00000132965.9"
"ENSG00000132970.14",0.55692781022531,"ENSG00000132970.14"
"ENSG00000132972.19",-0.243538571515548,"ENSG00000132972.19"
"ENSG00000133020.4",0.733047572678777,"ENSG00000133020.4"
"ENSG00000133026.13",0.506293320949588,"ENSG00000133026.13"
"ENSG00000133027.18",-0.120879469933024,"ENSG00000133027.18"
"ENSG00000133028.12",0.32254592760161,"ENSG00000133028.12"
"ENSG00000133030.21",0.33960197587077,"ENSG00000133030.21"
"ENSG00000133048.13",0.335914048802741,"ENSG00000133048.13"
"ENSG00000133056.13",0.325497277952588,"ENSG00000133056.13"
"ENSG00000133059.17",0.38809446468885,"ENSG00000133059.17"
"ENSG00000133063.16",0.548295550683075,"ENSG00000133063.16"
"ENSG00000133065.11",-0.0121941891854874,"ENSG00000133065.11"
"ENSG00000133067.17",0.168025703177487,"ENSG00000133067.17"
"ENSG00000133083.14",0.891048723413426,"ENSG00000133083.14"
"ENSG00000133103.17",0.095637427341837,"ENSG00000133103.17"
"ENSG00000133104.14",0.786695271287075,"ENSG00000133104.14"
"ENSG00000133106.14",0.447360984049968,"ENSG00000133106.14"
"ENSG00000133110.15",0.782638630721881,"ENSG00000133110.15"
"ENSG00000133111.4",0.208227992169144,"ENSG00000133111.4"
"ENSG00000133112.17",-0.147906403360418,"ENSG00000133112.17"
"ENSG00000133114.18",-0.0882217459462712,"ENSG00000133114.18"
"ENSG00000133119.13",0.3140009872426,"ENSG00000133119.13"
"ENSG00000133121.21",0.306554565016464,"ENSG00000133121.21"
"ENSG00000133124.11",0.6317415111671,"ENSG00000133124.11"
"ENSG00000133131.15",0.305644957562923,"ENSG00000133131.15"
"ENSG00000133138.20",0.320856909225726,"ENSG00000133138.20"
"ENSG00000133142.17",0.355382157168865,"ENSG00000133142.17"
"ENSG00000133193.12",0.394610777341416,"ENSG00000133193.12"
"ENSG00000133195.11",0.435895035323994,"ENSG00000133195.11"
"ENSG00000133216.16",0.79475072814822,"ENSG00000133216.16"
"ENSG00000133226.17",0.449086205408592,"ENSG00000133226.17"
"ENSG00000133243.10",0.378073406929607,"ENSG00000133243.10"
"ENSG00000133246.12",0.42088283697426,"ENSG00000133246.12"
"ENSG00000133247.14",0.267804443818713,"ENSG00000133247.14"
"ENSG00000133250.14",0.372347147741375,"ENSG00000133250.14"
"ENSG00000133265.11",0.218285412194902,"ENSG00000133265.11"
"ENSG00000133275.16",0.105082086148541,"ENSG00000133275.16"
"ENSG00000133302.13",0.183396889880483,"ENSG00000133302.13"
"ENSG00000133313.15",0.687082765234767,"ENSG00000133313.15"
"ENSG00000133315.11",0.522308542809014,"ENSG00000133315.11"
"ENSG00000133316.15",0.189817189659515,"ENSG00000133316.15"
"ENSG00000133317.15",-0.0423158307500697,"ENSG00000133317.15"
"ENSG00000133318.14",0.19825278154221,"ENSG00000133318.14"
"ENSG00000133321.11",0.337959126864583,"ENSG00000133321.11"
"ENSG00000133392.18",0.571680592556664,"ENSG00000133392.18"
"ENSG00000133393.13",0.21665598359498,"ENSG00000133393.13"
"ENSG00000133398.4",-0.0865988505093329,"ENSG00000133398.4"
"ENSG00000133401.16",0.490253574480256,"ENSG00000133401.16"
"ENSG00000133422.13",0.59217164727433,"ENSG00000133422.13"
"ENSG00000133424.20",0.468594913656159,"ENSG00000133424.20"
"ENSG00000133433.10",0.417412637800934,"ENSG00000133433.10"
"ENSG00000133466.14",0.169251042737019,"ENSG00000133466.14"
"ENSG00000133477.17",0.630919808135233,"ENSG00000133477.17"
"ENSG00000133488.15",0.413084710842061,"ENSG00000133488.15"
"ENSG00000133561.15",0.23780009636369,"ENSG00000133561.15"
"ENSG00000133574.10",0.461043746597132,"ENSG00000133574.10"
"ENSG00000133597.11",-0.143639557334881,"ENSG00000133597.11"
"ENSG00000133606.11",0.14528177747658,"ENSG00000133606.11"
"ENSG00000133612.19",0.219531013753979,"ENSG00000133612.19"
"ENSG00000133619.17",0.489717686240321,"ENSG00000133619.17"
"ENSG00000133627.18",0.342798302924027,"ENSG00000133627.18"
"ENSG00000133636.11",0.698530475054234,"ENSG00000133636.11"
"ENSG00000133639.6",0.28693493864889,"ENSG00000133639.6"
"ENSG00000133641.18",0.191651491775026,"ENSG00000133641.18"
"ENSG00000133657.15",0.229062355549439,"ENSG00000133657.15"
"ENSG00000133678.14",0.267974022811834,"ENSG00000133678.14"
"ENSG00000133703.13",0.0558029198741305,"ENSG00000133703.13"
"ENSG00000133704.10",0.241541097395577,"ENSG00000133704.10"
"ENSG00000133706.19",0.177735747585808,"ENSG00000133706.19"
"ENSG00000133710.16",0.843130978364447,"ENSG00000133710.16"
"ENSG00000133731.10",0.105217003893459,"ENSG00000133731.10"
"ENSG00000133739.16",-0.0687133957638826,"ENSG00000133739.16"
"ENSG00000133740.11",0.504502233571579,"ENSG00000133740.11"
"ENSG00000133773.12",0.304287696335362,"ENSG00000133773.12"
"ENSG00000133789.15",0.465316956527946,"ENSG00000133789.15"
"ENSG00000133794.19",0.0223665449578405,"ENSG00000133794.19"
"ENSG00000133800.9",0.451859711125083,"ENSG00000133800.9"
"ENSG00000133805.15",0.498078311186519,"ENSG00000133805.15"
"ENSG00000133812.15",0.694464300548376,"ENSG00000133812.15"
"ENSG00000133816.15",0.769044644723509,"ENSG00000133816.15"
"ENSG00000133818.14",0.357030820283481,"ENSG00000133818.14"
"ENSG00000133835.17",0.268751343294343,"ENSG00000133835.17"
"ENSG00000133858.17",0.133565456985844,"ENSG00000133858.17"
"ENSG00000133872.14",0.340194454987705,"ENSG00000133872.14"
"ENSG00000133884.10",0.147424243585091,"ENSG00000133884.10"
"ENSG00000133895.16",0.140207350659081,"ENSG00000133895.16"
"ENSG00000133935.7",0.498200967353151,"ENSG00000133935.7"
"ENSG00000133943.20",0.449354587038297,"ENSG00000133943.20"
"ENSG00000133961.20",0.293529916493732,"ENSG00000133961.20"
"ENSG00000133983.16",0.400294951963198,"ENSG00000133983.16"
"ENSG00000133985.3",0.670132048135272,"ENSG00000133985.3"
"ENSG00000133997.11",-0.00205017819742476,"ENSG00000133997.11"
"ENSG00000134001.14",0.114397472101733,"ENSG00000134001.14"
"ENSG00000134013.16",0.721729812444871,"ENSG00000134013.16"
"ENSG00000134014.17",0.179520619363498,"ENSG00000134014.17"
"ENSG00000134020.8",0.411517308980986,"ENSG00000134020.8"
"ENSG00000134028.14",0.503999680196807,"ENSG00000134028.14"
"ENSG00000134030.14",0.65525589828537,"ENSG00000134030.14"
"ENSG00000134046.12",0.467041129517533,"ENSG00000134046.12"
"ENSG00000134056.12",0.459294407623137,"ENSG00000134056.12"
"ENSG00000134057.15",0.675736852952531,"ENSG00000134057.15"
"ENSG00000134058.12",0.00747285060589047,"ENSG00000134058.12"
"ENSG00000134061.5",0.480204953260222,"ENSG00000134061.5"
"ENSG00000134070.5",0.410350559788085,"ENSG00000134070.5"
"ENSG00000134072.11",0.662021699174882,"ENSG00000134072.11"
"ENSG00000134077.16",0.263504711727761,"ENSG00000134077.16"
"ENSG00000134086.8",0.190948871341713,"ENSG00000134086.8"
"ENSG00000134107.5",0.160437645401595,"ENSG00000134107.5"
"ENSG00000134108.13",0.385710077435858,"ENSG00000134108.13"
"ENSG00000134109.11",0.662030090198288,"ENSG00000134109.11"
"ENSG00000134121.10",0.493966498667825,"ENSG00000134121.10"
"ENSG00000134146.12",0.167288213756853,"ENSG00000134146.12"
"ENSG00000134152.11",0.309173551418367,"ENSG00000134152.11"
"ENSG00000134153.10",0.168085872247891,"ENSG00000134153.10"
"ENSG00000134183.12",-0.156921127894868,"ENSG00000134183.12"
"ENSG00000134184.13",0.575922314674106,"ENSG00000134184.13"
"ENSG00000134186.12",-0.0294827425351917,"ENSG00000134186.12"
"ENSG00000134198.10",0.404371990692253,"ENSG00000134198.10"
"ENSG00000134201.12",0.628303157096561,"ENSG00000134201.12"
"ENSG00000134202.11",0.853184037541018,"ENSG00000134202.11"
"ENSG00000134215.16",-0.0102910099901317,"ENSG00000134215.16"
"ENSG00000134216.19",0.153392997769474,"ENSG00000134216.19"
"ENSG00000134222.16",0.824932315540069,"ENSG00000134222.16"
"ENSG00000134240.12",0.755952025809928,"ENSG00000134240.12"
"ENSG00000134242.16",0.304879243104195,"ENSG00000134242.16"
"ENSG00000134243.12",0.735204029759371,"ENSG00000134243.12"
"ENSG00000134247.10",0.66341554267163,"ENSG00000134247.10"
"ENSG00000134248.13",0.0906518488706205,"ENSG00000134248.13"
"ENSG00000134250.20",0.382177235603263,"ENSG00000134250.20"
"ENSG00000134253.10",0.480030637925375,"ENSG00000134253.10"
"ENSG00000134255.14",-0.0305492870044935,"ENSG00000134255.14"
"ENSG00000134258.17",0.874890917795522,"ENSG00000134258.17"
"ENSG00000134262.13",0.0286938588789357,"ENSG00000134262.13"
"ENSG00000134265.13",0.186568872414105,"ENSG00000134265.13"
"ENSG00000134278.15",0.186785967891106,"ENSG00000134278.15"
"ENSG00000134283.18",0.01471826955683,"ENSG00000134283.18"
"ENSG00000134285.11",0.682606533267363,"ENSG00000134285.11"
"ENSG00000134287.10",-0.190571927267357,"ENSG00000134287.10"
"ENSG00000134294.14",0.536066254058924,"ENSG00000134294.14"
"ENSG00000134308.14",0.23043845077777,"ENSG00000134308.14"
"ENSG00000134313.16",0.567636238694023,"ENSG00000134313.16"
"ENSG00000134317.18",0.728587543243245,"ENSG00000134317.18"
"ENSG00000134318.14",0.454255850404774,"ENSG00000134318.14"
"ENSG00000134321.12",0.561415998435826,"ENSG00000134321.12"
"ENSG00000134324.12",0.410299181104201,"ENSG00000134324.12"
"ENSG00000134326.11",0.666074993027473,"ENSG00000134326.11"
"ENSG00000134330.19",0.133072632264949,"ENSG00000134330.19"
"ENSG00000134333.14",0.156152368530035,"ENSG00000134333.14"
"ENSG00000134339.9",-0.0690674384029927,"ENSG00000134339.9"
"ENSG00000134352.20",0.492453097871053,"ENSG00000134352.20"
"ENSG00000134363.12",0.701286527626144,"ENSG00000134363.12"
"ENSG00000134365.13",-0.0365659967799975,"ENSG00000134365.13"
"ENSG00000134369.15",0.782736851216432,"ENSG00000134369.15"
"ENSG00000134371.14",0.229928489628778,"ENSG00000134371.14"
"ENSG00000134375.11",0.330034632287273,"ENSG00000134375.11"
"ENSG00000134389.10",0.00305077721577663,"ENSG00000134389.10"
"ENSG00000134419.15",0.200004842857374,"ENSG00000134419.15"
"ENSG00000134440.12",0.161519633743098,"ENSG00000134440.12"
"ENSG00000134443.10",0.219484548517155,"ENSG00000134443.10"
"ENSG00000134444.14",0.530303636228431,"ENSG00000134444.14"
"ENSG00000134452.19",0.366767252724095,"ENSG00000134452.19"
"ENSG00000134453.16",0.180166703520707,"ENSG00000134453.16"
"ENSG00000134461.16",0.425007223392187,"ENSG00000134461.16"
"ENSG00000134463.15",0.831038292606793,"ENSG00000134463.15"
"ENSG00000134480.16",-0.437201714540825,"ENSG00000134480.16"
"ENSG00000134504.14",0.586714649900291,"ENSG00000134504.14"
"ENSG00000134508.12",0.63936308145695,"ENSG00000134508.12"
"ENSG00000134516.18",0.637539925290267,"ENSG00000134516.18"
"ENSG00000134533.6",0.572588682965279,"ENSG00000134533.6"
"ENSG00000134574.12",0.711549166579268,"ENSG00000134574.12"
"ENSG00000134575.13",0.6011868488533,"ENSG00000134575.13"
"ENSG00000134590.14",0.506383474267593,"ENSG00000134590.14"
"ENSG00000134597.16",-0.0706913147497971,"ENSG00000134597.16"
"ENSG00000134602.16",0.598426379991511,"ENSG00000134602.16"
"ENSG00000134644.15",0.426050886002157,"ENSG00000134644.15"
"ENSG00000134668.12",-0.552841432933806,"ENSG00000134668.12"
"ENSG00000134684.10",0.53296278108768,"ENSG00000134684.10"
"ENSG00000134686.18",0.444146014454234,"ENSG00000134686.18"
"ENSG00000134690.11",0.625385405839733,"ENSG00000134690.11"
"ENSG00000134697.13",0.43525569797917,"ENSG00000134697.13"
"ENSG00000134698.11",0.0288362856780423,"ENSG00000134698.11"
"ENSG00000134709.12",0.696002284604251,"ENSG00000134709.12"
"ENSG00000134716.11",0.556449432103485,"ENSG00000134716.11"
"ENSG00000134717.18",0.271206679728892,"ENSG00000134717.18"
"ENSG00000134744.14",0.152312013592518,"ENSG00000134744.14"
"ENSG00000134748.13",-0.0386592120587536,"ENSG00000134748.13"
"ENSG00000134755.17",0.825674230889341,"ENSG00000134755.17"
"ENSG00000134757.5",0.897567822953079,"ENSG00000134757.5"
"ENSG00000134758.14",0.154898064686446,"ENSG00000134758.14"
"ENSG00000134759.14",0.348257104612831,"ENSG00000134759.14"
"ENSG00000134760.6",0.811150630413569,"ENSG00000134760.6"
"ENSG00000134762.17",0.799986556179161,"ENSG00000134762.17"
"ENSG00000134765.10",0.519925332778214,"ENSG00000134765.10"
"ENSG00000134769.21",0.440452862693315,"ENSG00000134769.21"
"ENSG00000134775.15",0.603922096121653,"ENSG00000134775.15"
"ENSG00000134779.15",-0.041202852477264,"ENSG00000134779.15"
"ENSG00000134780.10",0.373929583631784,"ENSG00000134780.10"
"ENSG00000134802.17",0.529360557945465,"ENSG00000134802.17"
"ENSG00000134809.9",-0.224394587137944,"ENSG00000134809.9"
"ENSG00000134815.19",0.441939421430127,"ENSG00000134815.19"
"ENSG00000134824.14",0.794659593626725,"ENSG00000134824.14"
"ENSG00000134825.16",-0.13772658298118,"ENSG00000134825.16"
"ENSG00000134827.8",0.734327372326423,"ENSG00000134827.8"
"ENSG00000134851.13",0.522531823109175,"ENSG00000134851.13"
"ENSG00000134852.15",0.0765206231326404,"ENSG00000134852.15"
"ENSG00000134853.12",0.400578720729895,"ENSG00000134853.12"
"ENSG00000134864.10",0.271857677006656,"ENSG00000134864.10"
"ENSG00000134871.19",0.0405453760042865,"ENSG00000134871.19"
"ENSG00000134882.16",-0.0394588607911515,"ENSG00000134882.16"
"ENSG00000134884.15",0.173956452979384,"ENSG00000134884.15"
"ENSG00000134899.22",-0.280378727726357,"ENSG00000134899.22"
"ENSG00000134900.12",0.482413935628634,"ENSG00000134900.12"
"ENSG00000134901.13",0.425007126180958,"ENSG00000134901.13"
"ENSG00000134905.17",0.517514200511355,"ENSG00000134905.17"
"ENSG00000134909.18",0.626823512095471,"ENSG00000134909.18"
"ENSG00000134910.14",0.36716040327132,"ENSG00000134910.14"
"ENSG00000134954.14",0.145550380192687,"ENSG00000134954.14"
"ENSG00000134955.12",0.527041981319058,"ENSG00000134955.12"
"ENSG00000134970.14",0.218312794008741,"ENSG00000134970.14"
"ENSG00000134982.17",0.283786262262455,"ENSG00000134982.17"
"ENSG00000134987.11",0.0992578138640401,"ENSG00000134987.11"
"ENSG00000134996.12",0.0746972005000465,"ENSG00000134996.12"
"ENSG00000135002.12",0.120573245568722,"ENSG00000135002.12"
"ENSG00000135018.14",0.091060733094876,"ENSG00000135018.14"
"ENSG00000135040.16",0.278907048518345,"ENSG00000135040.16"
"ENSG00000135045.7",0.161005923282984,"ENSG00000135045.7"
"ENSG00000135046.14",0.704522778782496,"ENSG00000135046.14"
"ENSG00000135047.15",0.183722759953292,"ENSG00000135047.15"
"ENSG00000135048.14",0.805269003041596,"ENSG00000135048.14"
"ENSG00000135049.15",0.460114483691246,"ENSG00000135049.15"
"ENSG00000135052.16",0.776605175123071,"ENSG00000135052.16"
"ENSG00000135069.14",0.580529833245871,"ENSG00000135069.14"
"ENSG00000135070.15",-0.0261679896699669,"ENSG00000135070.15"
"ENSG00000135077.9",0.569555007435152,"ENSG00000135077.9"
"ENSG00000135090.14",0.306821609434524,"ENSG00000135090.14"
"ENSG00000135093.13",0.382452562343204,"ENSG00000135093.13"
"ENSG00000135094.11",0.526929531870111,"ENSG00000135094.11"
"ENSG00000135097.7",0.779773293924152,"ENSG00000135097.7"
"ENSG00000135108.14",0.648516494954801,"ENSG00000135108.14"
"ENSG00000135111.16",0.71315764994944,"ENSG00000135111.16"
"ENSG00000135114.12",0.541071725202125,"ENSG00000135114.12"
"ENSG00000135119.14",0.821237128713836,"ENSG00000135119.14"
"ENSG00000135124.14",0.462007983562591,"ENSG00000135124.14"
"ENSG00000135144.7",0.308823529411765,"ENSG00000135144.7"
"ENSG00000135148.12",0.45267505646395,"ENSG00000135148.12"
"ENSG00000135164.18",0.674978663865942,"ENSG00000135164.18"
"ENSG00000135218.19",0.6080585124784,"ENSG00000135218.19"
"ENSG00000135222.6",0.263490813607786,"ENSG00000135222.6"
"ENSG00000135241.17",0.195114135886742,"ENSG00000135241.17"
"ENSG00000135245.10",0.734046864722636,"ENSG00000135245.10"
"ENSG00000135249.8",0.0500870121831366,"ENSG00000135249.8"
"ENSG00000135250.17",0.698340531642951,"ENSG00000135250.17"
"ENSG00000135269.18",0.676736270080453,"ENSG00000135269.18"
"ENSG00000135272.11",0.0691727010397426,"ENSG00000135272.11"
"ENSG00000135297.16",0.10689518881435,"ENSG00000135297.16"
"ENSG00000135315.12",0.138660917947452,"ENSG00000135315.12"
"ENSG00000135316.18",0.353346094134513,"ENSG00000135316.18"
"ENSG00000135317.13",-0.160819619154334,"ENSG00000135317.13"
"ENSG00000135318.12",0.646867867004284,"ENSG00000135318.12"
"ENSG00000135333.14",0.694594924936624,"ENSG00000135333.14"
"ENSG00000135334.9",0.29521795031627,"ENSG00000135334.9"
"ENSG00000135336.14",0.243678163471094,"ENSG00000135336.14"
"ENSG00000135338.14",0.247685216359085,"ENSG00000135338.14"
"ENSG00000135341.18",0.301726702630278,"ENSG00000135341.18"
"ENSG00000135346.8",0.281788666704165,"ENSG00000135346.8"
"ENSG00000135362.14",0.220647352230486,"ENSG00000135362.14"
"ENSG00000135365.15",0.222389150707196,"ENSG00000135365.15"
"ENSG00000135372.9",0.594204999799355,"ENSG00000135372.9"
"ENSG00000135373.12",0.527876757553417,"ENSG00000135373.12"
"ENSG00000135374.11",0.521319757478147,"ENSG00000135374.11"
"ENSG00000135387.21",0.258677509058739,"ENSG00000135387.21"
"ENSG00000135392.16",0.26317684513824,"ENSG00000135392.16"
"ENSG00000135404.11",0.211217210065474,"ENSG00000135404.11"
"ENSG00000135406.14",0.275559967725577,"ENSG00000135406.14"
"ENSG00000135407.10",0.35558873252336,"ENSG00000135407.10"
"ENSG00000135413.9",0.497858686118903,"ENSG00000135413.9"
"ENSG00000135423.13",-0.138827181249967,"ENSG00000135423.13"
"ENSG00000135424.18",0.574232347072573,"ENSG00000135424.18"
"ENSG00000135437.10",-0.313391086525415,"ENSG00000135437.10"
"ENSG00000135439.11",0.714514947592667,"ENSG00000135439.11"
"ENSG00000135441.7",-0.0522897443695953,"ENSG00000135441.7"
"ENSG00000135446.17",0.0708590468730629,"ENSG00000135446.17"
"ENSG00000135447.17",0.553034961202846,"ENSG00000135447.17"
"ENSG00000135452.10",0.30569746850915,"ENSG00000135452.10"
"ENSG00000135457.10",0.607174774556655,"ENSG00000135457.10"
"ENSG00000135469.13",-0.0194242050250555,"ENSG00000135469.13"
"ENSG00000135472.9",0.672759543800838,"ENSG00000135472.9"
"ENSG00000135473.15",0.151596634506007,"ENSG00000135473.15"
"ENSG00000135476.12",0.0933422173880485,"ENSG00000135476.12"
"ENSG00000135480.16",0.906380902394187,"ENSG00000135480.16"
"ENSG00000135482.7",0.0790057840241016,"ENSG00000135482.7"
"ENSG00000135486.18",0.232449621420684,"ENSG00000135486.18"
"ENSG00000135503.13",-0.0717381249915942,"ENSG00000135503.13"
"ENSG00000135506.16",0.203590292262573,"ENSG00000135506.16"
"ENSG00000135521.9",0.417085066021617,"ENSG00000135521.9"
"ENSG00000135525.18",0.758060007231905,"ENSG00000135525.18"
"ENSG00000135537.17",0.210496669994203,"ENSG00000135537.17"
"ENSG00000135540.11",0.751265104440562,"ENSG00000135540.11"
"ENSG00000135541.21",0.396329115688633,"ENSG00000135541.21"
"ENSG00000135549.15",0.612836570425903,"ENSG00000135549.15"
"ENSG00000135587.9",0.182775181689736,"ENSG00000135587.9"
"ENSG00000135596.18",0.59263167816595,"ENSG00000135596.18"
"ENSG00000135597.18",0.304724295727087,"ENSG00000135597.18"
"ENSG00000135604.10",0.621766831987989,"ENSG00000135604.10"
"ENSG00000135605.13",0.761204699398264,"ENSG00000135605.13"
"ENSG00000135617.4",0.262494392652457,"ENSG00000135617.4"
"ENSG00000135624.16",0.0785392536151069,"ENSG00000135624.16"
"ENSG00000135631.17",0.725008352238084,"ENSG00000135631.17"
"ENSG00000135632.12",0.326677728888352,"ENSG00000135632.12"
"ENSG00000135636.14",0.717757532684177,"ENSG00000135636.14"
"ENSG00000135655.16",0.223827318466714,"ENSG00000135655.16"
"ENSG00000135677.11",0.515979811288733,"ENSG00000135677.11"
"ENSG00000135678.12",0.572352750457733,"ENSG00000135678.12"
"ENSG00000135679.25",-0.191717591095122,"ENSG00000135679.25"
"ENSG00000135686.13",0.410212718868083,"ENSG00000135686.13"
"ENSG00000135698.10",-0.110203648455346,"ENSG00000135698.10"
"ENSG00000135709.12",0.674937571796983,"ENSG00000135709.12"
"ENSG00000135720.13",0.460882953667025,"ENSG00000135720.13"
"ENSG00000135722.9",0.489373894605341,"ENSG00000135722.9"
"ENSG00000135723.14",0.4345407021071,"ENSG00000135723.14"
"ENSG00000135736.6",0.398753684968077,"ENSG00000135736.6"
"ENSG00000135744.8",0.139133845722723,"ENSG00000135744.8"
"ENSG00000135750.15",0.339745831786189,"ENSG00000135750.15"
"ENSG00000135763.10",0.464546198346578,"ENSG00000135763.10"
"ENSG00000135766.9",0.607944594694536,"ENSG00000135766.9"
"ENSG00000135773.13",0.615181889842016,"ENSG00000135773.13"
"ENSG00000135775.14",0.291524586390933,"ENSG00000135775.14"
"ENSG00000135776.5",0.29166302346688,"ENSG00000135776.5"
"ENSG00000135778.12",0.334446726732367,"ENSG00000135778.12"
"ENSG00000135801.9",0.325627821771026,"ENSG00000135801.9"
"ENSG00000135821.19",0.622143249641184,"ENSG00000135821.19"
"ENSG00000135823.14",0.608988305666019,"ENSG00000135823.14"
"ENSG00000135828.11",0.750934240363997,"ENSG00000135828.11"
"ENSG00000135829.17",0.438850587906069,"ENSG00000135829.17"
"ENSG00000135837.16",0.264464311110436,"ENSG00000135837.16"
"ENSG00000135838.13",0.670016856724308,"ENSG00000135838.13"
"ENSG00000135862.6",0.450857628375889,"ENSG00000135862.6"
"ENSG00000135870.12",-0.0282093564805374,"ENSG00000135870.12"
"ENSG00000135899.17",0.634593908048187,"ENSG00000135899.17"
"ENSG00000135900.4",0.357980434807576,"ENSG00000135900.4"
"ENSG00000135905.19",0.523789890372749,"ENSG00000135905.19"
"ENSG00000135912.11",-0.0233218047995755,"ENSG00000135912.11"
"ENSG00000135913.11",0.236562862117698,"ENSG00000135913.11"
"ENSG00000135916.16",0.663020043522098,"ENSG00000135916.16"
"ENSG00000135919.13",0.520977186206274,"ENSG00000135919.13"
"ENSG00000135924.15",0.511878029424519,"ENSG00000135924.15"
"ENSG00000135926.15",0.0383469875686092,"ENSG00000135926.15"
"ENSG00000135929.9",0.750435124905092,"ENSG00000135929.9"
"ENSG00000135930.14",-0.252226756652257,"ENSG00000135930.14"
"ENSG00000135931.17",0.257379951567013,"ENSG00000135931.17"
"ENSG00000135932.11",0.275473799599278,"ENSG00000135932.11"
"ENSG00000135940.7",0.285001777061555,"ENSG00000135940.7"
"ENSG00000135945.10",0.481181081451489,"ENSG00000135945.10"
"ENSG00000135953.11",0.148326793590423,"ENSG00000135953.11"
"ENSG00000135956.9",0.127753968114879,"ENSG00000135956.9"
"ENSG00000135966.13",0.284391862223254,"ENSG00000135966.13"
"ENSG00000135968.21",0.10852421249108,"ENSG00000135968.21"
"ENSG00000135972.9",0.394263519778159,"ENSG00000135972.9"
"ENSG00000135974.10",0.197686354364227,"ENSG00000135974.10"
"ENSG00000135999.12",0.14559481772298,"ENSG00000135999.12"
"ENSG00000136003.15",0.248904329907045,"ENSG00000136003.15"
"ENSG00000136010.14",0.700079830098684,"ENSG00000136010.14"
"ENSG00000136011.15",0.435216238489921,"ENSG00000136011.15"
"ENSG00000136021.19",0.247343747065276,"ENSG00000136021.19"
"ENSG00000136026.14",0.61325571334429,"ENSG00000136026.14"
"ENSG00000136040.9",0.165495351356033,"ENSG00000136040.9"
"ENSG00000136044.12",0.506567497272525,"ENSG00000136044.12"
"ENSG00000136045.12",0.0668158626580848,"ENSG00000136045.12"
"ENSG00000136051.15",0.129302860572708,"ENSG00000136051.15"
"ENSG00000136059.14",0.775881355499133,"ENSG00000136059.14"
"ENSG00000136068.15",0.62957342234803,"ENSG00000136068.15"
"ENSG00000136098.17",0.413988587482191,"ENSG00000136098.17"
"ENSG00000136100.14",0.128088329124658,"ENSG00000136100.14"
"ENSG00000136104.21",0.199257208360547,"ENSG00000136104.21"
"ENSG00000136108.15",0.474487370923711,"ENSG00000136108.15"
"ENSG00000136111.14",0.566935610971842,"ENSG00000136111.14"
"ENSG00000136141.15",0.507223794807432,"ENSG00000136141.15"
"ENSG00000136143.16",0.33121624148741,"ENSG00000136143.16"
"ENSG00000136144.12",0.32745408138644,"ENSG00000136144.12"
"ENSG00000136146.15",0.0398474149437712,"ENSG00000136146.15"
"ENSG00000136147.18",0.369805916352523,"ENSG00000136147.18"
"ENSG00000136152.15",0.243010203021773,"ENSG00000136152.15"
"ENSG00000136153.20",0.752449640556793,"ENSG00000136153.20"
"ENSG00000136155.17",0.733102926318608,"ENSG00000136155.17"
"ENSG00000136156.15",0.342607599739687,"ENSG00000136156.15"
"ENSG00000136159.4",0.100928350674986,"ENSG00000136159.4"
"ENSG00000136161.12",0.67187669415645,"ENSG00000136161.12"
"ENSG00000136167.14",0.696979988991643,"ENSG00000136167.14"
"ENSG00000136169.16",0.262046546354526,"ENSG00000136169.16"
"ENSG00000136193.17",0.664905944160764,"ENSG00000136193.17"
"ENSG00000136197.12",0.256733374117973,"ENSG00000136197.12"
"ENSG00000136205.17",0.359788578569411,"ENSG00000136205.17"
"ENSG00000136213.10",0.314054333889818,"ENSG00000136213.10"
"ENSG00000136231.14",0.873041241228512,"ENSG00000136231.14"
"ENSG00000136235.17",0.70568348264906,"ENSG00000136235.17"
"ENSG00000136237.19",-0.153487208146631,"ENSG00000136237.19"
"ENSG00000136238.18",0.0416785704785473,"ENSG00000136238.18"
"ENSG00000136243.17",0.245529696503917,"ENSG00000136243.17"
"ENSG00000136247.14",0.321924218553573,"ENSG00000136247.14"
"ENSG00000136250.12",0.637796169669638,"ENSG00000136250.12"
"ENSG00000136261.15",0.675789471105077,"ENSG00000136261.15"
"ENSG00000136270.14",0.559052310736853,"ENSG00000136270.14"
"ENSG00000136271.10",0.301231925501575,"ENSG00000136271.10"
"ENSG00000136273.13",-0.0381091612526069,"ENSG00000136273.13"
"ENSG00000136274.9",0.449853772303815,"ENSG00000136274.9"
"ENSG00000136279.20",0.401436619305717,"ENSG00000136279.20"
"ENSG00000136280.17",0.468916816595038,"ENSG00000136280.17"
"ENSG00000136286.16",0.771882289710912,"ENSG00000136286.16"
"ENSG00000136295.15",0.293531896645252,"ENSG00000136295.15"
"ENSG00000136319.12",0.365395079498275,"ENSG00000136319.12"
"ENSG00000136371.11",0.343968022100799,"ENSG00000136371.11"
"ENSG00000136378.15",0.187121871690275,"ENSG00000136378.15"
"ENSG00000136379.12",0.0995403664542656,"ENSG00000136379.12"
"ENSG00000136381.13",-0.0368063666229853,"ENSG00000136381.13"
"ENSG00000136383.6",0.0433495572517124,"ENSG00000136383.6"
"ENSG00000136404.16",0.310972685142573,"ENSG00000136404.16"
"ENSG00000136436.14",0.501631666636075,"ENSG00000136436.14"
"ENSG00000136444.10",0.134132050979698,"ENSG00000136444.10"
"ENSG00000136448.12",0.383493835978725,"ENSG00000136448.12"
"ENSG00000136450.13",0.255442398088528,"ENSG00000136450.13"
"ENSG00000136451.9",0.361565965706381,"ENSG00000136451.9"
"ENSG00000136457.10",0.0919649653086364,"ENSG00000136457.10"
"ENSG00000136463.8",0.266559855116228,"ENSG00000136463.8"
"ENSG00000136478.7",0.535023740266258,"ENSG00000136478.7"
"ENSG00000136485.15",0.386112457701792,"ENSG00000136485.15"
"ENSG00000136490.9",0.492191343987265,"ENSG00000136490.9"
"ENSG00000136492.9",0.412562170532987,"ENSG00000136492.9"
"ENSG00000136504.12",0.319327413616032,"ENSG00000136504.12"
"ENSG00000136514.3",0.482728663170661,"ENSG00000136514.3"
"ENSG00000136518.17",0.26988661012988,"ENSG00000136518.17"
"ENSG00000136521.13",0.134534813297252,"ENSG00000136521.13"
"ENSG00000136522.14",0.492793360069991,"ENSG00000136522.14"
"ENSG00000136527.18",0.426085812285891,"ENSG00000136527.18"
"ENSG00000136536.15",0.247012720685036,"ENSG00000136536.15"
"ENSG00000136542.9",0.712246390252672,"ENSG00000136542.9"
"ENSG00000136560.14",0.340609453055227,"ENSG00000136560.14"
"ENSG00000136603.14",0.390868959791086,"ENSG00000136603.14"
"ENSG00000136628.18",0.426540707960938,"ENSG00000136628.18"
"ENSG00000136631.15",0.568526755524153,"ENSG00000136631.15"
"ENSG00000136636.13",0.58027463838346,"ENSG00000136636.13"
"ENSG00000136643.12",0.105099306054678,"ENSG00000136643.12"
"ENSG00000136682.15",0.266797066387437,"ENSG00000136682.15"
"ENSG00000136689.18",0.818413051742221,"ENSG00000136689.18"
"ENSG00000136699.19",0.342238510980891,"ENSG00000136699.19"
"ENSG00000136709.12",0.432345550359293,"ENSG00000136709.12"
"ENSG00000136710.10",-0.0890599822547837,"ENSG00000136710.10"
"ENSG00000136715.18",0.423805407634009,"ENSG00000136715.18"
"ENSG00000136717.15",0.530749620911368,"ENSG00000136717.15"
"ENSG00000136718.10",0.120207804829401,"ENSG00000136718.10"
"ENSG00000136720.7",0.61935860803858,"ENSG00000136720.7"
"ENSG00000136731.13",0.592432508414171,"ENSG00000136731.13"
"ENSG00000136732.16",0.222969609889615,"ENSG00000136732.16"
"ENSG00000136738.15",0.0813678075573033,"ENSG00000136738.15"
"ENSG00000136754.17",0.0413658838484024,"ENSG00000136754.17"
"ENSG00000136758.18",0.250064648616643,"ENSG00000136758.18"
"ENSG00000136770.11",0.546170927586559,"ENSG00000136770.11"
"ENSG00000136783.10",0.245277607304563,"ENSG00000136783.10"
"ENSG00000136802.11",0.738979157211933,"ENSG00000136802.11"
"ENSG00000136807.14",0.269774953160761,"ENSG00000136807.14"
"ENSG00000136811.16",0.486280723689592,"ENSG00000136811.16"
"ENSG00000136813.14",0.37906038795272,"ENSG00000136813.14"
"ENSG00000136816.16",0.404767333640741,"ENSG00000136816.16"
"ENSG00000136819.15",-0.0753041912556941,"ENSG00000136819.15"
"ENSG00000136824.19",0.54987032747881,"ENSG00000136824.19"
"ENSG00000136826.15",0.489831081569032,"ENSG00000136826.15"
"ENSG00000136827.12",0.346944631490784,"ENSG00000136827.12"
"ENSG00000136828.19",0.150374413811001,"ENSG00000136828.19"
"ENSG00000136830.12",0.729838219320531,"ENSG00000136830.12"
"ENSG00000136842.14",0.689021336452133,"ENSG00000136842.14"
"ENSG00000136848.17",0.210816566662539,"ENSG00000136848.17"
"ENSG00000136854.22",0.483090393508987,"ENSG00000136854.22"
"ENSG00000136859.10",0.556584910128907,"ENSG00000136859.10"
"ENSG00000136861.18",0.0611951099769204,"ENSG00000136861.18"
"ENSG00000136866.13",0.601474277561373,"ENSG00000136866.13"
"ENSG00000136868.11",-0.227610845808317,"ENSG00000136868.11"
"ENSG00000136870.10",0.0946295819858946,"ENSG00000136870.10"
"ENSG00000136872.20",0.807327409992291,"ENSG00000136872.20"
"ENSG00000136874.11",0.311647875623142,"ENSG00000136874.11"
"ENSG00000136875.13",0.119674752060763,"ENSG00000136875.13"
"ENSG00000136877.15",0.276900027671963,"ENSG00000136877.15"
"ENSG00000136878.13",0.252997115554392,"ENSG00000136878.13"
"ENSG00000136883.14",0.56150515938967,"ENSG00000136883.14"
"ENSG00000136888.7",-0.0738758600680512,"ENSG00000136888.7"
"ENSG00000136891.14",-0.00208003819033072,"ENSG00000136891.14"
"ENSG00000136895.19",0.219938214416219,"ENSG00000136895.19"
"ENSG00000136897.8",0.357453047405764,"ENSG00000136897.8"
"ENSG00000136925.15",0.351032876967092,"ENSG00000136925.15"
"ENSG00000136930.13",-0.11907508737371,"ENSG00000136930.13"
"ENSG00000136932.14",0.255408251237367,"ENSG00000136932.14"
"ENSG00000136933.17",0.248599138237729,"ENSG00000136933.17"
"ENSG00000136935.14",0.423701023540302,"ENSG00000136935.14"
"ENSG00000136936.11",0.27316683035852,"ENSG00000136936.11"
"ENSG00000136937.13",0.174016652413354,"ENSG00000136937.13"
"ENSG00000136938.9",0.467424792740831,"ENSG00000136938.9"
"ENSG00000136940.14",0.0300556924468731,"ENSG00000136940.14"
"ENSG00000136942.15",0.449348803264681,"ENSG00000136942.15"
"ENSG00000136943.11",0.82673114799276,"ENSG00000136943.11"
"ENSG00000136944.19",0.705041728984416,"ENSG00000136944.19"
"ENSG00000136950.13",0.208041480491316,"ENSG00000136950.13"
"ENSG00000136960.12",0.555029831915766,"ENSG00000136960.12"
"ENSG00000136982.6",0.444794127961435,"ENSG00000136982.6"
"ENSG00000136986.10",0.522439476429655,"ENSG00000136986.10"
"ENSG00000136997.20",0.509137266483606,"ENSG00000136997.20"
"ENSG00000136999.5",0.452708365579116,"ENSG00000136999.5"
"ENSG00000137033.11",0.516594816449931,"ENSG00000137033.11"
"ENSG00000137038.8",0.21754797625696,"ENSG00000137038.8"
"ENSG00000137040.10",0.134817118523789,"ENSG00000137040.10"
"ENSG00000137054.16",0.112049271514593,"ENSG00000137054.16"
"ENSG00000137055.15",0.547521158989905,"ENSG00000137055.15"
"ENSG00000137073.23",0.651495600304078,"ENSG00000137073.23"
"ENSG00000137074.20",0.159738591251703,"ENSG00000137074.20"
"ENSG00000137076.21",0.285112504066272,"ENSG00000137076.21"
"ENSG00000137077.8",0.73384516101511,"ENSG00000137077.8"
"ENSG00000137094.14",0.384468835152546,"ENSG00000137094.14"
"ENSG00000137100.16",-0.219073383398165,"ENSG00000137100.16"
"ENSG00000137101.13",0.262969180575003,"ENSG00000137101.13"
"ENSG00000137106.18",0.514386088635898,"ENSG00000137106.18"
"ENSG00000137124.8",0.634521376688175,"ENSG00000137124.8"
"ENSG00000137133.11",0.416278285319144,"ENSG00000137133.11"
"ENSG00000137135.18",-0.0424381588560693,"ENSG00000137135.18"
"ENSG00000137142.5",0.628800975949808,"ENSG00000137142.5"
"ENSG00000137145.20",0.219159065605006,"ENSG00000137145.20"
"ENSG00000137154.13",0.219271628461334,"ENSG00000137154.13"
"ENSG00000137161.17",0.493671110746739,"ENSG00000137161.17"
"ENSG00000137166.15",0.663075652629863,"ENSG00000137166.15"
"ENSG00000137168.8",0.179817367154326,"ENSG00000137168.8"
"ENSG00000137171.15",0.661799789376589,"ENSG00000137171.15"
"ENSG00000137177.20",0.57404822810895,"ENSG00000137177.20"
"ENSG00000137198.10",0.641753782612447,"ENSG00000137198.10"
"ENSG00000137200.13",0.366371731710716,"ENSG00000137200.13"
"ENSG00000137203.14",0.77346525385178,"ENSG00000137203.14"
"ENSG00000137207.12",0.16657730415727,"ENSG00000137207.12"
"ENSG00000137216.19",0.544794669686311,"ENSG00000137216.19"
"ENSG00000137221.14",0.409031126941306,"ENSG00000137221.14"
"ENSG00000137265.15",0.73428268527526,"ENSG00000137265.15"
"ENSG00000137266.14",0.424866188681126,"ENSG00000137266.14"
"ENSG00000137267.6",0.551802634491038,"ENSG00000137267.6"
"ENSG00000137269.15",0.308624173964833,"ENSG00000137269.15"
"ENSG00000137274.13",0.671598330398038,"ENSG00000137274.13"
"ENSG00000137275.14",0.465431659791468,"ENSG00000137275.14"
"ENSG00000137285.10",0.675551225986224,"ENSG00000137285.10"
"ENSG00000137288.10",0.365877490465653,"ENSG00000137288.10"
"ENSG00000137309.20",0.529799159917901,"ENSG00000137309.20"
"ENSG00000137310.12",0.333292279902137,"ENSG00000137310.12"
"ENSG00000137312.15",0.30537478931827,"ENSG00000137312.15"
"ENSG00000137337.15",0.341804744658647,"ENSG00000137337.15"
"ENSG00000137343.18",0.677860235557469,"ENSG00000137343.18"
"ENSG00000137364.5",0.184551551854971,"ENSG00000137364.5"
"ENSG00000137404.14",0.0969527501207713,"ENSG00000137404.14"
"ENSG00000137409.19",0.46055535122064,"ENSG00000137409.19"
"ENSG00000137411.18",0.0997177370249218,"ENSG00000137411.18"
"ENSG00000137413.16",0.25098765089064,"ENSG00000137413.16"
"ENSG00000137414.6",-0.0924683463291522,"ENSG00000137414.6"
"ENSG00000137440.5",0.884054768174631,"ENSG00000137440.5"
"ENSG00000137449.16",0.403237918284542,"ENSG00000137449.16"
"ENSG00000137460.8",0.440688849824687,"ENSG00000137460.8"
"ENSG00000137462.8",0.493082425678179,"ENSG00000137462.8"
"ENSG00000137463.5",0.787153520672364,"ENSG00000137463.5"
"ENSG00000137478.15",0.410460251428218,"ENSG00000137478.15"
"ENSG00000137486.17",0.702100671347568,"ENSG00000137486.17"
"ENSG00000137491.15",0.551324487401785,"ENSG00000137491.15"
"ENSG00000137492.8",0.210100601435217,"ENSG00000137492.8"
"ENSG00000137496.18",0.0525028135324024,"ENSG00000137496.18"
"ENSG00000137497.18",0.353868259304098,"ENSG00000137497.18"
"ENSG00000137500.9",0.0291518817171165,"ENSG00000137500.9"
"ENSG00000137501.17",0.71266307214168,"ENSG00000137501.17"
"ENSG00000137502.10",0.699772359227133,"ENSG00000137502.10"
"ENSG00000137504.13",-0.115199319765745,"ENSG00000137504.13"
"ENSG00000137507.11",0.400708435644789,"ENSG00000137507.11"
"ENSG00000137509.11",0.390731458304442,"ENSG00000137509.11"
"ENSG00000137513.10",0.493935493483086,"ENSG00000137513.10"
"ENSG00000137522.18",0.188153680048973,"ENSG00000137522.18"
"ENSG00000137547.9",0.537696630529387,"ENSG00000137547.9"
"ENSG00000137558.9",0.148919594937334,"ENSG00000137558.9"
"ENSG00000137561.5",0.78328173374613,"ENSG00000137561.5"
"ENSG00000137563.12",0.570639706970805,"ENSG00000137563.12"
"ENSG00000137573.14",0.846826439123776,"ENSG00000137573.14"
"ENSG00000137574.11",0.262524492919689,"ENSG00000137574.11"
"ENSG00000137575.12",0.242228528083088,"ENSG00000137575.12"
"ENSG00000137601.17",0.612069926642598,"ENSG00000137601.17"
"ENSG00000137628.17",0.869819830406851,"ENSG00000137628.17"
"ENSG00000137642.13",0.689746016069796,"ENSG00000137642.13"
"ENSG00000137648.18",0.617962237089329,"ENSG00000137648.18"
"ENSG00000137656.12",0.0503120206404255,"ENSG00000137656.12"
"ENSG00000137673.9",0.687146540536471,"ENSG00000137673.9"
"ENSG00000137692.12",0.308137567915836,"ENSG00000137692.12"
"ENSG00000137693.14",0.712173903500054,"ENSG00000137693.14"
"ENSG00000137699.17",0.89075625747876,"ENSG00000137699.17"
"ENSG00000137700.18",0.483369043914359,"ENSG00000137700.18"
"ENSG00000137709.10",0.327447552447552,"ENSG00000137709.10"
"ENSG00000137710.17",0.734464445973157,"ENSG00000137710.17"
"ENSG00000137713.16",0.307164681357804,"ENSG00000137713.16"
"ENSG00000137714.3",0.191028855775556,"ENSG00000137714.3"
"ENSG00000137745.12",0.630885761334049,"ENSG00000137745.12"
"ENSG00000137747.16",0.518424739876127,"ENSG00000137747.16"
"ENSG00000137752.24",0.536338948115619,"ENSG00000137752.24"
"ENSG00000137757.11",0.658730158730159,"ENSG00000137757.11"
"ENSG00000137760.14",0.0717981388312845,"ENSG00000137760.14"
"ENSG00000137764.20",0.467376537822932,"ENSG00000137764.20"
"ENSG00000137767.14",0.707976525948804,"ENSG00000137767.14"
"ENSG00000137770.14",0.361930137838949,"ENSG00000137770.14"
"ENSG00000137776.17",0.176601052344868,"ENSG00000137776.17"
"ENSG00000137801.11",0.533811245397496,"ENSG00000137801.11"
"ENSG00000137802.14",0.439392281269281,"ENSG00000137802.14"
"ENSG00000137806.9",0.113754056779057,"ENSG00000137806.9"
"ENSG00000137807.15",0.672140500010126,"ENSG00000137807.15"
"ENSG00000137809.17",0.652289512192269,"ENSG00000137809.17"
"ENSG00000137812.20",0.545185670854712,"ENSG00000137812.20"
"ENSG00000137814.12",-0.124387491412322,"ENSG00000137814.12"
"ENSG00000137815.14",0.390381635797128,"ENSG00000137815.14"
"ENSG00000137818.12",0.554748178133553,"ENSG00000137818.12"
"ENSG00000137821.11",0.709446360595431,"ENSG00000137821.11"
"ENSG00000137822.13",0.215748482009378,"ENSG00000137822.13"
"ENSG00000137824.16",0.495391493048841,"ENSG00000137824.16"
"ENSG00000137825.11",0.451722181502653,"ENSG00000137825.11"
"ENSG00000137831.15",0.628997505423243,"ENSG00000137831.15"
"ENSG00000137841.12",0.444218646596353,"ENSG00000137841.12"
"ENSG00000137842.7",0.414245914936729,"ENSG00000137842.7"
"ENSG00000137843.12",0.623328281429013,"ENSG00000137843.12"
"ENSG00000137845.15",0.42409093508846,"ENSG00000137845.15"
"ENSG00000137857.17",0.78352588726116,"ENSG00000137857.17"
"ENSG00000137868.19",0.259377892249648,"ENSG00000137868.19"
"ENSG00000137871.20",-0.0159710440984241,"ENSG00000137871.20"
"ENSG00000137872.17",0.821163838684778,"ENSG00000137872.17"
"ENSG00000137876.10",0.0962826217674265,"ENSG00000137876.10"
"ENSG00000137880.6",0.691530028701948,"ENSG00000137880.6"
"ENSG00000137936.18",0.101355551731416,"ENSG00000137936.18"
"ENSG00000137942.16",0.211692163475362,"ENSG00000137942.16"
"ENSG00000137944.18",0.261306520221563,"ENSG00000137944.18"
"ENSG00000137947.12",0.335527888687387,"ENSG00000137947.12"
"ENSG00000137955.16",0.0531772903043144,"ENSG00000137955.16"
"ENSG00000137959.16",0.4460570900441,"ENSG00000137959.16"
"ENSG00000137960.6",0.836066698557779,"ENSG00000137960.6"
"ENSG00000137962.13",-0.0177511932975465,"ENSG00000137962.13"
"ENSG00000137965.11",0.411539142815891,"ENSG00000137965.11"
"ENSG00000137975.8",0.911948951168476,"ENSG00000137975.8"
"ENSG00000137992.14",0.368942885801005,"ENSG00000137992.14"
"ENSG00000137996.12",-0.0110303831834075,"ENSG00000137996.12"
"ENSG00000138002.15",0.153703850125591,"ENSG00000138002.15"
"ENSG00000138018.18",0.265003878985602,"ENSG00000138018.18"
"ENSG00000138028.16",0.569501856411518,"ENSG00000138028.16"
"ENSG00000138029.14",0.294981558357398,"ENSG00000138029.14"
"ENSG00000138030.13",0.378065784098782,"ENSG00000138030.13"
"ENSG00000138031.14",0.390430339411031,"ENSG00000138031.14"
"ENSG00000138032.21",0.275492388941882,"ENSG00000138032.21"
"ENSG00000138035.15",0.0930701400393618,"ENSG00000138035.15"
"ENSG00000138036.18",0.575480821465544,"ENSG00000138036.18"
"ENSG00000138050.15",0.363787841433036,"ENSG00000138050.15"
"ENSG00000138061.12",0.660365759263023,"ENSG00000138061.12"
"ENSG00000138069.18",0.0272146097592431,"ENSG00000138069.18"
"ENSG00000138071.13",0.414104612510277,"ENSG00000138071.13"
"ENSG00000138073.14",-0.0288816346574294,"ENSG00000138073.14"
"ENSG00000138074.15",0.417789072506538,"ENSG00000138074.15"
"ENSG00000138078.16",0.348335971083908,"ENSG00000138078.16"
"ENSG00000138080.14",0.324434990159279,"ENSG00000138080.14"
"ENSG00000138081.21",0.13401803586992,"ENSG00000138081.21"
"ENSG00000138085.17",-0.154573888251796,"ENSG00000138085.17"
"ENSG00000138092.11",0.407981134255547,"ENSG00000138092.11"
"ENSG00000138095.19",0.601552696522679,"ENSG00000138095.19"
"ENSG00000138101.18",0.41714870608043,"ENSG00000138101.18"
"ENSG00000138107.13",0.203837072663731,"ENSG00000138107.13"
"ENSG00000138111.14",0.277848581680919,"ENSG00000138111.14"
"ENSG00000138119.17",0.617837915510232,"ENSG00000138119.17"
"ENSG00000138131.4",0.608865762965726,"ENSG00000138131.4"
"ENSG00000138134.12",0.366479228238255,"ENSG00000138134.12"
"ENSG00000138138.13",0.133010893128919,"ENSG00000138138.13"
"ENSG00000138160.6",0.484188811058606,"ENSG00000138160.6"
"ENSG00000138162.19",0.604411578520132,"ENSG00000138162.19"
"ENSG00000138172.11",0.209060321530384,"ENSG00000138172.11"
"ENSG00000138175.9",0.423539364062116,"ENSG00000138175.9"
"ENSG00000138180.16",0.597226362798073,"ENSG00000138180.16"
"ENSG00000138182.14",0.00297122338295482,"ENSG00000138182.14"
"ENSG00000138185.20",0.336573192953707,"ENSG00000138185.20"
"ENSG00000138190.17",0.458372399748776,"ENSG00000138190.17"
"ENSG00000138193.15",0.588876291293379,"ENSG00000138193.15"
"ENSG00000138231.13",0.124750363415278,"ENSG00000138231.13"
"ENSG00000138246.17",0.558876809546207,"ENSG00000138246.17"
"ENSG00000138279.16",0.354217440773865,"ENSG00000138279.16"
"ENSG00000138303.18",0.0068782855823877,"ENSG00000138303.18"
"ENSG00000138316.11",-0.0990261516577306,"ENSG00000138316.11"
"ENSG00000138326.21",0.229500002001153,"ENSG00000138326.21"
"ENSG00000138336.9",-0.175052787228227,"ENSG00000138336.9"
"ENSG00000138346.15",-0.428724075477503,"ENSG00000138346.15"
"ENSG00000138356.14",0.781075094424814,"ENSG00000138356.14"
"ENSG00000138363.15",0.385128965469816,"ENSG00000138363.15"
"ENSG00000138375.13",0.118450409130206,"ENSG00000138375.13"
"ENSG00000138376.11",0.00483143357760126,"ENSG00000138376.11"
"ENSG00000138378.19",0.466932909359741,"ENSG00000138378.19"
"ENSG00000138381.10",0.368877557383215,"ENSG00000138381.10"
"ENSG00000138382.15",0.245381602533411,"ENSG00000138382.15"
"ENSG00000138385.16",0.432266383340248,"ENSG00000138385.16"
"ENSG00000138386.17",0.569482880144971,"ENSG00000138386.17"
"ENSG00000138398.16",-0.110227882909732,"ENSG00000138398.16"
"ENSG00000138399.18",0.29766640194644,"ENSG00000138399.18"
"ENSG00000138411.13",0.390698149318709,"ENSG00000138411.13"
"ENSG00000138413.13",0.496032427135718,"ENSG00000138413.13"
"ENSG00000138430.16",0.0365814722917049,"ENSG00000138430.16"
"ENSG00000138433.16",-0.0147281729672849,"ENSG00000138433.16"
"ENSG00000138434.17",0.299647337593339,"ENSG00000138434.17"
"ENSG00000138439.12",0.372388811913796,"ENSG00000138439.12"
"ENSG00000138442.10",0.209183230794767,"ENSG00000138442.10"
"ENSG00000138443.16",0.630070405701861,"ENSG00000138443.16"
"ENSG00000138448.12",0.542137008880107,"ENSG00000138448.12"
"ENSG00000138449.11",0.437711145213217,"ENSG00000138449.11"
"ENSG00000138459.9",-0.0296581027015213,"ENSG00000138459.9"
"ENSG00000138463.9",0.334980821799641,"ENSG00000138463.9"
"ENSG00000138468.16",0.12212155733931,"ENSG00000138468.16"
"ENSG00000138495.6",0.209186741986588,"ENSG00000138495.6"
"ENSG00000138496.16",0.652806983998165,"ENSG00000138496.16"
"ENSG00000138592.14",0.312453740463264,"ENSG00000138592.14"
"ENSG00000138593.9",0.236403130372994,"ENSG00000138593.9"
"ENSG00000138594.14",0.303725794060859,"ENSG00000138594.14"
"ENSG00000138600.10",0.173345800288873,"ENSG00000138600.10"
"ENSG00000138604.10",0.283876551859427,"ENSG00000138604.10"
"ENSG00000138606.19",0.525465202100903,"ENSG00000138606.19"
"ENSG00000138614.15",0.217613579238211,"ENSG00000138614.15"
"ENSG00000138615.6",0.757246734957121,"ENSG00000138615.6"
"ENSG00000138617.15",0.192111884523407,"ENSG00000138617.15"
"ENSG00000138621.12",0.257130166277881,"ENSG00000138621.12"
"ENSG00000138623.10",0.614055327900844,"ENSG00000138623.10"
"ENSG00000138629.16",-0.074381543280793,"ENSG00000138629.16"
"ENSG00000138639.18",0.739268548441404,"ENSG00000138639.18"
"ENSG00000138640.15",0.831611370407252,"ENSG00000138640.15"
"ENSG00000138642.15",0.419541235519139,"ENSG00000138642.15"
"ENSG00000138646.9",0.539453484972187,"ENSG00000138646.9"
"ENSG00000138650.9",0.783716784659242,"ENSG00000138650.9"
"ENSG00000138660.12",0.44631143112606,"ENSG00000138660.12"
"ENSG00000138663.9",-0.222275542783626,"ENSG00000138663.9"
"ENSG00000138668.19",0.154483984605374,"ENSG00000138668.19"
"ENSG00000138669.9",0.321216572510602,"ENSG00000138669.9"
"ENSG00000138674.17",0.413259526857398,"ENSG00000138674.17"
"ENSG00000138678.11",0.166502838263145,"ENSG00000138678.11"
"ENSG00000138685.16",0.707896498801979,"ENSG00000138685.16"
"ENSG00000138686.10",0.403429588309027,"ENSG00000138686.10"
"ENSG00000138688.15",0.588968094445122,"ENSG00000138688.15"
"ENSG00000138696.11",0.659625987979851,"ENSG00000138696.11"
"ENSG00000138698.15",0.359433703004114,"ENSG00000138698.15"
"ENSG00000138709.19",0.0215178320725206,"ENSG00000138709.19"
"ENSG00000138722.10",0.435594127693107,"ENSG00000138722.10"
"ENSG00000138735.16",0.700877984629676,"ENSG00000138735.16"
"ENSG00000138744.16",0.539255919605993,"ENSG00000138744.16"
"ENSG00000138750.15",-0.0841120786653013,"ENSG00000138750.15"
"ENSG00000138755.6",0.468346721908391,"ENSG00000138755.6"
"ENSG00000138756.17",0.530727116270914,"ENSG00000138756.17"
"ENSG00000138757.14",-0.0866194590652677,"ENSG00000138757.14"
"ENSG00000138758.11",0.535873325695199,"ENSG00000138758.11"
"ENSG00000138760.10",0.377215334382217,"ENSG00000138760.10"
"ENSG00000138767.13",0.205160330230624,"ENSG00000138767.13"
"ENSG00000138768.14",0.310214554592313,"ENSG00000138768.14"
"ENSG00000138771.16",0.701018081737392,"ENSG00000138771.16"
"ENSG00000138772.13",0.669438298076121,"ENSG00000138772.13"
"ENSG00000138777.20",0.352789714347484,"ENSG00000138777.20"
"ENSG00000138778.13",0.267948883087908,"ENSG00000138778.13"
"ENSG00000138780.15",0.312509757122575,"ENSG00000138780.15"
"ENSG00000138785.15",-0.107554359024715,"ENSG00000138785.15"
"ENSG00000138792.10",0.637621471602495,"ENSG00000138792.10"
"ENSG00000138794.10",0.697987724075924,"ENSG00000138794.10"
"ENSG00000138795.10",0.581016177569204,"ENSG00000138795.10"
"ENSG00000138796.17",0.737084041431383,"ENSG00000138796.17"
"ENSG00000138801.9",0.506244956716902,"ENSG00000138801.9"
"ENSG00000138802.11",0.024785294659153,"ENSG00000138802.11"
"ENSG00000138814.17",0.677963082210358,"ENSG00000138814.17"
"ENSG00000138821.13",0.523433617125277,"ENSG00000138821.13"
"ENSG00000138829.12",0.299601033918552,"ENSG00000138829.12"
"ENSG00000138834.13",0.276144867551224,"ENSG00000138834.13"
"ENSG00000138835.22",0.510307324643057,"ENSG00000138835.22"
"ENSG00000138867.16",0.0257000021875606,"ENSG00000138867.16"
"ENSG00000138942.16",-0.0638798289681548,"ENSG00000138942.16"
"ENSG00000138964.17",0.559481134623139,"ENSG00000138964.17"
"ENSG00000139044.12",0.442183557258015,"ENSG00000139044.12"
"ENSG00000139055.7",0.309625965082404,"ENSG00000139055.7"
"ENSG00000139083.11",0.560757556495031,"ENSG00000139083.11"
"ENSG00000139112.11",0.469662937310094,"ENSG00000139112.11"
"ENSG00000139116.18",0.648055130496838,"ENSG00000139116.18"
"ENSG00000139117.14",0.742487217465205,"ENSG00000139117.14"
"ENSG00000139131.13",0.537299143393629,"ENSG00000139131.13"
"ENSG00000139132.14",0.642251179964189,"ENSG00000139132.14"
"ENSG00000139144.10",0.110671853002647,"ENSG00000139144.10"
"ENSG00000139146.14",0.649273745542528,"ENSG00000139146.14"
"ENSG00000139154.16",0.428798851009249,"ENSG00000139154.16"
"ENSG00000139160.13",-0.196108058608059,"ENSG00000139160.13"
"ENSG00000139163.16",0.197903374091527,"ENSG00000139163.16"
"ENSG00000139168.8",-0.280526827672235,"ENSG00000139168.8"
"ENSG00000139174.12",0.517812100609076,"ENSG00000139174.12"
"ENSG00000139178.11",0.230000482091107,"ENSG00000139178.11"
"ENSG00000139180.11",0.275392515564741,"ENSG00000139180.11"
"ENSG00000139182.15",0.402608356631222,"ENSG00000139182.15"
"ENSG00000139192.12",0.504345121054811,"ENSG00000139192.12"
"ENSG00000139193.3",0.466318874022106,"ENSG00000139193.3"
"ENSG00000139194.8",0.681937805312568,"ENSG00000139194.8"
"ENSG00000139197.10",0.189688691348264,"ENSG00000139197.10"
"ENSG00000139211.6",0.157257753766065,"ENSG00000139211.6"
"ENSG00000139218.18",0.438102471052166,"ENSG00000139218.18"
"ENSG00000139219.19",0.0869554749336942,"ENSG00000139219.19"
"ENSG00000139233.7",0.309839092088435,"ENSG00000139233.7"
"ENSG00000139263.11",0.46931157093647,"ENSG00000139263.11"
"ENSG00000139269.3",0.223434047989041,"ENSG00000139269.3"
"ENSG00000139278.10",0.398870441177224,"ENSG00000139278.10"
"ENSG00000139289.13",0.616948764170278,"ENSG00000139289.13"
"ENSG00000139291.14",0.57657876741978,"ENSG00000139291.14"
"ENSG00000139318.8",0.567967883679435,"ENSG00000139318.8"
"ENSG00000139323.14",0.381283733161805,"ENSG00000139323.14"
"ENSG00000139324.12",0.691055413342468,"ENSG00000139324.12"
"ENSG00000139329.5",0.653848669776702,"ENSG00000139329.5"
"ENSG00000139330.5",0.448657509670924,"ENSG00000139330.5"
"ENSG00000139343.10",0.163257029093681,"ENSG00000139343.10"
"ENSG00000139344.8",0.601921986416039,"ENSG00000139344.8"
"ENSG00000139350.12",0.0427320612122629,"ENSG00000139350.12"
"ENSG00000139370.12",0.331232071579894,"ENSG00000139370.12"
"ENSG00000139372.15",0.47634688850435,"ENSG00000139372.15"
"ENSG00000139405.16",-0.0488294797236719,"ENSG00000139405.16"
"ENSG00000139410.15",0.320630630924307,"ENSG00000139410.15"
"ENSG00000139428.12",0.496666972195422,"ENSG00000139428.12"
"ENSG00000139433.10",0.728990592320751,"ENSG00000139433.10"
"ENSG00000139436.21",0.627672105001347,"ENSG00000139436.21"
"ENSG00000139437.18",0.188121894019891,"ENSG00000139437.18"
"ENSG00000139496.16",-0.224973111204741,"ENSG00000139496.16"
"ENSG00000139505.11",-0.025648249614034,"ENSG00000139505.11"
"ENSG00000139508.15",0.25673450848705,"ENSG00000139508.15"
"ENSG00000139514.13",0.744507217572036,"ENSG00000139514.13"
"ENSG00000139517.9",0.213506042773023,"ENSG00000139517.9"
"ENSG00000139531.13",0.525447095038435,"ENSG00000139531.13"
"ENSG00000139546.11",0.251237122633172,"ENSG00000139546.11"
"ENSG00000139547.7",0.376531372952208,"ENSG00000139547.7"
"ENSG00000139567.13",0.0473908760995936,"ENSG00000139567.13"
"ENSG00000139579.13",-0.0378949655348638,"ENSG00000139579.13"
"ENSG00000139597.18",0.0552848749519205,"ENSG00000139597.18"
"ENSG00000139613.12",0.257121360612055,"ENSG00000139613.12"
"ENSG00000139618.15",-0.203410655754272,"ENSG00000139618.15"
"ENSG00000139620.13",-0.0158400946328104,"ENSG00000139620.13"
"ENSG00000139624.14",0.133026272807688,"ENSG00000139624.14"
"ENSG00000139625.13",-0.231245468742488,"ENSG00000139625.13"
"ENSG00000139626.16",0.402505805546911,"ENSG00000139626.16"
"ENSG00000139629.16",0.704989183575891,"ENSG00000139629.16"
"ENSG00000139631.18",0.479191622501339,"ENSG00000139631.18"
"ENSG00000139637.14",0.424629553038214,"ENSG00000139637.14"
"ENSG00000139641.12",0.202370767592081,"ENSG00000139641.12"
"ENSG00000139644.13",0.336771542241493,"ENSG00000139644.13"
"ENSG00000139645.10",0.556725428317932,"ENSG00000139645.10"
"ENSG00000139651.11",0.499462677278591,"ENSG00000139651.11"
"ENSG00000139668.9",0.688242889480922,"ENSG00000139668.9"
"ENSG00000139675.12",0.27107781882283,"ENSG00000139675.12"
"ENSG00000139684.15",-0.265543657775475,"ENSG00000139684.15"
"ENSG00000139687.15",0.321865292817153,"ENSG00000139687.15"
"ENSG00000139697.14",0.380702010179451,"ENSG00000139697.14"
"ENSG00000139718.10",0.226437632973366,"ENSG00000139718.10"
"ENSG00000139719.11",0.211989643490878,"ENSG00000139719.11"
"ENSG00000139722.7",0.42901531974789,"ENSG00000139722.7"
"ENSG00000139725.8",0.653798559338864,"ENSG00000139725.8"
"ENSG00000139726.11",0.0934431580008198,"ENSG00000139726.11"
"ENSG00000139734.19",0.515828568302579,"ENSG00000139734.19"
"ENSG00000139746.15",0.293130075222181,"ENSG00000139746.15"
"ENSG00000139793.18",0.270775378195657,"ENSG00000139793.18"
"ENSG00000139826.6",-0.129440605920243,"ENSG00000139826.6"
"ENSG00000139832.5",0.570333270208183,"ENSG00000139832.5"
"ENSG00000139835.14",0.159854651021005,"ENSG00000139835.14"
"ENSG00000139842.15",0.287473380204345,"ENSG00000139842.15"
"ENSG00000139890.10",0.330568311921244,"ENSG00000139890.10"
"ENSG00000139910.20",0.749164499433882,"ENSG00000139910.20"
"ENSG00000139921.13",0.269649489934831,"ENSG00000139921.13"
"ENSG00000139926.16",0.746766898220993,"ENSG00000139926.16"
"ENSG00000139970.17",0.749299138161293,"ENSG00000139970.17"
"ENSG00000139977.14",-0.0823817510400367,"ENSG00000139977.14"
"ENSG00000139988.10",0.2900077960819,"ENSG00000139988.10"
"ENSG00000139990.18",0.318456890539586,"ENSG00000139990.18"
"ENSG00000139998.16",0.0698683458469353,"ENSG00000139998.16"
"ENSG00000140006.11",0.312197385894401,"ENSG00000140006.11"
"ENSG00000140022.13",0.82463122381772,"ENSG00000140022.13"
"ENSG00000140043.11",0.598559530524342,"ENSG00000140043.11"
"ENSG00000140044.13",0.230053958684502,"ENSG00000140044.13"
"ENSG00000140057.9",0.592133966221981,"ENSG00000140057.9"
"ENSG00000140092.14",0.313007958774046,"ENSG00000140092.14"
"ENSG00000140093.10",-0.143842248650132,"ENSG00000140093.10"
"ENSG00000140105.18",0.59531590423382,"ENSG00000140105.18"
"ENSG00000140153.17",0.277298518524201,"ENSG00000140153.17"
"ENSG00000140157.15",0.111843520233874,"ENSG00000140157.15"
"ENSG00000140199.12",0.733279878477003,"ENSG00000140199.12"
"ENSG00000140259.7",0.0178126635125586,"ENSG00000140259.7"
"ENSG00000140262.18",0.360962691156575,"ENSG00000140262.18"
"ENSG00000140263.15",0.633401302402422,"ENSG00000140263.15"
"ENSG00000140264.20",0.326380912168583,"ENSG00000140264.20"
"ENSG00000140265.12",0.320277796947715,"ENSG00000140265.12"
"ENSG00000140280.14",0.350254350790658,"ENSG00000140280.14"
"ENSG00000140284.11",0.793797744744275,"ENSG00000140284.11"
"ENSG00000140285.10",0.0571634411552903,"ENSG00000140285.10"
"ENSG00000140287.11",0.15,"ENSG00000140287.11"
"ENSG00000140299.13",0.297052783630039,"ENSG00000140299.13"
"ENSG00000140307.11",-0.2870037575367,"ENSG00000140307.11"
"ENSG00000140319.11",0.338609875739814,"ENSG00000140319.11"
"ENSG00000140320.12",0.379178658781545,"ENSG00000140320.12"
"ENSG00000140323.6",0.67082372926828,"ENSG00000140323.6"
"ENSG00000140326.13",0.415214599518813,"ENSG00000140326.13"
"ENSG00000140332.17",0.649877678612217,"ENSG00000140332.17"
"ENSG00000140350.15",0.231014357562744,"ENSG00000140350.15"
"ENSG00000140365.16",-0.0350855655475318,"ENSG00000140365.16"
"ENSG00000140367.12",0.258647779308224,"ENSG00000140367.12"
"ENSG00000140368.13",0.590562542710973,"ENSG00000140368.13"
"ENSG00000140374.16",-0.0619477098330418,"ENSG00000140374.16"
"ENSG00000140379.8",0.499633431085044,"ENSG00000140379.8"
"ENSG00000140382.15",-0.0972595445363856,"ENSG00000140382.15"
"ENSG00000140386.13",0.285042647695648,"ENSG00000140386.13"
"ENSG00000140391.15",0.510591343927393,"ENSG00000140391.15"
"ENSG00000140395.9",0.240274053899877,"ENSG00000140395.9"
"ENSG00000140396.13",0.415386191350563,"ENSG00000140396.13"
"ENSG00000140398.14",0.443466249639869,"ENSG00000140398.14"
"ENSG00000140400.17",-0.174092415605325,"ENSG00000140400.17"
"ENSG00000140403.12",0.582328240861915,"ENSG00000140403.12"
"ENSG00000140406.4",0.18973226524531,"ENSG00000140406.4"
"ENSG00000140416.23",0.412156442460791,"ENSG00000140416.23"
"ENSG00000140443.15",0.548801876530688,"ENSG00000140443.15"
"ENSG00000140455.17",0.445781111586377,"ENSG00000140455.17"
"ENSG00000140463.14",0.454336087927906,"ENSG00000140463.14"
"ENSG00000140464.20",0.52005314886321,"ENSG00000140464.20"
"ENSG00000140471.17",-0.236293686541927,"ENSG00000140471.17"
"ENSG00000140474.14",0.591792596149563,"ENSG00000140474.14"
"ENSG00000140479.17",0.58914354578151,"ENSG00000140479.17"
"ENSG00000140497.16",0.309939643307142,"ENSG00000140497.16"
"ENSG00000140511.12",0.534026225333792,"ENSG00000140511.12"
"ENSG00000140521.15",0.127221810755977,"ENSG00000140521.15"
"ENSG00000140525.18",0.470027434067085,"ENSG00000140525.18"
"ENSG00000140526.18",0.562273884256158,"ENSG00000140526.18"
"ENSG00000140545.15",0.473585210138726,"ENSG00000140545.15"
"ENSG00000140548.10",0.678764478764479,"ENSG00000140548.10"
"ENSG00000140553.18",0.491275816443146,"ENSG00000140553.18"
"ENSG00000140564.12",0.489997551346414,"ENSG00000140564.12"
"ENSG00000140575.13",0.575675146046434,"ENSG00000140575.13"
"ENSG00000140577.16",0.490919625029015,"ENSG00000140577.16"
"ENSG00000140598.15",0.209344307410284,"ENSG00000140598.15"
"ENSG00000140612.14",0.0372384530684848,"ENSG00000140612.14"
"ENSG00000140632.17",0.315275665738069,"ENSG00000140632.17"
"ENSG00000140650.12",0.356977721407517,"ENSG00000140650.12"
"ENSG00000140678.17",0.575041161581995,"ENSG00000140678.17"
"ENSG00000140682.19",0.297373624769128,"ENSG00000140682.19"
"ENSG00000140688.17",0.0714990204268647,"ENSG00000140688.17"
"ENSG00000140691.17",-0.266543069618193,"ENSG00000140691.17"
"ENSG00000140694.17",0.494212316118544,"ENSG00000140694.17"
"ENSG00000140718.21",0.607250319149286,"ENSG00000140718.21"
"ENSG00000140740.11",0.208256015776589,"ENSG00000140740.11"
"ENSG00000140743.8",0.406768862989335,"ENSG00000140743.8"
"ENSG00000140749.9",0.446618335844116,"ENSG00000140749.9"
"ENSG00000140750.17",0.378026637649005,"ENSG00000140750.17"
"ENSG00000140829.12",0.415765829937895,"ENSG00000140829.12"
"ENSG00000140830.9",0.0165386614701746,"ENSG00000140830.9"
"ENSG00000140832.9",0.263784908605636,"ENSG00000140832.9"
"ENSG00000140836.17",0.390694946707815,"ENSG00000140836.17"
"ENSG00000140848.17",0.641447828625902,"ENSG00000140848.17"
"ENSG00000140853.15",0.159461562986053,"ENSG00000140853.15"
"ENSG00000140854.13",0.346596688343519,"ENSG00000140854.13"
"ENSG00000140859.16",0.488937642809553,"ENSG00000140859.16"
"ENSG00000140876.11",0.542025459974099,"ENSG00000140876.11"
"ENSG00000140905.11",0.490472236535178,"ENSG00000140905.11"
"ENSG00000140931.20",0.568820094362022,"ENSG00000140931.20"
"ENSG00000140937.14",0.633567197562462,"ENSG00000140937.14"
"ENSG00000140939.14",0.665616568121498,"ENSG00000140939.14"
"ENSG00000140943.17",0.432123579076138,"ENSG00000140943.17"
"ENSG00000140945.17",0.555203908724372,"ENSG00000140945.17"
"ENSG00000140948.13",-0.0504392298830262,"ENSG00000140948.13"
"ENSG00000140950.16",0.689395107352351,"ENSG00000140950.16"
"ENSG00000140968.11",0.24828922840035,"ENSG00000140968.11"
"ENSG00000140983.14",0.255706410512945,"ENSG00000140983.14"
"ENSG00000140986.8",0.234384702917456,"ENSG00000140986.8"
"ENSG00000140988.16",0.369937997973531,"ENSG00000140988.16"
"ENSG00000140990.15",0.186846962676883,"ENSG00000140990.15"
"ENSG00000140992.19",0.498211405550057,"ENSG00000140992.19"
"ENSG00000140995.16",0.362199393112844,"ENSG00000140995.16"
"ENSG00000141002.20",0.447463252689409,"ENSG00000141002.20"
"ENSG00000141012.13",0.349206709073287,"ENSG00000141012.13"
"ENSG00000141013.17",0.104363081225848,"ENSG00000141013.17"
"ENSG00000141026.6",0.266752626744283,"ENSG00000141026.6"
"ENSG00000141027.21",0.269977967182692,"ENSG00000141027.21"
"ENSG00000141030.13",-0.0178459215513839,"ENSG00000141030.13"
"ENSG00000141034.10",0.51428026934094,"ENSG00000141034.10"
"ENSG00000141068.14",0.0950200761056653,"ENSG00000141068.14"
"ENSG00000141076.18",0.203270833010097,"ENSG00000141076.18"
"ENSG00000141084.11",0.285041175099309,"ENSG00000141084.11"
"ENSG00000141098.13",0.389752358932522,"ENSG00000141098.13"
"ENSG00000141101.13",0.459665572484445,"ENSG00000141101.13"
"ENSG00000141127.15",0.266218735611161,"ENSG00000141127.15"
"ENSG00000141179.14",0.307009646458816,"ENSG00000141179.14"
"ENSG00000141198.16",0.522145255769264,"ENSG00000141198.16"
"ENSG00000141219.15",0.405472221336609,"ENSG00000141219.15"
"ENSG00000141232.5",0.777358744597393,"ENSG00000141232.5"
"ENSG00000141252.20",0.485564184276205,"ENSG00000141252.20"
"ENSG00000141258.13",0.044789815838178,"ENSG00000141258.13"
"ENSG00000141279.16",0.41017877657497,"ENSG00000141279.16"
"ENSG00000141293.16",0.155720433056093,"ENSG00000141293.16"
"ENSG00000141294.10",0.389229448441163,"ENSG00000141294.10"
"ENSG00000141295.14",0.412342874289617,"ENSG00000141295.14"
"ENSG00000141298.19",0.10098947774356,"ENSG00000141298.19"
"ENSG00000141337.12",0.0101841531147885,"ENSG00000141337.12"
"ENSG00000141338.14",0.439686284236471,"ENSG00000141338.14"
"ENSG00000141349.8",0.274544075598167,"ENSG00000141349.8"
"ENSG00000141367.12",0.354750928837004,"ENSG00000141367.12"
"ENSG00000141376.22",0.16167230433376,"ENSG00000141376.22"
"ENSG00000141378.15",0.545771568009452,"ENSG00000141378.15"
"ENSG00000141380.14",0.341750755408875,"ENSG00000141380.14"
"ENSG00000141385.10",0.519625835688908,"ENSG00000141385.10"
"ENSG00000141401.12",0.756909627571902,"ENSG00000141401.12"
"ENSG00000141424.13",0.381088169813115,"ENSG00000141424.13"
"ENSG00000141425.18",0.546639819284454,"ENSG00000141425.18"
"ENSG00000141428.17",0.361614626530742,"ENSG00000141428.17"
"ENSG00000141429.13",0.60323697284684,"ENSG00000141429.13"
"ENSG00000141433.13",0.594026750590086,"ENSG00000141433.13"
"ENSG00000141441.16",0.445054083285896,"ENSG00000141441.16"
"ENSG00000141446.11",0.298428082284179,"ENSG00000141446.11"
"ENSG00000141447.18",0.276487161933553,"ENSG00000141447.18"
"ENSG00000141448.10",0.661918491836031,"ENSG00000141448.10"
"ENSG00000141449.14",-0.0205612670186163,"ENSG00000141449.14"
"ENSG00000141452.10",0.083158701615258,"ENSG00000141452.10"
"ENSG00000141456.16",0.281974364679565,"ENSG00000141456.16"
"ENSG00000141458.13",0.679874995269618,"ENSG00000141458.13"
"ENSG00000141480.18",0.201874717262688,"ENSG00000141480.18"
"ENSG00000141499.17",0.456081679088844,"ENSG00000141499.17"
"ENSG00000141503.17",0.309490643049384,"ENSG00000141503.17"
"ENSG00000141504.12",0.406364490286499,"ENSG00000141504.12"
"ENSG00000141506.13",0.385730818283876,"ENSG00000141506.13"
"ENSG00000141510.17",0.253475379425411,"ENSG00000141510.17"
"ENSG00000141522.12",0.139677776232153,"ENSG00000141522.12"
"ENSG00000141524.15",0.412856108250674,"ENSG00000141524.15"
"ENSG00000141526.16",0.649693000508925,"ENSG00000141526.16"
"ENSG00000141527.18",0.436022035045009,"ENSG00000141527.18"
"ENSG00000141543.12",0.141076725437089,"ENSG00000141543.12"
"ENSG00000141551.14",-0.0314571496604173,"ENSG00000141551.14"
"ENSG00000141552.17",0.379483892575605,"ENSG00000141552.17"
"ENSG00000141556.21",0.400232738473487,"ENSG00000141556.21"
"ENSG00000141560.15",0.0554835597155177,"ENSG00000141560.15"
"ENSG00000141562.18",0.509577520919713,"ENSG00000141562.18"
"ENSG00000141564.15",0.0251218734070846,"ENSG00000141564.15"
"ENSG00000141568.21",0.300656817155551,"ENSG00000141568.21"
"ENSG00000141569.12",0.276546768959555,"ENSG00000141569.12"
"ENSG00000141570.11",0.362960204403112,"ENSG00000141570.11"
"ENSG00000141574.8",0.41882746851622,"ENSG00000141574.8"
"ENSG00000141577.14",0.385167363268485,"ENSG00000141577.14"
"ENSG00000141579.7",0.721374402215399,"ENSG00000141579.7"
"ENSG00000141580.16",0.33772588290652,"ENSG00000141580.16"
"ENSG00000141582.15",0.46354502842052,"ENSG00000141582.15"
"ENSG00000141627.13",0.213634371050607,"ENSG00000141627.13"
"ENSG00000141642.9",0.305024799377978,"ENSG00000141642.9"
"ENSG00000141644.17",0.067586136317451,"ENSG00000141644.17"
"ENSG00000141646.14",0.2977462350592,"ENSG00000141646.14"
"ENSG00000141655.17",0.790917906837883,"ENSG00000141655.17"
"ENSG00000141664.10",0.140775647378219,"ENSG00000141664.10"
"ENSG00000141668.10",0.211561888298637,"ENSG00000141668.10"
"ENSG00000141682.12",0.295838301649213,"ENSG00000141682.12"
"ENSG00000141696.13",0.293860783011177,"ENSG00000141696.13"
"ENSG00000141698.17",0.469482683249918,"ENSG00000141698.17"
"ENSG00000141699.11",0.241093508793117,"ENSG00000141699.11"
"ENSG00000141736.13",0.753580740826328,"ENSG00000141736.13"
"ENSG00000141738.14",0.559274370185729,"ENSG00000141738.14"
"ENSG00000141741.12",0.199269781523891,"ENSG00000141741.12"
"ENSG00000141744.4",0.321745279549968,"ENSG00000141744.4"
"ENSG00000141750.7",0.641304072218649,"ENSG00000141750.7"
"ENSG00000141753.7",0.40741425899087,"ENSG00000141753.7"
"ENSG00000141756.19",0.637776237225178,"ENSG00000141756.19"
"ENSG00000141759.15",0.236202396978607,"ENSG00000141759.15"
"ENSG00000141837.21",0.433238577526194,"ENSG00000141837.21"
"ENSG00000141854.9",-0.0158728101608684,"ENSG00000141854.9"
"ENSG00000141858.12",0.432224646476002,"ENSG00000141858.12"
"ENSG00000141867.17",0.303222532926073,"ENSG00000141867.17"
"ENSG00000141905.19",0.543732703583455,"ENSG00000141905.19"
"ENSG00000141933.9",0.388359607045329,"ENSG00000141933.9"
"ENSG00000141934.10",0.602091728269097,"ENSG00000141934.10"
"ENSG00000141956.13",0.180088205021052,"ENSG00000141956.13"
"ENSG00000141959.17",0.474427739213961,"ENSG00000141959.17"
"ENSG00000141965.5",0.559689970170433,"ENSG00000141965.5"
"ENSG00000141968.8",0.722186929036476,"ENSG00000141968.8"
"ENSG00000141971.13",0.186469216534675,"ENSG00000141971.13"
"ENSG00000141985.9",0.127838267646731,"ENSG00000141985.9"
"ENSG00000141994.16",0.226460645013808,"ENSG00000141994.16"
"ENSG00000142002.17",0.401257898045425,"ENSG00000142002.17"
"ENSG00000142039.4",0.152472041146513,"ENSG00000142039.4"
"ENSG00000142082.15",0.655470965118814,"ENSG00000142082.15"
"ENSG00000142089.16",0.0176334127246901,"ENSG00000142089.16"
"ENSG00000142102.16",0.371058455878345,"ENSG00000142102.16"
"ENSG00000142156.15",0.168031514510953,"ENSG00000142156.15"
"ENSG00000142166.13",0.452665435245845,"ENSG00000142166.13"
"ENSG00000142173.16",0.168373901496585,"ENSG00000142173.16"
"ENSG00000142186.17",0.431475421527151,"ENSG00000142186.17"
"ENSG00000142192.21",0.308737856511383,"ENSG00000142192.21"
"ENSG00000142197.12",0.443522586993203,"ENSG00000142197.12"
"ENSG00000142207.7",0.19248106085689,"ENSG00000142207.7"
"ENSG00000142208.16",0.478876037948736,"ENSG00000142208.16"
"ENSG00000142227.11",0.359042866041633,"ENSG00000142227.11"
"ENSG00000142230.13",0.0424531287809163,"ENSG00000142230.13"
"ENSG00000142252.11",0.0842585274903186,"ENSG00000142252.11"
"ENSG00000142273.13",0.557270318519836,"ENSG00000142273.13"
"ENSG00000142279.13",0.00592236078954853,"ENSG00000142279.13"
"ENSG00000142327.13",0.297339945074443,"ENSG00000142327.13"
"ENSG00000142347.19",0.636257569186488,"ENSG00000142347.19"
"ENSG00000142396.10",-0.0156552755469997,"ENSG00000142396.10"
"ENSG00000142409.6",0.316122117527324,"ENSG00000142409.6"
"ENSG00000142444.7",0.212588248286559,"ENSG00000142444.7"
"ENSG00000142449.13",-0.417569435372677,"ENSG00000142449.13"
"ENSG00000142453.12",0.432051607639226,"ENSG00000142453.12"
"ENSG00000142459.8",0.5316895547539,"ENSG00000142459.8"
"ENSG00000142507.10",-0.0607294455444083,"ENSG00000142507.10"
"ENSG00000142512.15",0.497461000753022,"ENSG00000142512.15"
"ENSG00000142534.7",0.34170976162749,"ENSG00000142534.7"
"ENSG00000142541.17",0.317354063798353,"ENSG00000142541.17"
"ENSG00000142544.7",0.177317489515199,"ENSG00000142544.7"
"ENSG00000142546.14",0.193345942875783,"ENSG00000142546.14"
"ENSG00000142552.8",0.648087070086586,"ENSG00000142552.8"
"ENSG00000142583.18",0.658678662482983,"ENSG00000142583.18"
"ENSG00000142599.19",0.317042133951959,"ENSG00000142599.19"
"ENSG00000142611.17",-0.13285891395299,"ENSG00000142611.17"
"ENSG00000142619.4",0.66281027534351,"ENSG00000142619.4"
"ENSG00000142627.13",0.394594326000126,"ENSG00000142627.13"
"ENSG00000142632.17",0.371528988273458,"ENSG00000142632.17"
"ENSG00000142634.13",0.390745074946354,"ENSG00000142634.13"
"ENSG00000142655.13",0.41868532247048,"ENSG00000142655.13"
"ENSG00000142657.21",0.604438428832743,"ENSG00000142657.21"
"ENSG00000142661.19",0.758700172391591,"ENSG00000142661.19"
"ENSG00000142669.15",0.380737133115024,"ENSG00000142669.15"
"ENSG00000142675.18",0.477244638025048,"ENSG00000142675.18"
"ENSG00000142676.14",0.0149990738033601,"ENSG00000142676.14"
"ENSG00000142684.9",-0.034230524493336,"ENSG00000142684.9"
"ENSG00000142687.18",0.684281736381609,"ENSG00000142687.18"
"ENSG00000142694.6",0.112893339079389,"ENSG00000142694.6"
"ENSG00000142700.12",0.75260252563864,"ENSG00000142700.12"
"ENSG00000142733.17",0.610874127105773,"ENSG00000142733.17"
"ENSG00000142748.12",0.314442172844097,"ENSG00000142748.12"
"ENSG00000142751.15",0.165007735433071,"ENSG00000142751.15"
"ENSG00000142765.18",0.714193635936176,"ENSG00000142765.18"
"ENSG00000142784.16",0.193290155368971,"ENSG00000142784.16"
"ENSG00000142798.20",0.178941864461133,"ENSG00000142798.20"
"ENSG00000142856.16",-0.151132463967056,"ENSG00000142856.16"
"ENSG00000142864.14",0.420974213281113,"ENSG00000142864.14"
"ENSG00000142867.14",0.134141511230413,"ENSG00000142867.14"
"ENSG00000142871.17",0.460663560217475,"ENSG00000142871.17"
"ENSG00000142875.19",0.441630795261828,"ENSG00000142875.19"
"ENSG00000142892.15",-0.165228916911396,"ENSG00000142892.15"
"ENSG00000142910.16",0.689395618944058,"ENSG00000142910.16"
"ENSG00000142937.12",0.0629640601707028,"ENSG00000142937.12"
"ENSG00000142945.13",0.560663568721738,"ENSG00000142945.13"
"ENSG00000142949.17",0.623710137018297,"ENSG00000142949.17"
"ENSG00000142961.14",0.253601034014186,"ENSG00000142961.14"
"ENSG00000142973.14",0.649210960703701,"ENSG00000142973.14"
"ENSG00000143013.13",0.501932312544398,"ENSG00000143013.13"
"ENSG00000143028.9",0.18874277731503,"ENSG00000143028.9"
"ENSG00000143033.18",0.117418736169626,"ENSG00000143033.18"
"ENSG00000143036.17",0.237778862523685,"ENSG00000143036.17"
"ENSG00000143061.18",0.743635025989538,"ENSG00000143061.18"
"ENSG00000143079.15",0.203175574724105,"ENSG00000143079.15"
"ENSG00000143093.15",0.453340421233278,"ENSG00000143093.15"
"ENSG00000143106.13",0.174547307688289,"ENSG00000143106.13"
"ENSG00000143119.14",0.381604831867082,"ENSG00000143119.14"
"ENSG00000143126.8",0.304760008351147,"ENSG00000143126.8"
"ENSG00000143127.13",-0.537466063348416,"ENSG00000143127.13"
"ENSG00000143149.12",0.386992084783205,"ENSG00000143149.12"
"ENSG00000143153.13",0.287081439072593,"ENSG00000143153.13"
"ENSG00000143155.13",0.0663289123801358,"ENSG00000143155.13"
"ENSG00000143156.14",0.357761568257842,"ENSG00000143156.14"
"ENSG00000143157.11",0.597298813371777,"ENSG00000143157.11"
"ENSG00000143158.11",0.398812103976898,"ENSG00000143158.11"
"ENSG00000143162.9",0.0621913416268678,"ENSG00000143162.9"
"ENSG00000143164.15",0.361162301532802,"ENSG00000143164.15"
"ENSG00000143179.16",0.556105100556833,"ENSG00000143179.16"
"ENSG00000143183.16",0.0981837170433729,"ENSG00000143183.16"
"ENSG00000143190.23",0.0566817660501105,"ENSG00000143190.23"
"ENSG00000143194.13",0.347206810204767,"ENSG00000143194.13"
"ENSG00000143196.5",0.626027276231884,"ENSG00000143196.5"
"ENSG00000143198.13",0.152451341876253,"ENSG00000143198.13"
"ENSG00000143207.21",0.400585038993852,"ENSG00000143207.21"
"ENSG00000143217.9",0.710438267540405,"ENSG00000143217.9"
"ENSG00000143222.12",0.18359926723376,"ENSG00000143222.12"
"ENSG00000143224.18",0.671377661500918,"ENSG00000143224.18"
"ENSG00000143226.14",-0.0300157416004742,"ENSG00000143226.14"
"ENSG00000143228.13",0.622699211827357,"ENSG00000143228.13"
"ENSG00000143252.15",0.470196072479927,"ENSG00000143252.15"
"ENSG00000143256.5",0.469429956251044,"ENSG00000143256.5"
"ENSG00000143258.16",0.364528050378294,"ENSG00000143258.16"
"ENSG00000143278.5",0.0065664672013931,"ENSG00000143278.5"
"ENSG00000143294.15",0.295261817578384,"ENSG00000143294.15"
"ENSG00000143297.19",0.636302051029587,"ENSG00000143297.19"
"ENSG00000143303.12",0.0239988275476438,"ENSG00000143303.12"
"ENSG00000143314.12",0.467705307218551,"ENSG00000143314.12"
"ENSG00000143315.8",0.0564313274873146,"ENSG00000143315.8"
"ENSG00000143318.13",0.325850821674861,"ENSG00000143318.13"
"ENSG00000143319.17",0.406159832010233,"ENSG00000143319.17"
"ENSG00000143320.9",0.929782970033608,"ENSG00000143320.9"
"ENSG00000143321.19",0.30324359168448,"ENSG00000143321.19"
"ENSG00000143322.21",0.227714479825837,"ENSG00000143322.21"
"ENSG00000143324.14",0.62269542314142,"ENSG00000143324.14"
"ENSG00000143337.18",0.237643818550353,"ENSG00000143337.18"
"ENSG00000143341.12",0.587432079119658,"ENSG00000143341.12"
"ENSG00000143344.15",0.774261256534189,"ENSG00000143344.15"
"ENSG00000143353.12",0.591609674188489,"ENSG00000143353.12"
"ENSG00000143363.17",0.385608179227614,"ENSG00000143363.17"
"ENSG00000143365.19",0.11486159042305,"ENSG00000143365.19"
"ENSG00000143367.16",0.690033478849247,"ENSG00000143367.16"
"ENSG00000143368.10",0.523890999308064,"ENSG00000143368.10"
"ENSG00000143369.15",0.741411462339253,"ENSG00000143369.15"
"ENSG00000143373.18",0.473335917522899,"ENSG00000143373.18"
"ENSG00000143374.17",0.321614782658486,"ENSG00000143374.17"
"ENSG00000143376.14",0.552409206488518,"ENSG00000143376.14"
"ENSG00000143379.12",0.406945374622941,"ENSG00000143379.12"
"ENSG00000143384.13",0.212534347282209,"ENSG00000143384.13"
"ENSG00000143387.13",0.714163514312895,"ENSG00000143387.13"
"ENSG00000143390.17",0.5238344918414,"ENSG00000143390.17"
"ENSG00000143393.16",0.473261751318684,"ENSG00000143393.16"
"ENSG00000143398.20",0.523029655353913,"ENSG00000143398.20"
"ENSG00000143401.15",0.249011716479229,"ENSG00000143401.15"
"ENSG00000143409.15",0.7265445674561,"ENSG00000143409.15"
"ENSG00000143412.10",0.651659577365702,"ENSG00000143412.10"
"ENSG00000143416.21",0.722176479718394,"ENSG00000143416.21"
"ENSG00000143418.19",0.338794666411102,"ENSG00000143418.19"
"ENSG00000143420.19",0.469471601324053,"ENSG00000143420.19"
"ENSG00000143436.11",0.3456828921425,"ENSG00000143436.11"
"ENSG00000143437.21",0.231034328450869,"ENSG00000143437.21"
"ENSG00000143442.22",0.624056260636397,"ENSG00000143442.22"
"ENSG00000143443.10",0.275201160908357,"ENSG00000143443.10"
"ENSG00000143457.11",0.660183106095035,"ENSG00000143457.11"
"ENSG00000143458.12",0.238651298327955,"ENSG00000143458.12"
"ENSG00000143476.18",0.53372715283423,"ENSG00000143476.18"
"ENSG00000143486.16",0.138807820630668,"ENSG00000143486.16"
"ENSG00000143493.13",0.171604592746746,"ENSG00000143493.13"
"ENSG00000143498.18",0.360805860805861,"ENSG00000143498.18"
"ENSG00000143499.14",0.434375961474598,"ENSG00000143499.14"
"ENSG00000143507.18",-0.138461538461538,"ENSG00000143507.18"
"ENSG00000143512.13",0.609337203676826,"ENSG00000143512.13"
"ENSG00000143514.17",0.33439045688356,"ENSG00000143514.17"
"ENSG00000143515.18",-0.436690516292681,"ENSG00000143515.18"
"ENSG00000143536.7",0.782747158346236,"ENSG00000143536.7"
"ENSG00000143537.13",0.460531734983381,"ENSG00000143537.13"
"ENSG00000143543.15",0.410594928761257,"ENSG00000143543.15"
"ENSG00000143546.10",0.6341279105308,"ENSG00000143546.10"
"ENSG00000143549.21",0.205915302426267,"ENSG00000143549.21"
"ENSG00000143553.11",0.24080338253713,"ENSG00000143553.11"
"ENSG00000143554.14",0.39625177813622,"ENSG00000143554.14"
"ENSG00000143556.9",0.816776720663775,"ENSG00000143556.9"
"ENSG00000143569.19",0.544528521298127,"ENSG00000143569.19"
"ENSG00000143575.15",0.0513357541392532,"ENSG00000143575.15"
"ENSG00000143578.16",0.0524435459226357,"ENSG00000143578.16"
"ENSG00000143603.19",0.38963990406652,"ENSG00000143603.19"
"ENSG00000143612.20",-0.303438152533382,"ENSG00000143612.20"
"ENSG00000143614.10",0.458747388400556,"ENSG00000143614.10"
"ENSG00000143621.17",0.469958722553247,"ENSG00000143621.17"
"ENSG00000143622.11",0.508537061050634,"ENSG00000143622.11"
"ENSG00000143624.14",0.231943810015208,"ENSG00000143624.14"
"ENSG00000143627.19",0.323036103016701,"ENSG00000143627.19"
"ENSG00000143631.11",0.374694627259286,"ENSG00000143631.11"
"ENSG00000143632.14",0.283725686077019,"ENSG00000143632.14"
"ENSG00000143633.13",0.360892125913377,"ENSG00000143633.13"
"ENSG00000143641.10",0.620141363721555,"ENSG00000143641.10"
"ENSG00000143643.13",0.137911605155835,"ENSG00000143643.13"
"ENSG00000143653.10",0.561786857419091,"ENSG00000143653.10"
"ENSG00000143669.14",0.453083672295217,"ENSG00000143669.14"
"ENSG00000143702.16",0.693093321640793,"ENSG00000143702.16"
"ENSG00000143727.16",0.195585164151053,"ENSG00000143727.16"
"ENSG00000143740.14",0.442611715881376,"ENSG00000143740.14"
"ENSG00000143742.13",0.0715712648682559,"ENSG00000143742.13"
"ENSG00000143748.18",0.708476904015358,"ENSG00000143748.18"
"ENSG00000143751.10",0.141699020690259,"ENSG00000143751.10"
"ENSG00000143753.13",0.423859832497628,"ENSG00000143753.13"
"ENSG00000143756.12",0.202117269286199,"ENSG00000143756.12"
"ENSG00000143761.16",0.114858658671429,"ENSG00000143761.16"
"ENSG00000143771.12",-0.00561326436888067,"ENSG00000143771.12"
"ENSG00000143772.9",0.779450146168451,"ENSG00000143772.9"
"ENSG00000143774.16",-0.000364068880712352,"ENSG00000143774.16"
"ENSG00000143776.18",0.706895483868036,"ENSG00000143776.18"
"ENSG00000143793.13",0.52930127700572,"ENSG00000143793.13"
"ENSG00000143797.12",0.609817895581972,"ENSG00000143797.12"
"ENSG00000143799.13",0.587125996436218,"ENSG00000143799.13"
"ENSG00000143801.17",0.554758710652871,"ENSG00000143801.17"
"ENSG00000143811.19",0.461151129650382,"ENSG00000143811.19"
"ENSG00000143815.15",0.62568897978808,"ENSG00000143815.15"
"ENSG00000143819.12",0.613403622503923,"ENSG00000143819.12"
"ENSG00000143842.15",0.561816185004517,"ENSG00000143842.15"
"ENSG00000143845.15",0.495006794494682,"ENSG00000143845.15"
"ENSG00000143847.15",0.545271854218337,"ENSG00000143847.15"
"ENSG00000143850.16",0.86105540413944,"ENSG00000143850.16"
"ENSG00000143851.15",0.586629480502058,"ENSG00000143851.15"
"ENSG00000143862.8",0.497107288005228,"ENSG00000143862.8"
"ENSG00000143870.13",0.486027200357961,"ENSG00000143870.13"
"ENSG00000143878.10",0.542355649706025,"ENSG00000143878.10"
"ENSG00000143882.12",-0.114001781767085,"ENSG00000143882.12"
"ENSG00000143889.16",0.461979063662496,"ENSG00000143889.16"
"ENSG00000143891.17",0.542430102095543,"ENSG00000143891.17"
"ENSG00000143919.15",0.0709131209187487,"ENSG00000143919.15"
"ENSG00000143924.19",0.811326564738172,"ENSG00000143924.19"
"ENSG00000143942.5",-0.0531564121838942,"ENSG00000143942.5"
"ENSG00000143952.20",0.177778855018435,"ENSG00000143952.20"
"ENSG00000143970.17",-0.168704513394398,"ENSG00000143970.17"
"ENSG00000143971.9",-0.0817198909530301,"ENSG00000143971.9"
"ENSG00000143977.14",0.28757971731451,"ENSG00000143977.14"
"ENSG00000143995.20",0.761563964386198,"ENSG00000143995.20"
"ENSG00000144021.3",0.0793513024277052,"ENSG00000144021.3"
"ENSG00000144028.15",0.327066834827176,"ENSG00000144028.15"
"ENSG00000144029.12",0.222777210541425,"ENSG00000144029.12"
"ENSG00000144034.16",0.0838724161138016,"ENSG00000144034.16"
"ENSG00000144036.16",0.586564634159366,"ENSG00000144036.16"
"ENSG00000144040.13",0.450717130985158,"ENSG00000144040.13"
"ENSG00000144048.10",0.339930303747367,"ENSG00000144048.10"
"ENSG00000144061.13",-0.0351883699501333,"ENSG00000144061.13"
"ENSG00000144115.17",0.229184562987643,"ENSG00000144115.17"
"ENSG00000144118.14",0.41330695565682,"ENSG00000144118.14"
"ENSG00000144120.13",0.177347287077798,"ENSG00000144120.13"
"ENSG00000144136.11",0.081287223715795,"ENSG00000144136.11"
"ENSG00000144152.13",0.573621515280761,"ENSG00000144152.13"
"ENSG00000144161.13",0.295289617190085,"ENSG00000144161.13"
"ENSG00000144182.17",0.234246832554633,"ENSG00000144182.17"
"ENSG00000144191.12",-0.369968109460273,"ENSG00000144191.12"
"ENSG00000144199.12",0.473774040125548,"ENSG00000144199.12"
"ENSG00000144218.19",0.622546407512722,"ENSG00000144218.19"
"ENSG00000144224.17",0.193195510617058,"ENSG00000144224.17"
"ENSG00000144228.9",0.517482517482518,"ENSG00000144228.9"
"ENSG00000144231.11",0.154926880634588,"ENSG00000144231.11"
"ENSG00000144233.10",0.013454330847477,"ENSG00000144233.10"
"ENSG00000144283.21",0.64468822355529,"ENSG00000144283.21"
"ENSG00000144290.17",0.762913799668494,"ENSG00000144290.17"
"ENSG00000144306.15",0.3218840110564,"ENSG00000144306.15"
"ENSG00000144320.14",0.434031342277287,"ENSG00000144320.14"
"ENSG00000144331.20",0.427088872736033,"ENSG00000144331.20"
"ENSG00000144354.14",0.364129205303027,"ENSG00000144354.14"
"ENSG00000144357.17",0.265547036936268,"ENSG00000144357.17"
"ENSG00000144362.12",0.596613912403386,"ENSG00000144362.12"
"ENSG00000144366.16",0.559409379865297,"ENSG00000144366.16"
"ENSG00000144381.17",0.560754924816838,"ENSG00000144381.17"
"ENSG00000144395.18",-0.446742894673991,"ENSG00000144395.18"
"ENSG00000144401.14",0.415281177624931,"ENSG00000144401.14"
"ENSG00000144426.18",0.637005529009534,"ENSG00000144426.18"
"ENSG00000144452.15",0.571242456050723,"ENSG00000144452.15"
"ENSG00000144455.14",0.387427043915364,"ENSG00000144455.14"
"ENSG00000144468.17",0.212878087884992,"ENSG00000144468.17"
"ENSG00000144488.15",0.321325952246917,"ENSG00000144488.15"
"ENSG00000144524.18",0.276913595822981,"ENSG00000144524.18"
"ENSG00000144535.19",0.708527096000255,"ENSG00000144535.19"
"ENSG00000144554.10",0.497872875486602,"ENSG00000144554.10"
"ENSG00000144559.10",-0.0330852413026266,"ENSG00000144559.10"
"ENSG00000144560.15",0.55313855620362,"ENSG00000144560.15"
"ENSG00000144566.11",0.363055808671591,"ENSG00000144566.11"
"ENSG00000144567.11",0.337887738074579,"ENSG00000144567.11"
"ENSG00000144579.7",-0.0890207003101851,"ENSG00000144579.7"
"ENSG00000144580.13",0.318846448000262,"ENSG00000144580.13"
"ENSG00000144589.22",-0.0353903501698258,"ENSG00000144589.22"
"ENSG00000144591.19",0.357175074920321,"ENSG00000144591.19"
"ENSG00000144597.14",0.148839310401434,"ENSG00000144597.14"
"ENSG00000144619.15",0.24628272041337,"ENSG00000144619.15"
"ENSG00000144635.9",0.482502179209517,"ENSG00000144635.9"
"ENSG00000144642.22",0.531985073684481,"ENSG00000144642.22"
"ENSG00000144645.14",0.760354516057963,"ENSG00000144645.14"
"ENSG00000144647.6",0.685463721667149,"ENSG00000144647.6"
"ENSG00000144648.16",0.629587803500847,"ENSG00000144648.16"
"ENSG00000144655.15",-0.301454501145722,"ENSG00000144655.15"
"ENSG00000144668.12",0.418940955290356,"ENSG00000144668.12"
"ENSG00000144674.16",0.156493850099846,"ENSG00000144674.16"
"ENSG00000144677.15",0.349901411414982,"ENSG00000144677.15"
"ENSG00000144711.16",0.509068108454829,"ENSG00000144711.16"
"ENSG00000144712.12",0.711380054163882,"ENSG00000144712.12"
"ENSG00000144713.13",0.392566355957766,"ENSG00000144713.13"
"ENSG00000144724.20",0.725259306213434,"ENSG00000144724.20"
"ENSG00000144736.14",-0.0450853837923212,"ENSG00000144736.14"
"ENSG00000144741.17",0.0748735447156186,"ENSG00000144741.17"
"ENSG00000144744.17",0.0531502086190361,"ENSG00000144744.17"
"ENSG00000144746.7",0.108395404155343,"ENSG00000144746.7"
"ENSG00000144747.17",0.543817774296816,"ENSG00000144747.17"
"ENSG00000144749.13",0.737805225784432,"ENSG00000144749.13"
"ENSG00000144791.10",0.535296226999154,"ENSG00000144791.10"
"ENSG00000144802.11",0.194598917461953,"ENSG00000144802.11"
"ENSG00000144810.16",0.29710157197411,"ENSG00000144810.16"
"ENSG00000144821.10",0.116835759375287,"ENSG00000144821.10"
"ENSG00000144824.21",0.874456375308253,"ENSG00000144824.21"
"ENSG00000144827.9",0.462101940359145,"ENSG00000144827.9"
"ENSG00000144837.9",0.534256441001294,"ENSG00000144837.9"
"ENSG00000144840.10",0.0312269175268793,"ENSG00000144840.10"
"ENSG00000144843.11",0.423925987942113,"ENSG00000144843.11"
"ENSG00000144848.11",0.189720571494778,"ENSG00000144848.11"
"ENSG00000144857.14",0.516400773162988,"ENSG00000144857.14"
"ENSG00000144867.12",0.322064763339092,"ENSG00000144867.12"
"ENSG00000144891.17",0.2580997949419,"ENSG00000144891.17"
"ENSG00000144895.12",0.23236550476169,"ENSG00000144895.12"
"ENSG00000144908.14",0.717806708134443,"ENSG00000144908.14"
"ENSG00000144909.8",0.319944543196778,"ENSG00000144909.8"
"ENSG00000144959.11",0.595508769250729,"ENSG00000144959.11"
"ENSG00000145012.13",0.52573334748311,"ENSG00000145012.13"
"ENSG00000145016.16",0.343260657606758,"ENSG00000145016.16"
"ENSG00000145020.16",0.540216881691403,"ENSG00000145020.16"
"ENSG00000145041.15",0.373487374253114,"ENSG00000145041.15"
"ENSG00000145050.19",0.59043953176478,"ENSG00000145050.19"
"ENSG00000145113.22",0.690515774715614,"ENSG00000145113.22"
"ENSG00000145147.20",0.672107350307491,"ENSG00000145147.20"
"ENSG00000145191.15",0.233182408129166,"ENSG00000145191.15"
"ENSG00000145192.13",-0.071810267077867,"ENSG00000145192.13"
"ENSG00000145198.14",0.499545670544909,"ENSG00000145198.14"
"ENSG00000145214.14",0.214906683365524,"ENSG00000145214.14"
"ENSG00000145216.16",0.171863004169496,"ENSG00000145216.16"
"ENSG00000145220.14",0.762448247619126,"ENSG00000145220.14"
"ENSG00000145241.11",0.0037455947999102,"ENSG00000145241.11"
"ENSG00000145246.14",-0.318503300647399,"ENSG00000145246.14"
"ENSG00000145247.12",0.508069644769957,"ENSG00000145247.12"
"ENSG00000145284.12",0.791844193774644,"ENSG00000145284.12"
"ENSG00000145293.16",0.286401072451391,"ENSG00000145293.16"
"ENSG00000145321.13",0.0252533348230942,"ENSG00000145321.13"
"ENSG00000145331.14",0.370903636073531,"ENSG00000145331.14"
"ENSG00000145332.14",-0.304097549941982,"ENSG00000145332.14"
"ENSG00000145335.17",0.429457044802863,"ENSG00000145335.17"
"ENSG00000145337.5",0.0557450914487499,"ENSG00000145337.5"
"ENSG00000145348.17",0.152833383462992,"ENSG00000145348.17"
"ENSG00000145349.17",0.726981647180051,"ENSG00000145349.17"
"ENSG00000145354.12",0.255564943855252,"ENSG00000145354.12"
"ENSG00000145362.20",0.817255126391222,"ENSG00000145362.20"
"ENSG00000145365.11",0.452193455856761,"ENSG00000145365.11"
"ENSG00000145375.8",0.421898697005654,"ENSG00000145375.8"
"ENSG00000145386.10",0.463438778565145,"ENSG00000145386.10"
"ENSG00000145388.15",0.102973005178065,"ENSG00000145388.15"
"ENSG00000145390.11",0.297974786423666,"ENSG00000145390.11"
"ENSG00000145391.13",0.518034698794547,"ENSG00000145391.13"
"ENSG00000145414.9",0.302609212624754,"ENSG00000145414.9"
"ENSG00000145423.5",0.882257088538516,"ENSG00000145423.5"
"ENSG00000145425.10",0.0505104674867179,"ENSG00000145425.10"
"ENSG00000145431.11",0.480250811485791,"ENSG00000145431.11"
"ENSG00000145439.12",0.335147830667359,"ENSG00000145439.12"
"ENSG00000145476.16",0.622227044449948,"ENSG00000145476.16"
"ENSG00000145494.12",-0.224682408791613,"ENSG00000145494.12"
"ENSG00000145495.16",0.240552488664589,"ENSG00000145495.16"
"ENSG00000145506.14",0.407511737089202,"ENSG00000145506.14"
"ENSG00000145536.15",0.0607901145786078,"ENSG00000145536.15"
"ENSG00000145545.12",0.596796689035089,"ENSG00000145545.12"
"ENSG00000145555.15",0.639087346630324,"ENSG00000145555.15"
"ENSG00000145569.6",0.581794743596746,"ENSG00000145569.6"
"ENSG00000145592.14",0.313945629347409,"ENSG00000145592.14"
"ENSG00000145604.16",0.683381678078294,"ENSG00000145604.16"
"ENSG00000145623.13",0.280142650081195,"ENSG00000145623.13"
"ENSG00000145649.8",0.676581264775183,"ENSG00000145649.8"
"ENSG00000145675.15",0.493973282809789,"ENSG00000145675.15"
"ENSG00000145681.11",0.441656300829531,"ENSG00000145681.11"
"ENSG00000145685.14",0.349969133000005,"ENSG00000145685.14"
"ENSG00000145687.16",0.560016091257201,"ENSG00000145687.16"
"ENSG00000145703.16",0.725688752549915,"ENSG00000145703.16"
"ENSG00000145708.11",0.472801376779492,"ENSG00000145708.11"
"ENSG00000145715.15",0.339435861653166,"ENSG00000145715.15"
"ENSG00000145725.19",0.220451827576619,"ENSG00000145725.19"
"ENSG00000145730.20",0.646883525760419,"ENSG00000145730.20"
"ENSG00000145734.19",0.129348132476274,"ENSG00000145734.19"
"ENSG00000145740.19",0.266857718736132,"ENSG00000145740.19"
"ENSG00000145741.15",0.355230578535336,"ENSG00000145741.15"
"ENSG00000145743.17",0.620794166017589,"ENSG00000145743.17"
"ENSG00000145779.8",0.603507804542267,"ENSG00000145779.8"
"ENSG00000145780.8",0.722563997917871,"ENSG00000145780.8"
"ENSG00000145781.9",0.0519015834249378,"ENSG00000145781.9"
"ENSG00000145782.13",-0.117514485879506,"ENSG00000145782.13"
"ENSG00000145794.17",0.800299257408167,"ENSG00000145794.17"
"ENSG00000145817.17",0.103964021650306,"ENSG00000145817.17"
"ENSG00000145819.18",0.731666519892146,"ENSG00000145819.18"
"ENSG00000145824.13",0.729186022825082,"ENSG00000145824.13"
"ENSG00000145826.9",0.0740423593704277,"ENSG00000145826.9"
"ENSG00000145832.14",0.203806800681851,"ENSG00000145832.14"
"ENSG00000145833.16",0.164263170110517,"ENSG00000145833.16"
"ENSG00000145864.13",0.587451294216278,"ENSG00000145864.13"
"ENSG00000145868.17",0.333715409938737,"ENSG00000145868.17"
"ENSG00000145882.11",0.613371096854559,"ENSG00000145882.11"
"ENSG00000145901.15",0.222391417608917,"ENSG00000145901.15"
"ENSG00000145907.15",-0.0220657245087449,"ENSG00000145907.15"
"ENSG00000145912.9",0.216022781195586,"ENSG00000145912.9"
"ENSG00000145916.19",0.181396310433755,"ENSG00000145916.19"
"ENSG00000145919.11",0.233482034048353,"ENSG00000145919.11"
"ENSG00000145920.15",0.651722430139965,"ENSG00000145920.15"
"ENSG00000145934.16",0.739274518996471,"ENSG00000145934.16"
"ENSG00000145945.7",0.373165383006772,"ENSG00000145945.7"
"ENSG00000145979.18",0.138605486991186,"ENSG00000145979.18"
"ENSG00000145982.13",0.393551678992937,"ENSG00000145982.13"
"ENSG00000145990.11",0.0776455731696653,"ENSG00000145990.11"
"ENSG00000145996.11",0.0373256306302541,"ENSG00000145996.11"
"ENSG00000146007.11",-0.24930839476963,"ENSG00000146007.11"
"ENSG00000146013.11",0.563427008482032,"ENSG00000146013.11"
"ENSG00000146021.15",-0.168888061954454,"ENSG00000146021.15"
"ENSG00000146038.12",0.651189288272896,"ENSG00000146038.12"
"ENSG00000146047.7",-0.0718894254957567,"ENSG00000146047.7"
"ENSG00000146063.20",0.19135782436363,"ENSG00000146063.20"
"ENSG00000146066.3",0.532028671771494,"ENSG00000146066.3"
"ENSG00000146067.16",0.0590088097539595,"ENSG00000146067.16"
"ENSG00000146070.17",0.642480018077542,"ENSG00000146070.17"
"ENSG00000146072.6",0.522039428699748,"ENSG00000146072.6"
"ENSG00000146085.8",0.391808379696325,"ENSG00000146085.8"
"ENSG00000146094.14",0.544660043309138,"ENSG00000146094.14"
"ENSG00000146109.5",0.370061410141142,"ENSG00000146109.5"
"ENSG00000146122.17",0.534450489721494,"ENSG00000146122.17"
"ENSG00000146143.19",0.589617597020665,"ENSG00000146143.19"
"ENSG00000146192.15",0.426717358742467,"ENSG00000146192.15"
"ENSG00000146197.9",0.441847445654573,"ENSG00000146197.9"
"ENSG00000146223.16",0.384627947597459,"ENSG00000146223.16"
"ENSG00000146232.17",0.235761453069964,"ENSG00000146232.17"
"ENSG00000146242.9",0.638730311758366,"ENSG00000146242.9"
"ENSG00000146247.14",0.441291377939784,"ENSG00000146247.14"
"ENSG00000146263.11",0.559049837603513,"ENSG00000146263.11"
"ENSG00000146278.11",0.596974429950591,"ENSG00000146278.11"
"ENSG00000146281.6",0.729757894011389,"ENSG00000146281.6"
"ENSG00000146282.18",0.471617666086718,"ENSG00000146282.18"
"ENSG00000146350.14",0.25687619531687,"ENSG00000146350.14"
"ENSG00000146376.11",0.498757962173613,"ENSG00000146376.11"
"ENSG00000146386.8",0.702008962380129,"ENSG00000146386.8"
"ENSG00000146414.16",0.0965705407579555,"ENSG00000146414.16"
"ENSG00000146416.19",0.308141912650946,"ENSG00000146416.19"
"ENSG00000146425.11",0.233852291115198,"ENSG00000146425.11"
"ENSG00000146433.8",0.556859005612073,"ENSG00000146433.8"
"ENSG00000146457.16",-0.00917863593882762,"ENSG00000146457.16"
"ENSG00000146463.12",-0.126420039726456,"ENSG00000146463.12"
"ENSG00000146476.11",0.323680321200142,"ENSG00000146476.11"
"ENSG00000146535.14",0.461522008975376,"ENSG00000146535.14"
"ENSG00000146540.15",0.351921691461172,"ENSG00000146540.15"
"ENSG00000146555.19",0.488120763075569,"ENSG00000146555.19"
"ENSG00000146576.13",-0.0301884846499119,"ENSG00000146576.13"
"ENSG00000146587.18",0.0902777360866239,"ENSG00000146587.18"
"ENSG00000146592.17",0.594440750282378,"ENSG00000146592.17"
"ENSG00000146648.18",0.853183873557538,"ENSG00000146648.18"
"ENSG00000146670.10",0.551126759836299,"ENSG00000146670.10"
"ENSG00000146674.15",0.707100329263523,"ENSG00000146674.15"
"ENSG00000146676.10",0.27598569798792,"ENSG00000146676.10"
"ENSG00000146701.12",0.543334671103739,"ENSG00000146701.12"
"ENSG00000146729.10",0.541531898965325,"ENSG00000146729.10"
"ENSG00000146731.11",0.221710595967102,"ENSG00000146731.11"
"ENSG00000146733.14",0.482373991467521,"ENSG00000146733.14"
"ENSG00000146776.14",0.161067084335801,"ENSG00000146776.14"
"ENSG00000146802.13",-0.0763179785191564,"ENSG00000146802.13"
"ENSG00000146826.17",0.524954681693614,"ENSG00000146826.17"
"ENSG00000146828.18",0.354770475039873,"ENSG00000146828.18"
"ENSG00000146830.10",0.363742252944899,"ENSG00000146830.10"
"ENSG00000146833.15",0.366118402932633,"ENSG00000146833.15"
"ENSG00000146834.14",0.292453096624666,"ENSG00000146834.14"
"ENSG00000146842.17",0.31230478258146,"ENSG00000146842.17"
"ENSG00000146858.8",0.537595713353864,"ENSG00000146858.8"
"ENSG00000146872.17",0.30808997842729,"ENSG00000146872.17"
"ENSG00000146904.9",0.548114987639271,"ENSG00000146904.9"
"ENSG00000146909.8",0.27304425857168,"ENSG00000146909.8"
"ENSG00000146918.20",0.219134681048857,"ENSG00000146918.20"
"ENSG00000146950.13",0.665247405136664,"ENSG00000146950.13"
"ENSG00000146955.11",0.627534941147172,"ENSG00000146955.11"
"ENSG00000146963.18",0.465488638127276,"ENSG00000146963.18"
"ENSG00000146966.13",0.415521987223251,"ENSG00000146966.13"
"ENSG00000147010.18",0.670474064819047,"ENSG00000147010.18"
"ENSG00000147041.12",0.212155381859921,"ENSG00000147041.12"
"ENSG00000147044.21",0.651355593107503,"ENSG00000147044.21"
"ENSG00000147050.15",0.201415682812514,"ENSG00000147050.15"
"ENSG00000147065.17",0.595733716805408,"ENSG00000147065.17"
"ENSG00000147100.11",0.549291304582207,"ENSG00000147100.11"
"ENSG00000147113.17",0.281536604815346,"ENSG00000147113.17"
"ENSG00000147123.10",0.297236394658274,"ENSG00000147123.10"
"ENSG00000147130.14",0.500805539266954,"ENSG00000147130.14"
"ENSG00000147133.15",0.0416683572213332,"ENSG00000147133.15"
"ENSG00000147140.16",0.432945027785995,"ENSG00000147140.16"
"ENSG00000147144.13",0.328693670804446,"ENSG00000147144.13"
"ENSG00000147155.11",0.425647193339606,"ENSG00000147155.11"
"ENSG00000147162.14",0.0834492387392695,"ENSG00000147162.14"
"ENSG00000147164.12",0.278851984231294,"ENSG00000147164.12"
"ENSG00000147202.18",0.609094367281036,"ENSG00000147202.18"
"ENSG00000147224.12",0.295028673496426,"ENSG00000147224.12"
"ENSG00000147231.14",0.65807604654664,"ENSG00000147231.14"
"ENSG00000147251.15",0.453815825928384,"ENSG00000147251.15"
"ENSG00000147255.19",0.54319480814094,"ENSG00000147255.19"
"ENSG00000147256.12",0.180069572615169,"ENSG00000147256.12"
"ENSG00000147257.15",0.65957545262045,"ENSG00000147257.15"
"ENSG00000147274.14",0.2682409144392,"ENSG00000147274.14"
"ENSG00000147324.11",0.4453484268954,"ENSG00000147324.11"
"ENSG00000147381.11",0.765956340086543,"ENSG00000147381.11"
"ENSG00000147383.11",0.32607982568979,"ENSG00000147383.11"
"ENSG00000147394.18",0.845800360306125,"ENSG00000147394.18"
"ENSG00000147400.10",0.164781250169187,"ENSG00000147400.10"
"ENSG00000147403.16",0.250011120478608,"ENSG00000147403.16"
"ENSG00000147408.14",0.399052783018999,"ENSG00000147408.14"
"ENSG00000147416.11",0.492070744159844,"ENSG00000147416.11"
"ENSG00000147419.19",-0.0846998788210428,"ENSG00000147419.19"
"ENSG00000147421.18",0.101547490686684,"ENSG00000147421.18"
"ENSG00000147439.13",0.0984418139999929,"ENSG00000147439.13"
"ENSG00000147443.13",0.68637024455272,"ENSG00000147443.13"
"ENSG00000147454.14",0.428574497256928,"ENSG00000147454.14"
"ENSG00000147457.14",0.429241016047047,"ENSG00000147457.14"
"ENSG00000147459.18",0.734066417578814,"ENSG00000147459.18"
"ENSG00000147471.12",0.151119491604564,"ENSG00000147471.12"
"ENSG00000147475.17",0.505188673429533,"ENSG00000147475.17"
"ENSG00000147485.13",0.361137197985145,"ENSG00000147485.13"
"ENSG00000147526.20",0.478034951572336,"ENSG00000147526.20"
"ENSG00000147533.17",0.296104950126576,"ENSG00000147533.17"
"ENSG00000147536.12",0.597458560858288,"ENSG00000147536.12"
"ENSG00000147548.17",0.52417930758495,"ENSG00000147548.17"
"ENSG00000147570.10",0.369296421928001,"ENSG00000147570.10"
"ENSG00000147571.5",0.149159615355063,"ENSG00000147571.5"
"ENSG00000147576.17",0.497370140525598,"ENSG00000147576.17"
"ENSG00000147586.10",0.247670013855604,"ENSG00000147586.10"
"ENSG00000147588.7",0.67283297642958,"ENSG00000147588.7"
"ENSG00000147592.9",0.474396568986669,"ENSG00000147592.9"
"ENSG00000147601.14",0.145075155418029,"ENSG00000147601.14"
"ENSG00000147604.14",0.348176993004889,"ENSG00000147604.14"
"ENSG00000147614.4",0.151560862082781,"ENSG00000147614.4"
"ENSG00000147642.17",0.493779997464517,"ENSG00000147642.17"
"ENSG00000147649.10",0.275426639099411,"ENSG00000147649.10"
"ENSG00000147654.15",0.212437611898547,"ENSG00000147654.15"
"ENSG00000147669.11",0.435486694385055,"ENSG00000147669.11"
"ENSG00000147676.14",0.651556454716858,"ENSG00000147676.14"
"ENSG00000147677.11",0.14095258456048,"ENSG00000147677.11"
"ENSG00000147679.12",0.281581300002279,"ENSG00000147679.12"
"ENSG00000147684.9",0.209664613272134,"ENSG00000147684.9"
"ENSG00000147687.19",0.40321482693576,"ENSG00000147687.19"
"ENSG00000147697.9",0.906347852670566,"ENSG00000147697.9"
"ENSG00000147724.12",0.434651619388848,"ENSG00000147724.12"
"ENSG00000147789.15",0.435010975794371,"ENSG00000147789.15"
"ENSG00000147799.11",0.394509031827747,"ENSG00000147799.11"
"ENSG00000147813.16",0.507667288748003,"ENSG00000147813.16"
"ENSG00000147852.16",0.610241277305716,"ENSG00000147852.16"
"ENSG00000147853.17",0.436479430605346,"ENSG00000147853.17"
"ENSG00000147854.17",0.0710817981375765,"ENSG00000147854.17"
"ENSG00000147862.17",0.60389894684454,"ENSG00000147862.17"
"ENSG00000147872.10",0.640199748179361,"ENSG00000147872.10"
"ENSG00000147874.11",0.195965203185369,"ENSG00000147874.11"
"ENSG00000147883.12",0.546024053825028,"ENSG00000147883.12"
"ENSG00000147889.17",0.458255871338418,"ENSG00000147889.17"
"ENSG00000147894.17",0.128887678485562,"ENSG00000147894.17"
"ENSG00000147905.17",0.170434198393363,"ENSG00000147905.17"
"ENSG00000147912.13",0.649534313540777,"ENSG00000147912.13"
"ENSG00000148019.14",0.427161839153157,"ENSG00000148019.14"
"ENSG00000148053.16",0.794129353987656,"ENSG00000148053.16"
"ENSG00000148057.16",0.445392105953413,"ENSG00000148057.16"
"ENSG00000148090.12",0.203867915860524,"ENSG00000148090.12"
"ENSG00000148143.13",0.302069878686555,"ENSG00000148143.13"
"ENSG00000148153.14",-0.0264922660456527,"ENSG00000148153.14"
"ENSG00000148154.10",-0.320114923408443,"ENSG00000148154.10"
"ENSG00000148158.17",0.631916046943941,"ENSG00000148158.17"
"ENSG00000148175.13",0.275061885352124,"ENSG00000148175.13"
"ENSG00000148180.19",0.17811086089624,"ENSG00000148180.19"
"ENSG00000148187.18",0.384931788790967,"ENSG00000148187.18"
"ENSG00000148204.12",0.795516220853829,"ENSG00000148204.12"
"ENSG00000148218.16",0.176433592645312,"ENSG00000148218.16"
"ENSG00000148219.16",0.004391211695512,"ENSG00000148219.16"
"ENSG00000148225.16",-0.433846153846154,"ENSG00000148225.16"
"ENSG00000148229.13",0.520048697895259,"ENSG00000148229.13"
"ENSG00000148248.14",0.357166953940185,"ENSG00000148248.14"
"ENSG00000148290.10",0.445530651703438,"ENSG00000148290.10"
"ENSG00000148291.10",0.460818398798398,"ENSG00000148291.10"
"ENSG00000148296.7",0.374997831443129,"ENSG00000148296.7"
"ENSG00000148297.16",0.271900123661777,"ENSG00000148297.16"
"ENSG00000148300.12",0.150809740527742,"ENSG00000148300.12"
"ENSG00000148303.17",0.26332565173362,"ENSG00000148303.17"
"ENSG00000148308.17",0.382859413173236,"ENSG00000148308.17"
"ENSG00000148331.12",0.443987262981344,"ENSG00000148331.12"
"ENSG00000148334.15",0.0930708374528828,"ENSG00000148334.15"
"ENSG00000148335.14",0.130108242318429,"ENSG00000148335.14"
"ENSG00000148337.21",0.0815476883705557,"ENSG00000148337.21"
"ENSG00000148339.12",0.0783352080876587,"ENSG00000148339.12"
"ENSG00000148341.17",0.362232893337024,"ENSG00000148341.17"
"ENSG00000148343.18",0.0759826194674903,"ENSG00000148343.18"
"ENSG00000148344.11",0.723238684155156,"ENSG00000148344.11"
"ENSG00000148346.12",0.66922951274616,"ENSG00000148346.12"
"ENSG00000148356.13",0.547168043767538,"ENSG00000148356.13"
"ENSG00000148357.16",0.245034563706518,"ENSG00000148357.16"
"ENSG00000148358.19",0.356217258645169,"ENSG00000148358.19"
"ENSG00000148362.11",0.276140907924843,"ENSG00000148362.11"
"ENSG00000148384.13",0.635552195508853,"ENSG00000148384.13"
"ENSG00000148396.18",0.554111713557448,"ENSG00000148396.18"
"ENSG00000148399.13",0.130382181978992,"ENSG00000148399.13"
"ENSG00000148400.12",0.619324363802859,"ENSG00000148400.12"
"ENSG00000148411.8",0.505184955513978,"ENSG00000148411.8"
"ENSG00000148426.13",0.638837290327568,"ENSG00000148426.13"
"ENSG00000148429.14",0.0919733548711295,"ENSG00000148429.14"
"ENSG00000148444.16",0.0547393341195038,"ENSG00000148444.16"
"ENSG00000148450.13",0.455838453568181,"ENSG00000148450.13"
"ENSG00000148459.16",0.089687957603926,"ENSG00000148459.16"
"ENSG00000148468.17",0.613035498077264,"ENSG00000148468.17"
"ENSG00000148481.14",0.234505138737959,"ENSG00000148481.14"
"ENSG00000148484.18",0.0932039720630899,"ENSG00000148484.18"
"ENSG00000148488.17",0.365196078431373,"ENSG00000148488.17"
"ENSG00000148498.16",0.775976578540739,"ENSG00000148498.16"
"ENSG00000148513.18",0.794403832446714,"ENSG00000148513.18"
"ENSG00000148516.21",0.499824442756945,"ENSG00000148516.21"
"ENSG00000148572.16",0.49654204080954,"ENSG00000148572.16"
"ENSG00000148606.13",0.38784620015532,"ENSG00000148606.13"
"ENSG00000148634.15",0.261201236396803,"ENSG00000148634.15"
"ENSG00000148655.15",0.476888656542733,"ENSG00000148655.15"
"ENSG00000148660.20",0.549096732792041,"ENSG00000148660.20"
"ENSG00000148671.14",0.557908227310193,"ENSG00000148671.14"
"ENSG00000148672.9",0.353179219750963,"ENSG00000148672.9"
"ENSG00000148677.6",0.347894472618957,"ENSG00000148677.6"
"ENSG00000148688.13",0.201398162003791,"ENSG00000148688.13"
"ENSG00000148690.12",0.462892337955295,"ENSG00000148690.12"
"ENSG00000148700.15",0.329591924004461,"ENSG00000148700.15"
"ENSG00000148702.15",0.176296664638267,"ENSG00000148702.15"
"ENSG00000148719.15",0.423733607643004,"ENSG00000148719.15"
"ENSG00000148730.7",-0.0482133783552425,"ENSG00000148730.7"
"ENSG00000148735.15",0.730086060884421,"ENSG00000148735.15"
"ENSG00000148737.17",0.383977981483377,"ENSG00000148737.17"
"ENSG00000148773.14",0.60785102410713,"ENSG00000148773.14"
"ENSG00000148798.11",0.46343542787185,"ENSG00000148798.11"
"ENSG00000148803.12",0.376999968104539,"ENSG00000148803.12"
"ENSG00000148824.19",0.394181525771933,"ENSG00000148824.19"
"ENSG00000148832.16",0.165591974701954,"ENSG00000148832.16"
"ENSG00000148834.13",0.0325212414169248,"ENSG00000148834.13"
"ENSG00000148835.11",0.254946388096685,"ENSG00000148835.11"
"ENSG00000148840.11",0.214343598758907,"ENSG00000148840.11"
"ENSG00000148841.17",0.380312914632563,"ENSG00000148841.17"
"ENSG00000148842.18",0.360871194737393,"ENSG00000148842.18"
"ENSG00000148843.15",0.583094702937655,"ENSG00000148843.15"
"ENSG00000148848.14",0.152554419029866,"ENSG00000148848.14"
"ENSG00000148908.15",0.602725777041457,"ENSG00000148908.15"
"ENSG00000148925.10",0.187503544869611,"ENSG00000148925.10"
"ENSG00000148926.10",0.501091834453441,"ENSG00000148926.10"
"ENSG00000148935.11",0.412441305553926,"ENSG00000148935.11"
"ENSG00000148943.12",-0.169008071566811,"ENSG00000148943.12"
"ENSG00000148950.11",0.00346791945558405,"ENSG00000148950.11"
"ENSG00000149016.16",0.349851016718396,"ENSG00000149016.16"
"ENSG00000149021.7",0.755001105953847,"ENSG00000149021.7"
"ENSG00000149084.13",0.503263319514424,"ENSG00000149084.13"
"ENSG00000149089.13",0.30912199291105,"ENSG00000149089.13"
"ENSG00000149090.11",-0.147699447769622,"ENSG00000149090.11"
"ENSG00000149091.15",0.475868753715787,"ENSG00000149091.15"
"ENSG00000149100.13",-0.0718796668727922,"ENSG00000149100.13"
"ENSG00000149115.14",0.647313534788597,"ENSG00000149115.14"
"ENSG00000149124.11",0.869661195407235,"ENSG00000149124.11"
"ENSG00000149131.16",0.469961710892017,"ENSG00000149131.16"
"ENSG00000149136.9",0.454951351701305,"ENSG00000149136.9"
"ENSG00000149150.9",0.502457259276233,"ENSG00000149150.9"
"ENSG00000149177.13",0.319049585875187,"ENSG00000149177.13"
"ENSG00000149182.15",0.249194675149066,"ENSG00000149182.15"
"ENSG00000149187.18",0.586886611865474,"ENSG00000149187.18"
"ENSG00000149196.16",0.245104074200475,"ENSG00000149196.16"
"ENSG00000149212.12",0.633960592200756,"ENSG00000149212.12"
"ENSG00000149218.5",0.608762463711959,"ENSG00000149218.5"
"ENSG00000149231.15",0.226587206362446,"ENSG00000149231.15"
"ENSG00000149256.16",0.702908746477252,"ENSG00000149256.16"
"ENSG00000149257.15",0.718191477452512,"ENSG00000149257.15"
"ENSG00000149260.18",0.850850954005942,"ENSG00000149260.18"
"ENSG00000149262.17",0.125050638975876,"ENSG00000149262.17"
"ENSG00000149269.10",0.417548339088955,"ENSG00000149269.10"
"ENSG00000149273.15",0.338276157833556,"ENSG00000149273.15"
"ENSG00000149289.11",0.275865524931578,"ENSG00000149289.11"
"ENSG00000149292.16",0.466023461958597,"ENSG00000149292.16"
"ENSG00000149294.16",0.69886962583913,"ENSG00000149294.16"
"ENSG00000149300.10",0.580906212842167,"ENSG00000149300.10"
"ENSG00000149308.17",0.0111400829987852,"ENSG00000149308.17"
"ENSG00000149311.18",0.299505432509313,"ENSG00000149311.18"
"ENSG00000149313.11",0.321888822285637,"ENSG00000149313.11"
"ENSG00000149328.15",0.496948067509635,"ENSG00000149328.15"
"ENSG00000149346.15",0.690736579290466,"ENSG00000149346.15"
"ENSG00000149357.10",0.337673090420487,"ENSG00000149357.10"
"ENSG00000149380.12",0.405621847233417,"ENSG00000149380.12"
"ENSG00000149418.11",0.835421182850354,"ENSG00000149418.11"
"ENSG00000149428.19",0.612274810366367,"ENSG00000149428.19"
"ENSG00000149474.13",0.0309166170095237,"ENSG00000149474.13"
"ENSG00000149476.15",0.508410131190775,"ENSG00000149476.15"
"ENSG00000149480.7",0.330081717400113,"ENSG00000149480.7"
"ENSG00000149485.19",0.723744876192084,"ENSG00000149485.19"
"ENSG00000149499.11",0.36363743218906,"ENSG00000149499.11"
"ENSG00000149503.13",0.262926235030347,"ENSG00000149503.13"
"ENSG00000149527.18",0.663298656127124,"ENSG00000149527.18"
"ENSG00000149532.15",0.420797070990191,"ENSG00000149532.15"
"ENSG00000149541.10",0.483654897084864,"ENSG00000149541.10"
"ENSG00000149547.15",-0.235194499686767,"ENSG00000149547.15"
"ENSG00000149548.15",0.0371555980251632,"ENSG00000149548.15"
"ENSG00000149554.13",0.502800044933791,"ENSG00000149554.13"
"ENSG00000149564.12",0.453806481579543,"ENSG00000149564.12"
"ENSG00000149577.16",0.35536514574908,"ENSG00000149577.16"
"ENSG00000149582.16",-0.00120991847349259,"ENSG00000149582.16"
"ENSG00000149591.17",0.731752383737824,"ENSG00000149591.17"
"ENSG00000149596.7",0.22390900052876,"ENSG00000149596.7"
"ENSG00000149600.11",0.048017618686725,"ENSG00000149600.11"
"ENSG00000149633.12",-0.36196840683414,"ENSG00000149633.12"
"ENSG00000149635.3",-0.0873085564635337,"ENSG00000149635.3"
"ENSG00000149636.15",0.120193503827365,"ENSG00000149636.15"
"ENSG00000149639.15",0.669796378969634,"ENSG00000149639.15"
"ENSG00000149657.20",0.492290258912907,"ENSG00000149657.20"
"ENSG00000149658.18",0.491855785167515,"ENSG00000149658.18"
"ENSG00000149679.11",0.320604073895833,"ENSG00000149679.11"
"ENSG00000149716.13",0.274056826558655,"ENSG00000149716.13"
"ENSG00000149743.14",0.308607849661133,"ENSG00000149743.14"
"ENSG00000149761.9",0.162150933987873,"ENSG00000149761.9"
"ENSG00000149781.12",0.681487193835333,"ENSG00000149781.12"
"ENSG00000149782.11",0.548124682879738,"ENSG00000149782.11"
"ENSG00000149792.9",0.482309860600917,"ENSG00000149792.9"
"ENSG00000149798.5",0.44403609424177,"ENSG00000149798.5"
"ENSG00000149806.11",0.379848617332,"ENSG00000149806.11"
"ENSG00000149809.16",0.513204421909531,"ENSG00000149809.16"
"ENSG00000149823.9",-0.345047130440007,"ENSG00000149823.9"
"ENSG00000149923.14",0.286789985372767,"ENSG00000149923.14"
"ENSG00000149925.21",0.219162235259965,"ENSG00000149925.21"
"ENSG00000149929.16",0.242286868037091,"ENSG00000149929.16"
"ENSG00000149930.18",0.432629334767309,"ENSG00000149930.18"
"ENSG00000149932.17",0.310614698079295,"ENSG00000149932.17"
"ENSG00000149948.13",0.822031178323758,"ENSG00000149948.13"
"ENSG00000149968.12",0.761888508048991,"ENSG00000149968.12"
"ENSG00000150054.18",0.838560034281362,"ENSG00000150054.18"
"ENSG00000150093.19",0.479449154647985,"ENSG00000150093.19"
"ENSG00000150281.6",0.474414173199533,"ENSG00000150281.6"
"ENSG00000150316.12",0.0546729132550934,"ENSG00000150316.12"
"ENSG00000150337.13",0.579136858865547,"ENSG00000150337.13"
"ENSG00000150347.16",0.334372629592599,"ENSG00000150347.16"
"ENSG00000150403.18",0.448981133962581,"ENSG00000150403.18"
"ENSG00000150455.13",-0.00716166506270655,"ENSG00000150455.13"
"ENSG00000150456.11",0.408961186276281,"ENSG00000150456.11"
"ENSG00000150459.12",-0.103356566438085,"ENSG00000150459.12"
"ENSG00000150471.16",0.470393385546396,"ENSG00000150471.16"
"ENSG00000150477.15",0.0500177122338035,"ENSG00000150477.15"
"ENSG00000150510.17",0.539706864085623,"ENSG00000150510.17"
"ENSG00000150527.17",0.141473585531107,"ENSG00000150527.17"
"ENSG00000150540.14",0.561774961982767,"ENSG00000150540.14"
"ENSG00000150556.17",0.549817271336259,"ENSG00000150556.17"
"ENSG00000150593.18",0.73302650008952,"ENSG00000150593.18"
"ENSG00000150594.7",0.538489420340575,"ENSG00000150594.7"
"ENSG00000150625.16",0.706301039041732,"ENSG00000150625.16"
"ENSG00000150627.15",0.501337819343724,"ENSG00000150627.15"
"ENSG00000150630.4",0.117337886960189,"ENSG00000150630.4"
"ENSG00000150637.9",0.334335943190132,"ENSG00000150637.9"
"ENSG00000150656.15",0.338938105763988,"ENSG00000150656.15"
"ENSG00000150667.8",0.35966396639664,"ENSG00000150667.8"
"ENSG00000150672.17",0.665029850867797,"ENSG00000150672.17"
"ENSG00000150681.10",0.0954515905273822,"ENSG00000150681.10"
"ENSG00000150687.12",0.579431729225653,"ENSG00000150687.12"
"ENSG00000150712.11",0.49068981002047,"ENSG00000150712.11"
"ENSG00000150753.12",0.0789569935201942,"ENSG00000150753.12"
"ENSG00000150756.14",0.089592123769339,"ENSG00000150756.14"
"ENSG00000150760.12",0.379582318199381,"ENSG00000150760.12"
"ENSG00000150764.14",0.48080563599513,"ENSG00000150764.14"
"ENSG00000150768.16",0.287797498129142,"ENSG00000150768.16"
"ENSG00000150776.18",0.177392024951455,"ENSG00000150776.18"
"ENSG00000150779.12",0.404993576292925,"ENSG00000150779.12"
"ENSG00000150782.12",0.552970426266688,"ENSG00000150782.12"
"ENSG00000150787.8",0.284692460140561,"ENSG00000150787.8"
"ENSG00000150867.14",0.604401861753409,"ENSG00000150867.14"
"ENSG00000150893.11",0.608044160111817,"ENSG00000150893.11"
"ENSG00000150907.10",0.449176894212737,"ENSG00000150907.10"
"ENSG00000150938.10",0.536487364924608,"ENSG00000150938.10"
"ENSG00000150961.15",0.754518770239615,"ENSG00000150961.15"
"ENSG00000150967.18",-0.180279557367501,"ENSG00000150967.18"
"ENSG00000150977.10",0.0674909754439924,"ENSG00000150977.10"
"ENSG00000150990.8",0.116391972371097,"ENSG00000150990.8"
"ENSG00000150995.19",0.0679913003150633,"ENSG00000150995.19"
"ENSG00000151012.13",0.735123823843124,"ENSG00000151012.13"
"ENSG00000151014.6",0.206029063133441,"ENSG00000151014.6"
"ENSG00000151065.14",0.337087861668351,"ENSG00000151065.14"
"ENSG00000151092.17",0.338230028592449,"ENSG00000151092.17"
"ENSG00000151093.8",0.526752105329981,"ENSG00000151093.8"
"ENSG00000151116.17",0.00197052822700315,"ENSG00000151116.17"
"ENSG00000151117.9",0.0924082560579772,"ENSG00000151117.9"
"ENSG00000151131.11",0.3674269099705,"ENSG00000151131.11"
"ENSG00000151135.10",0.465929361487661,"ENSG00000151135.10"
"ENSG00000151136.15",0.369144963363017,"ENSG00000151136.15"
"ENSG00000151148.14",0.402578340029107,"ENSG00000151148.14"
"ENSG00000151150.22",0.812988211095815,"ENSG00000151150.22"
"ENSG00000151151.6",-0.0295459523937015,"ENSG00000151151.6"
"ENSG00000151176.8",0.496551501865818,"ENSG00000151176.8"
"ENSG00000151208.17",0.550852423270027,"ENSG00000151208.17"
"ENSG00000151224.13",0.38923815581557,"ENSG00000151224.13"
"ENSG00000151229.13",0.743631488705205,"ENSG00000151229.13"
"ENSG00000151233.11",0.200017959044326,"ENSG00000151233.11"
"ENSG00000151239.13",0.137733433998013,"ENSG00000151239.13"
"ENSG00000151240.17",0.602165924990762,"ENSG00000151240.17"
"ENSG00000151247.12",-0.0639314418595671,"ENSG00000151247.12"
"ENSG00000151276.23",0.348465428119798,"ENSG00000151276.23"
"ENSG00000151287.17",0.0426322824220482,"ENSG00000151287.17"
"ENSG00000151292.17",-0.203123293241746,"ENSG00000151292.17"
"ENSG00000151304.6",0.00131501994955979,"ENSG00000151304.6"
"ENSG00000151327.12",0.315105639495992,"ENSG00000151327.12"
"ENSG00000151332.19",0.396072946972324,"ENSG00000151332.19"
"ENSG00000151338.18",0.282143544554109,"ENSG00000151338.18"
"ENSG00000151348.15",-0.0671140561523203,"ENSG00000151348.15"
"ENSG00000151364.17",0.714583443160799,"ENSG00000151364.17"
"ENSG00000151365.2",0.638327526132404,"ENSG00000151365.2"
"ENSG00000151366.13",0.254331512244874,"ENSG00000151366.13"
"ENSG00000151376.16",0.543839443877987,"ENSG00000151376.16"
"ENSG00000151388.11",0.780003139204512,"ENSG00000151388.11"
"ENSG00000151413.17",0.419609308583117,"ENSG00000151413.17"
"ENSG00000151414.15",0.33212929138633,"ENSG00000151414.15"
"ENSG00000151422.13",0.671920670782879,"ENSG00000151422.13"
"ENSG00000151445.16",0.133009495337298,"ENSG00000151445.16"
"ENSG00000151458.12",0.552675031651689,"ENSG00000151458.12"
"ENSG00000151461.20",0.200258733312773,"ENSG00000151461.20"
"ENSG00000151465.14",0.339896825660194,"ENSG00000151465.14"
"ENSG00000151466.12",-0.277711709675556,"ENSG00000151466.12"
"ENSG00000151470.13",0.067208673131402,"ENSG00000151470.13"
"ENSG00000151474.23",0.483249024321023,"ENSG00000151474.23"
"ENSG00000151490.15",0.426471543326328,"ENSG00000151490.15"
"ENSG00000151491.14",0.786340021044178,"ENSG00000151491.14"
"ENSG00000151498.12",0.723023561464697,"ENSG00000151498.12"
"ENSG00000151500.15",0.349151435919358,"ENSG00000151500.15"
"ENSG00000151502.11",0.498593067007438,"ENSG00000151502.11"
"ENSG00000151503.13",0.566710272420766,"ENSG00000151503.13"
"ENSG00000151532.13",0.223539108358789,"ENSG00000151532.13"
"ENSG00000151552.12",0.42622097804805,"ENSG00000151552.12"
"ENSG00000151553.15",0.499170144276767,"ENSG00000151553.15"
"ENSG00000151575.14",-0.084049229155939,"ENSG00000151575.14"
"ENSG00000151576.10",0.346257673459645,"ENSG00000151576.10"
"ENSG00000151611.16",0.612891230938333,"ENSG00000151611.16"
"ENSG00000151612.18",0.562578570310384,"ENSG00000151612.18"
"ENSG00000151617.17",0.161296507772943,"ENSG00000151617.17"
"ENSG00000151632.17",0.722194735353703,"ENSG00000151632.17"
"ENSG00000151640.13",0.685659377360403,"ENSG00000151640.13"
"ENSG00000151651.16",0.535977185574895,"ENSG00000151651.16"
"ENSG00000151655.19",0.355860448876248,"ENSG00000151655.19"
"ENSG00000151657.12",0.45655258877643,"ENSG00000151657.12"
"ENSG00000151689.13",0.604913189424055,"ENSG00000151689.13"
"ENSG00000151690.15",0.328302729432678,"ENSG00000151690.15"
"ENSG00000151693.11",0.546330433583669,"ENSG00000151693.11"
"ENSG00000151694.14",0.544167648114908,"ENSG00000151694.14"
"ENSG00000151702.17",0.406286838618285,"ENSG00000151702.17"
"ENSG00000151718.16",0.450636574706829,"ENSG00000151718.16"
"ENSG00000151725.12",0.527440668901003,"ENSG00000151725.12"
"ENSG00000151726.14",0.625942969146607,"ENSG00000151726.14"
"ENSG00000151729.11",0.666643862099502,"ENSG00000151729.11"
"ENSG00000151743.11",0.106747633444938,"ENSG00000151743.11"
"ENSG00000151746.15",0.728351608061974,"ENSG00000151746.15"
"ENSG00000151748.15",0.324570383319205,"ENSG00000151748.15"
"ENSG00000151779.13",0.04191726730305,"ENSG00000151779.13"
"ENSG00000151806.14",0.307796286773837,"ENSG00000151806.14"
"ENSG00000151835.16",0.666764154505533,"ENSG00000151835.16"
"ENSG00000151846.8",0.269712803993269,"ENSG00000151846.8"
"ENSG00000151849.15",0.476231311230777,"ENSG00000151849.15"
"ENSG00000151876.13",0.370071453842509,"ENSG00000151876.13"
"ENSG00000151881.14",0.198251751171067,"ENSG00000151881.14"
"ENSG00000151882.11",-0.124402070700741,"ENSG00000151882.11"
"ENSG00000151883.19",0.399635609833868,"ENSG00000151883.19"
"ENSG00000151892.14",0.494287504130703,"ENSG00000151892.14"
"ENSG00000151893.15",0.419826481995402,"ENSG00000151893.15"
"ENSG00000151914.20",0.725308679090928,"ENSG00000151914.20"
"ENSG00000151923.17",0.386849100467169,"ENSG00000151923.17"
"ENSG00000151929.10",0.640973865813622,"ENSG00000151929.10"
"ENSG00000152049.6",0.517264957264957,"ENSG00000152049.6"
"ENSG00000152056.17",0.619698915050829,"ENSG00000152056.17"
"ENSG00000152061.23",0.0950586799141252,"ENSG00000152061.23"
"ENSG00000152078.10",0.487485260843976,"ENSG00000152078.10"
"ENSG00000152082.15",-0.144271908737852,"ENSG00000152082.15"
"ENSG00000152086.9",-0.0637509285585173,"ENSG00000152086.9"
"ENSG00000152102.18",0.37311774371329,"ENSG00000152102.18"
"ENSG00000152104.12",0.458548366935094,"ENSG00000152104.12"
"ENSG00000152127.9",0.337652010703628,"ENSG00000152127.9"
"ENSG00000152128.13",0.554358734744176,"ENSG00000152128.13"
"ENSG00000152133.15",0.359841554970255,"ENSG00000152133.15"
"ENSG00000152137.7",0.855802363208819,"ENSG00000152137.7"
"ENSG00000152147.11",-0.0778512582816264,"ENSG00000152147.11"
"ENSG00000152193.8",-0.0471992789778067,"ENSG00000152193.8"
"ENSG00000152213.4",0.295455902660184,"ENSG00000152213.4"
"ENSG00000152219.5",0.0116123841124374,"ENSG00000152219.5"
"ENSG00000152223.15",0.453747746444887,"ENSG00000152223.15"
"ENSG00000152229.18",0.284554448260981,"ENSG00000152229.18"
"ENSG00000152234.16",0.118113474711991,"ENSG00000152234.16"
"ENSG00000152240.13",0.420060276563224,"ENSG00000152240.13"
"ENSG00000152242.11",0.451699260615539,"ENSG00000152242.11"
"ENSG00000152253.9",0.29447294736118,"ENSG00000152253.9"
"ENSG00000152256.14",0.61142090171748,"ENSG00000152256.14"
"ENSG00000152270.9",0.548893023994817,"ENSG00000152270.9"
"ENSG00000152284.5",0.243324970144511,"ENSG00000152284.5"
"ENSG00000152291.14",0.250193613978602,"ENSG00000152291.14"
"ENSG00000152332.16",0.372844789688156,"ENSG00000152332.16"
"ENSG00000152348.16",-0.0492597574676932,"ENSG00000152348.16"
"ENSG00000152359.15",0.0644475138285404,"ENSG00000152359.15"
"ENSG00000152377.14",0.634033935004653,"ENSG00000152377.14"
"ENSG00000152380.10",0.148759821523239,"ENSG00000152380.10"
"ENSG00000152382.6",0.250430035260979,"ENSG00000152382.6"
"ENSG00000152402.11",0.677968528674356,"ENSG00000152402.11"
"ENSG00000152404.15",-0.239521563772811,"ENSG00000152404.15"
"ENSG00000152409.9",0.50917183444006,"ENSG00000152409.9"
"ENSG00000152413.15",0.635482899798561,"ENSG00000152413.15"
"ENSG00000152422.16",0.108497738657296,"ENSG00000152422.16"
"ENSG00000152439.13",-0.0371971908782451,"ENSG00000152439.13"
"ENSG00000152443.13",-0.122440215511331,"ENSG00000152443.13"
"ENSG00000152455.16",0.0759492439738331,"ENSG00000152455.16"
"ENSG00000152457.18",-0.104110356886989,"ENSG00000152457.18"
"ENSG00000152463.15",0.00228483033642246,"ENSG00000152463.15"
"ENSG00000152464.15",0.408959740986188,"ENSG00000152464.15"
"ENSG00000152465.18",0.58853730543067,"ENSG00000152465.18"
"ENSG00000152475.7",0.0238172725969844,"ENSG00000152475.7"
"ENSG00000152484.14",0.0628504981375237,"ENSG00000152484.14"
"ENSG00000152492.15",0.278936251375535,"ENSG00000152492.15"
"ENSG00000152495.11",0.405726059696719,"ENSG00000152495.11"
"ENSG00000152503.9",0.615578547055623,"ENSG00000152503.9"
"ENSG00000152518.8",0.441316647760445,"ENSG00000152518.8"
"ENSG00000152520.14",0.466409978493195,"ENSG00000152520.14"
"ENSG00000152527.14",0.297368118660688,"ENSG00000152527.14"
"ENSG00000152556.17",0.664169375962573,"ENSG00000152556.17"
"ENSG00000152580.8",-0.0645765483226784,"ENSG00000152580.8"
"ENSG00000152592.14",-0.397825102610375,"ENSG00000152592.14"
"ENSG00000152601.17",0.474257322923911,"ENSG00000152601.17"
"ENSG00000152620.13",0.490828652713981,"ENSG00000152620.13"
"ENSG00000152642.11",0.809953826351028,"ENSG00000152642.11"
"ENSG00000152661.9",0.654850748160436,"ENSG00000152661.9"
"ENSG00000152683.14",0.342528803815608,"ENSG00000152683.14"
"ENSG00000152684.11",0.0911011459724629,"ENSG00000152684.11"
"ENSG00000152689.18",-0.0403320144655818,"ENSG00000152689.18"
"ENSG00000152700.14",0.349085078615884,"ENSG00000152700.14"
"ENSG00000152749.8",0.320231749863885,"ENSG00000152749.8"
"ENSG00000152763.17",0.296767002474653,"ENSG00000152763.17"
"ENSG00000152766.6",0.818897893784263,"ENSG00000152766.6"
"ENSG00000152767.17",0.615844361760772,"ENSG00000152767.17"
"ENSG00000152778.9",0.376822875331561,"ENSG00000152778.9"
"ENSG00000152782.16",0.577629842489446,"ENSG00000152782.16"
"ENSG00000152795.17",0.136393953676878,"ENSG00000152795.17"
"ENSG00000152818.18",0.290340879227196,"ENSG00000152818.18"
"ENSG00000152894.14",0.565108198283186,"ENSG00000152894.14"
"ENSG00000152904.11",0.532099596950968,"ENSG00000152904.11"
"ENSG00000152932.8",0.65639610687905,"ENSG00000152932.8"
"ENSG00000152939.17",0.633789655954233,"ENSG00000152939.17"
"ENSG00000152942.19",0.276011048876595,"ENSG00000152942.19"
"ENSG00000152944.9",0.0194415431942994,"ENSG00000152944.9"
"ENSG00000152952.12",0.753577815535279,"ENSG00000152952.12"
"ENSG00000153002.12",0.734443716669183,"ENSG00000153002.12"
"ENSG00000153006.16",0.123625138658171,"ENSG00000153006.16"
"ENSG00000153012.12",0.386718825869785,"ENSG00000153012.12"
"ENSG00000153015.16",-0.131804190349357,"ENSG00000153015.16"
"ENSG00000153029.14",0.35002233244553,"ENSG00000153029.14"
"ENSG00000153037.15",0.102352538896005,"ENSG00000153037.15"
"ENSG00000153044.10",-0.0660010564561535,"ENSG00000153044.10"
"ENSG00000153046.18",0.515531683209998,"ENSG00000153046.18"
"ENSG00000153048.11",0.2645849259451,"ENSG00000153048.11"
"ENSG00000153064.12",0.350302464619596,"ENSG00000153064.12"
"ENSG00000153066.12",0.437757773747769,"ENSG00000153066.12"
"ENSG00000153071.15",0.721350006929202,"ENSG00000153071.15"
"ENSG00000153094.24",0.290780004253819,"ENSG00000153094.24"
"ENSG00000153107.13",0.0116470769269356,"ENSG00000153107.13"
"ENSG00000153113.23",0.470504256885485,"ENSG00000153113.23"
"ENSG00000153130.17",0.146430515857089,"ENSG00000153130.17"
"ENSG00000153132.13",0.619030407022409,"ENSG00000153132.13"
"ENSG00000153140.8",0.142913375107412,"ENSG00000153140.8"
"ENSG00000153147.6",0.0177045768905685,"ENSG00000153147.6"
"ENSG00000153179.13",0.257740684336965,"ENSG00000153179.13"
"ENSG00000153187.20",0.417820617147405,"ENSG00000153187.20"
"ENSG00000153201.16",0.364874885825381,"ENSG00000153201.16"
"ENSG00000153207.16",0.0885555320041207,"ENSG00000153207.16"
"ENSG00000153208.17",0.373218517164634,"ENSG00000153208.17"
"ENSG00000153214.11",0.618544290572148,"ENSG00000153214.11"
"ENSG00000153234.14",0.693103448275862,"ENSG00000153234.14"
"ENSG00000153246.13",0.0598190967347547,"ENSG00000153246.13"
"ENSG00000153250.20",0.274207471406001,"ENSG00000153250.20"
"ENSG00000153310.19",0.444678110620086,"ENSG00000153310.19"
"ENSG00000153317.15",0.350114317573554,"ENSG00000153317.15"
"ENSG00000153339.14",0.305848997026029,"ENSG00000153339.14"
"ENSG00000153391.15",0.27520894291863,"ENSG00000153391.15"
"ENSG00000153395.10",0.811357609714227,"ENSG00000153395.10"
"ENSG00000153404.14",0.506690615014108,"ENSG00000153404.14"
"ENSG00000153406.13",0.283625909900218,"ENSG00000153406.13"
"ENSG00000153443.13",0.189253074720532,"ENSG00000153443.13"
"ENSG00000153446.15",0.836244587115983,"ENSG00000153446.15"
"ENSG00000153487.13",0.312491968496945,"ENSG00000153487.13"
"ENSG00000153551.14",0.77012190190848,"ENSG00000153551.14"
"ENSG00000153558.16",0.0775825207240029,"ENSG00000153558.16"
"ENSG00000153560.12",0.336857065085737,"ENSG00000153560.12"
"ENSG00000153561.13",0.0417112203886619,"ENSG00000153561.13"
"ENSG00000153563.15",0.60101701654996,"ENSG00000153563.15"
"ENSG00000153574.9",-0.0759778213210896,"ENSG00000153574.9"
"ENSG00000153707.17",0.597621094575322,"ENSG00000153707.17"
"ENSG00000153714.6",0.284701243452036,"ENSG00000153714.6"
"ENSG00000153721.19",0.702436030466497,"ENSG00000153721.19"
"ENSG00000153767.10",0.415539930692463,"ENSG00000153767.10"
"ENSG00000153774.9",0.123902620245233,"ENSG00000153774.9"
"ENSG00000153779.11",0.16237623830527,"ENSG00000153779.11"
"ENSG00000153786.13",0.544905570181062,"ENSG00000153786.13"
"ENSG00000153789.13",0.137869233960567,"ENSG00000153789.13"
"ENSG00000153815.16",0.507208539489384,"ENSG00000153815.16"
"ENSG00000153823.18",0.596775243745196,"ENSG00000153823.18"
"ENSG00000153827.13",0.540208716924653,"ENSG00000153827.13"
"ENSG00000153832.12",0.694581828285635,"ENSG00000153832.12"
"ENSG00000153879.9",0.228975295235854,"ENSG00000153879.9"
"ENSG00000153885.14",0.562136431431117,"ENSG00000153885.14"
"ENSG00000153904.20",0.618767367368052,"ENSG00000153904.20"
"ENSG00000153914.16",0.147244360530305,"ENSG00000153914.16"
"ENSG00000153922.10",0.251050471388691,"ENSG00000153922.10"
"ENSG00000153933.10",0.0343641049490129,"ENSG00000153933.10"
"ENSG00000153936.17",0.379788450733202,"ENSG00000153936.17"
"ENSG00000153944.11",0.734179631518588,"ENSG00000153944.11"
"ENSG00000153956.16",0.563076879224389,"ENSG00000153956.16"
"ENSG00000153975.10",0.405898355076565,"ENSG00000153975.10"
"ENSG00000153982.11",0.705484351706188,"ENSG00000153982.11"
"ENSG00000153989.8",0.021323596786494,"ENSG00000153989.8"
"ENSG00000154001.14",0.338074430791145,"ENSG00000154001.14"
"ENSG00000154016.13",0.496993952358271,"ENSG00000154016.13"
"ENSG00000154027.19",0.673059519879292,"ENSG00000154027.19"
"ENSG00000154040.20",0.61389941568503,"ENSG00000154040.20"
"ENSG00000154059.11",0.311444281404238,"ENSG00000154059.11"
"ENSG00000154079.6",0.273778191097267,"ENSG00000154079.6"
"ENSG00000154096.14",0.525752409513694,"ENSG00000154096.14"
"ENSG00000154114.12",0.523754603800648,"ENSG00000154114.12"
"ENSG00000154122.14",0.0985797764878483,"ENSG00000154122.14"
"ENSG00000154124.5",0.452318763616563,"ENSG00000154124.5"
"ENSG00000154127.10",0.74539684021802,"ENSG00000154127.10"
"ENSG00000154133.15",-0.369618988222167,"ENSG00000154133.15"
"ENSG00000154144.13",-0.0356489287338101,"ENSG00000154144.13"
"ENSG00000154146.13",0.619568830399064,"ENSG00000154146.13"
"ENSG00000154153.13",0.585981344314494,"ENSG00000154153.13"
"ENSG00000154174.8",0.211506864176774,"ENSG00000154174.8"
"ENSG00000154175.17",0.600321284871709,"ENSG00000154175.17"
"ENSG00000154217.15",0.664007314638115,"ENSG00000154217.15"
"ENSG00000154222.14",0.441566367067748,"ENSG00000154222.14"
"ENSG00000154229.12",0.731417757407156,"ENSG00000154229.12"
"ENSG00000154237.13",0.23570707645632,"ENSG00000154237.13"
"ENSG00000154240.17",0.536287798173502,"ENSG00000154240.17"
"ENSG00000154262.13",0.450509305648906,"ENSG00000154262.13"
"ENSG00000154269.15",0.497871405977516,"ENSG00000154269.15"
"ENSG00000154274.15",0.554123737245011,"ENSG00000154274.15"
"ENSG00000154277.13",0.874037133751163,"ENSG00000154277.13"
"ENSG00000154305.18",0.628650132115034,"ENSG00000154305.18"
"ENSG00000154309.8",0.546529335995414,"ENSG00000154309.8"
"ENSG00000154310.17",0.757854752329562,"ENSG00000154310.17"
"ENSG00000154319.16",0.817803430309346,"ENSG00000154319.16"
"ENSG00000154328.16",0.476400367272209,"ENSG00000154328.16"
"ENSG00000154330.13",0.538691579405829,"ENSG00000154330.13"
"ENSG00000154358.21",0.121655752663625,"ENSG00000154358.21"
"ENSG00000154370.16",0.367070928718296,"ENSG00000154370.16"
"ENSG00000154380.17",0.828357468656406,"ENSG00000154380.17"
"ENSG00000154429.11",0.501738574587372,"ENSG00000154429.11"
"ENSG00000154451.14",0.843231263384884,"ENSG00000154451.14"
"ENSG00000154473.18",0.110731047039429,"ENSG00000154473.18"
"ENSG00000154479.13",-0.181822854613892,"ENSG00000154479.13"
"ENSG00000154511.12",0.345269253193712,"ENSG00000154511.12"
"ENSG00000154548.9",0.598293037734396,"ENSG00000154548.9"
"ENSG00000154553.16",0.691410786259745,"ENSG00000154553.16"
"ENSG00000154556.18",0.532010736708315,"ENSG00000154556.18"
"ENSG00000154582.16",0.262635461302522,"ENSG00000154582.16"
"ENSG00000154589.7",0.345842934887544,"ENSG00000154589.7"
"ENSG00000154611.14",0.0291722194422838,"ENSG00000154611.14"
"ENSG00000154639.19",0.556152596468592,"ENSG00000154639.19"
"ENSG00000154640.15",0.429028991583335,"ENSG00000154640.15"
"ENSG00000154642.11",0.409063631119946,"ENSG00000154642.11"
"ENSG00000154654.15",0.782212305083726,"ENSG00000154654.15"
"ENSG00000154655.15",0.157832152267221,"ENSG00000154655.15"
"ENSG00000154678.18",0.693504666087512,"ENSG00000154678.18"
"ENSG00000154710.17",0.121545125845968,"ENSG00000154710.17"
"ENSG00000154719.14",0.351631464945847,"ENSG00000154719.14"
"ENSG00000154721.15",0.622881389267422,"ENSG00000154721.15"
"ENSG00000154723.12",0.165415632253708,"ENSG00000154723.12"
"ENSG00000154727.10",0.0469141155115261,"ENSG00000154727.10"
"ENSG00000154734.15",0.400402617408521,"ENSG00000154734.15"
"ENSG00000154736.6",0.0104334017677808,"ENSG00000154736.6"
"ENSG00000154743.18",0.429408437067727,"ENSG00000154743.18"
"ENSG00000154760.14",0.503554192011763,"ENSG00000154760.14"
"ENSG00000154767.15",0.279295105729504,"ENSG00000154767.15"
"ENSG00000154781.16",0.359459196376202,"ENSG00000154781.16"
"ENSG00000154783.12",0.597682477321601,"ENSG00000154783.12"
"ENSG00000154803.13",0.37819133837242,"ENSG00000154803.13"
"ENSG00000154813.10",-0.175918997754773,"ENSG00000154813.10"
"ENSG00000154814.14",0.0306011118532292,"ENSG00000154814.14"
"ENSG00000154822.18",0.505512824634768,"ENSG00000154822.18"
"ENSG00000154832.15",0.383017506208624,"ENSG00000154832.15"
"ENSG00000154839.10",0.179136821661113,"ENSG00000154839.10"
"ENSG00000154845.15",0.641707364171284,"ENSG00000154845.15"
"ENSG00000154889.17",0.452561725625402,"ENSG00000154889.17"
"ENSG00000154914.17",0.709006158403223,"ENSG00000154914.17"
"ENSG00000154917.11",0.80237805417808,"ENSG00000154917.11"
"ENSG00000154920.14",0.51394439602272,"ENSG00000154920.14"
"ENSG00000154930.15",0.660643707704223,"ENSG00000154930.15"
"ENSG00000154945.7",0.469199904150222,"ENSG00000154945.7"
"ENSG00000154978.13",0.430816612086384,"ENSG00000154978.13"
"ENSG00000155008.14",0.548187534110403,"ENSG00000155008.14"
"ENSG00000155011.9",0.428449687064599,"ENSG00000155011.9"
"ENSG00000155016.18",0.28149381006921,"ENSG00000155016.18"
"ENSG00000155034.19",0.565400870920619,"ENSG00000155034.19"
"ENSG00000155066.16",0.138155885297674,"ENSG00000155066.16"
"ENSG00000155090.15",0.0169481282903883,"ENSG00000155090.15"
"ENSG00000155093.19",0.645777419805953,"ENSG00000155093.19"
"ENSG00000155097.12",0.34397518886878,"ENSG00000155097.12"
"ENSG00000155099.8",0.407531964699325,"ENSG00000155099.8"
"ENSG00000155100.11",0.198942841996702,"ENSG00000155100.11"
"ENSG00000155111.15",0.357919223903287,"ENSG00000155111.15"
"ENSG00000155115.7",0.0222566320206957,"ENSG00000155115.7"
"ENSG00000155158.20",0.761643061783264,"ENSG00000155158.20"
"ENSG00000155189.12",0.587162065351512,"ENSG00000155189.12"
"ENSG00000155229.21",0.286284431251386,"ENSG00000155229.21"
"ENSG00000155252.13",0.434000603040104,"ENSG00000155252.13"
"ENSG00000155254.13",0.449382292118854,"ENSG00000155254.13"
"ENSG00000155256.17",0.177675625709705,"ENSG00000155256.17"
"ENSG00000155275.19",-0.0864190960773052,"ENSG00000155275.19"
"ENSG00000155287.11",0.295975138216101,"ENSG00000155287.11"
"ENSG00000155304.6",0.27852510687349,"ENSG00000155304.6"
"ENSG00000155307.19",0.5769545438259,"ENSG00000155307.19"
"ENSG00000155313.15",-0.00575590129353655,"ENSG00000155313.15"
"ENSG00000155324.10",0.677272318395032,"ENSG00000155324.10"
"ENSG00000155329.12",0.0924956331003679,"ENSG00000155329.12"
"ENSG00000155330.10",0.331458693249788,"ENSG00000155330.10"
"ENSG00000155363.18",0.540625200296549,"ENSG00000155363.18"
"ENSG00000155366.17",0.257660724577369,"ENSG00000155366.17"
"ENSG00000155367.15",-0.105224465179454,"ENSG00000155367.15"
"ENSG00000155368.16",0.187247489101357,"ENSG00000155368.16"
"ENSG00000155380.12",0.716772045209797,"ENSG00000155380.12"
"ENSG00000155393.13",0.224876624875502,"ENSG00000155393.13"
"ENSG00000155438.12",0.58241346647777,"ENSG00000155438.12"
"ENSG00000155463.14",0.268183570763768,"ENSG00000155463.14"
"ENSG00000155465.19",0.515246860101489,"ENSG00000155465.19"
"ENSG00000155495.9",0.346620529597439,"ENSG00000155495.9"
"ENSG00000155506.17",0.364538705572513,"ENSG00000155506.17"
"ENSG00000155508.13",0.10538337904906,"ENSG00000155508.13"
"ENSG00000155542.12",0.482653195327201,"ENSG00000155542.12"
"ENSG00000155545.19",0.204429592910563,"ENSG00000155545.19"
"ENSG00000155561.15",0.331296823693781,"ENSG00000155561.15"
"ENSG00000155621.15",-0.046231782059587,"ENSG00000155621.15"
"ENSG00000155622.7",0.681041261668056,"ENSG00000155622.7"
"ENSG00000155629.15",0.779229771181304,"ENSG00000155629.15"
"ENSG00000155636.15",0.0953606978408817,"ENSG00000155636.15"
"ENSG00000155657.27",-0.394186950476976,"ENSG00000155657.27"
"ENSG00000155659.15",0.685213037652433,"ENSG00000155659.15"
"ENSG00000155660.11",0.692592996466877,"ENSG00000155660.11"
"ENSG00000155666.12",0.226484649643895,"ENSG00000155666.12"
"ENSG00000155729.13",0.170536430175845,"ENSG00000155729.13"
"ENSG00000155744.9",0.210726514762278,"ENSG00000155744.9"
"ENSG00000155755.19",0.104091864855007,"ENSG00000155755.19"
"ENSG00000155760.2",0.616519002677415,"ENSG00000155760.2"
"ENSG00000155792.10",0.829336526001665,"ENSG00000155792.10"
"ENSG00000155827.12",-0.0586115668867597,"ENSG00000155827.12"
"ENSG00000155849.15",0.64319802749362,"ENSG00000155849.15"
"ENSG00000155850.8",0.582329942408266,"ENSG00000155850.8"
"ENSG00000155858.6",0.366990766823731,"ENSG00000155858.6"
"ENSG00000155868.8",-0.233709266570703,"ENSG00000155868.8"
"ENSG00000155876.6",-0.136209424513028,"ENSG00000155876.6"
"ENSG00000155893.13",0.633139566267258,"ENSG00000155893.13"
"ENSG00000155903.13",0.153668103935554,"ENSG00000155903.13"
"ENSG00000155906.19",0.43158811509508,"ENSG00000155906.19"
"ENSG00000155926.14",0.428396052796783,"ENSG00000155926.14"
"ENSG00000155959.12",-0.0674380196646756,"ENSG00000155959.12"
"ENSG00000155962.13",0.597629536537246,"ENSG00000155962.13"
"ENSG00000155974.12",0.45905049538938,"ENSG00000155974.12"
"ENSG00000155975.10",0.162956589221606,"ENSG00000155975.10"
"ENSG00000155980.12",0.391764550639452,"ENSG00000155980.12"
"ENSG00000156011.17",0.68519014802579,"ENSG00000156011.17"
"ENSG00000156017.13",0.232008550246016,"ENSG00000156017.13"
"ENSG00000156026.14",0.812350162216133,"ENSG00000156026.14"
"ENSG00000156030.13",0.42296594430426,"ENSG00000156030.13"
"ENSG00000156049.7",0.439797524811351,"ENSG00000156049.7"
"ENSG00000156052.11",0.223542665801505,"ENSG00000156052.11"
"ENSG00000156076.10",0.62391264545876,"ENSG00000156076.10"
"ENSG00000156110.14",0.492423870453709,"ENSG00000156110.14"
"ENSG00000156113.23",0.345430177346069,"ENSG00000156113.23"
"ENSG00000156127.8",0.493232716650438,"ENSG00000156127.8"
"ENSG00000156136.10",0.15646294831784,"ENSG00000156136.10"
"ENSG00000156162.16",0.0978268226703866,"ENSG00000156162.16"
"ENSG00000156170.13",0.00847016752975711,"ENSG00000156170.13"
"ENSG00000156171.14",0.0359263858639388,"ENSG00000156171.14"
"ENSG00000156172.6",0.554716805187371,"ENSG00000156172.6"
"ENSG00000156218.13",0.0855930151461205,"ENSG00000156218.13"
"ENSG00000156219.16",0.503830269484343,"ENSG00000156219.16"
"ENSG00000156232.7",0.221286661665005,"ENSG00000156232.7"
"ENSG00000156234.7",0.613839870069998,"ENSG00000156234.7"
"ENSG00000156239.12",0.372284089231459,"ENSG00000156239.12"
"ENSG00000156253.7",0.364557580019406,"ENSG00000156253.7"
"ENSG00000156256.15",0.0748233855085009,"ENSG00000156256.15"
"ENSG00000156261.13",-0.0297723055093712,"ENSG00000156261.13"
"ENSG00000156269.5",0.0871890900941508,"ENSG00000156269.5"
"ENSG00000156273.16",0.697065774580802,"ENSG00000156273.16"
"ENSG00000156299.13",0.531498617826604,"ENSG00000156299.13"
"ENSG00000156304.15",0.294533400989365,"ENSG00000156304.15"
"ENSG00000156313.15",0.499430171044436,"ENSG00000156313.15"
"ENSG00000156345.17",0.646566027576047,"ENSG00000156345.17"
"ENSG00000156374.16",0.275233113354273,"ENSG00000156374.16"
"ENSG00000156384.14",0.0279995039886826,"ENSG00000156384.14"
"ENSG00000156398.13",0.476141795940679,"ENSG00000156398.13"
"ENSG00000156411.10",-0.176819873720507,"ENSG00000156411.10"
"ENSG00000156453.13",0.674924220567914,"ENSG00000156453.13"
"ENSG00000156467.10",0.107645586361792,"ENSG00000156467.10"
"ENSG00000156469.9",0.178835304338966,"ENSG00000156469.9"
"ENSG00000156471.13",0.511297186325691,"ENSG00000156471.13"
"ENSG00000156475.18",0.735326968260302,"ENSG00000156475.18"
"ENSG00000156482.11",0.138507792947396,"ENSG00000156482.11"
"ENSG00000156502.14",0.652925690996928,"ENSG00000156502.14"
"ENSG00000156504.16",0.160814908552966,"ENSG00000156504.16"
"ENSG00000156508.18",-0.0586721356396662,"ENSG00000156508.18"
"ENSG00000156515.23",0.487357855507087,"ENSG00000156515.23"
"ENSG00000156521.14",0.471072930234871,"ENSG00000156521.14"
"ENSG00000156531.17",0.415000821317942,"ENSG00000156531.17"
"ENSG00000156535.15",0.80997127509197,"ENSG00000156535.15"
"ENSG00000156575.2",0.0331101647871501,"ENSG00000156575.2"
"ENSG00000156587.16",0.669097776462226,"ENSG00000156587.16"
"ENSG00000156599.11",0.448643176071867,"ENSG00000156599.11"
"ENSG00000156603.19",0.146893334720646,"ENSG00000156603.19"
"ENSG00000156639.12",0.39778342244731,"ENSG00000156639.12"
"ENSG00000156642.17",-0.0779537772086363,"ENSG00000156642.17"
"ENSG00000156650.14",-0.00394371501313144,"ENSG00000156650.14"
"ENSG00000156671.15",0.557991390454188,"ENSG00000156671.15"
"ENSG00000156675.16",0.7484146833175,"ENSG00000156675.16"
"ENSG00000156689.7",0.737434021867123,"ENSG00000156689.7"
"ENSG00000156697.13",0.623457134012524,"ENSG00000156697.13"
"ENSG00000156709.14",0.773701715280836,"ENSG00000156709.14"
"ENSG00000156711.17",0.705719404630064,"ENSG00000156711.17"
"ENSG00000156735.11",0.33876653730755,"ENSG00000156735.11"
"ENSG00000156738.18",0.511097973960268,"ENSG00000156738.18"
"ENSG00000156787.17",0.121336893286722,"ENSG00000156787.17"
"ENSG00000156795.8",0.183123528541131,"ENSG00000156795.8"
"ENSG00000156802.13",0.566939312675091,"ENSG00000156802.13"
"ENSG00000156831.8",0.269634713161764,"ENSG00000156831.8"
"ENSG00000156858.11",0.339627982015485,"ENSG00000156858.11"
"ENSG00000156860.16",0.324718669597267,"ENSG00000156860.16"
"ENSG00000156869.14",0.66698849899028,"ENSG00000156869.14"
"ENSG00000156873.16",0.30830125222384,"ENSG00000156873.16"
"ENSG00000156876.10",0.431744818622786,"ENSG00000156876.10"
"ENSG00000156928.5",0.261781164618566,"ENSG00000156928.5"
"ENSG00000156931.15",-0.0120773596476635,"ENSG00000156931.15"
"ENSG00000156958.15",0.592196831440375,"ENSG00000156958.15"
"ENSG00000156966.7",0.760455471164128,"ENSG00000156966.7"
"ENSG00000156968.9",-0.291190274248365,"ENSG00000156968.9"
"ENSG00000156970.13",0.541775503132457,"ENSG00000156970.13"
"ENSG00000156973.14",0.212904960467937,"ENSG00000156973.14"
"ENSG00000156976.17",0.233466204582633,"ENSG00000156976.17"
"ENSG00000156983.16",0.256420053183735,"ENSG00000156983.16"
"ENSG00000156990.14",0.348193104477939,"ENSG00000156990.14"
"ENSG00000157014.11",0.376056254017731,"ENSG00000157014.11"
"ENSG00000157020.18",0.374988211656638,"ENSG00000157020.18"
"ENSG00000157036.13",0.453771030655562,"ENSG00000157036.13"
"ENSG00000157045.9",0.101339855922192,"ENSG00000157045.9"
"ENSG00000157077.14",0.119644501541009,"ENSG00000157077.14"
"ENSG00000157106.17",0.346440357762074,"ENSG00000157106.17"
"ENSG00000157107.14",0.462749987479281,"ENSG00000157107.14"
"ENSG00000157110.16",0.760102953167245,"ENSG00000157110.16"
"ENSG00000157131.11",0.338440350485751,"ENSG00000157131.11"
"ENSG00000157150.5",0.711717795356615,"ENSG00000157150.5"
"ENSG00000157152.17",0.320032953168307,"ENSG00000157152.17"
"ENSG00000157168.20",0.7067468721314,"ENSG00000157168.20"
"ENSG00000157181.16",0.120855598768213,"ENSG00000157181.16"
"ENSG00000157184.7",0.635384854220686,"ENSG00000157184.7"
"ENSG00000157191.20",0.228216804154487,"ENSG00000157191.20"
"ENSG00000157193.18",0.499466977032469,"ENSG00000157193.18"
"ENSG00000157214.14",0.184823045834712,"ENSG00000157214.14"
"ENSG00000157216.15",0.465995606666204,"ENSG00000157216.15"
"ENSG00000157224.16",0.185668283235896,"ENSG00000157224.16"
"ENSG00000157227.13",0.571246230733225,"ENSG00000157227.13"
"ENSG00000157240.4",0.444320435190957,"ENSG00000157240.4"
"ENSG00000157259.8",-0.0915616879155437,"ENSG00000157259.8"
"ENSG00000157303.11",0.825980392156863,"ENSG00000157303.11"
"ENSG00000157326.19",0.581608756233138,"ENSG00000157326.19"
"ENSG00000157349.17",0.251461196647493,"ENSG00000157349.17"
"ENSG00000157353.17",0.478959064505401,"ENSG00000157353.17"
"ENSG00000157379.14",0.686110839286714,"ENSG00000157379.14"
"ENSG00000157404.16",0.133800851444502,"ENSG00000157404.16"
"ENSG00000157426.14",0.140059555773381,"ENSG00000157426.14"
"ENSG00000157450.15",0.039446150776166,"ENSG00000157450.15"
"ENSG00000157456.8",0.500578263195779,"ENSG00000157456.8"
"ENSG00000157483.9",0.618867826497864,"ENSG00000157483.9"
"ENSG00000157500.12",0.435467068670958,"ENSG00000157500.12"
"ENSG00000157502.13",0.340380549682875,"ENSG00000157502.13"
"ENSG00000157510.14",0.511784394322451,"ENSG00000157510.14"
"ENSG00000157514.16",0.0359829071029307,"ENSG00000157514.16"
"ENSG00000157538.14",0.157405014266184,"ENSG00000157538.14"
"ENSG00000157540.21",0.343384391485903,"ENSG00000157540.21"
"ENSG00000157554.19",0.433712395368796,"ENSG00000157554.19"
"ENSG00000157593.19",0.561899929009865,"ENSG00000157593.19"
"ENSG00000157601.14",0.795651441466346,"ENSG00000157601.14"
"ENSG00000157613.11",-0.0525531164060037,"ENSG00000157613.11"
"ENSG00000157617.17",0.305621676448551,"ENSG00000157617.17"
"ENSG00000157625.15",-0.0664560007225865,"ENSG00000157625.15"
"ENSG00000157637.13",0.231781936541304,"ENSG00000157637.13"
"ENSG00000157654.19",0.324606520667231,"ENSG00000157654.19"
"ENSG00000157657.14",0.536550831025345,"ENSG00000157657.14"
"ENSG00000157680.15",0.71452017720683,"ENSG00000157680.15"
"ENSG00000157741.15",0.160819315908611,"ENSG00000157741.15"
"ENSG00000157764.13",0.526671325353308,"ENSG00000157764.13"
"ENSG00000157765.13",0.866292702091778,"ENSG00000157765.13"
"ENSG00000157766.18",0.634089220916923,"ENSG00000157766.18"
"ENSG00000157778.9",0.284138042871609,"ENSG00000157778.9"
"ENSG00000157796.18",0.679360955407764,"ENSG00000157796.18"
"ENSG00000157823.17",0.527138672400879,"ENSG00000157823.17"
"ENSG00000157827.20",0.637313640621171,"ENSG00000157827.20"
"ENSG00000157851.17",0.765494962733428,"ENSG00000157851.17"
"ENSG00000157869.15",0.154169329641173,"ENSG00000157869.15"
"ENSG00000157870.17",0.308219780807478,"ENSG00000157870.17"
"ENSG00000157873.17",0.527620586602323,"ENSG00000157873.17"
"ENSG00000157881.16",0.55039762581847,"ENSG00000157881.16"
"ENSG00000157895.11",0.160771558725299,"ENSG00000157895.11"
"ENSG00000157911.11",0.50129204647941,"ENSG00000157911.11"
"ENSG00000157916.20",0.130514787317611,"ENSG00000157916.20"
"ENSG00000157927.17",0.618668417258341,"ENSG00000157927.17"
"ENSG00000157933.10",0.240773736430756,"ENSG00000157933.10"
"ENSG00000157954.15",0.376160695492776,"ENSG00000157954.15"
"ENSG00000157978.12",0.557598894677842,"ENSG00000157978.12"
"ENSG00000157985.19",0.508323057324654,"ENSG00000157985.19"
"ENSG00000157992.12",0.560412579613128,"ENSG00000157992.12"
"ENSG00000158006.14",0.414110214034577,"ENSG00000158006.14"
"ENSG00000158019.20",-0.0515704338711132,"ENSG00000158019.20"
"ENSG00000158042.9",0.448085619855592,"ENSG00000158042.9"
"ENSG00000158055.16",0.838236980344135,"ENSG00000158055.16"
"ENSG00000158062.20",0.575878983447937,"ENSG00000158062.20"
"ENSG00000158079.16",0.11697283264197,"ENSG00000158079.16"
"ENSG00000158092.7",0.220562725702511,"ENSG00000158092.7"
"ENSG00000158104.11",0.30691500238523,"ENSG00000158104.11"
"ENSG00000158106.14",0.0060572435774654,"ENSG00000158106.14"
"ENSG00000158109.15",-0.156874182425571,"ENSG00000158109.15"
"ENSG00000158122.12",0.0958617282729923,"ENSG00000158122.12"
"ENSG00000158125.10",0.703924233165912,"ENSG00000158125.10"
"ENSG00000158158.12",0.576888231772767,"ENSG00000158158.12"
"ENSG00000158161.16",0.395046163585687,"ENSG00000158161.16"
"ENSG00000158186.13",0.472983173186302,"ENSG00000158186.13"
"ENSG00000158195.11",0.0482563995191782,"ENSG00000158195.11"
"ENSG00000158201.10",0.0976593854279362,"ENSG00000158201.10"
"ENSG00000158234.12",0.238766527860923,"ENSG00000158234.12"
"ENSG00000158258.16",0.471418399550967,"ENSG00000158258.16"
"ENSG00000158270.12",0.629741434043209,"ENSG00000158270.12"
"ENSG00000158290.18",0.136706134967697,"ENSG00000158290.18"
"ENSG00000158301.18",0.701444566841319,"ENSG00000158301.18"
"ENSG00000158315.11",0.796407999306418,"ENSG00000158315.11"
"ENSG00000158321.18",0.478272341580089,"ENSG00000158321.18"
"ENSG00000158352.15",0.508691267269375,"ENSG00000158352.15"
"ENSG00000158373.8",-0.457188656159296,"ENSG00000158373.8"
"ENSG00000158402.20",0.470973528131768,"ENSG00000158402.20"
"ENSG00000158411.11",0.283984081475602,"ENSG00000158411.11"
"ENSG00000158417.11",0.167508784269027,"ENSG00000158417.11"
"ENSG00000158435.8",0.0593074195355549,"ENSG00000158435.8"
"ENSG00000158457.6",0.660587778401457,"ENSG00000158457.6"
"ENSG00000158467.16",0.740149351369869,"ENSG00000158467.16"
"ENSG00000158470.5",0.563116160616627,"ENSG00000158470.5"
"ENSG00000158477.7",0.52607370892379,"ENSG00000158477.7"
"ENSG00000158480.11",0.119245463471572,"ENSG00000158480.11"
"ENSG00000158517.15",0.529384896740127,"ENSG00000158517.15"
"ENSG00000158526.8",0.421847938142887,"ENSG00000158526.8"
"ENSG00000158528.12",0.72363222136926,"ENSG00000158528.12"
"ENSG00000158545.15",0.285512307498497,"ENSG00000158545.15"
"ENSG00000158552.13",0.0773709419595432,"ENSG00000158552.13"
"ENSG00000158560.14",0.325235536543296,"ENSG00000158560.14"
"ENSG00000158604.15",0.187529267575749,"ENSG00000158604.15"
"ENSG00000158615.9",-0.0195277477003194,"ENSG00000158615.9"
"ENSG00000158623.14",0.436220715757595,"ENSG00000158623.14"
"ENSG00000158636.16",0.314018035310522,"ENSG00000158636.16"
"ENSG00000158639.12",0.292483097469469,"ENSG00000158639.12"
"ENSG00000158669.11",0.298837081192395,"ENSG00000158669.11"
"ENSG00000158691.14",0.401307002042611,"ENSG00000158691.14"
"ENSG00000158710.15",0.630798763739618,"ENSG00000158710.15"
"ENSG00000158711.14",0.133141888810223,"ENSG00000158711.14"
"ENSG00000158716.9",0.36471253463783,"ENSG00000158716.9"
"ENSG00000158717.11",0.402092607110924,"ENSG00000158717.11"
"ENSG00000158747.15",0.489305235334163,"ENSG00000158747.15"
"ENSG00000158769.18",0.756240445900339,"ENSG00000158769.18"
"ENSG00000158773.14",0.344769900474697,"ENSG00000158773.14"
"ENSG00000158792.16",0.173311915532731,"ENSG00000158792.16"
"ENSG00000158793.14",0.642892530394822,"ENSG00000158793.14"
"ENSG00000158796.17",0.454918327890287,"ENSG00000158796.17"
"ENSG00000158805.12",0.0694602791802522,"ENSG00000158805.12"
"ENSG00000158825.6",0.422047086111951,"ENSG00000158825.6"
"ENSG00000158850.15",0.407656576279642,"ENSG00000158850.15"
"ENSG00000158856.18",0.165502972398682,"ENSG00000158856.18"
"ENSG00000158859.10",0.224098333111004,"ENSG00000158859.10"
"ENSG00000158863.22",0.46231935858553,"ENSG00000158863.22"
"ENSG00000158864.12",0.144801448481837,"ENSG00000158864.12"
"ENSG00000158869.11",0.408648895413412,"ENSG00000158869.11"
"ENSG00000158874.11",-0.0309471100089359,"ENSG00000158874.11"
"ENSG00000158887.18",0.0275222179602451,"ENSG00000158887.18"
"ENSG00000158941.16",0.525373707146965,"ENSG00000158941.16"
"ENSG00000158966.16",0.706663718023391,"ENSG00000158966.16"
"ENSG00000158985.13",-0.0308786843459497,"ENSG00000158985.13"
"ENSG00000158987.21",0.284061480995755,"ENSG00000158987.21"
"ENSG00000159023.21",0.486463124069731,"ENSG00000159023.21"
"ENSG00000159055.4",0.514586704902164,"ENSG00000159055.4"
"ENSG00000159063.13",0.10059026364165,"ENSG00000159063.13"
"ENSG00000159069.14",0.381182688777696,"ENSG00000159069.14"
"ENSG00000159079.19",0.286267376672053,"ENSG00000159079.19"
"ENSG00000159082.18",0.790038175992089,"ENSG00000159082.18"
"ENSG00000159086.15",0.0274322354073571,"ENSG00000159086.15"
"ENSG00000159111.13",0.22982928985718,"ENSG00000159111.13"
"ENSG00000159131.17",0.291834268411504,"ENSG00000159131.17"
"ENSG00000159140.21",0.474162559432142,"ENSG00000159140.21"
"ENSG00000159147.18",-0.0505087881591119,"ENSG00000159147.18"
"ENSG00000159166.15",0.852350543709251,"ENSG00000159166.15"
"ENSG00000159167.12",0.300112313973077,"ENSG00000159167.12"
"ENSG00000159173.19",0.424632479429,"ENSG00000159173.19"
"ENSG00000159176.14",0.628392411542482,"ENSG00000159176.14"
"ENSG00000159189.12",0.452270122229759,"ENSG00000159189.12"
"ENSG00000159200.18",0.410162348600021,"ENSG00000159200.18"
"ENSG00000159202.18",0.405148706286778,"ENSG00000159202.18"
"ENSG00000159210.10",0.281775684663323,"ENSG00000159210.10"
"ENSG00000159212.12",0.85466880060527,"ENSG00000159212.12"
"ENSG00000159216.18",0.726764647663391,"ENSG00000159216.18"
"ENSG00000159217.10",0.610798748533099,"ENSG00000159217.10"
"ENSG00000159228.13",0.549090238709362,"ENSG00000159228.13"
"ENSG00000159231.6",0.708894889485827,"ENSG00000159231.6"
"ENSG00000159251.8",-0.195949123469493,"ENSG00000159251.8"
"ENSG00000159256.13",0.462996672916397,"ENSG00000159256.13"
"ENSG00000159259.8",0.627262742710424,"ENSG00000159259.8"
"ENSG00000159267.14",0.581909328503661,"ENSG00000159267.14"
"ENSG00000159307.19",0.459283286648635,"ENSG00000159307.19"
"ENSG00000159314.11",0.51105680016013,"ENSG00000159314.11"
"ENSG00000159322.17",0.356000174341042,"ENSG00000159322.17"
"ENSG00000159335.17",0.409155474699629,"ENSG00000159335.17"
"ENSG00000159339.13",0.481845342586246,"ENSG00000159339.13"
"ENSG00000159346.13",0.296097006580187,"ENSG00000159346.13"
"ENSG00000159348.13",0.690855814549189,"ENSG00000159348.13"
"ENSG00000159352.16",0.0962330973054412,"ENSG00000159352.16"
"ENSG00000159363.18",0.435686620369825,"ENSG00000159363.18"
"ENSG00000159377.11",0.0136914231126771,"ENSG00000159377.11"
"ENSG00000159388.6",0.220483978891048,"ENSG00000159388.6"
"ENSG00000159399.10",0.662879460715403,"ENSG00000159399.10"
"ENSG00000159403.18",0.204566505399628,"ENSG00000159403.18"
"ENSG00000159409.15",0.778190345905804,"ENSG00000159409.15"
"ENSG00000159423.17",0.64408747118205,"ENSG00000159423.17"
"ENSG00000159445.13",0.518452197608036,"ENSG00000159445.13"
"ENSG00000159459.12",0.180787364671198,"ENSG00000159459.12"
"ENSG00000159461.15",0.377949887628009,"ENSG00000159461.15"
"ENSG00000159479.17",0.392593151807444,"ENSG00000159479.17"
"ENSG00000159579.14",0.358394706937852,"ENSG00000159579.14"
"ENSG00000159592.11",0.170176041576554,"ENSG00000159592.11"
"ENSG00000159593.15",-0.116669925264726,"ENSG00000159593.15"
"ENSG00000159618.16",0.464779945821564,"ENSG00000159618.16"
"ENSG00000159640.16",0.499507886584924,"ENSG00000159640.16"
"ENSG00000159658.13",0.101343496073269,"ENSG00000159658.13"
"ENSG00000159674.12",0.438199281818118,"ENSG00000159674.12"
"ENSG00000159685.11",0.355239300997996,"ENSG00000159685.11"
"ENSG00000159692.15",0.328582961790764,"ENSG00000159692.15"
"ENSG00000159713.11",0.633068141402498,"ENSG00000159713.11"
"ENSG00000159714.11",0.202235698118709,"ENSG00000159714.11"
"ENSG00000159720.12",0.436162256538226,"ENSG00000159720.12"
"ENSG00000159733.14",0.477714623554422,"ENSG00000159733.14"
"ENSG00000159753.14",0.154483131433854,"ENSG00000159753.14"
"ENSG00000159761.15",0.41848709695216,"ENSG00000159761.15"
"ENSG00000159763.4",0.499641147285996,"ENSG00000159763.4"
"ENSG00000159788.19",0.403008728071305,"ENSG00000159788.19"
"ENSG00000159840.16",0.303673907500211,"ENSG00000159840.16"
"ENSG00000159842.15",0.707137808268165,"ENSG00000159842.15"
"ENSG00000159873.10",0.591259933178418,"ENSG00000159873.10"
"ENSG00000159899.14",0.277801201018143,"ENSG00000159899.14"
"ENSG00000159917.17",-0.339024390243903,"ENSG00000159917.17"
"ENSG00000159921.17",0.612284029734556,"ENSG00000159921.17"
"ENSG00000160007.19",0.586588580349669,"ENSG00000160007.19"
"ENSG00000160049.12",0.337595581997723,"ENSG00000160049.12"
"ENSG00000160058.18",0.206222841945441,"ENSG00000160058.18"
"ENSG00000160062.15",0.145081443720312,"ENSG00000160062.15"
"ENSG00000160072.20",0.136570007834568,"ENSG00000160072.20"
"ENSG00000160075.12",0.237963786000318,"ENSG00000160075.12"
"ENSG00000160087.21",0.225931574011204,"ENSG00000160087.21"
"ENSG00000160094.15",0.326118842509582,"ENSG00000160094.15"
"ENSG00000160113.5",0.686011886686672,"ENSG00000160113.5"
"ENSG00000160124.9",0.413976806876025,"ENSG00000160124.9"
"ENSG00000160131.13",-0.00474435593782214,"ENSG00000160131.13"
"ENSG00000160145.15",0.355289552883643,"ENSG00000160145.15"
"ENSG00000160161.9",0.54442995280206,"ENSG00000160161.9"
"ENSG00000160179.18",0.604717622821729,"ENSG00000160179.18"
"ENSG00000160180.15",0.7593463049302,"ENSG00000160180.15"
"ENSG00000160181.9",0.860332254001569,"ENSG00000160181.9"
"ENSG00000160182.3",0.766289169290722,"ENSG00000160182.3"
"ENSG00000160185.15",0.329750467949185,"ENSG00000160185.15"
"ENSG00000160188.10",0.311877648445868,"ENSG00000160188.10"
"ENSG00000160190.14",0.348002769757076,"ENSG00000160190.14"
"ENSG00000160193.12",0.376066674679453,"ENSG00000160193.12"
"ENSG00000160194.18",0.0763958165027574,"ENSG00000160194.18"
"ENSG00000160199.15",0.0569982644069078,"ENSG00000160199.15"
"ENSG00000160208.13",0.429736839095395,"ENSG00000160208.13"
"ENSG00000160209.19",0.367286024295849,"ENSG00000160209.19"
"ENSG00000160211.19",0.673680796096876,"ENSG00000160211.19"
"ENSG00000160213.8",0.381446111187849,"ENSG00000160213.8"
"ENSG00000160214.13",0.316757800732621,"ENSG00000160214.13"
"ENSG00000160216.21",0.530646477851904,"ENSG00000160216.21"
"ENSG00000160218.13",0.130907871671093,"ENSG00000160218.13"
"ENSG00000160219.12",0.420287139185251,"ENSG00000160219.12"
"ENSG00000160226.16",0.604723354009545,"ENSG00000160226.16"
"ENSG00000160255.18",0.481341654553055,"ENSG00000160255.18"
"ENSG00000160256.13",0.151798886386215,"ENSG00000160256.13"
"ENSG00000160285.15",0.702646929657615,"ENSG00000160285.15"
"ENSG00000160293.17",0.23250322964446,"ENSG00000160293.17"
"ENSG00000160294.11",0.150619232805722,"ENSG00000160294.11"
"ENSG00000160299.17",0.15370629817827,"ENSG00000160299.17"
"ENSG00000160305.18",0.268127894308427,"ENSG00000160305.18"
"ENSG00000160307.10",0.72516014894932,"ENSG00000160307.10"
"ENSG00000160310.18",0.424622944231772,"ENSG00000160310.18"
"ENSG00000160323.18",-0.0978522136931974,"ENSG00000160323.18"
"ENSG00000160325.14",0.349132512444269,"ENSG00000160325.14"
"ENSG00000160326.14",0.0600703023024146,"ENSG00000160326.14"
"ENSG00000160336.15",0.00405185918462553,"ENSG00000160336.15"
"ENSG00000160339.16",0.255069929528055,"ENSG00000160339.16"
"ENSG00000160352.16",0.32280701754386,"ENSG00000160352.16"
"ENSG00000160360.13",0.601819632313867,"ENSG00000160360.13"
"ENSG00000160392.13",0.387345809821458,"ENSG00000160392.13"
"ENSG00000160404.18",0.446683319569597,"ENSG00000160404.18"
"ENSG00000160410.15",0.470143224521078,"ENSG00000160410.15"
"ENSG00000160439.16",0.391586881866091,"ENSG00000160439.16"
"ENSG00000160445.11",0.29387503460399,"ENSG00000160445.11"
"ENSG00000160447.7",0.283964626468885,"ENSG00000160447.7"
"ENSG00000160460.16",0.396422059843128,"ENSG00000160460.16"
"ENSG00000160469.17",0.812132116422315,"ENSG00000160469.17"
"ENSG00000160551.11",0.464493383127232,"ENSG00000160551.11"
"ENSG00000160563.14",0.252546861968889,"ENSG00000160563.14"
"ENSG00000160584.16",0.254142540709181,"ENSG00000160584.16"
"ENSG00000160588.10",0.557486631016043,"ENSG00000160588.10"
"ENSG00000160593.19",0.547246710816669,"ENSG00000160593.19"
"ENSG00000160602.14",0.333980044756457,"ENSG00000160602.14"
"ENSG00000160606.11",0.0296528926233456,"ENSG00000160606.11"
"ENSG00000160613.13",0.055653550833148,"ENSG00000160613.13"
"ENSG00000160633.13",0.32832229791908,"ENSG00000160633.13"
"ENSG00000160654.11",0.67559076909882,"ENSG00000160654.11"
"ENSG00000160678.12",0.824257154833392,"ENSG00000160678.12"
"ENSG00000160679.13",0.318031303304524,"ENSG00000160679.13"
"ENSG00000160685.13",0.663157195853841,"ENSG00000160685.13"
"ENSG00000160688.19",0.696511444886983,"ENSG00000160688.19"
"ENSG00000160691.19",0.421218883816044,"ENSG00000160691.19"
"ENSG00000160695.14",0.140732851542326,"ENSG00000160695.14"
"ENSG00000160703.16",0.552385513913905,"ENSG00000160703.16"
"ENSG00000160710.17",0.602717264495699,"ENSG00000160710.17"
"ENSG00000160712.13",0.394949146342689,"ENSG00000160712.13"
"ENSG00000160714.10",0.0717369304526944,"ENSG00000160714.10"
"ENSG00000160741.17",0.223345260662363,"ENSG00000160741.17"
"ENSG00000160746.13",0.403464639988635,"ENSG00000160746.13"
"ENSG00000160752.14",0.369938708093543,"ENSG00000160752.14"
"ENSG00000160753.16",0.159222681666053,"ENSG00000160753.16"
"ENSG00000160783.19",0.387042577767001,"ENSG00000160783.19"
"ENSG00000160789.20",0.472625993237571,"ENSG00000160789.20"
"ENSG00000160791.13",0.197456721954905,"ENSG00000160791.13"
"ENSG00000160796.18",0.400317986058721,"ENSG00000160796.18"
"ENSG00000160799.11",0.0163989993434243,"ENSG00000160799.11"
"ENSG00000160803.8",0.460246608385782,"ENSG00000160803.8"
"ENSG00000160808.11",0.13590104969445,"ENSG00000160808.11"
"ENSG00000160813.7",-0.0757873158255012,"ENSG00000160813.7"
"ENSG00000160818.16",0.415980341820961,"ENSG00000160818.16"
"ENSG00000160862.13",0.20896613147391,"ENSG00000160862.13"
"ENSG00000160867.15",0.0580177717019822,"ENSG00000160867.15"
"ENSG00000160877.6",0.568683467205265,"ENSG00000160877.6"
"ENSG00000160883.11",0.635917094557774,"ENSG00000160883.11"
"ENSG00000160908.15",0.148247107574568,"ENSG00000160908.15"
"ENSG00000160917.15",0.208749047732158,"ENSG00000160917.15"
"ENSG00000160932.11",0.182698826946364,"ENSG00000160932.11"
"ENSG00000160948.14",-0.2193354853663,"ENSG00000160948.14"
"ENSG00000160949.17",0.440489460129564,"ENSG00000160949.17"
"ENSG00000160953.16",0.424612647712268,"ENSG00000160953.16"
"ENSG00000160957.14",0.319378678261941,"ENSG00000160957.14"
"ENSG00000160959.8",0.331975448394727,"ENSG00000160959.8"
"ENSG00000160961.12",-0.263074676918565,"ENSG00000160961.12"
"ENSG00000160972.9",0.251190060512966,"ENSG00000160972.9"
"ENSG00000160991.16",0.609948259304422,"ENSG00000160991.16"
"ENSG00000160993.4",0.498354954580575,"ENSG00000160993.4"
"ENSG00000160999.10",0.426865293116999,"ENSG00000160999.10"
"ENSG00000161010.15",0.135276126068899,"ENSG00000161010.15"
"ENSG00000161011.20",0.214405855871762,"ENSG00000161011.20"
"ENSG00000161013.17",0.384304567927382,"ENSG00000161013.17"
"ENSG00000161016.17",0.414619311428246,"ENSG00000161016.17"
"ENSG00000161021.13",0.277582918916116,"ENSG00000161021.13"
"ENSG00000161031.13",0.307179570369254,"ENSG00000161031.13"
"ENSG00000161036.13",0.0300736076032898,"ENSG00000161036.13"
"ENSG00000161048.11",0.359607442112517,"ENSG00000161048.11"
"ENSG00000161055.4",0.493851772304636,"ENSG00000161055.4"
"ENSG00000161057.12",0.0628003290802937,"ENSG00000161057.12"
"ENSG00000161179.14",0.380006936831682,"ENSG00000161179.14"
"ENSG00000161202.20",0.403048420014747,"ENSG00000161202.20"
"ENSG00000161203.13",0.301404138511684,"ENSG00000161203.13"
"ENSG00000161204.11",0.413671049351585,"ENSG00000161204.11"
"ENSG00000161217.12",0.4786276902159,"ENSG00000161217.12"
"ENSG00000161249.21",0.729455142853125,"ENSG00000161249.21"
"ENSG00000161265.15",0.0477809168502871,"ENSG00000161265.15"
"ENSG00000161267.12",0.571730513453053,"ENSG00000161267.12"
"ENSG00000161281.11",0.483688286235346,"ENSG00000161281.11"
"ENSG00000161381.14",0.289911224635284,"ENSG00000161381.14"
"ENSG00000161405.17",0.440675565917865,"ENSG00000161405.17"
"ENSG00000161513.12",0.49596572406877,"ENSG00000161513.12"
"ENSG00000161526.15",-0.150776763387912,"ENSG00000161526.15"
"ENSG00000161533.12",0.439610799163909,"ENSG00000161533.12"
"ENSG00000161542.17",0.344987396016912,"ENSG00000161542.17"
"ENSG00000161544.10",0.522098497379624,"ENSG00000161544.10"
"ENSG00000161547.17",0.343663299276044,"ENSG00000161547.17"
"ENSG00000161558.11",0.309402719975647,"ENSG00000161558.11"
"ENSG00000161618.10",0.367595809329601,"ENSG00000161618.10"
"ENSG00000161634.12",-0.090308283771055,"ENSG00000161634.12"
"ENSG00000161638.11",0.265474544546082,"ENSG00000161638.11"
"ENSG00000161642.17",0.646272207606059,"ENSG00000161642.17"
"ENSG00000161647.18",0.091488699979266,"ENSG00000161647.18"
"ENSG00000161654.10",0.115144520413634,"ENSG00000161654.10"
"ENSG00000161671.17",0.0135282171303399,"ENSG00000161671.17"
"ENSG00000161677.12",0.267835006530978,"ENSG00000161677.12"
"ENSG00000161681.15",0.684762797499732,"ENSG00000161681.15"
"ENSG00000161682.15",0.491922981878368,"ENSG00000161682.15"
"ENSG00000161714.12",0.633372263737363,"ENSG00000161714.12"
"ENSG00000161791.14",0.529818333540709,"ENSG00000161791.14"
"ENSG00000161798.7",0.685400821485666,"ENSG00000161798.7"
"ENSG00000161800.13",0.47410994674336,"ENSG00000161800.13"
"ENSG00000161813.22",0.355137611655454,"ENSG00000161813.22"
"ENSG00000161835.11",0.162072179827356,"ENSG00000161835.11"
"ENSG00000161847.14",0.394928015335477,"ENSG00000161847.14"
"ENSG00000161888.11",0.558034095479321,"ENSG00000161888.11"
"ENSG00000161904.12",0.254611061410086,"ENSG00000161904.12"
"ENSG00000161905.13",0.682978705354662,"ENSG00000161905.13"
"ENSG00000161911.11",0.5331498185771,"ENSG00000161911.11"
"ENSG00000161920.11",-0.0460435366489767,"ENSG00000161920.11"
"ENSG00000161921.16",0.163010130554557,"ENSG00000161921.16"
"ENSG00000161929.15",0.454635088853879,"ENSG00000161929.15"
"ENSG00000161944.16",0.307704475293894,"ENSG00000161944.16"
"ENSG00000161956.13",0.489806558972968,"ENSG00000161956.13"
"ENSG00000161960.15",0.131843499443464,"ENSG00000161960.15"
"ENSG00000161970.15",0.348117869071887,"ENSG00000161970.15"
"ENSG00000161980.6",0.356054294145866,"ENSG00000161980.6"
"ENSG00000161981.11",-0.034608306909235,"ENSG00000161981.11"
"ENSG00000161996.19",0.503034745051678,"ENSG00000161996.19"
"ENSG00000161999.13",0.234751028475999,"ENSG00000161999.13"
"ENSG00000162032.16",-0.136326530612245,"ENSG00000162032.16"
"ENSG00000162062.15",0.236676158066532,"ENSG00000162062.15"
"ENSG00000162065.14",0.769272079719268,"ENSG00000162065.14"
"ENSG00000162066.15",0.65816928253637,"ENSG00000162066.15"
"ENSG00000162069.16",0.123973431096486,"ENSG00000162069.16"
"ENSG00000162073.14",0.425411228159025,"ENSG00000162073.14"
"ENSG00000162076.13",0.57921767661738,"ENSG00000162076.13"
"ENSG00000162078.11",0.300235613755229,"ENSG00000162078.11"
"ENSG00000162086.15",0.456334478323357,"ENSG00000162086.15"
"ENSG00000162104.10",0.489492521150368,"ENSG00000162104.10"
"ENSG00000162105.19",0.440756636951001,"ENSG00000162105.19"
"ENSG00000162129.14",0.395866361394497,"ENSG00000162129.14"
"ENSG00000162139.10",0.10924415563054,"ENSG00000162139.10"
"ENSG00000162174.12",0.800089666976185,"ENSG00000162174.12"
"ENSG00000162191.13",-0.133913785271096,"ENSG00000162191.13"
"ENSG00000162222.14",0.0137750234215436,"ENSG00000162222.14"
"ENSG00000162227.8",0.218458292991967,"ENSG00000162227.8"
"ENSG00000162231.14",0.305756616029919,"ENSG00000162231.14"
"ENSG00000162236.12",0.167122119354209,"ENSG00000162236.12"
"ENSG00000162244.12",0.4192853971378,"ENSG00000162244.12"
"ENSG00000162267.12",0.23306344482614,"ENSG00000162267.12"
"ENSG00000162298.18",0.19953345969278,"ENSG00000162298.18"
"ENSG00000162300.13",0.426677277921567,"ENSG00000162300.13"
"ENSG00000162302.13",0.64335357661876,"ENSG00000162302.13"
"ENSG00000162337.12",0.368025148568811,"ENSG00000162337.12"
"ENSG00000162366.8",0.760361656900826,"ENSG00000162366.8"
"ENSG00000162368.13",0.198749167902392,"ENSG00000162368.13"
"ENSG00000162377.6",0.438060753080058,"ENSG00000162377.6"
"ENSG00000162378.13",0.311187543716188,"ENSG00000162378.13"
"ENSG00000162384.14",0.192131333788273,"ENSG00000162384.14"
"ENSG00000162385.11",-0.315868217840581,"ENSG00000162385.11"
"ENSG00000162390.17",0.637772893119714,"ENSG00000162390.17"
"ENSG00000162396.6",0.495292024698825,"ENSG00000162396.6"
"ENSG00000162402.14",0.248056036455052,"ENSG00000162402.14"
"ENSG00000162407.9",0.77825174430101,"ENSG00000162407.9"
"ENSG00000162408.11",0.173753125943963,"ENSG00000162408.11"
"ENSG00000162409.11",0.441865172315631,"ENSG00000162409.11"
"ENSG00000162413.16",0.0286350668168643,"ENSG00000162413.16"
"ENSG00000162419.12",0.193632241051388,"ENSG00000162419.12"
"ENSG00000162426.14",0.596174580136844,"ENSG00000162426.14"
"ENSG00000162430.17",0.257726660954281,"ENSG00000162430.17"
"ENSG00000162433.15",0.759665244083274,"ENSG00000162433.15"
"ENSG00000162434.13",0.457506024749732,"ENSG00000162434.13"
"ENSG00000162437.14",0.0927815626606,"ENSG00000162437.14"
"ENSG00000162441.12",0.157131685138069,"ENSG00000162441.12"
"ENSG00000162444.12",0.583415657500396,"ENSG00000162444.12"
"ENSG00000162458.13",0.621074113808701,"ENSG00000162458.13"
"ENSG00000162482.5",0.796582271527152,"ENSG00000162482.5"
"ENSG00000162496.9",0.649751979838553,"ENSG00000162496.9"
"ENSG00000162511.8",0.221909568469653,"ENSG00000162511.8"
"ENSG00000162512.16",0.675465026632592,"ENSG00000162512.16"
"ENSG00000162517.13",0.062745539039691,"ENSG00000162517.13"
"ENSG00000162520.15",0.0953805889670958,"ENSG00000162520.15"
"ENSG00000162521.19",0.372107309197787,"ENSG00000162521.19"
"ENSG00000162522.11",0.423748671704631,"ENSG00000162522.11"
"ENSG00000162542.13",0.428732011690686,"ENSG00000162542.13"
"ENSG00000162543.6",0.767488945324875,"ENSG00000162543.6"
"ENSG00000162545.6",0.657407982802265,"ENSG00000162545.6"
"ENSG00000162551.14",0.767921035907409,"ENSG00000162551.14"
"ENSG00000162552.15",0.332011835285361,"ENSG00000162552.15"
"ENSG00000162576.16",0.613184549577123,"ENSG00000162576.16"
"ENSG00000162591.16",0.56949733098626,"ENSG00000162591.16"
"ENSG00000162599.17",0.587002356393431,"ENSG00000162599.17"
"ENSG00000162600.12",0.438431384716824,"ENSG00000162600.12"
"ENSG00000162601.11",0.204046155684247,"ENSG00000162601.11"
"ENSG00000162604.12",0.418211225412581,"ENSG00000162604.12"
"ENSG00000162607.13",0.00944674535664249,"ENSG00000162607.13"
"ENSG00000162613.16",0.244540609278063,"ENSG00000162613.16"
"ENSG00000162614.18",0.472664048391561,"ENSG00000162614.18"
"ENSG00000162616.9",0.617812376540545,"ENSG00000162616.9"
"ENSG00000162618.15",0.461531269351159,"ENSG00000162618.15"
"ENSG00000162623.16",-0.0961027015459081,"ENSG00000162623.16"
"ENSG00000162627.17",0.240960514758636,"ENSG00000162627.17"
"ENSG00000162636.16",0.45346954746063,"ENSG00000162636.16"
"ENSG00000162639.16",0.421032132424538,"ENSG00000162639.16"
"ENSG00000162642.14",0.179492542073134,"ENSG00000162642.14"
"ENSG00000162645.13",0.551955589436761,"ENSG00000162645.13"
"ENSG00000162650.16",0.00222897768756029,"ENSG00000162650.16"
"ENSG00000162654.9",0.669543829236427,"ENSG00000162654.9"
"ENSG00000162664.17",0.12084430918896,"ENSG00000162664.17"
"ENSG00000162688.17",0.243531778587531,"ENSG00000162688.17"
"ENSG00000162692.12",0.68081879230299,"ENSG00000162692.12"
"ENSG00000162694.14",0.502196111738596,"ENSG00000162694.14"
"ENSG00000162695.12",-0.427726082963686,"ENSG00000162695.12"
"ENSG00000162702.8",0.396897476709425,"ENSG00000162702.8"
"ENSG00000162704.16",0.175159427642933,"ENSG00000162704.16"
"ENSG00000162706.13",0.566910457710282,"ENSG00000162706.13"
"ENSG00000162714.12",0.439718455595199,"ENSG00000162714.12"
"ENSG00000162729.14",0.431121588357042,"ENSG00000162729.14"
"ENSG00000162733.19",0.459063485335443,"ENSG00000162733.19"
"ENSG00000162734.13",0.44068381026122,"ENSG00000162734.13"
"ENSG00000162735.18",0.35725655094283,"ENSG00000162735.18"
"ENSG00000162736.17",-0.0428520682465446,"ENSG00000162736.17"
"ENSG00000162738.6",0.604263441450865,"ENSG00000162738.6"
"ENSG00000162739.14",0.460745127071465,"ENSG00000162739.14"
"ENSG00000162745.10",0.683573909780022,"ENSG00000162745.10"
"ENSG00000162746.14",0.524786324786325,"ENSG00000162746.14"
"ENSG00000162747.12",0.383891513593213,"ENSG00000162747.12"
"ENSG00000162755.14",0.197966000243068,"ENSG00000162755.14"
"ENSG00000162769.13",0.39047733650785,"ENSG00000162769.13"
"ENSG00000162772.17",0.114666972411703,"ENSG00000162772.17"
"ENSG00000162775.16",-0.13732663076606,"ENSG00000162775.16"
"ENSG00000162777.17",0.381579446774871,"ENSG00000162777.17"
"ENSG00000162804.14",0.530642468312394,"ENSG00000162804.14"
"ENSG00000162813.18",0.268223645030097,"ENSG00000162813.18"
"ENSG00000162819.12",0.159275463586366,"ENSG00000162819.12"
"ENSG00000162836.12",0.692793648383034,"ENSG00000162836.12"
"ENSG00000162849.16",0.237606260489024,"ENSG00000162849.16"
"ENSG00000162851.8",0.62211984614627,"ENSG00000162851.8"
"ENSG00000162852.14",0.271633359894275,"ENSG00000162852.14"
"ENSG00000162869.16",0.323795844239967,"ENSG00000162869.16"
"ENSG00000162882.15",0.534126493970268,"ENSG00000162882.15"
"ENSG00000162885.13",-0.127974460886854,"ENSG00000162885.13"
"ENSG00000162889.11",0.412977382387376,"ENSG00000162889.11"
"ENSG00000162894.12",0.30169000786782,"ENSG00000162894.12"
"ENSG00000162896.6",0.861254179488459,"ENSG00000162896.6"
"ENSG00000162909.18",0.670044636447984,"ENSG00000162909.18"
"ENSG00000162910.19",0.28238205962678,"ENSG00000162910.19"
"ENSG00000162923.16",0.407814216641183,"ENSG00000162923.16"
"ENSG00000162924.15",0.524321806427921,"ENSG00000162924.15"
"ENSG00000162927.14",0.32948394243308,"ENSG00000162927.14"
"ENSG00000162928.9",0.24229756081553,"ENSG00000162928.9"
"ENSG00000162929.14",-0.0247505496641351,"ENSG00000162929.14"
"ENSG00000162944.11",0.588012910110495,"ENSG00000162944.11"
"ENSG00000162946.23",0.49764162451048,"ENSG00000162946.23"
"ENSG00000162949.16",0.749026423901727,"ENSG00000162949.16"
"ENSG00000162959.13",0.484678940845191,"ENSG00000162959.13"
"ENSG00000162961.14",0.338282297747738,"ENSG00000162961.14"
"ENSG00000162971.11",-0.201938444811638,"ENSG00000162971.11"
"ENSG00000162972.10",0.493197683813614,"ENSG00000162972.10"
"ENSG00000162976.13",0.241425726808923,"ENSG00000162976.13"
"ENSG00000162980.17",-0.254494575079214,"ENSG00000162980.17"
"ENSG00000162981.14",0.740654502701465,"ENSG00000162981.14"
"ENSG00000162989.5",0.19744173890853,"ENSG00000162989.5"
"ENSG00000162998.5",0.588043745897589,"ENSG00000162998.5"
"ENSG00000162999.13",0.608895495467483,"ENSG00000162999.13"
"ENSG00000163001.11",0.421016243341215,"ENSG00000163001.11"
"ENSG00000163002.13",0.0551186635157612,"ENSG00000163002.13"
"ENSG00000163006.12",0.168423594268672,"ENSG00000163006.12"
"ENSG00000163017.14",0.536920189251842,"ENSG00000163017.14"
"ENSG00000163026.12",0.20981711867511,"ENSG00000163026.12"
"ENSG00000163029.16",0.301058474269699,"ENSG00000163029.16"
"ENSG00000163032.12",0.793895865568161,"ENSG00000163032.12"
"ENSG00000163050.17",0.530311703376712,"ENSG00000163050.17"
"ENSG00000163064.7",0.364177225633458,"ENSG00000163064.7"
"ENSG00000163069.13",0.335072520116415,"ENSG00000163069.13"
"ENSG00000163071.11",0.661038339317657,"ENSG00000163071.11"
"ENSG00000163072.15",0.664407715904679,"ENSG00000163072.15"
"ENSG00000163083.6",0.367430463850867,"ENSG00000163083.6"
"ENSG00000163093.12",0.447999267810584,"ENSG00000163093.12"
"ENSG00000163104.17",0.24747821102623,"ENSG00000163104.17"
"ENSG00000163106.11",0.578741428840194,"ENSG00000163106.11"
"ENSG00000163110.15",0.310153498334808,"ENSG00000163110.15"
"ENSG00000163125.15",0.474069466336115,"ENSG00000163125.15"
"ENSG00000163131.11",0.755385375948725,"ENSG00000163131.11"
"ENSG00000163138.19",-0.102728243169337,"ENSG00000163138.19"
"ENSG00000163141.20",0.596052895168965,"ENSG00000163141.20"
"ENSG00000163154.6",0.367059228063137,"ENSG00000163154.6"
"ENSG00000163155.12",0.547774132525227,"ENSG00000163155.12"
"ENSG00000163156.12",-0.130137757761786,"ENSG00000163156.12"
"ENSG00000163157.15",0.652582979001097,"ENSG00000163157.15"
"ENSG00000163159.14",0.305934035933727,"ENSG00000163159.14"
"ENSG00000163161.14",0.274539676339484,"ENSG00000163161.14"
"ENSG00000163162.9",-0.0213593483728574,"ENSG00000163162.9"
"ENSG00000163166.15",0.306352373428509,"ENSG00000163166.15"
"ENSG00000163170.12",0.164705953867456,"ENSG00000163170.12"
"ENSG00000163171.8",0.345333705941416,"ENSG00000163171.8"
"ENSG00000163191.6",0.691993947858873,"ENSG00000163191.6"
"ENSG00000163207.7",0.844966242457687,"ENSG00000163207.7"
"ENSG00000163209.15",0.860065350068908,"ENSG00000163209.15"
"ENSG00000163214.21",0.653593154786044,"ENSG00000163214.21"
"ENSG00000163216.7",0.923931718239083,"ENSG00000163216.7"
"ENSG00000163219.12",0.720958946679637,"ENSG00000163219.12"
"ENSG00000163220.11",0.611722124018975,"ENSG00000163220.11"
"ENSG00000163221.9",0.529559859994011,"ENSG00000163221.9"
"ENSG00000163249.12",0.245757231673486,"ENSG00000163249.12"
"ENSG00000163257.11",0.160837293899921,"ENSG00000163257.11"
"ENSG00000163281.12",0.494939278821465,"ENSG00000163281.12"
"ENSG00000163291.14",0.309004878334649,"ENSG00000163291.14"
"ENSG00000163295.5",0.584754400794218,"ENSG00000163295.5"
"ENSG00000163297.17",0.478176431330111,"ENSG00000163297.17"
"ENSG00000163312.11",0.118970090679499,"ENSG00000163312.11"
"ENSG00000163319.11",0.0262337125036825,"ENSG00000163319.11"
"ENSG00000163320.11",0.435073454370496,"ENSG00000163320.11"
"ENSG00000163322.14",0.116054924228547,"ENSG00000163322.14"
"ENSG00000163331.12",0.769651253120878,"ENSG00000163331.12"
"ENSG00000163344.6",0.216251958649595,"ENSG00000163344.6"
"ENSG00000163346.17",0.551206298583779,"ENSG00000163346.17"
"ENSG00000163348.4",0.566666829328588,"ENSG00000163348.4"
"ENSG00000163349.22",0.265979810398541,"ENSG00000163349.22"
"ENSG00000163359.16",0.39911474177285,"ENSG00000163359.16"
"ENSG00000163362.11",0.399065463472496,"ENSG00000163362.11"
"ENSG00000163374.19",0.48262152274407,"ENSG00000163374.19"
"ENSG00000163376.11",0.421531758575644,"ENSG00000163376.11"
"ENSG00000163378.14",0.689945901660599,"ENSG00000163378.14"
"ENSG00000163382.12",0.552060679628081,"ENSG00000163382.12"
"ENSG00000163389.12",0.451456076692627,"ENSG00000163389.12"
"ENSG00000163399.16",0.336225136848595,"ENSG00000163399.16"
"ENSG00000163406.11",0.735273451537782,"ENSG00000163406.11"
"ENSG00000163412.13",0.415445815911975,"ENSG00000163412.13"
"ENSG00000163428.4",0.0296693616038291,"ENSG00000163428.4"
"ENSG00000163430.12",0.558449261199124,"ENSG00000163430.12"
"ENSG00000163431.13",0.705751885894054,"ENSG00000163431.13"
"ENSG00000163435.16",0.53816983314432,"ENSG00000163435.16"
"ENSG00000163453.11",0.765314604563048,"ENSG00000163453.11"
"ENSG00000163462.18",0.381985817038788,"ENSG00000163462.18"
"ENSG00000163463.12",0.0250630032713954,"ENSG00000163463.12"
"ENSG00000163466.16",0.0419309833777169,"ENSG00000163466.16"
"ENSG00000163468.15",0.207469750345409,"ENSG00000163468.15"
"ENSG00000163472.19",0.640067325566486,"ENSG00000163472.19"
"ENSG00000163479.14",0.478965746275787,"ENSG00000163479.14"
"ENSG00000163481.8",0.223796584989158,"ENSG00000163481.8"
"ENSG00000163482.12",0.216406512781422,"ENSG00000163482.12"
"ENSG00000163491.16",0.401133209990749,"ENSG00000163491.16"
"ENSG00000163507.14",0.296504454603751,"ENSG00000163507.14"
"ENSG00000163508.13",0.341016522411664,"ENSG00000163508.13"
"ENSG00000163510.14",0.204802764744113,"ENSG00000163510.14"
"ENSG00000163512.14",0.23078845742606,"ENSG00000163512.14"
"ENSG00000163513.19",0.662530582424936,"ENSG00000163513.19"
"ENSG00000163516.14",0.307441317733307,"ENSG00000163516.14"
"ENSG00000163517.15",0.203822376344206,"ENSG00000163517.15"
"ENSG00000163519.14",0.512303723158816,"ENSG00000163519.14"
"ENSG00000163520.14",0.752349397729809,"ENSG00000163520.14"
"ENSG00000163521.16",0.648053035849972,"ENSG00000163521.16"
"ENSG00000163527.10",0.551793039328082,"ENSG00000163527.10"
"ENSG00000163528.13",-0.000716540126839849,"ENSG00000163528.13"
"ENSG00000163531.15",0.597575684801632,"ENSG00000163531.15"
"ENSG00000163535.18",0.293549172346641,"ENSG00000163535.18"
"ENSG00000163536.12",0.578705085548343,"ENSG00000163536.12"
"ENSG00000163539.17",0.26425804526819,"ENSG00000163539.17"
"ENSG00000163541.12",0.158629901921616,"ENSG00000163541.12"
"ENSG00000163545.11",0.443936674362699,"ENSG00000163545.11"
"ENSG00000163554.15",0.177547950315253,"ENSG00000163554.15"
"ENSG00000163558.13",0.775657646014832,"ENSG00000163558.13"
"ENSG00000163563.8",0.431995930654099,"ENSG00000163563.8"
"ENSG00000163564.15",0.543208600726081,"ENSG00000163564.15"
"ENSG00000163565.18",0.698172030353253,"ENSG00000163565.18"
"ENSG00000163577.8",0.388107384196444,"ENSG00000163577.8"
"ENSG00000163584.18",0.56679905524385,"ENSG00000163584.18"
"ENSG00000163586.10",0.693076820119983,"ENSG00000163586.10"
"ENSG00000163590.14",0.768277749694627,"ENSG00000163590.14"
"ENSG00000163596.16",0.820016080437363,"ENSG00000163596.16"
"ENSG00000163600.13",0.386398736398736,"ENSG00000163600.13"
"ENSG00000163602.10",0.27110712475078,"ENSG00000163602.10"
"ENSG00000163605.15",0.306421613035156,"ENSG00000163605.15"
"ENSG00000163607.17",0.119591505733666,"ENSG00000163607.17"
"ENSG00000163608.15",0.430585587763303,"ENSG00000163608.15"
"ENSG00000163624.6",0.430158523143888,"ENSG00000163624.6"
"ENSG00000163625.15",0.663602328388593,"ENSG00000163625.15"
"ENSG00000163626.17",0.263798002388125,"ENSG00000163626.17"
"ENSG00000163629.13",0.619734233288637,"ENSG00000163629.13"
"ENSG00000163631.17",0.108799301390794,"ENSG00000163631.17"
"ENSG00000163634.12",0.24990655776265,"ENSG00000163634.12"
"ENSG00000163635.19",0.357482192259369,"ENSG00000163635.19"
"ENSG00000163636.10",-0.0230888909443656,"ENSG00000163636.10"
"ENSG00000163637.13",0.364519646000601,"ENSG00000163637.13"
"ENSG00000163644.15",0.550743252012415,"ENSG00000163644.15"
"ENSG00000163655.16",0.556733075608264,"ENSG00000163655.16"
"ENSG00000163660.12",0.302759120772853,"ENSG00000163660.12"
"ENSG00000163661.4",0.643524270110063,"ENSG00000163661.4"
"ENSG00000163681.16",0.365201802688414,"ENSG00000163681.16"
"ENSG00000163682.16",0.0951799365868197,"ENSG00000163682.16"
"ENSG00000163684.11",-0.105281567294259,"ENSG00000163684.11"
"ENSG00000163686.15",0.608272860776855,"ENSG00000163686.15"
"ENSG00000163694.15",0.723906425483118,"ENSG00000163694.15"
"ENSG00000163697.17",0.428181028245755,"ENSG00000163697.17"
"ENSG00000163702.20",0.304643183042757,"ENSG00000163702.20"
"ENSG00000163703.19",0.373223269840054,"ENSG00000163703.19"
"ENSG00000163704.12",0.575304468796011,"ENSG00000163704.12"
"ENSG00000163710.9",0.326708660563041,"ENSG00000163710.9"
"ENSG00000163714.18",0.410199032340419,"ENSG00000163714.18"
"ENSG00000163719.20",0.283668451138018,"ENSG00000163719.20"
"ENSG00000163728.11",0.0839990502823856,"ENSG00000163728.11"
"ENSG00000163735.7",0.736716088789692,"ENSG00000163735.7"
"ENSG00000163736.4",0.2629135866943,"ENSG00000163736.4"
"ENSG00000163737.4",0.199680016276099,"ENSG00000163737.4"
"ENSG00000163738.18",0.133733670935425,"ENSG00000163738.18"
"ENSG00000163743.13",-0.00669633387252781,"ENSG00000163743.13"
"ENSG00000163751.4",0.565206651834484,"ENSG00000163751.4"
"ENSG00000163754.18",0.315960289157161,"ENSG00000163754.18"
"ENSG00000163755.9",0.111667184153702,"ENSG00000163755.9"
"ENSG00000163762.7",0.832572725144477,"ENSG00000163762.7"
"ENSG00000163781.14",0.4385282853333,"ENSG00000163781.14"
"ENSG00000163788.14",0.655276417202142,"ENSG00000163788.14"
"ENSG00000163795.14",0.196365703115104,"ENSG00000163795.14"
"ENSG00000163798.13",0.240362268558461,"ENSG00000163798.13"
"ENSG00000163807.6",0.0231059461992695,"ENSG00000163807.6"
"ENSG00000163808.17",0.634105060971591,"ENSG00000163808.17"
"ENSG00000163811.12",0.605457842748978,"ENSG00000163811.12"
"ENSG00000163812.15",0.432142125640886,"ENSG00000163812.15"
"ENSG00000163814.8",0.641522356385951,"ENSG00000163814.8"
"ENSG00000163815.6",0.148346654230837,"ENSG00000163815.6"
"ENSG00000163817.16",-0.459201037193096,"ENSG00000163817.16"
"ENSG00000163818.17",0.518671023854065,"ENSG00000163818.17"
"ENSG00000163820.15",0.606921149702347,"ENSG00000163820.15"
"ENSG00000163823.4",0.32070527278965,"ENSG00000163823.4"
"ENSG00000163832.16",0.055242596360767,"ENSG00000163832.16"
"ENSG00000163840.10",0.558609721214111,"ENSG00000163840.10"
"ENSG00000163848.19",0.379850916751824,"ENSG00000163848.19"
"ENSG00000163864.17",0.0669584330058207,"ENSG00000163864.17"
"ENSG00000163866.9",0.208938931376544,"ENSG00000163866.9"
"ENSG00000163867.17",-0.262320912667735,"ENSG00000163867.17"
"ENSG00000163870.16",-0.0184244452107529,"ENSG00000163870.16"
"ENSG00000163872.16",-0.227631943397793,"ENSG00000163872.16"
"ENSG00000163874.11",0.234161798698333,"ENSG00000163874.11"
"ENSG00000163875.15",0.412668589499036,"ENSG00000163875.15"
"ENSG00000163877.11",0.233645574566089,"ENSG00000163877.11"
"ENSG00000163879.11",0.175991052722406,"ENSG00000163879.11"
"ENSG00000163882.9",0.292218972540183,"ENSG00000163882.9"
"ENSG00000163898.10",0.809776686707785,"ENSG00000163898.10"
"ENSG00000163900.11",0.581879941266498,"ENSG00000163900.11"
"ENSG00000163902.12",0.501528021558995,"ENSG00000163902.12"
"ENSG00000163904.13",0.353716401726064,"ENSG00000163904.13"
"ENSG00000163913.12",0.613695074341318,"ENSG00000163913.12"
"ENSG00000163918.10",0.702580534613148,"ENSG00000163918.10"
"ENSG00000163930.10",0.199456938643334,"ENSG00000163930.10"
"ENSG00000163931.16",0.606160278190945,"ENSG00000163931.16"
"ENSG00000163932.15",0.468475253743839,"ENSG00000163932.15"
"ENSG00000163933.10",0.492511198129325,"ENSG00000163933.10"
"ENSG00000163935.14",-0.0299919223838849,"ENSG00000163935.14"
"ENSG00000163938.17",0.592446402292531,"ENSG00000163938.17"
"ENSG00000163939.18",0.2339179819186,"ENSG00000163939.18"
"ENSG00000163945.18",0.232448842718418,"ENSG00000163945.18"
"ENSG00000163946.13",0.388427339417236,"ENSG00000163946.13"
"ENSG00000163947.11",0.311083183016747,"ENSG00000163947.11"
"ENSG00000163950.13",0.100074521241829,"ENSG00000163950.13"
"ENSG00000163956.13",0.372432225906845,"ENSG00000163956.13"
"ENSG00000163960.12",0.519091951241775,"ENSG00000163960.12"
"ENSG00000163961.4",0.891471860199296,"ENSG00000163961.4"
"ENSG00000163964.16",0.427950353936097,"ENSG00000163964.16"
"ENSG00000163975.12",0.603721082924446,"ENSG00000163975.12"
"ENSG00000163993.7",0.896153743422002,"ENSG00000163993.7"
"ENSG00000163995.20",0.358066232850819,"ENSG00000163995.20"
"ENSG00000164002.11",0.307692307692308,"ENSG00000164002.11"
"ENSG00000164008.16",0.508976602966574,"ENSG00000164008.16"
"ENSG00000164010.15",0.122245379959674,"ENSG00000164010.15"
"ENSG00000164011.18",0.130977396221363,"ENSG00000164011.18"
"ENSG00000164022.17",-0.0247428587564353,"ENSG00000164022.17"
"ENSG00000164024.12",0.59260163437326,"ENSG00000164024.12"
"ENSG00000164031.17",0.0373899032607894,"ENSG00000164031.17"
"ENSG00000164035.10",0.439397830572299,"ENSG00000164035.10"
"ENSG00000164039.15",0.561453261889216,"ENSG00000164039.15"
"ENSG00000164040.18",0.273779706933924,"ENSG00000164040.18"
"ENSG00000164047.6",0.168155088045228,"ENSG00000164047.6"
"ENSG00000164050.13",0.586639141694095,"ENSG00000164050.13"
"ENSG00000164051.14",0.457190246205699,"ENSG00000164051.14"
"ENSG00000164053.21",0.0777129238401476,"ENSG00000164053.21"
"ENSG00000164054.15",0.0864433956360726,"ENSG00000164054.15"
"ENSG00000164056.11",0.47533431944224,"ENSG00000164056.11"
"ENSG00000164061.5",0.821024824638791,"ENSG00000164061.5"
"ENSG00000164062.13",0.154389805120257,"ENSG00000164062.13"
"ENSG00000164066.13",-0.00116331032747989,"ENSG00000164066.13"
"ENSG00000164068.16",0.314773482268842,"ENSG00000164068.16"
"ENSG00000164070.12",0.796821635664453,"ENSG00000164070.12"
"ENSG00000164073.11",-0.128385919891046,"ENSG00000164073.11"
"ENSG00000164074.15",-0.38283528091806,"ENSG00000164074.15"
"ENSG00000164076.17",0.717373068211528,"ENSG00000164076.17"
"ENSG00000164077.14",0.45223458803168,"ENSG00000164077.14"
"ENSG00000164078.13",0.677056536634315,"ENSG00000164078.13"
"ENSG00000164080.13",0.160046153060314,"ENSG00000164080.13"
"ENSG00000164081.12",0.270987554344629,"ENSG00000164081.12"
"ENSG00000164086.10",0.661615056456279,"ENSG00000164086.10"
"ENSG00000164087.8",0.399014494577082,"ENSG00000164087.8"
"ENSG00000164088.18",0.189925329633242,"ENSG00000164088.18"
"ENSG00000164091.12",0.250338938954904,"ENSG00000164091.12"
"ENSG00000164096.13",-0.0093128246265056,"ENSG00000164096.13"
"ENSG00000164104.12",0.489788670117807,"ENSG00000164104.12"
"ENSG00000164105.4",-0.00145616695580868,"ENSG00000164105.4"
"ENSG00000164106.8",0.743506803689391,"ENSG00000164106.8"
"ENSG00000164109.14",0.675958544497324,"ENSG00000164109.14"
"ENSG00000164114.19",0.534467905284511,"ENSG00000164114.19"
"ENSG00000164116.16",0.654844884244914,"ENSG00000164116.16"
"ENSG00000164118.13",-0.0935190878612025,"ENSG00000164118.13"
"ENSG00000164120.14",0.50038242254892,"ENSG00000164120.14"
"ENSG00000164125.15",0.512105175410392,"ENSG00000164125.15"
"ENSG00000164128.7",0.6465559756699,"ENSG00000164128.7"
"ENSG00000164134.13",0.44968096372138,"ENSG00000164134.13"
"ENSG00000164142.16",0.627785329855473,"ENSG00000164142.16"
"ENSG00000164144.16",0.658001838892366,"ENSG00000164144.16"
"ENSG00000164151.12",0.183844697944881,"ENSG00000164151.12"
"ENSG00000164162.14",-0.0292160192631294,"ENSG00000164162.14"
"ENSG00000164163.11",0.475736878060652,"ENSG00000164163.11"
"ENSG00000164164.17",0.549088537460061,"ENSG00000164164.17"
"ENSG00000164167.12",-0.168680146684634,"ENSG00000164167.12"
"ENSG00000164168.8",0.40227556224505,"ENSG00000164168.8"
"ENSG00000164169.13",0.0378019190467582,"ENSG00000164169.13"
"ENSG00000164171.11",0.698973453741879,"ENSG00000164171.11"
"ENSG00000164172.19",0.402858788263249,"ENSG00000164172.19"
"ENSG00000164176.13",0.54364544020413,"ENSG00000164176.13"
"ENSG00000164181.14",0.787698168810687,"ENSG00000164181.14"
"ENSG00000164182.11",0.471080966997767,"ENSG00000164182.11"
"ENSG00000164187.7",0.507642781494166,"ENSG00000164187.7"
"ENSG00000164190.19",0.196676304941468,"ENSG00000164190.19"
"ENSG00000164199.18",0.0265264521755133,"ENSG00000164199.18"
"ENSG00000164209.17",0.384672222859148,"ENSG00000164209.17"
"ENSG00000164219.10",0.184983230458774,"ENSG00000164219.10"
"ENSG00000164237.9",0.809817567834389,"ENSG00000164237.9"
"ENSG00000164241.13",0.20343137254902,"ENSG00000164241.13"
"ENSG00000164244.21",0.461316428549316,"ENSG00000164244.21"
"ENSG00000164252.13",0.0259734398092133,"ENSG00000164252.13"
"ENSG00000164253.14",0.23121048231334,"ENSG00000164253.14"
"ENSG00000164258.12",-0.137740779947264,"ENSG00000164258.12"
"ENSG00000164266.10",0.7994254198591,"ENSG00000164266.10"
"ENSG00000164283.13",0.542983396641421,"ENSG00000164283.13"
"ENSG00000164284.15",0.506602422826113,"ENSG00000164284.15"
"ENSG00000164292.13",0.654386903068745,"ENSG00000164292.13"
"ENSG00000164294.14",0.587878135438315,"ENSG00000164294.14"
"ENSG00000164300.17",0.51947026528203,"ENSG00000164300.17"
"ENSG00000164305.19",0.196521910747838,"ENSG00000164305.19"
"ENSG00000164306.11",0.00940610329868348,"ENSG00000164306.11"
"ENSG00000164307.13",0.516612262204433,"ENSG00000164307.13"
"ENSG00000164308.17",0.822252150134803,"ENSG00000164308.17"
"ENSG00000164318.18",0.230362373108474,"ENSG00000164318.18"
"ENSG00000164323.14",0.320106604100366,"ENSG00000164323.14"
"ENSG00000164326.5",-0.0947792500965662,"ENSG00000164326.5"
"ENSG00000164327.13",0.584898843965306,"ENSG00000164327.13"
"ENSG00000164329.13",-0.017988711436678,"ENSG00000164329.13"
"ENSG00000164330.17",0.174549928864674,"ENSG00000164330.17"
"ENSG00000164331.10",0.34003328642539,"ENSG00000164331.10"
"ENSG00000164332.8",0.24306074329289,"ENSG00000164332.8"
"ENSG00000164338.10",0.117355815534615,"ENSG00000164338.10"
"ENSG00000164342.13",0.717410719639033,"ENSG00000164342.13"
"ENSG00000164344.16",0.246729905733888,"ENSG00000164344.16"
"ENSG00000164346.10",0.0520697906533986,"ENSG00000164346.10"
"ENSG00000164347.18",0.379737074222361,"ENSG00000164347.18"
"ENSG00000164366.4",0.427458128706697,"ENSG00000164366.4"
"ENSG00000164402.14",0.509222438191103,"ENSG00000164402.14"
"ENSG00000164403.14",0.357749906128443,"ENSG00000164403.14"
"ENSG00000164405.11",0.21595513682648,"ENSG00000164405.11"
"ENSG00000164414.18",0.46251740440096,"ENSG00000164414.18"
"ENSG00000164430.16",0.711415585976601,"ENSG00000164430.16"
"ENSG00000164434.12",0.737765203045693,"ENSG00000164434.12"
"ENSG00000164440.15",0.574530520292434,"ENSG00000164440.15"
"ENSG00000164442.10",0.469986229927069,"ENSG00000164442.10"
"ENSG00000164463.12",0.161067710928199,"ENSG00000164463.12"
"ENSG00000164465.19",0.647246720998994,"ENSG00000164465.19"
"ENSG00000164466.13",0.619735912800284,"ENSG00000164466.13"
"ENSG00000164485.15",0.127529147207473,"ENSG00000164485.15"
"ENSG00000164494.12",0.312827030957801,"ENSG00000164494.12"
"ENSG00000164506.14",0.36629695637302,"ENSG00000164506.14"
"ENSG00000164530.15",0.55471358349222,"ENSG00000164530.15"
"ENSG00000164535.15",0.331898226539595,"ENSG00000164535.15"
"ENSG00000164543.7",0.534562671084671,"ENSG00000164543.7"
"ENSG00000164548.11",0.463927353961528,"ENSG00000164548.11"
"ENSG00000164574.16",0.726245089895422,"ENSG00000164574.16"
"ENSG00000164576.12",-0.08718743280675,"ENSG00000164576.12"
"ENSG00000164587.13",-0.040595277162558,"ENSG00000164587.13"
"ENSG00000164591.13",0.500585725146393,"ENSG00000164591.13"
"ENSG00000164597.13",0.192322911660897,"ENSG00000164597.13"
"ENSG00000164603.12",0.0720744739944354,"ENSG00000164603.12"
"ENSG00000164609.10",-0.145098064675308,"ENSG00000164609.10"
"ENSG00000164610.9",0.305158533643721,"ENSG00000164610.9"
"ENSG00000164611.13",0.40154428635224,"ENSG00000164611.13"
"ENSG00000164615.5",0.399187700739979,"ENSG00000164615.5"
"ENSG00000164619.10",0.577661191859419,"ENSG00000164619.10"
"ENSG00000164631.19",0.0208871842919418,"ENSG00000164631.19"
"ENSG00000164649.20",0.447466613276014,"ENSG00000164649.20"
"ENSG00000164654.16",0.228291264923367,"ENSG00000164654.16"
"ENSG00000164659.15",0.40846504485024,"ENSG00000164659.15"
"ENSG00000164674.15",0.2847787470306,"ENSG00000164674.15"
"ENSG00000164684.13",0.616051598855865,"ENSG00000164684.13"
"ENSG00000164687.11",0.535199537315389,"ENSG00000164687.11"
"ENSG00000164691.18",0.576752320289775,"ENSG00000164691.18"
"ENSG00000164692.18",0.40222912764783,"ENSG00000164692.18"
"ENSG00000164694.17",0.750190090299808,"ENSG00000164694.17"
"ENSG00000164695.5",0.1211473128388,"ENSG00000164695.5"
"ENSG00000164708.6",0.623283223660032,"ENSG00000164708.6"
"ENSG00000164713.10",0.229733688411747,"ENSG00000164713.10"
"ENSG00000164715.6",0.26527631847581,"ENSG00000164715.6"
"ENSG00000164733.21",0.522781310370475,"ENSG00000164733.21"
"ENSG00000164741.15",0.321024228254192,"ENSG00000164741.15"
"ENSG00000164751.15",-0.299378450067316,"ENSG00000164751.15"
"ENSG00000164754.15",0.201766336896257,"ENSG00000164754.15"
"ENSG00000164756.12",0.666187651051198,"ENSG00000164756.12"
"ENSG00000164758.7",0.337624296296894,"ENSG00000164758.7"
"ENSG00000164761.9",0.101187166094267,"ENSG00000164761.9"
"ENSG00000164764.11",0.397030926958388,"ENSG00000164764.11"
"ENSG00000164776.9",0.842270688952105,"ENSG00000164776.9"
"ENSG00000164808.17",0.28512255493769,"ENSG00000164808.17"
"ENSG00000164815.11",0.218110531768423,"ENSG00000164815.11"
"ENSG00000164816.8",0.0413896243329309,"ENSG00000164816.8"
"ENSG00000164818.16",0.374481433338167,"ENSG00000164818.16"
"ENSG00000164821.5",-0.000297714775214873,"ENSG00000164821.5"
"ENSG00000164825.4",0.454568248268591,"ENSG00000164825.4"
"ENSG00000164828.18",0.354896669997165,"ENSG00000164828.18"
"ENSG00000164830.18",0.148294921834342,"ENSG00000164830.18"
"ENSG00000164855.16",0.00974722826103741,"ENSG00000164855.16"
"ENSG00000164867.11",0.296001054668808,"ENSG00000164867.11"
"ENSG00000164877.19",0.672359749853717,"ENSG00000164877.19"
"ENSG00000164879.7",0.448057841665314,"ENSG00000164879.7"
"ENSG00000164880.16",-0.179843759326343,"ENSG00000164880.16"
"ENSG00000164885.13",0.44369836610669,"ENSG00000164885.13"
"ENSG00000164889.14",0.111765152939572,"ENSG00000164889.14"
"ENSG00000164896.20",0.198036694144385,"ENSG00000164896.20"
"ENSG00000164897.14",0.301322740890733,"ENSG00000164897.14"
"ENSG00000164898.13",0.368360514510587,"ENSG00000164898.13"
"ENSG00000164902.14",0.280825969565053,"ENSG00000164902.14"
"ENSG00000164904.18",0.69953956183884,"ENSG00000164904.18"
"ENSG00000164916.11",0.270240436945003,"ENSG00000164916.11"
"ENSG00000164919.11",0.288464230974109,"ENSG00000164919.11"
"ENSG00000164924.18",0.347613873869972,"ENSG00000164924.18"
"ENSG00000164930.12",0.676579062206555,"ENSG00000164930.12"
"ENSG00000164932.13",0.843145376814242,"ENSG00000164932.13"
"ENSG00000164933.12",0.311906981177431,"ENSG00000164933.12"
"ENSG00000164934.14",0.307405721360721,"ENSG00000164934.14"
"ENSG00000164941.14",0.327867491549167,"ENSG00000164941.14"
"ENSG00000164944.12",0.241065348572457,"ENSG00000164944.12"
"ENSG00000164949.8",0.481099486912196,"ENSG00000164949.8"
"ENSG00000164951.16",0.190356703267598,"ENSG00000164951.16"
"ENSG00000164961.16",-0.0826289772334209,"ENSG00000164961.16"
"ENSG00000164967.10",-0.0295042487228033,"ENSG00000164967.10"
"ENSG00000164970.15",0.738614207481006,"ENSG00000164970.15"
"ENSG00000164975.15",-0.175805868236743,"ENSG00000164975.15"
"ENSG00000164976.9",0.140854171312541,"ENSG00000164976.9"
"ENSG00000164978.18",0.199596118634645,"ENSG00000164978.18"
"ENSG00000164983.7",0.20144624702323,"ENSG00000164983.7"
"ENSG00000164985.15",0.392841816133892,"ENSG00000164985.15"
"ENSG00000165006.14",0.369444111346332,"ENSG00000165006.14"
"ENSG00000165025.15",0.65056419174117,"ENSG00000165025.15"
"ENSG00000165029.16",0.275526746670941,"ENSG00000165029.16"
"ENSG00000165030.4",0.320884641788808,"ENSG00000165030.4"
"ENSG00000165055.16",0.319971243456594,"ENSG00000165055.16"
"ENSG00000165060.14",0.172532961400801,"ENSG00000165060.14"
"ENSG00000165072.10",0.399100601596809,"ENSG00000165072.10"
"ENSG00000165092.13",0.784584205904798,"ENSG00000165092.13"
"ENSG00000165097.16",-0.0318949081779382,"ENSG00000165097.16"
"ENSG00000165102.15",0.0280157541177134,"ENSG00000165102.15"
"ENSG00000165105.10",0.156772644601789,"ENSG00000165105.10"
"ENSG00000165113.13",0.641776363885712,"ENSG00000165113.13"
"ENSG00000165115.15",0.730141850759173,"ENSG00000165115.15"
"ENSG00000165118.15",0.59432576034336,"ENSG00000165118.15"
"ENSG00000165119.21",0.0765501510296707,"ENSG00000165119.21"
"ENSG00000165124.18",0.594747513820479,"ENSG00000165124.18"
"ENSG00000165138.18",0.232083891790498,"ENSG00000165138.18"
"ENSG00000165140.11",0.765078707946739,"ENSG00000165140.11"
"ENSG00000165156.15",0.267401476883829,"ENSG00000165156.15"
"ENSG00000165168.8",0.501004158316146,"ENSG00000165168.8"
"ENSG00000165169.11",-0.102139753763449,"ENSG00000165169.11"
"ENSG00000165175.15",0.309837344879603,"ENSG00000165175.15"
"ENSG00000165185.14",0.293548336847497,"ENSG00000165185.14"
"ENSG00000165194.15",0.580192424665549,"ENSG00000165194.15"
"ENSG00000165195.15",0.181849817306317,"ENSG00000165195.15"
"ENSG00000165209.19",0.803925874401425,"ENSG00000165209.19"
"ENSG00000165215.6",0.833044990617866,"ENSG00000165215.6"
"ENSG00000165219.22",0.659829884925833,"ENSG00000165219.22"
"ENSG00000165233.18",0.338271206771592,"ENSG00000165233.18"
"ENSG00000165238.16",0.636264409199568,"ENSG00000165238.16"
"ENSG00000165240.20",0.69802831613809,"ENSG00000165240.20"
"ENSG00000165259.14",-0.0315384615384615,"ENSG00000165259.14"
"ENSG00000165264.11",0.266323640705948,"ENSG00000165264.11"
"ENSG00000165271.17",0.281402325855661,"ENSG00000165271.17"
"ENSG00000165272.16",0.670256621136498,"ENSG00000165272.16"
"ENSG00000165280.16",0.34441102784893,"ENSG00000165280.16"
"ENSG00000165282.14",0.285935484059346,"ENSG00000165282.14"
"ENSG00000165283.16",0.735060032626999,"ENSG00000165283.16"
"ENSG00000165288.11",0.170012576400349,"ENSG00000165288.11"
"ENSG00000165304.8",0.0842163443644476,"ENSG00000165304.8"
"ENSG00000165312.6",0.10127434620948,"ENSG00000165312.6"
"ENSG00000165322.18",0.717607329654289,"ENSG00000165322.18"
"ENSG00000165355.7",0.298763994056294,"ENSG00000165355.7"
"ENSG00000165359.15",-0.0490315919277181,"ENSG00000165359.15"
"ENSG00000165392.11",0.24759242101842,"ENSG00000165392.11"
"ENSG00000165410.15",0.60914741298137,"ENSG00000165410.15"
"ENSG00000165416.14",0.107226161108304,"ENSG00000165416.14"
"ENSG00000165417.12",0.296626245758342,"ENSG00000165417.12"
"ENSG00000165424.7",0.538252021990987,"ENSG00000165424.7"
"ENSG00000165434.8",0.776790934102584,"ENSG00000165434.8"
"ENSG00000165443.12",0.899898803476495,"ENSG00000165443.12"
"ENSG00000165457.14",0.542072500833087,"ENSG00000165457.14"
"ENSG00000165458.14",0.289493739675999,"ENSG00000165458.14"
"ENSG00000165471.6",0.153405313711001,"ENSG00000165471.6"
"ENSG00000165475.15",0.755211332131034,"ENSG00000165475.15"
"ENSG00000165476.14",0.498303497141529,"ENSG00000165476.14"
"ENSG00000165480.16",0.573806493311642,"ENSG00000165480.16"
"ENSG00000165487.14",0.0965255551206047,"ENSG00000165487.14"
"ENSG00000165494.11",0.271746634811531,"ENSG00000165494.11"
"ENSG00000165496.5",NA,"ENSG00000165496.5"
"ENSG00000165501.17",0.20154711673699,"ENSG00000165501.17"
"ENSG00000165502.7",0.175126311365451,"ENSG00000165502.7"
"ENSG00000165506.14",0.542273787087689,"ENSG00000165506.14"
"ENSG00000165512.5",0.326424912173731,"ENSG00000165512.5"
"ENSG00000165516.11",-0.193244386815661,"ENSG00000165516.11"
"ENSG00000165525.18",0.411761676138695,"ENSG00000165525.18"
"ENSG00000165526.9",0.0915910938464325,"ENSG00000165526.9"
"ENSG00000165527.7",0.479953808539075,"ENSG00000165527.7"
"ENSG00000165533.18",0.143808118967807,"ENSG00000165533.18"
"ENSG00000165548.11",0.489537629178458,"ENSG00000165548.11"
"ENSG00000165572.8",0.64010961497429,"ENSG00000165572.8"
"ENSG00000165591.6",0.442486209666552,"ENSG00000165591.6"
"ENSG00000165609.13",0.225992320179025,"ENSG00000165609.13"
"ENSG00000165617.14",-0.425482625482626,"ENSG00000165617.14"
"ENSG00000165629.20",-0.17674958386667,"ENSG00000165629.20"
"ENSG00000165630.14",0.162417710862127,"ENSG00000165630.14"
"ENSG00000165632.8",0.206895537723157,"ENSG00000165632.8"
"ENSG00000165637.13",0.283030235990831,"ENSG00000165637.13"
"ENSG00000165644.11",0.476412633208966,"ENSG00000165644.11"
"ENSG00000165650.12",0.519619441010556,"ENSG00000165650.12"
"ENSG00000165655.17",0.534385542645599,"ENSG00000165655.17"
"ENSG00000165660.8",0.138454473643029,"ENSG00000165660.8"
"ENSG00000165661.17",0.241710331006268,"ENSG00000165661.17"
"ENSG00000165669.14",0.225847248658174,"ENSG00000165669.14"
"ENSG00000165671.20",-0.276642120212852,"ENSG00000165671.20"
"ENSG00000165672.7",0.333702270773145,"ENSG00000165672.7"
"ENSG00000165675.16",0.249005937047189,"ENSG00000165675.16"
"ENSG00000165678.21",0.579560439887617,"ENSG00000165678.21"
"ENSG00000165684.4",0.529318414537094,"ENSG00000165684.4"
"ENSG00000165688.12",0.537268448154246,"ENSG00000165688.12"
"ENSG00000165689.17",-0.217998649055026,"ENSG00000165689.17"
"ENSG00000165699.15",0.329597260472782,"ENSG00000165699.15"
"ENSG00000165704.15",0.246732815685171,"ENSG00000165704.15"
"ENSG00000165714.11",0.411292693925998,"ENSG00000165714.11"
"ENSG00000165731.20",0.404760578928842,"ENSG00000165731.20"
"ENSG00000165732.13",0.70372189366818,"ENSG00000165732.13"
"ENSG00000165733.8",0.398650710412157,"ENSG00000165733.8"
"ENSG00000165752.17",0.288243688042558,"ENSG00000165752.17"
"ENSG00000165757.9",0.652194277106756,"ENSG00000165757.9"
"ENSG00000165775.18",0.404440993536863,"ENSG00000165775.18"
"ENSG00000165782.10",0.262425001445465,"ENSG00000165782.10"
"ENSG00000165792.17",0.265289559859884,"ENSG00000165792.17"
"ENSG00000165795.23",0.656692449121301,"ENSG00000165795.23"
"ENSG00000165801.10",0.516930564340178,"ENSG00000165801.10"
"ENSG00000165804.16",0.364289223414517,"ENSG00000165804.16"
"ENSG00000165806.21",0.360866547220142,"ENSG00000165806.21"
"ENSG00000165810.17",-0.0366540854702525,"ENSG00000165810.17"
"ENSG00000165813.20",0.358286799704718,"ENSG00000165813.20"
"ENSG00000165816.13",0.415641234487914,"ENSG00000165816.13"
"ENSG00000165819.12",0.285268417824919,"ENSG00000165819.12"
"ENSG00000165821.12",0.7177968549709,"ENSG00000165821.12"
"ENSG00000165832.6",0.619591027939952,"ENSG00000165832.6"
"ENSG00000165861.14",0.540973415211728,"ENSG00000165861.14"
"ENSG00000165868.15",0.526989121984618,"ENSG00000165868.15"
"ENSG00000165886.5",0.122124695545754,"ENSG00000165886.5"
"ENSG00000165887.12",0.432657672629993,"ENSG00000165887.12"
"ENSG00000165891.16",-0.033818711190161,"ENSG00000165891.16"
"ENSG00000165895.19",0.762027919068944,"ENSG00000165895.19"
"ENSG00000165898.14",0.302924995858135,"ENSG00000165898.14"
"ENSG00000165912.16",0.73005343196605,"ENSG00000165912.16"
"ENSG00000165914.15",0.514842226241821,"ENSG00000165914.15"
"ENSG00000165916.8",0.112569877281391,"ENSG00000165916.8"
"ENSG00000165929.13",0.713697610303577,"ENSG00000165929.13"
"ENSG00000165934.13",0.106998355685813,"ENSG00000165934.13"
"ENSG00000165943.5",-0.174400649755457,"ENSG00000165943.5"
"ENSG00000165949.12",0.521282302363434,"ENSG00000165949.12"
"ENSG00000165959.12",0.677442371352924,"ENSG00000165959.12"
"ENSG00000165983.14",0.593807872457217,"ENSG00000165983.14"
"ENSG00000165995.21",0.756138904859236,"ENSG00000165995.21"
"ENSG00000165997.5",0.186345725797314,"ENSG00000165997.5"
"ENSG00000166002.7",0.0316988186518211,"ENSG00000166002.7"
"ENSG00000166004.15",0.42863638319268,"ENSG00000166004.15"
"ENSG00000166016.6",0.266917331556207,"ENSG00000166016.6"
"ENSG00000166024.13",-0.0274075370392713,"ENSG00000166024.13"
"ENSG00000166025.18",0.65373386868544,"ENSG00000166025.18"
"ENSG00000166033.13",0.247761496507369,"ENSG00000166033.13"
"ENSG00000166037.11",0.35992836179062,"ENSG00000166037.11"
"ENSG00000166046.11",0.37790502594273,"ENSG00000166046.11"
"ENSG00000166068.13",0.612535758240085,"ENSG00000166068.13"
"ENSG00000166086.13",0.516518827708447,"ENSG00000166086.13"
"ENSG00000166106.3",0.50711584730441,"ENSG00000166106.3"
"ENSG00000166123.14",0.534591197634988,"ENSG00000166123.14"
"ENSG00000166128.13",0.396707286814376,"ENSG00000166128.13"
"ENSG00000166130.15",0.788689739306646,"ENSG00000166130.15"
"ENSG00000166133.18",0.247151580613985,"ENSG00000166133.18"
"ENSG00000166135.14",0.489575016276974,"ENSG00000166135.14"
"ENSG00000166136.16",0.202863440649274,"ENSG00000166136.16"
"ENSG00000166140.17",0.406118700375249,"ENSG00000166140.17"
"ENSG00000166145.14",0.62749127055633,"ENSG00000166145.14"
"ENSG00000166147.14",0.153493886013773,"ENSG00000166147.14"
"ENSG00000166164.15",-0.0494986942255954,"ENSG00000166164.15"
"ENSG00000166165.13",0.783583517653476,"ENSG00000166165.13"
"ENSG00000166166.13",0.260670473303269,"ENSG00000166166.13"
"ENSG00000166167.18",0.183165794753724,"ENSG00000166167.18"
"ENSG00000166169.17",0.209032114074269,"ENSG00000166169.17"
"ENSG00000166170.9",0.404949679855216,"ENSG00000166170.9"
"ENSG00000166171.13",0.444683694430244,"ENSG00000166171.13"
"ENSG00000166173.11",0.601344667666354,"ENSG00000166173.11"
"ENSG00000166181.13",0.342922775715121,"ENSG00000166181.13"
"ENSG00000166188.2",0.395264914186319,"ENSG00000166188.2"
"ENSG00000166189.8",0.22490509773448,"ENSG00000166189.8"
"ENSG00000166192.15",0.215094542663358,"ENSG00000166192.15"
"ENSG00000166197.17",0.675664296729374,"ENSG00000166197.17"
"ENSG00000166199.13",0.3004640040271,"ENSG00000166199.13"
"ENSG00000166200.15",-0.330846652453518,"ENSG00000166200.15"
"ENSG00000166224.17",0.425994796947855,"ENSG00000166224.17"
"ENSG00000166225.8",0.363482022922501,"ENSG00000166225.8"
"ENSG00000166226.13",-0.0115611123100583,"ENSG00000166226.13"
"ENSG00000166228.9",0.518993576422844,"ENSG00000166228.9"
"ENSG00000166233.15",0.513390579671955,"ENSG00000166233.15"
"ENSG00000166246.14",0.332917166866747,"ENSG00000166246.14"
"ENSG00000166250.12",0.0161174897236059,"ENSG00000166250.12"
"ENSG00000166260.13",0.22330513839779,"ENSG00000166260.13"
"ENSG00000166263.13",0.653320617134338,"ENSG00000166263.13"
"ENSG00000166266.14",0.129629838386485,"ENSG00000166266.14"
"ENSG00000166272.18",-0.209205848454669,"ENSG00000166272.18"
"ENSG00000166278.15",0.24212954645613,"ENSG00000166278.15"
"ENSG00000166289.6",0.421665690062855,"ENSG00000166289.6"
"ENSG00000166295.9",0.114786352938472,"ENSG00000166295.9"
"ENSG00000166311.10",0.555176113257898,"ENSG00000166311.10"
"ENSG00000166313.19",0.656505449256672,"ENSG00000166313.19"
"ENSG00000166317.12",0.538960411693051,"ENSG00000166317.12"
"ENSG00000166326.7",0.182982557219075,"ENSG00000166326.7"
"ENSG00000166333.14",0.2469446900137,"ENSG00000166333.14"
"ENSG00000166337.10",-0.0169176080263013,"ENSG00000166337.10"
"ENSG00000166340.17",0.208810854918641,"ENSG00000166340.17"
"ENSG00000166341.8",0.269898744351656,"ENSG00000166341.8"
"ENSG00000166348.18",0.437272804922791,"ENSG00000166348.18"
"ENSG00000166377.20",0.000287407796279572,"ENSG00000166377.20"
"ENSG00000166387.13",0.41075215791953,"ENSG00000166387.13"
"ENSG00000166391.15",0.0248870822041554,"ENSG00000166391.15"
"ENSG00000166394.15",0.629857416396445,"ENSG00000166394.15"
"ENSG00000166396.13",0.264350940156818,"ENSG00000166396.13"
"ENSG00000166398.13",0.0550345845103528,"ENSG00000166398.13"
"ENSG00000166401.15",0.415632549859037,"ENSG00000166401.15"
"ENSG00000166402.9",0.612660793223501,"ENSG00000166402.9"
"ENSG00000166411.14",0.113791388347155,"ENSG00000166411.14"
"ENSG00000166426.8",0.710422316875171,"ENSG00000166426.8"
"ENSG00000166428.14",0.629433996597287,"ENSG00000166428.14"
"ENSG00000166439.6",-0.0250183507574189,"ENSG00000166439.6"
"ENSG00000166441.13",0.444124483707242,"ENSG00000166441.13"
"ENSG00000166444.19",0.430591686310979,"ENSG00000166444.19"
"ENSG00000166446.15",0.37850748608063,"ENSG00000166446.15"
"ENSG00000166451.13",0.28212514638563,"ENSG00000166451.13"
"ENSG00000166452.12",0.209546634514259,"ENSG00000166452.12"
"ENSG00000166454.10",-0.0684756729679249,"ENSG00000166454.10"
"ENSG00000166471.11",0.405164253110845,"ENSG00000166471.11"
"ENSG00000166477.13",0.0607477830687017,"ENSG00000166477.13"
"ENSG00000166478.10",0.08529277794163,"ENSG00000166478.10"
"ENSG00000166479.10",0.231845012671286,"ENSG00000166479.10"
"ENSG00000166482.12",0.547745737232544,"ENSG00000166482.12"
"ENSG00000166483.11",0.511198063731941,"ENSG00000166483.11"
"ENSG00000166484.20",0.356298317273605,"ENSG00000166484.20"
"ENSG00000166501.14",0.753604369804671,"ENSG00000166501.14"
"ENSG00000166503.9",0.55012388595857,"ENSG00000166503.9"
"ENSG00000166508.18",0.731492171531559,"ENSG00000166508.18"
"ENSG00000166509.12",0.528753862413437,"ENSG00000166509.12"
"ENSG00000166526.18",0.489964065192846,"ENSG00000166526.18"
"ENSG00000166529.15",0.569124938756764,"ENSG00000166529.15"
"ENSG00000166532.16",-0.0192258250760982,"ENSG00000166532.16"
"ENSG00000166535.20",0.872807561734986,"ENSG00000166535.20"
"ENSG00000166548.16",0.737762129932445,"ENSG00000166548.16"
"ENSG00000166557.14",0.519697584157699,"ENSG00000166557.14"
"ENSG00000166562.9",0.100748405134064,"ENSG00000166562.9"
"ENSG00000166575.17",0.222713463398695,"ENSG00000166575.17"
"ENSG00000166579.15",0.247058740377532,"ENSG00000166579.15"
"ENSG00000166582.10",0.656179490097396,"ENSG00000166582.10"
"ENSG00000166592.12",0.743756899213469,"ENSG00000166592.12"
"ENSG00000166595.12",-0.107791629090169,"ENSG00000166595.12"
"ENSG00000166598.15",0.30985960250653,"ENSG00000166598.15"
"ENSG00000166670.10",0.764991553229494,"ENSG00000166670.10"
"ENSG00000166685.12",0.207136694952402,"ENSG00000166685.12"
"ENSG00000166689.16",0.711250422579025,"ENSG00000166689.16"
"ENSG00000166704.11",0.37808834750111,"ENSG00000166704.11"
"ENSG00000166716.10",0.221567046693336,"ENSG00000166716.10"
"ENSG00000166734.20",0.390622786946306,"ENSG00000166734.20"
"ENSG00000166741.7",0.817885826294899,"ENSG00000166741.7"
"ENSG00000166743.9",0.233159577950694,"ENSG00000166743.9"
"ENSG00000166747.12",0.344689789002024,"ENSG00000166747.12"
"ENSG00000166750.10",0.691104732340463,"ENSG00000166750.10"
"ENSG00000166780.11",0.827978589772768,"ENSG00000166780.11"
"ENSG00000166783.22",0.0509252307925922,"ENSG00000166783.22"
"ENSG00000166788.10",0.219497750473339,"ENSG00000166788.10"
"ENSG00000166794.5",0.527667795942347,"ENSG00000166794.5"
"ENSG00000166796.12",0.170262722293636,"ENSG00000166796.12"
"ENSG00000166797.11",0.154100727550522,"ENSG00000166797.11"
"ENSG00000166801.15",0.294160098782074,"ENSG00000166801.15"
"ENSG00000166803.13",0.358501009466813,"ENSG00000166803.13"
"ENSG00000166813.15",0.65460126653814,"ENSG00000166813.15"
"ENSG00000166816.14",0.438431756291309,"ENSG00000166816.14"
"ENSG00000166819.12",0.543913830376216,"ENSG00000166819.12"
"ENSG00000166821.9",0.0483069876854651,"ENSG00000166821.9"
"ENSG00000166825.14",0.732980574503453,"ENSG00000166825.14"
"ENSG00000166831.9",0.459060578567896,"ENSG00000166831.9"
"ENSG00000166833.21",0.464169092073667,"ENSG00000166833.21"
"ENSG00000166839.17",-0.0527262067617745,"ENSG00000166839.17"
"ENSG00000166840.13",0.790801889359032,"ENSG00000166840.13"
"ENSG00000166847.10",0.145698127610303,"ENSG00000166847.10"
"ENSG00000166848.7",0.16618323871991,"ENSG00000166848.7"
"ENSG00000166851.15",0.57173745122191,"ENSG00000166851.15"
"ENSG00000166855.9",0.117348341784956,"ENSG00000166855.9"
"ENSG00000166860.3",0.821774193548387,"ENSG00000166860.3"
"ENSG00000166881.10",0.380789293379661,"ENSG00000166881.10"
"ENSG00000166886.13",0.473850684854563,"ENSG00000166886.13"
"ENSG00000166887.15",0.41075468101805,"ENSG00000166887.15"
"ENSG00000166888.12",0.479230669583712,"ENSG00000166888.12"
"ENSG00000166889.14",0.588219659059736,"ENSG00000166889.14"
"ENSG00000166896.9",0.361588635928464,"ENSG00000166896.9"
"ENSG00000166900.17",0.44689011654257,"ENSG00000166900.17"
"ENSG00000166902.5",0.328779015714094,"ENSG00000166902.5"
"ENSG00000166908.18",0.41803941529937,"ENSG00000166908.18"
"ENSG00000166912.17",0.256927458957555,"ENSG00000166912.17"
"ENSG00000166913.13",0.278934802345486,"ENSG00000166913.13"
"ENSG00000166920.12",0.889989378908567,"ENSG00000166920.12"
"ENSG00000166922.8",0.628643993814941,"ENSG00000166922.8"
"ENSG00000166923.12",0.883928568825424,"ENSG00000166923.12"
"ENSG00000166924.9",0.44206808837774,"ENSG00000166924.9"
"ENSG00000166925.9",0.502775312361896,"ENSG00000166925.9"
"ENSG00000166938.13",-0.0247610029797975,"ENSG00000166938.13"
"ENSG00000166946.14",0.427282025991939,"ENSG00000166946.14"
"ENSG00000166947.14",0.220167331518612,"ENSG00000166947.14"
"ENSG00000166949.16",0.59468067932161,"ENSG00000166949.16"
"ENSG00000166963.13",0.625497073192433,"ENSG00000166963.13"
"ENSG00000166965.12",0.0340111330294359,"ENSG00000166965.12"
"ENSG00000166971.17",0.310004620644663,"ENSG00000166971.17"
"ENSG00000166974.13",0.846467179701857,"ENSG00000166974.13"
"ENSG00000166986.15",0.338497479950732,"ENSG00000166986.15"
"ENSG00000166987.15",0.00187927744998761,"ENSG00000166987.15"
"ENSG00000166997.8",0.489390941761233,"ENSG00000166997.8"
"ENSG00000167004.13",0.464095967568527,"ENSG00000167004.13"
"ENSG00000167005.14",0.0924313982282531,"ENSG00000167005.14"
"ENSG00000167074.15",0.456956746720661,"ENSG00000167074.15"
"ENSG00000167080.9",-0.0034666333313262,"ENSG00000167080.9"
"ENSG00000167081.18",-0.431094749549481,"ENSG00000167081.18"
"ENSG00000167085.11",0.124269449503685,"ENSG00000167085.11"
"ENSG00000167088.11",0.124782618515885,"ENSG00000167088.11"
"ENSG00000167106.12",0.67499165600846,"ENSG00000167106.12"
"ENSG00000167107.12",0.571799538771079,"ENSG00000167107.12"
"ENSG00000167110.18",0.583006506670804,"ENSG00000167110.18"
"ENSG00000167112.10",-0.0988317950059158,"ENSG00000167112.10"
"ENSG00000167113.11",0.10062457749758,"ENSG00000167113.11"
"ENSG00000167114.13",0.574682799222369,"ENSG00000167114.13"
"ENSG00000167118.11",0.0072628879260589,"ENSG00000167118.11"
"ENSG00000167123.19",0.51751261163804,"ENSG00000167123.19"
"ENSG00000167130.18",0.392473036034666,"ENSG00000167130.18"
"ENSG00000167136.7",0.389855791625578,"ENSG00000167136.7"
"ENSG00000167157.11",0.565977892469876,"ENSG00000167157.11"
"ENSG00000167165.19",0.828268650627654,"ENSG00000167165.19"
"ENSG00000167173.19",0.272619027720074,"ENSG00000167173.19"
"ENSG00000167182.15",0.0372401803222718,"ENSG00000167182.15"
"ENSG00000167183.3",0.631667179282444,"ENSG00000167183.3"
"ENSG00000167186.11",0.0349219714224744,"ENSG00000167186.11"
"ENSG00000167191.12",0.829168187734881,"ENSG00000167191.12"
"ENSG00000167193.8",0.205412574412066,"ENSG00000167193.8"
"ENSG00000167196.14",0.252165541718432,"ENSG00000167196.14"
"ENSG00000167202.11",0.680535031517852,"ENSG00000167202.11"
"ENSG00000167207.13",0.395211000474158,"ENSG00000167207.13"
"ENSG00000167208.15",0.273458587084798,"ENSG00000167208.15"
"ENSG00000167216.17",-0.244601600308741,"ENSG00000167216.17"
"ENSG00000167220.12",0.529842465439742,"ENSG00000167220.12"
"ENSG00000167232.14",-0.211068211068211,"ENSG00000167232.14"
"ENSG00000167257.11",0.543790445209319,"ENSG00000167257.11"
"ENSG00000167258.15",0.664987802996323,"ENSG00000167258.15"
"ENSG00000167264.18",0.47558820803325,"ENSG00000167264.18"
"ENSG00000167272.11",0.197504707237853,"ENSG00000167272.11"
"ENSG00000167280.17",0.40705378058044,"ENSG00000167280.17"
"ENSG00000167283.8",-0.108712417905896,"ENSG00000167283.8"
"ENSG00000167286.9",0.366825352883177,"ENSG00000167286.9"
"ENSG00000167291.16",0.430683094628244,"ENSG00000167291.16"
"ENSG00000167302.10",0.313466295785502,"ENSG00000167302.10"
"ENSG00000167306.20",0.528797748459342,"ENSG00000167306.20"
"ENSG00000167315.18",0.807001315911146,"ENSG00000167315.18"
"ENSG00000167323.11",0.601169924704794,"ENSG00000167323.11"
"ENSG00000167325.15",0.422085847038173,"ENSG00000167325.15"
"ENSG00000167333.13",0.648466110716667,"ENSG00000167333.13"
"ENSG00000167363.14",0.49167155463539,"ENSG00000167363.14"
"ENSG00000167378.8",0.402067362463196,"ENSG00000167378.8"
"ENSG00000167380.16",0.24811734856182,"ENSG00000167380.16"
"ENSG00000167393.18",0.462659770361591,"ENSG00000167393.18"
"ENSG00000167394.13",0.202607879719832,"ENSG00000167394.13"
"ENSG00000167395.10",0.0423137565051857,"ENSG00000167395.10"
"ENSG00000167397.15",0.0494701540957673,"ENSG00000167397.15"
"ENSG00000167419.11",0.278057545980226,"ENSG00000167419.11"
"ENSG00000167434.10",0.456326408261861,"ENSG00000167434.10"
"ENSG00000167447.12",0.320199778388969,"ENSG00000167447.12"
"ENSG00000167460.17",0.328339836768404,"ENSG00000167460.17"
"ENSG00000167461.12",0.286112458652724,"ENSG00000167461.12"
"ENSG00000167468.17",0.491982063762211,"ENSG00000167468.17"
"ENSG00000167470.12",0.221450794563302,"ENSG00000167470.12"
"ENSG00000167476.10",0.312410880275099,"ENSG00000167476.10"
"ENSG00000167487.12",0.469306868320659,"ENSG00000167487.12"
"ENSG00000167491.17",0.105008156982997,"ENSG00000167491.17"
"ENSG00000167508.12",0.403822847582288,"ENSG00000167508.12"
"ENSG00000167513.9",0.286535377623052,"ENSG00000167513.9"
"ENSG00000167515.10",-0.0834913003820142,"ENSG00000167515.10"
"ENSG00000167522.16",0.216728888952457,"ENSG00000167522.16"
"ENSG00000167523.13",0.509941426895995,"ENSG00000167523.13"
"ENSG00000167526.13",0.227550583035387,"ENSG00000167526.13"
"ENSG00000167528.12",0.0275344779997522,"ENSG00000167528.12"
"ENSG00000167535.8",0.163929200001427,"ENSG00000167535.8"
"ENSG00000167536.14",0.419614736248142,"ENSG00000167536.14"
"ENSG00000167548.15",0.389853345488912,"ENSG00000167548.15"
"ENSG00000167553.16",0.459198721026281,"ENSG00000167553.16"
"ENSG00000167566.17",0.162937970121933,"ENSG00000167566.17"
"ENSG00000167588.13",0.725338988350894,"ENSG00000167588.13"
"ENSG00000167595.15",0.253317894701213,"ENSG00000167595.15"
"ENSG00000167600.14",0.871443826052546,"ENSG00000167600.14"
"ENSG00000167601.12",0.479394361106158,"ENSG00000167601.12"
"ENSG00000167608.11",0.70732204053339,"ENSG00000167608.11"
"ENSG00000167613.16",0.53138455456848,"ENSG00000167613.16"
"ENSG00000167615.16",0.153412317254706,"ENSG00000167615.16"
"ENSG00000167617.3",0.78129011360718,"ENSG00000167617.3"
"ENSG00000167625.11",0.293254105379573,"ENSG00000167625.11"
"ENSG00000167632.17",-0.0850710582908934,"ENSG00000167632.17"
"ENSG00000167635.11",0.380029740309122,"ENSG00000167635.11"
"ENSG00000167641.11",0.655454216740811,"ENSG00000167641.11"
"ENSG00000167642.13",0.686541420084505,"ENSG00000167642.13"
"ENSG00000167644.12",0.628801921812429,"ENSG00000167644.12"
"ENSG00000167645.17",0.191050572721786,"ENSG00000167645.17"
"ENSG00000167646.14",0.638428507624749,"ENSG00000167646.14"
"ENSG00000167653.5",0.597297631159093,"ENSG00000167653.5"
"ENSG00000167656.5",0.837914379300372,"ENSG00000167656.5"
"ENSG00000167657.14",0.0179133424629877,"ENSG00000167657.14"
"ENSG00000167658.16",0.0162590014575607,"ENSG00000167658.16"
"ENSG00000167670.16",0.564029117313794,"ENSG00000167670.16"
"ENSG00000167671.12",0.241670760920438,"ENSG00000167671.12"
"ENSG00000167674.15",0.431248203541769,"ENSG00000167674.15"
"ENSG00000167676.4",0.440789513077522,"ENSG00000167676.4"
"ENSG00000167680.16",0.187760744978601,"ENSG00000167680.16"
"ENSG00000167685.15",0.164010694936696,"ENSG00000167685.15"
"ENSG00000167693.17",0.715720719178967,"ENSG00000167693.17"
"ENSG00000167699.13",-0.150508424235377,"ENSG00000167699.13"
"ENSG00000167700.9",0.34537352148056,"ENSG00000167700.9"
"ENSG00000167701.14",0.408783069663194,"ENSG00000167701.14"
"ENSG00000167703.15",0.550136654069007,"ENSG00000167703.15"
"ENSG00000167705.12",0.335335634808569,"ENSG00000167705.12"
"ENSG00000167711.13",0.112698696806645,"ENSG00000167711.13"
"ENSG00000167716.18",0.75741605846531,"ENSG00000167716.18"
"ENSG00000167720.13",0.51102271739718,"ENSG00000167720.13"
"ENSG00000167721.11",0.299373779922195,"ENSG00000167721.11"
"ENSG00000167741.10",0.115281866510382,"ENSG00000167741.10"
"ENSG00000167754.13",0.719263265219584,"ENSG00000167754.13"
"ENSG00000167755.15",0.809631090687185,"ENSG00000167755.15"
"ENSG00000167757.14",0.577692558357251,"ENSG00000167757.14"
"ENSG00000167759.13",0.827643344688779,"ENSG00000167759.13"
"ENSG00000167767.14",0.667525126206922,"ENSG00000167767.14"
"ENSG00000167770.11",0.167778625106527,"ENSG00000167770.11"
"ENSG00000167771.6",0.57811977138836,"ENSG00000167771.6"
"ENSG00000167772.12",0.699061535616033,"ENSG00000167772.12"
"ENSG00000167775.11",0.600626944651085,"ENSG00000167775.11"
"ENSG00000167778.9",0.0881327238863985,"ENSG00000167778.9"
"ENSG00000167779.9",0.529521310190077,"ENSG00000167779.9"
"ENSG00000167792.13",-0.0891312713927872,"ENSG00000167792.13"
"ENSG00000167799.10",0.306462357577357,"ENSG00000167799.10"
"ENSG00000167815.12",0.480003475032161,"ENSG00000167815.12"
"ENSG00000167842.16",0.214283850265196,"ENSG00000167842.16"
"ENSG00000167851.15",0.40604903773036,"ENSG00000167851.15"
"ENSG00000167861.16",0.866158069926233,"ENSG00000167861.16"
"ENSG00000167862.10",0.484251419935082,"ENSG00000167862.10"
"ENSG00000167863.12",0.13603150123669,"ENSG00000167863.12"
"ENSG00000167880.8",0.581481594860596,"ENSG00000167880.8"
"ENSG00000167881.15",0.272171121602218,"ENSG00000167881.15"
"ENSG00000167900.12",0.659128147316383,"ENSG00000167900.12"
"ENSG00000167904.15",0.113545419269834,"ENSG00000167904.15"
"ENSG00000167914.12",0.49358517771909,"ENSG00000167914.12"
"ENSG00000167916.5",0.606047192729026,"ENSG00000167916.5"
"ENSG00000167925.16",0.563414227987264,"ENSG00000167925.16"
"ENSG00000167930.17",0.176985731442649,"ENSG00000167930.17"
"ENSG00000167962.14",0.276197263579658,"ENSG00000167962.14"
"ENSG00000167965.18",0.0139641075163143,"ENSG00000167965.18"
"ENSG00000167967.16",0.309632558985676,"ENSG00000167967.16"
"ENSG00000167969.13",0.281029336972145,"ENSG00000167969.13"
"ENSG00000167971.16",0.782627513669374,"ENSG00000167971.16"
"ENSG00000167972.14",0.622986923149981,"ENSG00000167972.14"
"ENSG00000167977.9",0.364856173883209,"ENSG00000167977.9"
"ENSG00000167978.17",0.357265553842975,"ENSG00000167978.17"
"ENSG00000167981.7",0.00122198093699149,"ENSG00000167981.7"
"ENSG00000167984.18",0.262848682796751,"ENSG00000167984.18"
"ENSG00000167985.7",0.218843940164857,"ENSG00000167985.7"
"ENSG00000167986.14",0.365161044909362,"ENSG00000167986.14"
"ENSG00000167987.11",0.225497327289272,"ENSG00000167987.11"
"ENSG00000167994.13",0.456690745623763,"ENSG00000167994.13"
"ENSG00000167996.16",0.349541989658411,"ENSG00000167996.16"
"ENSG00000168000.14",0.0282966978805264,"ENSG00000168000.14"
"ENSG00000168002.12",0.150074277794444,"ENSG00000168002.12"
"ENSG00000168003.16",0.690348882662266,"ENSG00000168003.16"
"ENSG00000168005.9",0.47417283709656,"ENSG00000168005.9"
"ENSG00000168010.11",-0.190968348212658,"ENSG00000168010.11"
"ENSG00000168014.16",-0.0989418053512462,"ENSG00000168014.16"
"ENSG00000168016.14",0.309739559127293,"ENSG00000168016.14"
"ENSG00000168028.14",0.285582560641307,"ENSG00000168028.14"
"ENSG00000168032.10",0.280464137368303,"ENSG00000168032.10"
"ENSG00000168036.18",0.304997762772933,"ENSG00000168036.18"
"ENSG00000168038.11",0.685018514934377,"ENSG00000168038.11"
"ENSG00000168040.5",0.448147481556274,"ENSG00000168040.5"
"ENSG00000168056.16",0.381095754098419,"ENSG00000168056.16"
"ENSG00000168061.17",0.443622991815094,"ENSG00000168061.17"
"ENSG00000168066.20",0.270395448321354,"ENSG00000168066.20"
"ENSG00000168067.12",0.289395159687059,"ENSG00000168067.12"
"ENSG00000168071.22",0.491328303991838,"ENSG00000168071.22"
"ENSG00000168077.14",0.820322197942868,"ENSG00000168077.14"
"ENSG00000168078.10",0.628388515720732,"ENSG00000168078.10"
"ENSG00000168090.10",-0.0783470138727374,"ENSG00000168090.10"
"ENSG00000168092.14",-0.00753163536593977,"ENSG00000168092.14"
"ENSG00000168096.15",0.371461187390181,"ENSG00000168096.15"
"ENSG00000168101.14",0.55313661503203,"ENSG00000168101.14"
"ENSG00000168118.12",0.192894739917429,"ENSG00000168118.12"
"ENSG00000168137.18",0.169227820173598,"ENSG00000168137.18"
"ENSG00000168140.5",0.615802516727401,"ENSG00000168140.5"
"ENSG00000168143.9",0.905039268956161,"ENSG00000168143.9"
"ENSG00000168152.13",0.12842623239264,"ENSG00000168152.13"
"ENSG00000168159.13",-0.0261687009419859,"ENSG00000168159.13"
"ENSG00000168172.9",0.750364180178412,"ENSG00000168172.9"
"ENSG00000168175.15",0.181144329159665,"ENSG00000168175.15"
"ENSG00000168209.5",0.480128579777908,"ENSG00000168209.5"
"ENSG00000168214.20",0.226044013790018,"ENSG00000168214.20"
"ENSG00000168216.13",0.0621246540209118,"ENSG00000168216.13"
"ENSG00000168228.15",0.465324180152624,"ENSG00000168228.15"
"ENSG00000168234.13",0.45085391623006,"ENSG00000168234.13"
"ENSG00000168237.18",0.497488284085417,"ENSG00000168237.18"
"ENSG00000168243.11",0.39907351935005,"ENSG00000168243.11"
"ENSG00000168246.6",0.258162373470737,"ENSG00000168246.6"
"ENSG00000168256.18",0.00434105670486112,"ENSG00000168256.18"
"ENSG00000168259.17",-0.00483647424033737,"ENSG00000168259.17"
"ENSG00000168264.10",0.329101960020604,"ENSG00000168264.10"
"ENSG00000168268.11",0.369891490166229,"ENSG00000168268.11"
"ENSG00000168275.16",0.258561117937307,"ENSG00000168275.16"
"ENSG00000168280.17",0.854472792449739,"ENSG00000168280.17"
"ENSG00000168282.6",0.287908562700413,"ENSG00000168282.6"
"ENSG00000168286.3",0.0891512235387235,"ENSG00000168286.3"
"ENSG00000168288.13",0.253497032883766,"ENSG00000168288.13"
"ENSG00000168291.13",0.372637848036462,"ENSG00000168291.13"
"ENSG00000168297.16",0.495139868958183,"ENSG00000168297.16"
"ENSG00000168298.7",-0.277339610801032,"ENSG00000168298.7"
"ENSG00000168300.14",0.498297932035159,"ENSG00000168300.14"
"ENSG00000168301.13",0.676412383369955,"ENSG00000168301.13"
"ENSG00000168303.9",-0.0253890780905775,"ENSG00000168303.9"
"ENSG00000168306.13",0.173806236111922,"ENSG00000168306.13"
"ENSG00000168310.11",0.167013729335754,"ENSG00000168310.11"
"ENSG00000168334.9",0.266049713709324,"ENSG00000168334.9"
"ENSG00000168350.8",0.575579275284365,"ENSG00000168350.8"
"ENSG00000168374.11",0.453350508722433,"ENSG00000168374.11"
"ENSG00000168385.18",0.345918762017296,"ENSG00000168385.18"
"ENSG00000168386.18",0.724047916608868,"ENSG00000168386.18"
"ENSG00000168393.13",0.485401600202037,"ENSG00000168393.13"
"ENSG00000168394.11",0.599430531579578,"ENSG00000168394.11"
"ENSG00000168395.16",0.29922082601153,"ENSG00000168395.16"
"ENSG00000168397.17",0.580408834550501,"ENSG00000168397.17"
"ENSG00000168404.13",0.69311859324238,"ENSG00000168404.13"
"ENSG00000168411.14",0.589087097880185,"ENSG00000168411.14"
"ENSG00000168421.13",0.556003230631168,"ENSG00000168421.13"
"ENSG00000168434.13",0.389031699589313,"ENSG00000168434.13"
"ENSG00000168438.15",0.210532592952686,"ENSG00000168438.15"
"ENSG00000168439.17",0.386566578545612,"ENSG00000168439.17"
"ENSG00000168453.15",-0.0440900562851782,"ENSG00000168453.15"
"ENSG00000168461.13",0.734417202648656,"ENSG00000168461.13"
"ENSG00000168476.12",0.628234614506441,"ENSG00000168476.12"
"ENSG00000168477.19",0.511205569794802,"ENSG00000168477.19"
"ENSG00000168487.19",0.5853951956856,"ENSG00000168487.19"
"ENSG00000168488.18",0.351604787625575,"ENSG00000168488.18"
"ENSG00000168495.13",-0.167261038229194,"ENSG00000168495.13"
"ENSG00000168496.4",0.755866461253942,"ENSG00000168496.4"
"ENSG00000168497.5",0.744677693354904,"ENSG00000168497.5"
"ENSG00000168502.17",0.50093069155722,"ENSG00000168502.17"
"ENSG00000168517.10",0.466784673189397,"ENSG00000168517.10"
"ENSG00000168522.13",0.122433788333416,"ENSG00000168522.13"
"ENSG00000168530.16",0.287769344243368,"ENSG00000168530.16"
"ENSG00000168538.16",0.340169350119782,"ENSG00000168538.16"
"ENSG00000168542.16",0.564997160150696,"ENSG00000168542.16"
"ENSG00000168546.11",0.73435266911365,"ENSG00000168546.11"
"ENSG00000168556.7",0.326952513991768,"ENSG00000168556.7"
"ENSG00000168564.6",0.129198113569376,"ENSG00000168564.6"
"ENSG00000168566.13",0.120445103537614,"ENSG00000168566.13"
"ENSG00000168569.8",0.295385981930341,"ENSG00000168569.8"
"ENSG00000168575.10",0.720326202130951,"ENSG00000168575.10"
"ENSG00000168591.16",0.074708820714882,"ENSG00000168591.16"
"ENSG00000168610.14",0.482370037860061,"ENSG00000168610.14"
"ENSG00000168612.4",0.049126027615931,"ENSG00000168612.4"
"ENSG00000168615.12",0.603744090966234,"ENSG00000168615.12"
"ENSG00000168653.11",-0.0855906334377917,"ENSG00000168653.11"
"ENSG00000168658.19",0.318656154077388,"ENSG00000168658.19"
"ENSG00000168672.4",0.715690821214159,"ENSG00000168672.4"
"ENSG00000168685.15",0.419206178517606,"ENSG00000168685.15"
"ENSG00000168702.18",0.864238556314712,"ENSG00000168702.18"
"ENSG00000168710.18",0.563464041761642,"ENSG00000168710.18"
"ENSG00000168724.17",0.535284151789803,"ENSG00000168724.17"
"ENSG00000168734.14",0.330293755195766,"ENSG00000168734.14"
"ENSG00000168743.12",0.438690624435178,"ENSG00000168743.12"
"ENSG00000168758.11",0.436131471616692,"ENSG00000168758.11"
"ENSG00000168763.16",0.232386404929541,"ENSG00000168763.16"
"ENSG00000168765.17",0.277640072271954,"ENSG00000168765.17"
"ENSG00000168781.22",0.383330580750195,"ENSG00000168781.22"
"ENSG00000168792.5",0.359998157447542,"ENSG00000168792.5"
"ENSG00000168795.5",0.154225641903821,"ENSG00000168795.5"
"ENSG00000168802.14",0.166502265628535,"ENSG00000168802.14"
"ENSG00000168803.15",0.440421423689198,"ENSG00000168803.15"
"ENSG00000168806.8",0.172410300407358,"ENSG00000168806.8"
"ENSG00000168807.16",0.241174602152302,"ENSG00000168807.16"
"ENSG00000168813.17",0.269151918277365,"ENSG00000168813.17"
"ENSG00000168818.10",0.28773414973419,"ENSG00000168818.10"
"ENSG00000168827.15",0.398639715917892,"ENSG00000168827.15"
"ENSG00000168872.17",0.415176702809872,"ENSG00000168872.17"
"ENSG00000168876.9",0.23894509392144,"ENSG00000168876.9"
"ENSG00000168883.20",0.498946769558234,"ENSG00000168883.20"
"ENSG00000168884.15",0.119719112932445,"ENSG00000168884.15"
"ENSG00000168887.11",0.00941790963411861,"ENSG00000168887.11"
"ENSG00000168894.10",0.173519369184961,"ENSG00000168894.10"
"ENSG00000168899.5",0.400806883458537,"ENSG00000168899.5"
"ENSG00000168906.13",0.162749793015755,"ENSG00000168906.13"
"ENSG00000168907.13",-0.138627266917709,"ENSG00000168907.13"
"ENSG00000168916.15",0.736524637202367,"ENSG00000168916.15"
"ENSG00000168918.14",0.506762733219264,"ENSG00000168918.14"
"ENSG00000168924.15",0.281649904617842,"ENSG00000168924.15"
"ENSG00000168936.11",0.486968078878559,"ENSG00000168936.11"
"ENSG00000168938.6",0.527675727380192,"ENSG00000168938.6"
"ENSG00000168944.16",0.377807793007641,"ENSG00000168944.16"
"ENSG00000168952.15",0.638821144866296,"ENSG00000168952.15"
"ENSG00000168958.20",0.0529146739576178,"ENSG00000168958.20"
"ENSG00000168961.17",0.546337499356827,"ENSG00000168961.17"
"ENSG00000168993.15",0.377020753559086,"ENSG00000168993.15"
"ENSG00000168994.14",0.311361135741944,"ENSG00000168994.14"
"ENSG00000168995.13",0.410804794103384,"ENSG00000168995.13"
"ENSG00000169016.17",0.198518428196233,"ENSG00000169016.17"
"ENSG00000169018.6",0.248662959547023,"ENSG00000169018.6"
"ENSG00000169019.11",0.129648132739565,"ENSG00000169019.11"
"ENSG00000169020.10",0.490265030719936,"ENSG00000169020.10"
"ENSG00000169021.6",0.504917648562465,"ENSG00000169021.6"
"ENSG00000169026.12",0.644257703081233,"ENSG00000169026.12"
"ENSG00000169031.20",0.312787063748758,"ENSG00000169031.20"
"ENSG00000169032.10",0.364826012151527,"ENSG00000169032.10"
"ENSG00000169035.12",0.82683596215243,"ENSG00000169035.12"
"ENSG00000169045.17",0.39000383577104,"ENSG00000169045.17"
"ENSG00000169047.5",0.531237261953257,"ENSG00000169047.5"
"ENSG00000169057.23",0.0430399641064848,"ENSG00000169057.23"
"ENSG00000169062.15",0.144424877596898,"ENSG00000169062.15"
"ENSG00000169067.4",0.104463828753374,"ENSG00000169067.4"
"ENSG00000169071.15",0.596583946249585,"ENSG00000169071.15"
"ENSG00000169083.17",0.648175134461251,"ENSG00000169083.17"
"ENSG00000169084.15",0.335862419496335,"ENSG00000169084.15"
"ENSG00000169087.11",0.390771137758365,"ENSG00000169087.11"
"ENSG00000169093.16",0.468526432817,"ENSG00000169093.16"
"ENSG00000169100.14",0.394582950174984,"ENSG00000169100.14"
"ENSG00000169105.8",0.453507022862285,"ENSG00000169105.8"
"ENSG00000169116.11",0.414950335364942,"ENSG00000169116.11"
"ENSG00000169118.18",0.278893908385468,"ENSG00000169118.18"
"ENSG00000169122.11",0.807834543023684,"ENSG00000169122.11"
"ENSG00000169129.15",0.764705070789396,"ENSG00000169129.15"
"ENSG00000169131.13",0.190909090909091,"ENSG00000169131.13"
"ENSG00000169139.12",-0.00391413418965184,"ENSG00000169139.12"
"ENSG00000169155.10",0.059603241359991,"ENSG00000169155.10"
"ENSG00000169174.11",0.516325663255203,"ENSG00000169174.11"
"ENSG00000169180.11",0.239368073729916,"ENSG00000169180.11"
"ENSG00000169188.5",0.439944632926979,"ENSG00000169188.5"
"ENSG00000169189.17",-0.183547919186347,"ENSG00000169189.17"
"ENSG00000169193.12",0.362923991580945,"ENSG00000169193.12"
"ENSG00000169213.7",0.731093614783042,"ENSG00000169213.7"
"ENSG00000169217.9",0.143785874773696,"ENSG00000169217.9"
"ENSG00000169220.18",0.204495478189742,"ENSG00000169220.18"
"ENSG00000169221.14",0.305685715329197,"ENSG00000169221.14"
"ENSG00000169223.15",0.319723649653115,"ENSG00000169223.15"
"ENSG00000169228.14",0.197378291505997,"ENSG00000169228.14"
"ENSG00000169230.10",-0.145214107135722,"ENSG00000169230.10"
"ENSG00000169231.13",0.527135775421186,"ENSG00000169231.13"
"ENSG00000169239.13",0.358918262058478,"ENSG00000169239.13"
"ENSG00000169242.12",0.501096201070139,"ENSG00000169242.12"
"ENSG00000169245.6",0.630711541949887,"ENSG00000169245.6"
"ENSG00000169248.13",0.923076923076923,"ENSG00000169248.13"
"ENSG00000169249.12",0.35009742073913,"ENSG00000169249.12"
"ENSG00000169251.12",0.2398373693891,"ENSG00000169251.12"
"ENSG00000169255.15",0.658952308378107,"ENSG00000169255.15"
"ENSG00000169258.7",0.348020903978455,"ENSG00000169258.7"
"ENSG00000169282.17",0.144211507094582,"ENSG00000169282.17"
"ENSG00000169288.18",0.451453861771444,"ENSG00000169288.18"
"ENSG00000169291.10",0.688033915779532,"ENSG00000169291.10"
"ENSG00000169299.14",-0.0370435618605467,"ENSG00000169299.14"
"ENSG00000169347.17",0.692612819869468,"ENSG00000169347.17"
"ENSG00000169359.16",0.403227632771279,"ENSG00000169359.16"
"ENSG00000169371.14",0.381959572520328,"ENSG00000169371.14"
"ENSG00000169372.13",0.44934533066773,"ENSG00000169372.13"
"ENSG00000169375.16",0.500634155858645,"ENSG00000169375.16"
"ENSG00000169379.16",0.270463070701822,"ENSG00000169379.16"
"ENSG00000169385.3",-0.12486031735271,"ENSG00000169385.3"
"ENSG00000169397.3",-0.00304027126319957,"ENSG00000169397.3"
"ENSG00000169398.19",0.534847260089608,"ENSG00000169398.19"
"ENSG00000169403.12",0.377418942777913,"ENSG00000169403.12"
"ENSG00000169410.10",0.483299789600665,"ENSG00000169410.10"
"ENSG00000169413.3",0.409344995156041,"ENSG00000169413.3"
"ENSG00000169418.10",0.669229425048581,"ENSG00000169418.10"
"ENSG00000169432.18",0.50447897225395,"ENSG00000169432.18"
"ENSG00000169435.14",0.713446709715598,"ENSG00000169435.14"
"ENSG00000169436.17",-0.0796361709286532,"ENSG00000169436.17"
"ENSG00000169439.12",0.429244343842574,"ENSG00000169439.12"
"ENSG00000169446.5",-0.0377838554876203,"ENSG00000169446.5"
"ENSG00000169469.9",0.891552743845805,"ENSG00000169469.9"
"ENSG00000169474.4",0.878771016160042,"ENSG00000169474.4"
"ENSG00000169490.17",0.0531066401450185,"ENSG00000169490.17"
"ENSG00000169499.15",0.677330513549041,"ENSG00000169499.15"
"ENSG00000169504.15",0.300677559537957,"ENSG00000169504.15"
"ENSG00000169515.8",0.573726224672802,"ENSG00000169515.8"
"ENSG00000169519.21",0.154772674823765,"ENSG00000169519.21"
"ENSG00000169550.14",0.255051939981183,"ENSG00000169550.14"
"ENSG00000169554.21",0.702027429401326,"ENSG00000169554.21"
"ENSG00000169562.12",0.375276700764525,"ENSG00000169562.12"
"ENSG00000169564.7",0.69679970341925,"ENSG00000169564.7"
"ENSG00000169567.12",-0.0788109752648983,"ENSG00000169567.12"
"ENSG00000169570.10",0.355945558976556,"ENSG00000169570.10"
"ENSG00000169583.13",0.671941186945974,"ENSG00000169583.13"
"ENSG00000169592.15",-0.0751171803584562,"ENSG00000169592.15"
"ENSG00000169598.16",0.128878865411251,"ENSG00000169598.16"
"ENSG00000169599.13",0.458442147376064,"ENSG00000169599.13"
"ENSG00000169604.19",0.564068076642822,"ENSG00000169604.19"
"ENSG00000169607.13",0.682042130105161,"ENSG00000169607.13"
"ENSG00000169609.14",0.173726138755113,"ENSG00000169609.14"
"ENSG00000169612.4",-0.0628806316033442,"ENSG00000169612.4"
"ENSG00000169621.10",0.299731877245063,"ENSG00000169621.10"
"ENSG00000169641.13",0.404672338287994,"ENSG00000169641.13"
"ENSG00000169660.16",0.316838205217164,"ENSG00000169660.16"
"ENSG00000169679.15",0.362427908438298,"ENSG00000169679.15"
"ENSG00000169682.18",0.205403568949119,"ENSG00000169682.18"
"ENSG00000169683.8",0.463066500435838,"ENSG00000169683.8"
"ENSG00000169689.15",0.383000433639606,"ENSG00000169689.15"
"ENSG00000169692.13",0.61134026030905,"ENSG00000169692.13"
"ENSG00000169696.16",0.540429168958111,"ENSG00000169696.16"
"ENSG00000169704.4",-0.014940577506235,"ENSG00000169704.4"
"ENSG00000169714.17",-0.0426163090243337,"ENSG00000169714.17"
"ENSG00000169715.15",0.395916457106958,"ENSG00000169715.15"
"ENSG00000169718.18",0.393612380759362,"ENSG00000169718.18"
"ENSG00000169727.12",0.273031423142848,"ENSG00000169727.12"
"ENSG00000169733.12",0.0223149271347169,"ENSG00000169733.12"
"ENSG00000169738.8",0.347626992245242,"ENSG00000169738.8"
"ENSG00000169740.14",0.0848269960161227,"ENSG00000169740.14"
"ENSG00000169744.13",0.21941329883066,"ENSG00000169744.13"
"ENSG00000169750.9",0.585503634119205,"ENSG00000169750.9"
"ENSG00000169756.16",0.160771759874795,"ENSG00000169756.16"
"ENSG00000169762.17",0.519555789501919,"ENSG00000169762.17"
"ENSG00000169764.15",0.234578696932196,"ENSG00000169764.15"
"ENSG00000169783.12",0.554804111852156,"ENSG00000169783.12"
"ENSG00000169813.16",0.498246786270778,"ENSG00000169813.16"
"ENSG00000169814.16",0.562196618336859,"ENSG00000169814.16"
"ENSG00000169826.8",0.352039275667528,"ENSG00000169826.8"
"ENSG00000169851.15",0.549262421850068,"ENSG00000169851.15"
"ENSG00000169855.20",0.6926224295522,"ENSG00000169855.20"
"ENSG00000169857.8",0.399292379066555,"ENSG00000169857.8"
"ENSG00000169862.19",0.675139346851264,"ENSG00000169862.19"
"ENSG00000169871.13",0.054666016926208,"ENSG00000169871.13"
"ENSG00000169877.10",0.257188697034269,"ENSG00000169877.10"
"ENSG00000169891.18",0.548267167514856,"ENSG00000169891.18"
"ENSG00000169895.6",0.497608538058635,"ENSG00000169895.6"
"ENSG00000169896.18",0.452002035462726,"ENSG00000169896.18"
"ENSG00000169900.8",0.702770379316712,"ENSG00000169900.8"
"ENSG00000169902.15",0.65793603692516,"ENSG00000169902.15"
"ENSG00000169905.12",0.0452195486866936,"ENSG00000169905.12"
"ENSG00000169906.5",0.406171618820336,"ENSG00000169906.5"
"ENSG00000169914.6",0.266029949540958,"ENSG00000169914.6"
"ENSG00000169919.17",0.0475048024156938,"ENSG00000169919.17"
"ENSG00000169925.17",0.515558612031161,"ENSG00000169925.17"
"ENSG00000169926.11",0.0461254717407104,"ENSG00000169926.11"
"ENSG00000169957.10",0.420643689269496,"ENSG00000169957.10"
"ENSG00000169967.16",0.426264768611694,"ENSG00000169967.16"
"ENSG00000169972.12",0.108400669251768,"ENSG00000169972.12"
"ENSG00000169976.7",-0.208514921220276,"ENSG00000169976.7"
"ENSG00000169981.11",-0.595416348357525,"ENSG00000169981.11"
"ENSG00000169991.11",0.761547255999924,"ENSG00000169991.11"
"ENSG00000170004.17",0.605934803442622,"ENSG00000170004.17"
"ENSG00000170006.12",0.808535763643253,"ENSG00000170006.12"
"ENSG00000170011.14",0.602373971462981,"ENSG00000170011.14"
"ENSG00000170017.12",0.701339532260528,"ENSG00000170017.12"
"ENSG00000170027.7",0.465796914377018,"ENSG00000170027.7"
"ENSG00000170035.16",0.611652130139993,"ENSG00000170035.16"
"ENSG00000170037.14",0.152856533650991,"ENSG00000170037.14"
"ENSG00000170043.12",-0.0147637618923774,"ENSG00000170043.12"
"ENSG00000170085.18",0.270842107990416,"ENSG00000170085.18"
"ENSG00000170088.14",0.278297751058193,"ENSG00000170088.14"
"ENSG00000170091.11",0.658124586248982,"ENSG00000170091.11"
"ENSG00000170099.6",0.101539115550177,"ENSG00000170099.6"
"ENSG00000170144.20",0.34872416720548,"ENSG00000170144.20"
"ENSG00000170145.5",0.462508311965759,"ENSG00000170145.5"
"ENSG00000170180.22",-0.00274084468233437,"ENSG00000170180.22"
"ENSG00000170185.10",0.125449408437824,"ENSG00000170185.10"
"ENSG00000170191.5",0.0834173722237335,"ENSG00000170191.5"
"ENSG00000170222.12",0.153413664635463,"ENSG00000170222.12"
"ENSG00000170231.16",0.70329255131892,"ENSG00000170231.16"
"ENSG00000170234.13",0.0291354546829905,"ENSG00000170234.13"
"ENSG00000170242.19",0.527373847143125,"ENSG00000170242.19"
"ENSG00000170248.15",0.375511223420883,"ENSG00000170248.15"
"ENSG00000170260.9",0.164055568901211,"ENSG00000170260.9"
"ENSG00000170264.13",0.329599922233189,"ENSG00000170264.13"
"ENSG00000170265.12",0.452124346321026,"ENSG00000170265.12"
"ENSG00000170266.16",0.41718567942841,"ENSG00000170266.16"
"ENSG00000170270.5",0.206019684720308,"ENSG00000170270.5"
"ENSG00000170275.15",-0.0808754583474127,"ENSG00000170275.15"
"ENSG00000170289.12",-0.600596796921477,"ENSG00000170289.12"
"ENSG00000170291.15",0.394116320724533,"ENSG00000170291.15"
"ENSG00000170296.10",-0.2716137496279,"ENSG00000170296.10"
"ENSG00000170310.15",0.246313659128395,"ENSG00000170310.15"
"ENSG00000170312.16",0.685923271455726,"ENSG00000170312.16"
"ENSG00000170322.14",0.293079198299657,"ENSG00000170322.14"
"ENSG00000170323.9",0.691762788735483,"ENSG00000170323.9"
"ENSG00000170325.14",0.211695842379253,"ENSG00000170325.14"
"ENSG00000170345.10",0.290349794738822,"ENSG00000170345.10"
"ENSG00000170348.9",0.323479282593388,"ENSG00000170348.9"
"ENSG00000170364.12",0.589826723970798,"ENSG00000170364.12"
"ENSG00000170365.10",0.578478746255524,"ENSG00000170365.10"
"ENSG00000170367.5",0.382008712934242,"ENSG00000170367.5"
"ENSG00000170369.4",0.640703052728955,"ENSG00000170369.4"
"ENSG00000170373.8",0.186361603033211,"ENSG00000170373.8"
"ENSG00000170379.20",0.386234754894801,"ENSG00000170379.20"
"ENSG00000170385.10",0.0671915105306624,"ENSG00000170385.10"
"ENSG00000170390.16",0.68770290054972,"ENSG00000170390.16"
"ENSG00000170412.18",0.662020811494499,"ENSG00000170412.18"
"ENSG00000170419.10",0.630977742439317,"ENSG00000170419.10"
"ENSG00000170421.12",0.866857425559203,"ENSG00000170421.12"
"ENSG00000170423.13",0.533067564572052,"ENSG00000170423.13"
"ENSG00000170430.10",0.576623218204779,"ENSG00000170430.10"
"ENSG00000170439.7",0.878511098469545,"ENSG00000170439.7"
"ENSG00000170448.12",0.519300021555625,"ENSG00000170448.12"
"ENSG00000170454.6",0.455749041777293,"ENSG00000170454.6"
"ENSG00000170456.16",0.608427990110185,"ENSG00000170456.16"
"ENSG00000170458.14",0.505660723670697,"ENSG00000170458.14"
"ENSG00000170468.8",0.406206501248912,"ENSG00000170468.8"
"ENSG00000170471.15",0.160135285637629,"ENSG00000170471.15"
"ENSG00000170473.17",0.408468150851037,"ENSG00000170473.17"
"ENSG00000170476.16",0.843515714269009,"ENSG00000170476.16"
"ENSG00000170477.13",0.787648123558736,"ENSG00000170477.13"
"ENSG00000170484.10",0.112451616768277,"ENSG00000170484.10"
"ENSG00000170500.13",0.659450330232949,"ENSG00000170500.13"
"ENSG00000170502.13",0.382667378274502,"ENSG00000170502.13"
"ENSG00000170515.14",0.132059813655416,"ENSG00000170515.14"
"ENSG00000170525.21",0.270661192553403,"ENSG00000170525.21"
"ENSG00000170540.15",-0.0071946117325349,"ENSG00000170540.15"
"ENSG00000170542.6",0.553706594477055,"ENSG00000170542.6"
"ENSG00000170558.9",0.851305897996885,"ENSG00000170558.9"
"ENSG00000170561.13",0.688550915279473,"ENSG00000170561.13"
"ENSG00000170571.12",0.509844228954665,"ENSG00000170571.12"
"ENSG00000170579.17",0.714791508150226,"ENSG00000170579.17"
"ENSG00000170581.14",0.496418845399811,"ENSG00000170581.14"
"ENSG00000170584.11",0.164325307156283,"ENSG00000170584.11"
"ENSG00000170604.5",0.42941461798692,"ENSG00000170604.5"
"ENSG00000170606.15",0.213012868063015,"ENSG00000170606.15"
"ENSG00000170619.10",0.256356377533497,"ENSG00000170619.10"
"ENSG00000170624.13",0.515159261621966,"ENSG00000170624.13"
"ENSG00000170627.11",0.514442128203048,"ENSG00000170627.11"
"ENSG00000170631.15",0.32815406499617,"ENSG00000170631.15"
"ENSG00000170632.14",0.446725514576098,"ENSG00000170632.14"
"ENSG00000170633.16",0.121301517369414,"ENSG00000170633.16"
"ENSG00000170634.13",0.449943704696069,"ENSG00000170634.13"
"ENSG00000170638.9",0.305460413418769,"ENSG00000170638.9"
"ENSG00000170653.19",0.316235860449033,"ENSG00000170653.19"
"ENSG00000170677.6",0.131764214595546,"ENSG00000170677.6"
"ENSG00000170681.7",0.769773234307209,"ENSG00000170681.7"
"ENSG00000170684.9",0.031055900621118,"ENSG00000170684.9"
"ENSG00000170734.12",0.00169546185553952,"ENSG00000170734.12"
"ENSG00000170759.11",0.323087767916368,"ENSG00000170759.11"
"ENSG00000170776.22",0.609150936756445,"ENSG00000170776.22"
"ENSG00000170779.11",0.609907120743034,"ENSG00000170779.11"
"ENSG00000170786.12",0.819417200885759,"ENSG00000170786.12"
"ENSG00000170791.18",0.0968860019430567,"ENSG00000170791.18"
"ENSG00000170801.10",0.616238710611786,"ENSG00000170801.10"
"ENSG00000170832.13",0.49083719169474,"ENSG00000170832.13"
"ENSG00000170835.16",0.494258970284234,"ENSG00000170835.16"
"ENSG00000170836.12",0.0379872345786579,"ENSG00000170836.12"
"ENSG00000170846.17",0.353956923406974,"ENSG00000170846.17"
"ENSG00000170852.11",0.23816937835699,"ENSG00000170852.11"
"ENSG00000170854.18",0.54939378785977,"ENSG00000170854.18"
"ENSG00000170855.4",0.00434168216931077,"ENSG00000170855.4"
"ENSG00000170860.4",0.318097375563996,"ENSG00000170860.4"
"ENSG00000170871.12",0.32836709787692,"ENSG00000170871.12"
"ENSG00000170873.18",0.782008819720614,"ENSG00000170873.18"
"ENSG00000170876.8",0.219523777795519,"ENSG00000170876.8"
"ENSG00000170881.5",0.128922473069935,"ENSG00000170881.5"
"ENSG00000170889.14",0.163305500647722,"ENSG00000170889.14"
"ENSG00000170890.14",0.29969108725471,"ENSG00000170890.14"
"ENSG00000170891.11",-0.168607114698382,"ENSG00000170891.11"
"ENSG00000170892.12",0.258252158863141,"ENSG00000170892.12"
"ENSG00000170893.4",0.289223654135856,"ENSG00000170893.4"
"ENSG00000170899.11",0.51062467610347,"ENSG00000170899.11"
"ENSG00000170903.11",0.58211710759362,"ENSG00000170903.11"
"ENSG00000170906.16",0.144699866864421,"ENSG00000170906.16"
"ENSG00000170909.13",0.463573672921717,"ENSG00000170909.13"
"ENSG00000170917.14",0.575216406282011,"ENSG00000170917.14"
"ENSG00000170921.15",0.673783084316664,"ENSG00000170921.15"
"ENSG00000170946.15",0.0672466937214456,"ENSG00000170946.15"
"ENSG00000170950.6",0.120107635644536,"ENSG00000170950.6"
"ENSG00000170955.10",0.376632793696584,"ENSG00000170955.10"
"ENSG00000170962.13",0.614979069678646,"ENSG00000170962.13"
"ENSG00000171004.18",0.530112795914661,"ENSG00000171004.18"
"ENSG00000171016.12",0.59527277240099,"ENSG00000171016.12"
"ENSG00000171017.11",0.434970554854677,"ENSG00000171017.11"
"ENSG00000171033.13",0.735821363186003,"ENSG00000171033.13"
"ENSG00000171045.16",0.236815584808172,"ENSG00000171045.16"
"ENSG00000171055.15",0.160884303268284,"ENSG00000171055.15"
"ENSG00000171100.15",0.240102389667605,"ENSG00000171100.15"
"ENSG00000171102.14",0.367102103297674,"ENSG00000171102.14"
"ENSG00000171103.11",0.301765655796714,"ENSG00000171103.11"
"ENSG00000171105.14",0.653241481257147,"ENSG00000171105.14"
"ENSG00000171109.19",0.226344116751139,"ENSG00000171109.19"
"ENSG00000171115.4",0.792407193299085,"ENSG00000171115.4"
"ENSG00000171124.13",0.46348998634256,"ENSG00000171124.13"
"ENSG00000171132.14",0.601680525775628,"ENSG00000171132.14"
"ENSG00000171135.15",0.0629855044237911,"ENSG00000171135.15"
"ENSG00000171148.13",0.281332532796702,"ENSG00000171148.13"
"ENSG00000171155.8",0.374566644141422,"ENSG00000171155.8"
"ENSG00000171159.5",0.274401871370179,"ENSG00000171159.5"
"ENSG00000171161.13",0.181057078417232,"ENSG00000171161.13"
"ENSG00000171163.16",0.37280013327856,"ENSG00000171163.16"
"ENSG00000171169.9",0.069935652500523,"ENSG00000171169.9"
"ENSG00000171174.15",0.692707516905318,"ENSG00000171174.15"
"ENSG00000171202.7",0.333678609555231,"ENSG00000171202.7"
"ENSG00000171204.13",0.17146781761727,"ENSG00000171204.13"
"ENSG00000171206.14",0.272257278901435,"ENSG00000171206.14"
"ENSG00000171209.3",0.0310305153992504,"ENSG00000171209.3"
"ENSG00000171222.10",0.31636437893685,"ENSG00000171222.10"
"ENSG00000171223.6",0.266918593081328,"ENSG00000171223.6"
"ENSG00000171224.9",0.224384947316053,"ENSG00000171224.9"
"ENSG00000171236.10",0.152105104208581,"ENSG00000171236.10"
"ENSG00000171241.9",0.518065162042768,"ENSG00000171241.9"
"ENSG00000171243.8",0.524596871028667,"ENSG00000171243.8"
"ENSG00000171262.11",0.542107798312575,"ENSG00000171262.11"
"ENSG00000171295.13",0.316815196425568,"ENSG00000171295.13"
"ENSG00000171298.13",0.479103502141182,"ENSG00000171298.13"
"ENSG00000171302.17",0.691894105343848,"ENSG00000171302.17"
"ENSG00000171310.11",0.302846972729432,"ENSG00000171310.11"
"ENSG00000171311.13",0.384617887535009,"ENSG00000171311.13"
"ENSG00000171314.9",-0.0190239768605798,"ENSG00000171314.9"
"ENSG00000171316.12",0.429696533014146,"ENSG00000171316.12"
"ENSG00000171320.15",0.517624737359974,"ENSG00000171320.15"
"ENSG00000171345.13",0.854875389031925,"ENSG00000171345.13"
"ENSG00000171346.16",0.872908916924483,"ENSG00000171346.16"
"ENSG00000171365.17",0.715117073388907,"ENSG00000171365.17"
"ENSG00000171368.12",0.731577829706085,"ENSG00000171368.12"
"ENSG00000171401.15",0.853912688845838,"ENSG00000171401.15"
"ENSG00000171425.10",0.242214263567825,"ENSG00000171425.10"
"ENSG00000171428.14",0.47204414575013,"ENSG00000171428.14"
"ENSG00000171431.4",0.744665605703078,"ENSG00000171431.4"
"ENSG00000171433.12",0.353264440814057,"ENSG00000171433.12"
"ENSG00000171435.14",0.1198730095633,"ENSG00000171435.14"
"ENSG00000171443.7",-0.00128411913335549,"ENSG00000171443.7"
"ENSG00000171444.18",0.636732138502939,"ENSG00000171444.18"
"ENSG00000171446.7",0.270814102771743,"ENSG00000171446.7"
"ENSG00000171453.20",0.281478189332023,"ENSG00000171453.20"
"ENSG00000171456.20",0.0551995116928119,"ENSG00000171456.20"
"ENSG00000171466.10",-0.144346382713248,"ENSG00000171466.10"
"ENSG00000171467.16",0.309049897261438,"ENSG00000171467.16"
"ENSG00000171469.11",-0.224322526576675,"ENSG00000171469.11"
"ENSG00000171475.14",0.344806393114069,"ENSG00000171475.14"
"ENSG00000171476.22",0.742763029924852,"ENSG00000171476.22"
"ENSG00000171488.15",0.453532447611891,"ENSG00000171488.15"
"ENSG00000171490.13",0.414405848566125,"ENSG00000171490.13"
"ENSG00000171492.14",0.657539342630852,"ENSG00000171492.14"
"ENSG00000171497.5",0.389527192446593,"ENSG00000171497.5"
"ENSG00000171503.12",0.532670173478128,"ENSG00000171503.12"
"ENSG00000171530.14",-0.112921619399948,"ENSG00000171530.14"
"ENSG00000171533.11",0.543744147492966,"ENSG00000171533.11"
"ENSG00000171552.13",0.276871113096364,"ENSG00000171552.13"
"ENSG00000171560.16",0.234387583156787,"ENSG00000171560.16"
"ENSG00000171564.11",-0.014079943829132,"ENSG00000171564.11"
"ENSG00000171566.12",-0.208374495462285,"ENSG00000171566.12"
"ENSG00000171574.18",-0.0909141428174493,"ENSG00000171574.18"
"ENSG00000171587.15",0.11138919894029,"ENSG00000171587.15"
"ENSG00000171603.18",0.441001565065642,"ENSG00000171603.18"
"ENSG00000171604.12",0.624778993844263,"ENSG00000171604.12"
"ENSG00000171606.18",0.198849091849802,"ENSG00000171606.18"
"ENSG00000171608.16",0.637462761608813,"ENSG00000171608.16"
"ENSG00000171612.7",0.39274953527504,"ENSG00000171612.7"
"ENSG00000171617.14",0.603717138927324,"ENSG00000171617.14"
"ENSG00000171634.18",0.342005274396247,"ENSG00000171634.18"
"ENSG00000171680.22",0.323965987849322,"ENSG00000171680.22"
"ENSG00000171681.12",0.149711994231853,"ENSG00000171681.12"
"ENSG00000171700.14",0.414323483129102,"ENSG00000171700.14"
"ENSG00000171703.17",0.669279392541478,"ENSG00000171703.17"
"ENSG00000171714.12",-0.236169891192783,"ENSG00000171714.12"
"ENSG00000171720.10",-0.0520725974911795,"ENSG00000171720.10"
"ENSG00000171723.15",0.721206504848384,"ENSG00000171723.15"
"ENSG00000171724.3",0.658154389035985,"ENSG00000171724.3"
"ENSG00000171729.14",0.4165484134662,"ENSG00000171729.14"
"ENSG00000171763.20",-0.0625464744893491,"ENSG00000171763.20"
"ENSG00000171766.16",0.736307311703971,"ENSG00000171766.16"
"ENSG00000171777.16",0.317773925862639,"ENSG00000171777.16"
"ENSG00000171791.13",0.648592034072877,"ENSG00000171791.13"
"ENSG00000171793.16",0.633311945038858,"ENSG00000171793.16"
"ENSG00000171806.12",0.123228623034194,"ENSG00000171806.12"
"ENSG00000171811.14",-0.054311373270188,"ENSG00000171811.14"
"ENSG00000171812.13",-0.0211009344526883,"ENSG00000171812.13"
"ENSG00000171813.14",0.319511399160997,"ENSG00000171813.14"
"ENSG00000171823.7",-0.463804660430625,"ENSG00000171823.7"
"ENSG00000171824.14",0.0417904936567039,"ENSG00000171824.14"
"ENSG00000171840.12",0.233568981939764,"ENSG00000171840.12"
"ENSG00000171843.16",0.445939998002188,"ENSG00000171843.16"
"ENSG00000171848.15",0.745245941767434,"ENSG00000171848.15"
"ENSG00000171853.16",0.10401275227927,"ENSG00000171853.16"
"ENSG00000171858.18",0.284996958841233,"ENSG00000171858.18"
"ENSG00000171860.5",0.0612070746559743,"ENSG00000171860.5"
"ENSG00000171861.11",0.399350487619268,"ENSG00000171861.11"
"ENSG00000171862.11",0.47481898538939,"ENSG00000171862.11"
"ENSG00000171863.15",0.0705929709837115,"ENSG00000171863.15"
"ENSG00000171867.17",0.617165974714584,"ENSG00000171867.17"
"ENSG00000171903.16",0.572440481303283,"ENSG00000171903.16"
"ENSG00000171914.16",0.448137262362466,"ENSG00000171914.16"
"ENSG00000171940.13",0.568548492901121,"ENSG00000171940.13"
"ENSG00000171951.5",0.779714242243081,"ENSG00000171951.5"
"ENSG00000171953.16",0.418241135572062,"ENSG00000171953.16"
"ENSG00000171954.13",0.672545615326043,"ENSG00000171954.13"
"ENSG00000171960.11",0.422404390499487,"ENSG00000171960.11"
"ENSG00000171988.19",0.264015626096341,"ENSG00000171988.19"
"ENSG00000171989.6",0.765684091558223,"ENSG00000171989.6"
"ENSG00000171992.13",0.620085591106879,"ENSG00000171992.13"
"ENSG00000172007.7",0.25505314123124,"ENSG00000172007.7"
"ENSG00000172009.15",0.615973492225923,"ENSG00000172009.15"
"ENSG00000172014.12",0.0713024095907381,"ENSG00000172014.12"
"ENSG00000172016.16",0.748433014782956,"ENSG00000172016.16"
"ENSG00000172020.13",0.84796148026491,"ENSG00000172020.13"
"ENSG00000172031.7",0.445947204434853,"ENSG00000172031.7"
"ENSG00000172037.14",0.386862484968129,"ENSG00000172037.14"
"ENSG00000172046.19",0.499118446556908,"ENSG00000172046.19"
"ENSG00000172053.18",0.400183267913672,"ENSG00000172053.18"
"ENSG00000172057.10",0.396813442369016,"ENSG00000172057.10"
"ENSG00000172061.9",0.832519054358581,"ENSG00000172061.9"
"ENSG00000172071.14",0.358256851808892,"ENSG00000172071.14"
"ENSG00000172081.14",0.403226435487948,"ENSG00000172081.14"
"ENSG00000172086.9",-0.117294310111186,"ENSG00000172086.9"
"ENSG00000172113.9",0.070659927949077,"ENSG00000172113.9"
"ENSG00000172137.19",0.859251733381555,"ENSG00000172137.19"
"ENSG00000172159.16",0.798413601216954,"ENSG00000172159.16"
"ENSG00000172164.15",0.492988922782867,"ENSG00000172164.15"
"ENSG00000172167.8",0.519041795675525,"ENSG00000172167.8"
"ENSG00000172171.11",0.199790548573425,"ENSG00000172171.11"
"ENSG00000172172.8",0.324146552207642,"ENSG00000172172.8"
"ENSG00000172175.15",0.0945981032078412,"ENSG00000172175.15"
"ENSG00000172183.15",0.645806590594739,"ENSG00000172183.15"
"ENSG00000172197.11",0.399361010314112,"ENSG00000172197.11"
"ENSG00000172201.12",0.705124268186084,"ENSG00000172201.12"
"ENSG00000172216.6",0.470843422506276,"ENSG00000172216.6"
"ENSG00000172232.10",0.13071572277563,"ENSG00000172232.10"
"ENSG00000172236.17",0.490160126254812,"ENSG00000172236.17"
"ENSG00000172239.14",0.432105735353158,"ENSG00000172239.14"
"ENSG00000172243.18",0.141938775510204,"ENSG00000172243.18"
"ENSG00000172260.15",0.341243249453607,"ENSG00000172260.15"
"ENSG00000172262.11",0.348327403741041,"ENSG00000172262.11"
"ENSG00000172264.17",0.431264551212635,"ENSG00000172264.17"
"ENSG00000172269.19",0.361169039018895,"ENSG00000172269.19"
"ENSG00000172270.20",0.0429639146256569,"ENSG00000172270.20"
"ENSG00000172273.13",0.0119299305345817,"ENSG00000172273.13"
"ENSG00000172292.14",0.50495853942629,"ENSG00000172292.14"
"ENSG00000172296.13",0.632605720371963,"ENSG00000172296.13"
"ENSG00000172301.11",0.411854973910089,"ENSG00000172301.11"
"ENSG00000172315.6",0.0253880477247883,"ENSG00000172315.6"
"ENSG00000172331.12",0.1885832145586,"ENSG00000172331.12"
"ENSG00000172336.5",0.302900922371427,"ENSG00000172336.5"
"ENSG00000172339.10",0.217646151054786,"ENSG00000172339.10"
"ENSG00000172340.14",0.594854525700698,"ENSG00000172340.14"
"ENSG00000172345.14",0.693533628516626,"ENSG00000172345.14"
"ENSG00000172346.15",0.354372803904936,"ENSG00000172346.15"
"ENSG00000172349.17",0.535478461318047,"ENSG00000172349.17"
"ENSG00000172354.10",0.301251079368479,"ENSG00000172354.10"
"ENSG00000172366.20",0.631298303173008,"ENSG00000172366.20"
"ENSG00000172375.13",0.292035093265907,"ENSG00000172375.13"
"ENSG00000172379.21",0.786464976919153,"ENSG00000172379.21"
"ENSG00000172380.6",0.351551630638963,"ENSG00000172380.6"
"ENSG00000172399.6",0.730021827224441,"ENSG00000172399.6"
"ENSG00000172403.11",0.677750853804032,"ENSG00000172403.11"
"ENSG00000172409.6",-0.106655330676925,"ENSG00000172409.6"
"ENSG00000172425.11",-0.21053684349416,"ENSG00000172425.11"
"ENSG00000172428.11",0.287560782103323,"ENSG00000172428.11"
"ENSG00000172432.19",0.152466899480855,"ENSG00000172432.19"
"ENSG00000172456.18",0.44538682638578,"ENSG00000172456.18"
"ENSG00000172465.14",0.441858559676926,"ENSG00000172465.14"
"ENSG00000172466.16",0.423203842333599,"ENSG00000172466.16"
"ENSG00000172469.16",0.389945334042677,"ENSG00000172469.16"
"ENSG00000172478.18",0.406518257646545,"ENSG00000172478.18"
"ENSG00000172482.5",0.482538361721974,"ENSG00000172482.5"
"ENSG00000172493.21",0.493514426857743,"ENSG00000172493.21"
"ENSG00000172497.9",0.225869886973336,"ENSG00000172497.9"
"ENSG00000172500.13",0.300715504348147,"ENSG00000172500.13"
"ENSG00000172508.10",0.614525825052141,"ENSG00000172508.10"
"ENSG00000172530.20",-0.254700093521548,"ENSG00000172530.20"
"ENSG00000172531.15",0.387813285014477,"ENSG00000172531.15"
"ENSG00000172534.14",0.450351856717197,"ENSG00000172534.14"
"ENSG00000172543.8",0.614375735456601,"ENSG00000172543.8"
"ENSG00000172551.11",0.575019446892757,"ENSG00000172551.11"
"ENSG00000172572.6",0.612854718825553,"ENSG00000172572.6"
"ENSG00000172575.12",0.143973664615094,"ENSG00000172575.12"
"ENSG00000172578.12",0.614713957341798,"ENSG00000172578.12"
"ENSG00000172586.8",0.35037003098103,"ENSG00000172586.8"
"ENSG00000172590.18",0.143923755901222,"ENSG00000172590.18"
"ENSG00000172594.13",0.730197513051977,"ENSG00000172594.13"
"ENSG00000172613.8",0.367446340773557,"ENSG00000172613.8"
"ENSG00000172638.13",0.18650262825617,"ENSG00000172638.13"
"ENSG00000172661.18",0.28277632654057,"ENSG00000172661.18"
"ENSG00000172663.9",0.226020565879765,"ENSG00000172663.9"
"ENSG00000172667.11",0.414308526761978,"ENSG00000172667.11"
"ENSG00000172673.10",0.217215056730724,"ENSG00000172673.10"
"ENSG00000172687.13",0.350012004801921,"ENSG00000172687.13"
"ENSG00000172716.16",0.71650496341807,"ENSG00000172716.16"
"ENSG00000172724.12",0.288843766487335,"ENSG00000172724.12"
"ENSG00000172725.14",0.56473528970623,"ENSG00000172725.14"
"ENSG00000172731.14",0.389374707814961,"ENSG00000172731.14"
"ENSG00000172732.12",-0.134576345661507,"ENSG00000172732.12"
"ENSG00000172752.14",0.613892099258388,"ENSG00000172752.14"
"ENSG00000172757.13",0.365704364192695,"ENSG00000172757.13"
"ENSG00000172765.17",0.315597444299546,"ENSG00000172765.17"
"ENSG00000172766.19",0.385725089239935,"ENSG00000172766.19"
"ENSG00000172775.17",0.00918704109618615,"ENSG00000172775.17"
"ENSG00000172780.17",0.261586969595492,"ENSG00000172780.17"
"ENSG00000172782.12",0.436029320325096,"ENSG00000172782.12"
"ENSG00000172785.18",0.285434778705907,"ENSG00000172785.18"
"ENSG00000172794.20",0.248799342406166,"ENSG00000172794.20"
"ENSG00000172795.16",0.306118544801549,"ENSG00000172795.16"
"ENSG00000172803.18",0.538292651103373,"ENSG00000172803.18"
"ENSG00000172809.13",0.283228980628963,"ENSG00000172809.13"
"ENSG00000172817.4",0.653072370940981,"ENSG00000172817.4"
"ENSG00000172819.17",0.629530476665907,"ENSG00000172819.17"
"ENSG00000172828.13",0.716746402781615,"ENSG00000172828.13"
"ENSG00000172830.13",0.600206382166538,"ENSG00000172830.13"
"ENSG00000172831.14",0.832490302811549,"ENSG00000172831.14"
"ENSG00000172840.7",0.0539143538136359,"ENSG00000172840.7"
"ENSG00000172845.16",0.139424964111387,"ENSG00000172845.16"
"ENSG00000172869.14",0.832633541712559,"ENSG00000172869.14"
"ENSG00000172878.14",0.51729701172073,"ENSG00000172878.14"
"ENSG00000172889.16",-0.0251692133195125,"ENSG00000172889.16"
"ENSG00000172890.13",0.257823053568089,"ENSG00000172890.13"
"ENSG00000172893.16",0.714512091632,"ENSG00000172893.16"
"ENSG00000172915.18",0.616883315103222,"ENSG00000172915.18"
"ENSG00000172922.11",-0.0351193127206728,"ENSG00000172922.11"
"ENSG00000172932.16",0.360273516300965,"ENSG00000172932.16"
"ENSG00000172935.9",0.384997237671178,"ENSG00000172935.9"
"ENSG00000172936.15",0.208507901803274,"ENSG00000172936.15"
"ENSG00000172939.9",0.0389664603648622,"ENSG00000172939.9"
"ENSG00000172943.20",0.542163728647515,"ENSG00000172943.20"
"ENSG00000172954.13",0.243644712911321,"ENSG00000172954.13"
"ENSG00000172977.13",0.0973555478657462,"ENSG00000172977.13"
"ENSG00000172985.11",0.512120044391481,"ENSG00000172985.11"
"ENSG00000172986.13",0.0519430059228096,"ENSG00000172986.13"
"ENSG00000172992.12",0.60222059303798,"ENSG00000172992.12"
"ENSG00000173011.12",-0.0426829849038997,"ENSG00000173011.12"
"ENSG00000173020.11",0.324041040546656,"ENSG00000173020.11"
"ENSG00000173039.19",0.245079572890012,"ENSG00000173039.19"
"ENSG00000173064.13",0.139946512791258,"ENSG00000173064.13"
"ENSG00000173065.13",0.224371128808268,"ENSG00000173065.13"
"ENSG00000173083.15",0.541790407215235,"ENSG00000173083.15"
"ENSG00000173110.8",0.210161893536159,"ENSG00000173110.8"
"ENSG00000173113.7",0.00513945543081883,"ENSG00000173113.7"
"ENSG00000173120.15",0.518768423812639,"ENSG00000173120.15"
"ENSG00000173124.14",-0.0411644472444509,"ENSG00000173124.14"
"ENSG00000173137.12",-0.0191709235161087,"ENSG00000173137.12"
"ENSG00000173141.5",0.117298129350776,"ENSG00000173141.5"
"ENSG00000173145.11",0.529553953611733,"ENSG00000173145.11"
"ENSG00000173153.16",0.338627155845276,"ENSG00000173153.16"
"ENSG00000173156.7",0.748210881252226,"ENSG00000173156.7"
"ENSG00000173163.10",0.178737041640219,"ENSG00000173163.10"
"ENSG00000173166.18",0.717400427210625,"ENSG00000173166.18"
"ENSG00000173171.14",0.0263363338733129,"ENSG00000173171.14"
"ENSG00000173175.14",0.383273000304084,"ENSG00000173175.14"
"ENSG00000173193.15",0.535133352706493,"ENSG00000173193.15"
"ENSG00000173207.13",0.45609162735143,"ENSG00000173207.13"
"ENSG00000173210.19",0.529400321857674,"ENSG00000173210.19"
"ENSG00000173213.9",-0.353873972079743,"ENSG00000173213.9"
"ENSG00000173214.7",0.546229854447951,"ENSG00000173214.7"
"ENSG00000173218.15",0.71197352260202,"ENSG00000173218.15"
"ENSG00000173221.14",0.354455039483385,"ENSG00000173221.14"
"ENSG00000173226.17",0.260830828955823,"ENSG00000173226.17"
"ENSG00000173230.15",0.536387690754807,"ENSG00000173230.15"
"ENSG00000173267.14",0.587763069910637,"ENSG00000173267.14"
"ENSG00000173269.14",0.485475052941898,"ENSG00000173269.14"
"ENSG00000173272.16",0.256938069835843,"ENSG00000173272.16"
"ENSG00000173273.16",0.2973538410304,"ENSG00000173273.16"
"ENSG00000173276.14",0.277312202365603,"ENSG00000173276.14"
"ENSG00000173281.5",0.221090385943652,"ENSG00000173281.5"
"ENSG00000173327.8",0.219564472573477,"ENSG00000173327.8"
"ENSG00000173334.4",0.261538461538461,"ENSG00000173334.4"
"ENSG00000173349.6",0.0537174759324963,"ENSG00000173349.6"
"ENSG00000173369.16",0.355708726357636,"ENSG00000173369.16"
"ENSG00000173372.17",0.435011156719754,"ENSG00000173372.17"
"ENSG00000173376.14",0.770104343207816,"ENSG00000173376.14"
"ENSG00000173391.9",0.0891935719735658,"ENSG00000173391.9"
"ENSG00000173402.12",0.250569520042562,"ENSG00000173402.12"
"ENSG00000173404.5",0.14744136973349,"ENSG00000173404.5"
"ENSG00000173406.15",0.69331687533063,"ENSG00000173406.15"
"ENSG00000173409.14",0.0236497525914335,"ENSG00000173409.14"
"ENSG00000173418.12",0.265558111577253,"ENSG00000173418.12"
"ENSG00000173432.12",0.176370594223798,"ENSG00000173432.12"
"ENSG00000173436.15",-0.0204779284816079,"ENSG00000173436.15"
"ENSG00000173442.13",0.62988433730029,"ENSG00000173442.13"
"ENSG00000173457.11",0.116761962557884,"ENSG00000173457.11"
"ENSG00000173465.8",0.141079168774495,"ENSG00000173465.8"
"ENSG00000173467.9",0.839592061993766,"ENSG00000173467.9"
"ENSG00000173473.11",0.721660137432414,"ENSG00000173473.11"
"ENSG00000173480.11",0.239242729361015,"ENSG00000173480.11"
"ENSG00000173482.16",0.636252036603164,"ENSG00000173482.16"
"ENSG00000173511.9",0.190033547717212,"ENSG00000173511.9"
"ENSG00000173517.10",0.486594012932362,"ENSG00000173517.10"
"ENSG00000173531.15",-0.0789829425658804,"ENSG00000173531.15"
"ENSG00000173535.15",0.651458572995839,"ENSG00000173535.15"
"ENSG00000173540.13",0.512205441577793,"ENSG00000173540.13"
"ENSG00000173545.5",0.228947944164753,"ENSG00000173545.5"
"ENSG00000173546.7",0.611052143974907,"ENSG00000173546.7"
"ENSG00000173548.9",0.647853867442533,"ENSG00000173548.9"
"ENSG00000173559.14",0.212805226787094,"ENSG00000173559.14"
"ENSG00000173575.22",0.254290096791786,"ENSG00000173575.22"
"ENSG00000173581.8",0.238843126525645,"ENSG00000173581.8"
"ENSG00000173597.9",0.112592488560114,"ENSG00000173597.9"
"ENSG00000173598.14",0.434248123974076,"ENSG00000173598.14"
"ENSG00000173599.15",0.734143108597978,"ENSG00000173599.15"
"ENSG00000173611.18",0.237896527633126,"ENSG00000173611.18"
"ENSG00000173614.14",0.182096170310038,"ENSG00000173614.14"
"ENSG00000173621.9",0.178583062132078,"ENSG00000173621.9"
"ENSG00000173638.19",0.355310164862686,"ENSG00000173638.19"
"ENSG00000173641.17",0.39481838645907,"ENSG00000173641.17"
"ENSG00000173653.8",0.180604296154467,"ENSG00000173653.8"
"ENSG00000173660.12",0.222136142728318,"ENSG00000173660.12"
"ENSG00000173674.11",0.439425467703811,"ENSG00000173674.11"
"ENSG00000173681.16",0.137336900816053,"ENSG00000173681.16"
"ENSG00000173692.13",0.0569586506688338,"ENSG00000173692.13"
"ENSG00000173702.7",0.84978236922988,"ENSG00000173702.7"
"ENSG00000173705.9",0.398603137189573,"ENSG00000173705.9"
"ENSG00000173706.14",0.247879679857446,"ENSG00000173706.14"
"ENSG00000173726.11",0.0177150595031958,"ENSG00000173726.11"
"ENSG00000173744.17",0.555864676825606,"ENSG00000173744.17"
"ENSG00000173757.10",0.650889360760503,"ENSG00000173757.10"
"ENSG00000173762.8",0.613952112423863,"ENSG00000173762.8"
"ENSG00000173786.17",0.607403455361661,"ENSG00000173786.17"
"ENSG00000173801.17",0.727787728788136,"ENSG00000173801.17"
"ENSG00000173809.18",0.246212324811352,"ENSG00000173809.18"
"ENSG00000173812.11",0.239240207777854,"ENSG00000173812.11"
"ENSG00000173818.17",0.182386596698894,"ENSG00000173818.17"
"ENSG00000173821.19",0.707124386435837,"ENSG00000173821.19"
"ENSG00000173848.19",0.0536097231271715,"ENSG00000173848.19"
"ENSG00000173852.14",0.679659026159804,"ENSG00000173852.14"
"ENSG00000173889.16",0.341391444134501,"ENSG00000173889.16"
"ENSG00000173894.11",0.677362541221921,"ENSG00000173894.11"
"ENSG00000173898.13",0.617940001405549,"ENSG00000173898.13"
"ENSG00000173905.9",0.706797472249387,"ENSG00000173905.9"
"ENSG00000173914.12",0.348394897747887,"ENSG00000173914.12"
"ENSG00000173915.16",0.0211525699115431,"ENSG00000173915.16"
"ENSG00000173928.4",0.276915933779153,"ENSG00000173928.4"
"ENSG00000173930.9",0.834809887660649,"ENSG00000173930.9"
"ENSG00000173933.21",0.50640994421765,"ENSG00000173933.21"
"ENSG00000173950.16",0.747050973030363,"ENSG00000173950.16"
"ENSG00000173960.14",0.0225613373540483,"ENSG00000173960.14"
"ENSG00000173991.6",0.696670080092191,"ENSG00000173991.6"
"ENSG00000173992.9",0.378434340421422,"ENSG00000173992.9"
"ENSG00000174010.9",0.393305641611601,"ENSG00000174010.9"
"ENSG00000174013.8",0.477721321417525,"ENSG00000174013.8"
"ENSG00000174021.11",0.158897218036124,"ENSG00000174021.11"
"ENSG00000174032.17",0.481579286496097,"ENSG00000174032.17"
"ENSG00000174059.17",0.490002340004889,"ENSG00000174059.17"
"ENSG00000174080.11",0.65490311671463,"ENSG00000174080.11"
"ENSG00000174099.12",0.567484667844767,"ENSG00000174099.12"
"ENSG00000174106.3",0.377924293617733,"ENSG00000174106.3"
"ENSG00000174109.5",0.0290927485383164,"ENSG00000174109.5"
"ENSG00000174125.8",0.0378527864778906,"ENSG00000174125.8"
"ENSG00000174132.9",0.500768945917027,"ENSG00000174132.9"
"ENSG00000174136.13",0.697644062823924,"ENSG00000174136.13"
"ENSG00000174156.15",0.535157150428054,"ENSG00000174156.15"
"ENSG00000174165.8",0.0719493138236164,"ENSG00000174165.8"
"ENSG00000174173.7",0.392526461785657,"ENSG00000174173.7"
"ENSG00000174175.17",0.447139031871837,"ENSG00000174175.17"
"ENSG00000174177.13",0.260536898417795,"ENSG00000174177.13"
"ENSG00000174197.16",-0.183075494291164,"ENSG00000174197.16"
"ENSG00000174206.13",0.302044785778724,"ENSG00000174206.13"
"ENSG00000174225.15",0.037627901698979,"ENSG00000174225.15"
"ENSG00000174227.16",0.162929509406107,"ENSG00000174227.16"
"ENSG00000174231.17",0.303594241654974,"ENSG00000174231.17"
"ENSG00000174233.11",0.273804917064554,"ENSG00000174233.11"
"ENSG00000174236.4",0.62603902234655,"ENSG00000174236.4"
"ENSG00000174238.15",0.35141913421977,"ENSG00000174238.15"
"ENSG00000174243.10",0.297847979209071,"ENSG00000174243.10"
"ENSG00000174276.7",0.326851619384419,"ENSG00000174276.7"
"ENSG00000174282.12",-0.0451599756787677,"ENSG00000174282.12"
"ENSG00000174292.12",0.651547985515084,"ENSG00000174292.12"
"ENSG00000174306.21",0.616834081033715,"ENSG00000174306.21"
"ENSG00000174307.7",0.51623136514719,"ENSG00000174307.7"
"ENSG00000174348.14",0.765069678258936,"ENSG00000174348.14"
"ENSG00000174371.17",0.296518908094185,"ENSG00000174371.17"
"ENSG00000174373.16",0.0750496848950437,"ENSG00000174373.16"
"ENSG00000174405.13",0.382697008813223,"ENSG00000174405.13"
"ENSG00000174437.17",0.663122078123633,"ENSG00000174437.17"
"ENSG00000174442.12",0.517961023287996,"ENSG00000174442.12"
"ENSG00000174444.15",0.432430121720103,"ENSG00000174444.15"
"ENSG00000174446.13",0.239652647303543,"ENSG00000174446.13"
"ENSG00000174469.23",0.525948580566796,"ENSG00000174469.23"
"ENSG00000174483.20",0.505040007808907,"ENSG00000174483.20"
"ENSG00000174485.15",0.600558789743444,"ENSG00000174485.15"
"ENSG00000174547.13",0.488921934078925,"ENSG00000174547.13"
"ENSG00000174579.4",0.431217040351413,"ENSG00000174579.4"
"ENSG00000174606.14",0.205651481820306,"ENSG00000174606.14"
"ENSG00000174607.11",0.626911943551635,"ENSG00000174607.11"
"ENSG00000174640.15",0.626601113921459,"ENSG00000174640.15"
"ENSG00000174672.16",0.750223574569063,"ENSG00000174672.16"
"ENSG00000174684.7",0.56412895291463,"ENSG00000174684.7"
"ENSG00000174695.10",0.16070069936505,"ENSG00000174695.10"
"ENSG00000174705.13",0.837285006430802,"ENSG00000174705.13"
"ENSG00000174718.12",0.685498706219039,"ENSG00000174718.12"
"ENSG00000174720.16",0.0502454646186805,"ENSG00000174720.16"
"ENSG00000174738.13",0.164213678236581,"ENSG00000174738.13"
"ENSG00000174740.8",0.412810194500335,"ENSG00000174740.8"
"ENSG00000174744.14",0.518882951818017,"ENSG00000174744.14"
"ENSG00000174748.22",0.172944612665481,"ENSG00000174748.22"
"ENSG00000174749.6",0.16574262837195,"ENSG00000174749.6"
"ENSG00000174780.17",0.231022804023155,"ENSG00000174780.17"
"ENSG00000174788.10",0.668355083154756,"ENSG00000174788.10"
"ENSG00000174791.11",0.600617105670655,"ENSG00000174791.11"
"ENSG00000174799.11",0.174109826573318,"ENSG00000174799.11"
"ENSG00000174804.4",0.761442697898481,"ENSG00000174804.4"
"ENSG00000174807.4",0.657593406069082,"ENSG00000174807.4"
"ENSG00000174827.14",0.792614513998168,"ENSG00000174827.14"
"ENSG00000174839.13",0.1184835376992,"ENSG00000174839.13"
"ENSG00000174840.9",0.373898732658334,"ENSG00000174840.9"
"ENSG00000174842.17",0.211961895760487,"ENSG00000174842.17"
"ENSG00000174851.16",0.306185383604666,"ENSG00000174851.16"
"ENSG00000174886.14",0.371704166977146,"ENSG00000174886.14"
"ENSG00000174891.13",0.0970041928592069,"ENSG00000174891.13"
"ENSG00000174903.16",0.0594090295208731,"ENSG00000174903.16"
"ENSG00000174915.12",0.515527450841872,"ENSG00000174915.12"
"ENSG00000174917.8",0.24449625503952,"ENSG00000174917.8"
"ENSG00000174928.16",-0.133055794030051,"ENSG00000174928.16"
"ENSG00000174938.14",0.378041589495332,"ENSG00000174938.14"
"ENSG00000174939.11",0.410630134490107,"ENSG00000174939.11"
"ENSG00000174953.14",0.672399331277314,"ENSG00000174953.14"
"ENSG00000174989.13",-0.0784259076898615,"ENSG00000174989.13"
"ENSG00000174996.11",0.589747810693061,"ENSG00000174996.11"
"ENSG00000175029.17",0.603540732265275,"ENSG00000175029.17"
"ENSG00000175048.17",0.834176365635532,"ENSG00000175048.17"
"ENSG00000175054.16",0.131107088822632,"ENSG00000175054.16"
"ENSG00000175066.16",0.159173166427486,"ENSG00000175066.16"
"ENSG00000175073.8",0.146986414410295,"ENSG00000175073.8"
"ENSG00000175084.12",0.675659010377011,"ENSG00000175084.12"
"ENSG00000175093.5",-0.259339385531725,"ENSG00000175093.5"
"ENSG00000175104.15",0.33389585308657,"ENSG00000175104.15"
"ENSG00000175105.7",0.101763397218412,"ENSG00000175105.7"
"ENSG00000175110.11",0.173268967096041,"ENSG00000175110.11"
"ENSG00000175115.12",0.364339032165975,"ENSG00000175115.12"
"ENSG00000175130.7",0.774209475870181,"ENSG00000175130.7"
"ENSG00000175137.11",0.148770751526694,"ENSG00000175137.11"
"ENSG00000175155.10",0.32866816946657,"ENSG00000175155.10"
"ENSG00000175161.13",0.835177791913717,"ENSG00000175161.13"
"ENSG00000175166.17",0.570298675821282,"ENSG00000175166.17"
"ENSG00000175175.6",0.685963558296863,"ENSG00000175175.6"
"ENSG00000175183.10",0.212781934738203,"ENSG00000175183.10"
"ENSG00000175189.4",0.102140344061488,"ENSG00000175189.4"
"ENSG00000175193.14",0.232510480823701,"ENSG00000175193.14"
"ENSG00000175198.17",0.661543833252319,"ENSG00000175198.17"
"ENSG00000175203.15",-0.110553035021383,"ENSG00000175203.15"
"ENSG00000175213.3",0.0914331054988478,"ENSG00000175213.3"
"ENSG00000175216.15",0.580328906647893,"ENSG00000175216.15"
"ENSG00000175220.12",0.189255529500987,"ENSG00000175220.12"
"ENSG00000175221.15",0.0828425452321879,"ENSG00000175221.15"
"ENSG00000175224.16",-0.0887098514478358,"ENSG00000175224.16"
"ENSG00000175264.8",0.175682954982686,"ENSG00000175264.8"
"ENSG00000175274.18",0.568383301421595,"ENSG00000175274.18"
"ENSG00000175283.8",0.0438506093906338,"ENSG00000175283.8"
"ENSG00000175287.19",0.782667348881115,"ENSG00000175287.19"
"ENSG00000175305.17",0.303329702456386,"ENSG00000175305.17"
"ENSG00000175309.15",0.665299216295908,"ENSG00000175309.15"
"ENSG00000175315.3",0.373301012100005,"ENSG00000175315.3"
"ENSG00000175324.10",0.0920568432389404,"ENSG00000175324.10"
"ENSG00000175334.8",0.555373828864171,"ENSG00000175334.8"
"ENSG00000175336.10",0.208614077225293,"ENSG00000175336.10"
"ENSG00000175348.11",-0.116200120778562,"ENSG00000175348.11"
"ENSG00000175352.11",0.395200483291816,"ENSG00000175352.11"
"ENSG00000175354.20",0.608576878583075,"ENSG00000175354.20"
"ENSG00000175356.13",0.635759586389685,"ENSG00000175356.13"
"ENSG00000175376.9",0.390926880350035,"ENSG00000175376.9"
"ENSG00000175387.16",0.343354805008899,"ENSG00000175387.16"
"ENSG00000175390.14",-0.121011199160106,"ENSG00000175390.14"
"ENSG00000175395.16",0.103500649058731,"ENSG00000175395.16"
"ENSG00000175414.7",0.665709187252679,"ENSG00000175414.7"
"ENSG00000175416.15",0.0936542725758092,"ENSG00000175416.15"
"ENSG00000175426.11",0.618214550503977,"ENSG00000175426.11"
"ENSG00000175445.17",0.638085226743978,"ENSG00000175445.17"
"ENSG00000175449.14",0.210224924048083,"ENSG00000175449.14"
"ENSG00000175455.15",-0.00680838998878968,"ENSG00000175455.15"
"ENSG00000175463.12",0.483037376575566,"ENSG00000175463.12"
"ENSG00000175467.15",0.305973589884142,"ENSG00000175467.15"
"ENSG00000175470.20",0.130009390195813,"ENSG00000175470.20"
"ENSG00000175482.9",0.0765083986323811,"ENSG00000175482.9"
"ENSG00000175489.10",0.45709027794671,"ENSG00000175489.10"
"ENSG00000175536.7",0.39688896133784,"ENSG00000175536.7"
"ENSG00000175550.8",0.0588586022692253,"ENSG00000175550.8"
"ENSG00000175573.7",0.418503913511516,"ENSG00000175573.7"
"ENSG00000175575.13",0.21223719609525,"ENSG00000175575.13"
"ENSG00000175581.14",0.333830940118189,"ENSG00000175581.14"
"ENSG00000175582.19",0.48761356102286,"ENSG00000175582.19"
"ENSG00000175591.11",0.594519767813147,"ENSG00000175591.11"
"ENSG00000175592.9",0.680996823085682,"ENSG00000175592.9"
"ENSG00000175595.15",0.323671277041579,"ENSG00000175595.15"
"ENSG00000175600.15",0.314777898017311,"ENSG00000175600.15"
"ENSG00000175602.4",0.109001173114107,"ENSG00000175602.4"
"ENSG00000175606.11",0.202550743123031,"ENSG00000175606.11"
"ENSG00000175634.15",0.475685219618784,"ENSG00000175634.15"
"ENSG00000175643.10",0.405015609553938,"ENSG00000175643.10"
"ENSG00000175662.17",0.520926701634701,"ENSG00000175662.17"
"ENSG00000175707.9",0.464074056426557,"ENSG00000175707.9"
"ENSG00000175711.8",0.155407688636529,"ENSG00000175711.8"
"ENSG00000175727.14",0.311403926046101,"ENSG00000175727.14"
"ENSG00000175745.14",0.709210829244259,"ENSG00000175745.14"
"ENSG00000175756.13",0.504105936739101,"ENSG00000175756.13"
"ENSG00000175764.14",-0.000631940970582727,"ENSG00000175764.14"
"ENSG00000175768.13",0.588253966197467,"ENSG00000175768.13"
"ENSG00000175792.12",0.486328811288039,"ENSG00000175792.12"
"ENSG00000175793.12",0.898912762759522,"ENSG00000175793.12"
"ENSG00000175806.15",0.673884953721352,"ENSG00000175806.15"
"ENSG00000175826.12",-0.0338754797118146,"ENSG00000175826.12"
"ENSG00000175854.12",0.363593726582719,"ENSG00000175854.12"
"ENSG00000175866.15",0.635316782724473,"ENSG00000175866.15"
"ENSG00000175879.9",0.758519261064364,"ENSG00000175879.9"
"ENSG00000175893.11",0.435018461324457,"ENSG00000175893.11"
"ENSG00000175895.4",0.623585012127249,"ENSG00000175895.4"
"ENSG00000175899.15",0.436124490625271,"ENSG00000175899.15"
"ENSG00000175920.18",0.559768102078359,"ENSG00000175920.18"
"ENSG00000175928.6",0.751019078623753,"ENSG00000175928.6"
"ENSG00000175931.13",0.682215538721725,"ENSG00000175931.13"
"ENSG00000175970.11",0.641374947478393,"ENSG00000175970.11"
"ENSG00000175985.10",0.301482081251533,"ENSG00000175985.10"
"ENSG00000176014.13",0.558853138170576,"ENSG00000176014.13"
"ENSG00000176018.13",0.302627076019899,"ENSG00000176018.13"
"ENSG00000176022.7",0.305977161426382,"ENSG00000176022.7"
"ENSG00000176024.18",0.0406386066763425,"ENSG00000176024.18"
"ENSG00000176046.9",0.400820228578452,"ENSG00000176046.9"
"ENSG00000176055.10",0.254562162372372,"ENSG00000176055.10"
"ENSG00000176058.13",0.270490409434239,"ENSG00000176058.13"
"ENSG00000176087.15",0.340331483190214,"ENSG00000176087.15"
"ENSG00000176092.15",0.709105297544632,"ENSG00000176092.15"
"ENSG00000176095.12",0.46035098838666,"ENSG00000176095.12"
"ENSG00000176101.12",0.371286984859505,"ENSG00000176101.12"
"ENSG00000176102.13",0.288546709248864,"ENSG00000176102.13"
"ENSG00000176105.14",0.478767984480553,"ENSG00000176105.14"
"ENSG00000176108.9",0.293491676041808,"ENSG00000176108.9"
"ENSG00000176125.6",0.0612219191544982,"ENSG00000176125.6"
"ENSG00000176142.13",0.360902101599275,"ENSG00000176142.13"
"ENSG00000176148.16",0.721065800624698,"ENSG00000176148.16"
"ENSG00000176153.12",0.931451165482568,"ENSG00000176153.12"
"ENSG00000176155.19",0.0405232395379377,"ENSG00000176155.19"
"ENSG00000176170.14",0.288656592372605,"ENSG00000176170.14"
"ENSG00000176171.11",0.644834893641279,"ENSG00000176171.11"
"ENSG00000176182.6",-0.392675274618022,"ENSG00000176182.6"
"ENSG00000176208.9",0.660951119136094,"ENSG00000176208.9"
"ENSG00000176209.11",0.283302326940478,"ENSG00000176209.11"
"ENSG00000176225.14",0.0985435832072397,"ENSG00000176225.14"
"ENSG00000176244.7",0.626147273913047,"ENSG00000176244.7"
"ENSG00000176248.9",0.101441307200405,"ENSG00000176248.9"
"ENSG00000176261.15",0.185021661013736,"ENSG00000176261.15"
"ENSG00000176293.19",0.0843205574912892,"ENSG00000176293.19"
"ENSG00000176386.9",0.0225249468600872,"ENSG00000176386.9"
"ENSG00000176387.7",0.637114478869439,"ENSG00000176387.7"
"ENSG00000176390.12",0.601721530053129,"ENSG00000176390.12"
"ENSG00000176393.11",0.495188996451305,"ENSG00000176393.11"
"ENSG00000176396.11",0.155250643999585,"ENSG00000176396.11"
"ENSG00000176399.4",-0.154248680066503,"ENSG00000176399.4"
"ENSG00000176406.23",0.382416623678062,"ENSG00000176406.23"
"ENSG00000176407.18",-0.138712927421785,"ENSG00000176407.18"
"ENSG00000176410.8",0.199151684746822,"ENSG00000176410.8"
"ENSG00000176422.14",0.397336617628028,"ENSG00000176422.14"
"ENSG00000176428.6",0.554201022857739,"ENSG00000176428.6"
"ENSG00000176435.7",0.4906171534505,"ENSG00000176435.7"
"ENSG00000176438.12",0.483822138497736,"ENSG00000176438.12"
"ENSG00000176444.19",0.50630656725715,"ENSG00000176444.19"
"ENSG00000176454.14",0.478041779202406,"ENSG00000176454.14"
"ENSG00000176463.14",0.475200784422472,"ENSG00000176463.14"
"ENSG00000176473.13",-0.0768632656318193,"ENSG00000176473.13"
"ENSG00000176476.9",0.142114759853593,"ENSG00000176476.9"
"ENSG00000176485.11",0.731534135881071,"ENSG00000176485.11"
"ENSG00000176490.5",0.743501830785097,"ENSG00000176490.5"
"ENSG00000176531.10",0.395358810048091,"ENSG00000176531.10"
"ENSG00000176532.4",0.846355007357185,"ENSG00000176532.4"
"ENSG00000176533.13",0.57436461117275,"ENSG00000176533.13"
"ENSG00000176595.4",0.871471229908847,"ENSG00000176595.4"
"ENSG00000176619.13",-0.0124499212535409,"ENSG00000176619.13"
"ENSG00000176623.12",0.366259086438283,"ENSG00000176623.12"
"ENSG00000176624.11",0.294279137804845,"ENSG00000176624.11"
"ENSG00000176658.17",0.752548875624031,"ENSG00000176658.17"
"ENSG00000176692.8",0.461475832666487,"ENSG00000176692.8"
"ENSG00000176715.17",0.374270490883211,"ENSG00000176715.17"
"ENSG00000176720.6",0.3437911288767,"ENSG00000176720.6"
"ENSG00000176731.12",0.229004874144161,"ENSG00000176731.12"
"ENSG00000176771.17",0.0601705887984022,"ENSG00000176771.17"
"ENSG00000176783.15",0.53261430411774,"ENSG00000176783.15"
"ENSG00000176788.9",0.582002143556801,"ENSG00000176788.9"
"ENSG00000176834.14",0.019424166015711,"ENSG00000176834.14"
"ENSG00000176842.15",0.752760658920655,"ENSG00000176842.15"
"ENSG00000176845.13",0.422823046645584,"ENSG00000176845.13"
"ENSG00000176853.16",0.212120427495823,"ENSG00000176853.16"
"ENSG00000176871.8",0.51846783557357,"ENSG00000176871.8"
"ENSG00000176890.16",0.492404550195254,"ENSG00000176890.16"
"ENSG00000176894.10",0.60309335962932,"ENSG00000176894.10"
"ENSG00000176903.5",0.645456281495255,"ENSG00000176903.5"
"ENSG00000176907.5",0.529979498274459,"ENSG00000176907.5"
"ENSG00000176915.15",0.628370373037365,"ENSG00000176915.15"
"ENSG00000176919.13",0.0347852388293544,"ENSG00000176919.13"
"ENSG00000176946.12",-0.0108440060878672,"ENSG00000176946.12"
"ENSG00000176953.12",0.405607452452915,"ENSG00000176953.12"
"ENSG00000176956.12",0.773253012830436,"ENSG00000176956.12"
"ENSG00000176971.4",0.0841094380709686,"ENSG00000176971.4"
"ENSG00000176973.8",0.0316474604990603,"ENSG00000176973.8"
"ENSG00000176974.20",0.774192095708774,"ENSG00000176974.20"
"ENSG00000176978.14",0.214137951167783,"ENSG00000176978.14"
"ENSG00000176986.16",0.549163839793514,"ENSG00000176986.16"
"ENSG00000176994.11",0.244095168929042,"ENSG00000176994.11"
"ENSG00000177000.13",0.584626354411806,"ENSG00000177000.13"
"ENSG00000177030.17",0.047076488457621,"ENSG00000177030.17"
"ENSG00000177034.17",0.292794313984463,"ENSG00000177034.17"
"ENSG00000177045.10",0.309315140785521,"ENSG00000177045.10"
"ENSG00000177051.6",0.242489211524992,"ENSG00000177051.6"
"ENSG00000177054.14",0.603404763151427,"ENSG00000177054.14"
"ENSG00000177058.12",0.0586864386428692,"ENSG00000177058.12"
"ENSG00000177082.13",0.397908260037457,"ENSG00000177082.13"
"ENSG00000177084.18",0.132443537511735,"ENSG00000177084.18"
"ENSG00000177096.9",0.371062685419114,"ENSG00000177096.9"
"ENSG00000177105.10",0.299863580258743,"ENSG00000177105.10"
"ENSG00000177106.16",0.716136403290394,"ENSG00000177106.16"
"ENSG00000177119.16",0.581676990843432,"ENSG00000177119.16"
"ENSG00000177125.5",0.454235705137251,"ENSG00000177125.5"
"ENSG00000177150.13",0.421840078956575,"ENSG00000177150.13"
"ENSG00000177156.11",0.58521641040367,"ENSG00000177156.11"
"ENSG00000177169.10",0.485737479159507,"ENSG00000177169.10"
"ENSG00000177189.14",0.703756993808828,"ENSG00000177189.14"
"ENSG00000177191.2",0.451725818838138,"ENSG00000177191.2"
"ENSG00000177192.14",0.47350692610736,"ENSG00000177192.14"
"ENSG00000177200.17",0.284517588014051,"ENSG00000177200.17"
"ENSG00000177225.17",0.251731048407764,"ENSG00000177225.17"
"ENSG00000177238.14",0.526493425011729,"ENSG00000177238.14"
"ENSG00000177239.15",0.183444034369449,"ENSG00000177239.15"
"ENSG00000177283.7",0.310869376736302,"ENSG00000177283.7"
"ENSG00000177302.15",0.374790857702866,"ENSG00000177302.15"
"ENSG00000177303.10",0.484191060618241,"ENSG00000177303.10"
"ENSG00000177311.11",0.102610540295523,"ENSG00000177311.11"
"ENSG00000177352.10",0.475148068406782,"ENSG00000177352.10"
"ENSG00000177370.5",0.169439961038267,"ENSG00000177370.5"
"ENSG00000177374.13",0.343561598292988,"ENSG00000177374.13"
"ENSG00000177380.14",0.43554776364062,"ENSG00000177380.14"
"ENSG00000177409.12",0.352002778287288,"ENSG00000177409.12"
"ENSG00000177425.11",0.411147450153979,"ENSG00000177425.11"
"ENSG00000177426.21",0.432469281743121,"ENSG00000177426.21"
"ENSG00000177427.13",-0.0976152631844414,"ENSG00000177427.13"
"ENSG00000177432.8",0.54044534851408,"ENSG00000177432.8"
"ENSG00000177455.15",0.71809158007068,"ENSG00000177455.15"
"ENSG00000177463.15",0.415906366215585,"ENSG00000177463.15"
"ENSG00000177465.4",0.533728573804003,"ENSG00000177465.4"
"ENSG00000177469.13",0.212732100694959,"ENSG00000177469.13"
"ENSG00000177479.19",0.242860861005501,"ENSG00000177479.19"
"ENSG00000177485.7",0.41125580704247,"ENSG00000177485.7"
"ENSG00000177508.12",0.628369814646863,"ENSG00000177508.12"
"ENSG00000177542.11",0.544164639862506,"ENSG00000177542.11"
"ENSG00000177548.13",0.455421394379374,"ENSG00000177548.13"
"ENSG00000177556.12",0.300248572921832,"ENSG00000177556.12"
"ENSG00000177565.18",0.340569376006871,"ENSG00000177565.18"
"ENSG00000177570.14",0.47578445979298,"ENSG00000177570.14"
"ENSG00000177575.12",0.551684986472603,"ENSG00000177575.12"
"ENSG00000177576.11",0.176123746035419,"ENSG00000177576.11"
"ENSG00000177600.9",0.0813260617749977,"ENSG00000177600.9"
"ENSG00000177602.5",-0.0603990007030773,"ENSG00000177602.5"
"ENSG00000177606.7",0.2161803909286,"ENSG00000177606.7"
"ENSG00000177613.9",0.162043251927743,"ENSG00000177613.9"
"ENSG00000177628.16",0.275295813713367,"ENSG00000177628.16"
"ENSG00000177646.19",0.320657046472118,"ENSG00000177646.19"
"ENSG00000177663.14",0.386606747909754,"ENSG00000177663.14"
"ENSG00000177666.17",0.417685645295437,"ENSG00000177666.17"
"ENSG00000177674.16",0.325330664799709,"ENSG00000177674.16"
"ENSG00000177675.8",0.338043209544126,"ENSG00000177675.8"
"ENSG00000177685.17",0.62604210079742,"ENSG00000177685.17"
"ENSG00000177692.11",0.138580301338192,"ENSG00000177692.11"
"ENSG00000177694.16",0.632847006326126,"ENSG00000177694.16"
"ENSG00000177697.19",0.293942239034099,"ENSG00000177697.19"
"ENSG00000177700.6",-0.0549923199281428,"ENSG00000177700.6"
"ENSG00000177706.9",0.626895433095822,"ENSG00000177706.9"
"ENSG00000177728.17",0.346623045903768,"ENSG00000177728.17"
"ENSG00000177731.16",0.120239082936065,"ENSG00000177731.16"
"ENSG00000177732.8",0.566534572906713,"ENSG00000177732.8"
"ENSG00000177733.7",0.411809823266941,"ENSG00000177733.7"
"ENSG00000177791.12",0.337189020202426,"ENSG00000177791.12"
"ENSG00000177830.18",0.282142355580549,"ENSG00000177830.18"
"ENSG00000177853.14",-0.0466105412151117,"ENSG00000177853.14"
"ENSG00000177868.12",0.0184110426383836,"ENSG00000177868.12"
"ENSG00000177879.17",-0.22143568742224,"ENSG00000177879.17"
"ENSG00000177885.15",0.389568079196975,"ENSG00000177885.15"
"ENSG00000177888.7",0.431773962816146,"ENSG00000177888.7"
"ENSG00000177889.10",0.175749655106046,"ENSG00000177889.10"
"ENSG00000177917.11",0.0330898644641955,"ENSG00000177917.11"
"ENSG00000177951.17",0.205377356089379,"ENSG00000177951.17"
"ENSG00000177954.14",0.107907691476394,"ENSG00000177954.14"
"ENSG00000177963.14",0.327712538733503,"ENSG00000177963.14"
"ENSG00000177971.8",0.182138823546529,"ENSG00000177971.8"
"ENSG00000177981.11",-0.187277387587543,"ENSG00000177981.11"
"ENSG00000177989.13",0.343992461213007,"ENSG00000177989.13"
"ENSG00000178028.14",0.26500096172931,"ENSG00000178028.14"
"ENSG00000178031.17",0.13520521617961,"ENSG00000178031.17"
"ENSG00000178033.6",0.434605477994836,"ENSG00000178033.6"
"ENSG00000178035.12",0.454531464719248,"ENSG00000178035.12"
"ENSG00000178038.17",0.336998816698869,"ENSG00000178038.17"
"ENSG00000178053.19",0.140592464666143,"ENSG00000178053.19"
"ENSG00000178057.15",0.165767207804121,"ENSG00000178057.15"
"ENSG00000178074.6",0.0950552574230161,"ENSG00000178074.6"
"ENSG00000178075.20",0.236318271181019,"ENSG00000178075.20"
"ENSG00000178078.11",0.629453021656375,"ENSG00000178078.11"
"ENSG00000178096.9",0.353692187648639,"ENSG00000178096.9"
"ENSG00000178104.19",0.419424470677647,"ENSG00000178104.19"
"ENSG00000178105.11",0.476015268866818,"ENSG00000178105.11"
"ENSG00000178125.14",-0.378847107625836,"ENSG00000178125.14"
"ENSG00000178127.13",-0.0643814647824586,"ENSG00000178127.13"
"ENSG00000178149.17",0.238455241560665,"ENSG00000178149.17"
"ENSG00000178163.8",-0.461196581196581,"ENSG00000178163.8"
"ENSG00000178177.15",-0.0796858395068149,"ENSG00000178177.15"
"ENSG00000178184.16",0.751023946644204,"ENSG00000178184.16"
"ENSG00000178188.14",0.289973197233186,"ENSG00000178188.14"
"ENSG00000178199.14",0.512270441459098,"ENSG00000178199.14"
"ENSG00000178202.13",0.406879996049638,"ENSG00000178202.13"
"ENSG00000178209.15",0.603633155801828,"ENSG00000178209.15"
"ENSG00000178229.8",-0.1773721052988,"ENSG00000178229.8"
"ENSG00000178234.13",-0.224227707610586,"ENSG00000178234.13"
"ENSG00000178252.18",0.190395743433513,"ENSG00000178252.18"
"ENSG00000178295.15",0.234552725769281,"ENSG00000178295.15"
"ENSG00000178307.10",-0.168657817701883,"ENSG00000178307.10"
"ENSG00000178363.5",0.735374848206475,"ENSG00000178363.5"
"ENSG00000178372.8",0.775771292120467,"ENSG00000178372.8"
"ENSG00000178385.15",0.35568121791029,"ENSG00000178385.15"
"ENSG00000178409.13",0.383241813134663,"ENSG00000178409.13"
"ENSG00000178425.14",0.202449370499918,"ENSG00000178425.14"
"ENSG00000178445.10",0.6902701348138,"ENSG00000178445.10"
"ENSG00000178449.9",0.0710778026280623,"ENSG00000178449.9"
"ENSG00000178467.18",0.473753988062567,"ENSG00000178467.18"
"ENSG00000178498.16",0.631586845204065,"ENSG00000178498.16"
"ENSG00000178502.6",0.219707886522115,"ENSG00000178502.6"
"ENSG00000178537.10",0.478225123956501,"ENSG00000178537.10"
"ENSG00000178538.10",0.654241192958407,"ENSG00000178538.10"
"ENSG00000178567.8",0.629079540050759,"ENSG00000178567.8"
"ENSG00000178568.15",0.554285617835765,"ENSG00000178568.15"
"ENSG00000178573.7",0.79363005813867,"ENSG00000178573.7"
"ENSG00000178585.15",0.526585233730068,"ENSG00000178585.15"
"ENSG00000178605.13",0.263947274369061,"ENSG00000178605.13"
"ENSG00000178607.16",0.655516208280163,"ENSG00000178607.16"
"ENSG00000178685.14",0.495643553071945,"ENSG00000178685.14"
"ENSG00000178691.11",0.305609738315571,"ENSG00000178691.11"
"ENSG00000178694.10",-0.23023384900473,"ENSG00000178694.10"
"ENSG00000178695.6",0.604201838326803,"ENSG00000178695.6"
"ENSG00000178718.7",0.188004216311421,"ENSG00000178718.7"
"ENSG00000178726.7",0.680454199860905,"ENSG00000178726.7"
"ENSG00000178732.5",0.197862346916708,"ENSG00000178732.5"
"ENSG00000178741.12",0.47074877070262,"ENSG00000178741.12"
"ENSG00000178761.15",0.0706200105926765,"ENSG00000178761.15"
"ENSG00000178764.8",0.555259957681692,"ENSG00000178764.8"
"ENSG00000178772.7",0.124251536438146,"ENSG00000178772.7"
"ENSG00000178773.15",-0.397098700159374,"ENSG00000178773.15"
"ENSG00000178802.18",0.579287466497605,"ENSG00000178802.18"
"ENSG00000178814.17",0.452932507784052,"ENSG00000178814.17"
"ENSG00000178882.15",0.467397704452174,"ENSG00000178882.15"
"ENSG00000178896.9",0.295710305396392,"ENSG00000178896.9"
"ENSG00000178904.19",0.479819922844859,"ENSG00000178904.19"
"ENSG00000178913.8",-0.0899258206456127,"ENSG00000178913.8"
"ENSG00000178921.14",0.463699652169823,"ENSG00000178921.14"
"ENSG00000178922.16",0.0472822462146956,"ENSG00000178922.16"
"ENSG00000178927.18",0.467636905106331,"ENSG00000178927.18"
"ENSG00000178935.5",0.678134325668,"ENSG00000178935.5"
"ENSG00000178950.17",0.489137629704497,"ENSG00000178950.17"
"ENSG00000178951.9",0.349810985352854,"ENSG00000178951.9"
"ENSG00000178952.11",0.496605928966562,"ENSG00000178952.11"
"ENSG00000178966.16",0.240277654187518,"ENSG00000178966.16"
"ENSG00000178971.16",0.265218892524391,"ENSG00000178971.16"
"ENSG00000178980.15",0.106481497612195,"ENSG00000178980.15"
"ENSG00000178982.10",-0.0955035180694096,"ENSG00000178982.10"
"ENSG00000178996.14",0.539241324281921,"ENSG00000178996.14"
"ENSG00000178999.13",0.725566772921,"ENSG00000178999.13"
"ENSG00000179010.14",0.386377031935719,"ENSG00000179010.14"
"ENSG00000179021.10",0.12922802025645,"ENSG00000179021.10"
"ENSG00000179023.8",0.601477443846776,"ENSG00000179023.8"
"ENSG00000179041.4",0.648145460907243,"ENSG00000179041.4"
"ENSG00000179044.16",-0.118881118881119,"ENSG00000179044.16"
"ENSG00000179051.14",0.665773645479293,"ENSG00000179051.14"
"ENSG00000179083.6",0.266237541951977,"ENSG00000179083.6"
"ENSG00000179085.8",0.12680015829175,"ENSG00000179085.8"
"ENSG00000179091.5",0.596312000405926,"ENSG00000179091.5"
"ENSG00000179094.16",0.203262220930983,"ENSG00000179094.16"
"ENSG00000179115.11",0.159533555435974,"ENSG00000179115.11"
"ENSG00000179119.15",0.425823967940405,"ENSG00000179119.15"
"ENSG00000179134.15",0.485927955075721,"ENSG00000179134.15"
"ENSG00000179144.5",0.621556314039125,"ENSG00000179144.5"
"ENSG00000179151.13",0.541363806766483,"ENSG00000179151.13"
"ENSG00000179152.20",0.189360063898825,"ENSG00000179152.20"
"ENSG00000179163.11",0.663873919387959,"ENSG00000179163.11"
"ENSG00000179195.16",0.330002753075347,"ENSG00000179195.16"
"ENSG00000179218.14",0.514000786966307,"ENSG00000179218.14"
"ENSG00000179222.18",0.784113413000848,"ENSG00000179222.18"
"ENSG00000179241.13",0.415423327728462,"ENSG00000179241.13"
"ENSG00000179256.2",0.300555804314454,"ENSG00000179256.2"
"ENSG00000179262.10",0.190829787330857,"ENSG00000179262.10"
"ENSG00000179271.3",0.542038450808093,"ENSG00000179271.3"
"ENSG00000179295.18",0.415828596319971,"ENSG00000179295.18"
"ENSG00000179331.3",0.779552427271723,"ENSG00000179331.3"
"ENSG00000179335.18",0.185949878272059,"ENSG00000179335.18"
"ENSG00000179344.16",0.729068655293585,"ENSG00000179344.16"
"ENSG00000179348.12",0.747591672429296,"ENSG00000179348.12"
"ENSG00000179361.17",0.446090367199563,"ENSG00000179361.17"
"ENSG00000179364.13",0.453074417321167,"ENSG00000179364.13"
"ENSG00000179387.10",-0.0842576305157801,"ENSG00000179387.10"
"ENSG00000179403.12",0.411578364665242,"ENSG00000179403.12"
"ENSG00000179409.11",0.456083415553307,"ENSG00000179409.11"
"ENSG00000179455.9",0.715650633123311,"ENSG00000179455.9"
"ENSG00000179456.10",0.559364520975417,"ENSG00000179456.10"
"ENSG00000179526.17",0.114046704084053,"ENSG00000179526.17"
"ENSG00000179542.16",0.533243520527687,"ENSG00000179542.16"
"ENSG00000179562.3",-0.16124565518024,"ENSG00000179562.3"
"ENSG00000179583.19",0.175438596491228,"ENSG00000179583.19"
"ENSG00000179588.9",0.290137924143778,"ENSG00000179588.9"
"ENSG00000179593.16",0.658921422421964,"ENSG00000179593.16"
"ENSG00000179604.10",0.758699803293713,"ENSG00000179604.10"
"ENSG00000179627.10",-0.118679050567595,"ENSG00000179627.10"
"ENSG00000179630.11",0.0200533848157041,"ENSG00000179630.11"
"ENSG00000179632.10",0.273536092781438,"ENSG00000179632.10"
"ENSG00000179715.13",0.31183898617275,"ENSG00000179715.13"
"ENSG00000179750.16",0.640706036320423,"ENSG00000179750.16"
"ENSG00000179761.12",0.786239158248662,"ENSG00000179761.12"
"ENSG00000179772.8",0.463364293085655,"ENSG00000179772.8"
"ENSG00000179776.19",0.668272212698902,"ENSG00000179776.19"
"ENSG00000179820.16",0.0611197072993689,"ENSG00000179820.16"
"ENSG00000179832.17",0.267949610273532,"ENSG00000179832.17"
"ENSG00000179841.8",0.141046801969775,"ENSG00000179841.8"
"ENSG00000179855.9",0.393594652380382,"ENSG00000179855.9"
"ENSG00000179862.7",0.431200489647601,"ENSG00000179862.7"
"ENSG00000179886.6",0.496103896103896,"ENSG00000179886.6"
"ENSG00000179889.19",0.664895448248591,"ENSG00000179889.19"
"ENSG00000179912.20",0.151825782081267,"ENSG00000179912.20"
"ENSG00000179913.11",0.560944576177557,"ENSG00000179913.11"
"ENSG00000179914.5",0.600536533442331,"ENSG00000179914.5"
"ENSG00000179915.23",0.841117363668831,"ENSG00000179915.23"
"ENSG00000179918.19",0.422222345623666,"ENSG00000179918.19"
"ENSG00000179922.6",0.175498650497371,"ENSG00000179922.6"
"ENSG00000179933.6",0.381374414116594,"ENSG00000179933.6"
"ENSG00000179941.9",0.260592872353451,"ENSG00000179941.9"
"ENSG00000179943.8",0.00671998239003931,"ENSG00000179943.8"
"ENSG00000179950.14",0.199729106386806,"ENSG00000179950.14"
"ENSG00000179954.16",0.603304849497178,"ENSG00000179954.16"
"ENSG00000179958.9",0.66903342173024,"ENSG00000179958.9"
"ENSG00000179965.12",0.413238361638965,"ENSG00000179965.12"
"ENSG00000179981.10",0.510797638336663,"ENSG00000179981.10"
"ENSG00000180011.7",0.51774169335634,"ENSG00000180011.7"
"ENSG00000180035.13",-0.233684650657284,"ENSG00000180035.13"
"ENSG00000180096.12",0.755541129673469,"ENSG00000180096.12"
"ENSG00000180098.9",0.158271581008153,"ENSG00000180098.9"
"ENSG00000180104.16",0.0619775537781173,"ENSG00000180104.16"
"ENSG00000180155.20",0.709488263316761,"ENSG00000180155.20"
"ENSG00000180182.11",0.138996734348179,"ENSG00000180182.11"
"ENSG00000180185.11",0.340017113383507,"ENSG00000180185.11"
"ENSG00000180190.11",0.632682190287385,"ENSG00000180190.11"
"ENSG00000180198.16",0.542142617872216,"ENSG00000180198.16"
"ENSG00000180209.12",0.350178138023597,"ENSG00000180209.12"
"ENSG00000180210.15",-0.0809402718491044,"ENSG00000180210.15"
"ENSG00000180228.13",0.331962584496629,"ENSG00000180228.13"
"ENSG00000180233.11",0.420242015718444,"ENSG00000180233.11"
"ENSG00000180257.13",0.612903225806452,"ENSG00000180257.13"
"ENSG00000180263.14",0.352311189529841,"ENSG00000180263.14"
"ENSG00000180329.14",0.0728567142934837,"ENSG00000180329.14"
"ENSG00000180332.6",0.516943203746018,"ENSG00000180332.6"
"ENSG00000180340.7",0.0262877939529675,"ENSG00000180340.7"
"ENSG00000180346.3",0.382791117740572,"ENSG00000180346.3"
"ENSG00000180353.11",0.597132495722105,"ENSG00000180353.11"
"ENSG00000180354.16",0.541675023125394,"ENSG00000180354.16"
"ENSG00000180357.9",0.498562966564747,"ENSG00000180357.9"
"ENSG00000180370.10",0.611758412518312,"ENSG00000180370.10"
"ENSG00000180398.13",0.0649059358030892,"ENSG00000180398.13"
"ENSG00000180447.7",-0.0519497057714303,"ENSG00000180447.7"
"ENSG00000180448.10",0.538273362142762,"ENSG00000180448.10"
"ENSG00000180488.15",0.306637069767998,"ENSG00000180488.15"
"ENSG00000180530.11",0.120918233060379,"ENSG00000180530.11"
"ENSG00000180535.3",0.217436709924251,"ENSG00000180535.3"
"ENSG00000180543.5",0.795709622107988,"ENSG00000180543.5"
"ENSG00000180611.7",0.626514261488462,"ENSG00000180611.7"
"ENSG00000180628.15",0.198283882244168,"ENSG00000180628.15"
"ENSG00000180644.8",0.500324930640427,"ENSG00000180644.8"
"ENSG00000180667.10",-0.0603835501694421,"ENSG00000180667.10"
"ENSG00000180730.5",0.468254265694546,"ENSG00000180730.5"
"ENSG00000180758.12",0.331498410922456,"ENSG00000180758.12"
"ENSG00000180776.15",0.4051894507135,"ENSG00000180776.15"
"ENSG00000180787.6",0.432245765461303,"ENSG00000180787.6"
"ENSG00000180806.5",0.280161943319838,"ENSG00000180806.5"
"ENSG00000180817.12",0.361448981276311,"ENSG00000180817.12"
"ENSG00000180818.5",0.672779043950769,"ENSG00000180818.5"
"ENSG00000180822.12",0.0113478106448555,"ENSG00000180822.12"
"ENSG00000180828.3",-0.344615384615385,"ENSG00000180828.3"
"ENSG00000180879.14",0.415763752221109,"ENSG00000180879.14"
"ENSG00000180891.13",0.592861871390693,"ENSG00000180891.13"
"ENSG00000180900.20",0.387010376400105,"ENSG00000180900.20"
"ENSG00000180901.11",0.438033807778869,"ENSG00000180901.11"
"ENSG00000180902.18",0.355973976307778,"ENSG00000180902.18"
"ENSG00000180917.17",0.492658948300685,"ENSG00000180917.17"
"ENSG00000180921.7",0.640875118140674,"ENSG00000180921.7"
"ENSG00000180957.18",0.207377241716968,"ENSG00000180957.18"
"ENSG00000180964.17",0.0893490913336647,"ENSG00000180964.17"
"ENSG00000180992.7",0.299665649828809,"ENSG00000180992.7"
"ENSG00000181029.9",0.186041153226438,"ENSG00000181029.9"
"ENSG00000181031.16",0.319902711891714,"ENSG00000181031.16"
"ENSG00000181035.14",0.655859907080762,"ENSG00000181035.14"
"ENSG00000181045.15",-0.0372029591135892,"ENSG00000181045.15"
"ENSG00000181061.13",0.328650585374982,"ENSG00000181061.13"
"ENSG00000181090.21",0.544092770658379,"ENSG00000181090.21"
"ENSG00000181092.10",-0.142544492634436,"ENSG00000181092.10"
"ENSG00000181104.7",0.0860225594025691,"ENSG00000181104.7"
"ENSG00000181143.15",0.719835875677396,"ENSG00000181143.15"
"ENSG00000181163.13",0.314129262247053,"ENSG00000181163.13"
"ENSG00000181191.11",0.299756572054136,"ENSG00000181191.11"
"ENSG00000181192.12",0.628816259280356,"ENSG00000181192.12"
"ENSG00000181220.17",-0.127256042031878,"ENSG00000181220.17"
"ENSG00000181222.17",0.397348868516359,"ENSG00000181222.17"
"ENSG00000181234.9",0.317083565850907,"ENSG00000181234.9"
"ENSG00000181284.3",0.156409829626845,"ENSG00000181284.3"
"ENSG00000181350.12",0.42964857924921,"ENSG00000181350.12"
"ENSG00000181381.13",0.541809376730495,"ENSG00000181381.13"
"ENSG00000181392.17",-0.353846153846154,"ENSG00000181392.17"
"ENSG00000181396.13",0.353253830520773,"ENSG00000181396.13"
"ENSG00000181404.17",0.0648886932792783,"ENSG00000181404.17"
"ENSG00000181409.14",0.646272734982359,"ENSG00000181409.14"
"ENSG00000181418.8",0.149879060955386,"ENSG00000181418.8"
"ENSG00000181444.13",0.649901461592432,"ENSG00000181444.13"
"ENSG00000181449.4",0.8531318359459,"ENSG00000181449.4"
"ENSG00000181458.10",0.740155121948895,"ENSG00000181458.10"
"ENSG00000181467.5",0.374138811186827,"ENSG00000181467.5"
"ENSG00000181472.5",0.325080181448055,"ENSG00000181472.5"
"ENSG00000181481.14",0.504324851538051,"ENSG00000181481.14"
"ENSG00000181513.14",0.172471992767254,"ENSG00000181513.14"
"ENSG00000181523.13",-0.0386547923453273,"ENSG00000181523.13"
"ENSG00000181544.15",0.633939393939394,"ENSG00000181544.15"
"ENSG00000181555.20",0.234678025215292,"ENSG00000181555.20"
"ENSG00000181588.16",0.410092828054623,"ENSG00000181588.16"
"ENSG00000181610.13",0.38045968321004,"ENSG00000181610.13"
"ENSG00000181617.6",0.209211008029001,"ENSG00000181617.6"
"ENSG00000181649.8",0.347643446046264,"ENSG00000181649.8"
"ENSG00000181704.12",0.147676168377517,"ENSG00000181704.12"
"ENSG00000181722.16",0.694609120063252,"ENSG00000181722.16"
"ENSG00000181744.9",0.627724840519138,"ENSG00000181744.9"
"ENSG00000181751.10",0.146318550343612,"ENSG00000181751.10"
"ENSG00000181788.4",0.670539783972541,"ENSG00000181788.4"
"ENSG00000181789.14",0.555930484684579,"ENSG00000181789.14"
"ENSG00000181804.15",0.769145199453435,"ENSG00000181804.15"
"ENSG00000181817.6",-0.282994873991485,"ENSG00000181817.6"
"ENSG00000181826.10",0.395947338828206,"ENSG00000181826.10"
"ENSG00000181827.15",0.0505889285473515,"ENSG00000181827.15"
"ENSG00000181830.9",0.499312958014452,"ENSG00000181830.9"
"ENSG00000181852.18",0.252402230427519,"ENSG00000181852.18"
"ENSG00000181856.15",0.247730285528464,"ENSG00000181856.15"
"ENSG00000181873.13",-0.00791744035243695,"ENSG00000181873.13"
"ENSG00000181894.15",0.53339446353487,"ENSG00000181894.15"
"ENSG00000181896.12",0.414019518256892,"ENSG00000181896.12"
"ENSG00000181904.9",0.28975671784671,"ENSG00000181904.9"
"ENSG00000181915.5",0.190116283421718,"ENSG00000181915.5"
"ENSG00000181924.7",0.208180295364374,"ENSG00000181924.7"
"ENSG00000181929.13",-0.0836051593838629,"ENSG00000181929.13"
"ENSG00000181938.14",0.590896758033125,"ENSG00000181938.14"
"ENSG00000181982.18",0.494100339846146,"ENSG00000181982.18"
"ENSG00000181991.16",-0.0249980522081462,"ENSG00000181991.16"
"ENSG00000182004.13",0.0573763004393789,"ENSG00000182004.13"
"ENSG00000182013.18",0.731330457231911,"ENSG00000182013.18"
"ENSG00000182022.18",0.368550089123933,"ENSG00000182022.18"
"ENSG00000182054.10",0.586389109578636,"ENSG00000182054.10"
"ENSG00000182087.14",0.185541710101345,"ENSG00000182087.14"
"ENSG00000182093.16",0.30215002528999,"ENSG00000182093.16"
"ENSG00000182095.14",0.337055182585243,"ENSG00000182095.14"
"ENSG00000182107.7",0.398719499433509,"ENSG00000182107.7"
"ENSG00000182111.9",0.158106163169388,"ENSG00000182111.9"
"ENSG00000182117.6",-0.115392395463752,"ENSG00000182117.6"
"ENSG00000182118.8",0.711453359288912,"ENSG00000182118.8"
"ENSG00000182134.16",0.72458273892748,"ENSG00000182134.16"
"ENSG00000182149.21",0.21785585513786,"ENSG00000182149.21"
"ENSG00000182154.8",0.333472348288835,"ENSG00000182154.8"
"ENSG00000182158.15",0.355797887453261,"ENSG00000182158.15"
"ENSG00000182173.13",0.416615885363571,"ENSG00000182173.13"
"ENSG00000182179.13",0.523478447796875,"ENSG00000182179.13"
"ENSG00000182180.14",0.304454881897954,"ENSG00000182180.14"
"ENSG00000182185.18",0.294030218066691,"ENSG00000182185.18"
"ENSG00000182196.13",0.0412061239827941,"ENSG00000182196.13"
"ENSG00000182197.12",0.402923518617309,"ENSG00000182197.12"
"ENSG00000182199.11",0.675843141325372,"ENSG00000182199.11"
"ENSG00000182208.14",0.187346388972783,"ENSG00000182208.14"
"ENSG00000182218.9",0.55334664276076,"ENSG00000182218.9"
"ENSG00000182220.15",-0.141894718695204,"ENSG00000182220.15"
"ENSG00000182240.16",0.624279147974524,"ENSG00000182240.16"
"ENSG00000182247.10",0.534371912495332,"ENSG00000182247.10"
"ENSG00000182253.15",0.503390154833326,"ENSG00000182253.15"
"ENSG00000182272.12",0.697382171559629,"ENSG00000182272.12"
"ENSG00000182287.15",0.266187217812325,"ENSG00000182287.15"
"ENSG00000182307.14",0.520559611287768,"ENSG00000182307.14"
"ENSG00000182325.11",0.373677099718556,"ENSG00000182325.11"
"ENSG00000182326.15",0.506220602096611,"ENSG00000182326.15"
"ENSG00000182333.15",0.222295464914365,"ENSG00000182333.15"
"ENSG00000182362.14",0.242441895003277,"ENSG00000182362.14"
"ENSG00000182372.10",0.238283905768442,"ENSG00000182372.10"
"ENSG00000182400.15",0.0743233653614248,"ENSG00000182400.15"
"ENSG00000182446.14",0.488576176707065,"ENSG00000182446.14"
"ENSG00000182473.22",-0.0190388039163166,"ENSG00000182473.22"
"ENSG00000182481.9",0.759248397715223,"ENSG00000182481.9"
"ENSG00000182492.16",0.674837538075215,"ENSG00000182492.16"
"ENSG00000182504.11",0.183599596156788,"ENSG00000182504.11"
"ENSG00000182511.12",0.607424698761993,"ENSG00000182511.12"
"ENSG00000182512.5",0.41411006356031,"ENSG00000182512.5"
"ENSG00000182534.13",0.701828528422283,"ENSG00000182534.13"
"ENSG00000182541.18",0.57688784997398,"ENSG00000182541.18"
"ENSG00000182544.9",0.367377582215643,"ENSG00000182544.9"
"ENSG00000182551.14",0.0865622375698538,"ENSG00000182551.14"
"ENSG00000182552.15",0.0419797056048332,"ENSG00000182552.15"
"ENSG00000182568.17",0.0728870064700918,"ENSG00000182568.17"
"ENSG00000182578.13",0.54693515422637,"ENSG00000182578.13"
"ENSG00000182580.3",0.664813825846287,"ENSG00000182580.3"
"ENSG00000182606.16",0.248713850674923,"ENSG00000182606.16"
"ENSG00000182621.18",0.629211195781528,"ENSG00000182621.18"
"ENSG00000182628.13",0.271116566552466,"ENSG00000182628.13"
"ENSG00000182636.8",0.162438603369286,"ENSG00000182636.8"
"ENSG00000182667.14",0.634447129123536,"ENSG00000182667.14"
"ENSG00000182670.13",0.332782712570901,"ENSG00000182670.13"
"ENSG00000182704.8",0.4085068108563,"ENSG00000182704.8"
"ENSG00000182712.16",-0.0027498983051876,"ENSG00000182712.16"
"ENSG00000182718.17",0.587816465788547,"ENSG00000182718.17"
"ENSG00000182742.6",0.702642662923279,"ENSG00000182742.6"
"ENSG00000182749.5",0.0778209328790537,"ENSG00000182749.5"
"ENSG00000182752.10",0.5399641860879,"ENSG00000182752.10"
"ENSG00000182768.9",0.176638994623632,"ENSG00000182768.9"
"ENSG00000182795.13",0.848265608961632,"ENSG00000182795.13"
"ENSG00000182809.11",0.68201032935492,"ENSG00000182809.11"
"ENSG00000182810.7",0.17911606031077,"ENSG00000182810.7"
"ENSG00000182827.9",0.518189963062666,"ENSG00000182827.9"
"ENSG00000182831.12",0.389176022763626,"ENSG00000182831.12"
"ENSG00000182836.10",0.341898886374801,"ENSG00000182836.10"
"ENSG00000182858.14",0.174458263517067,"ENSG00000182858.14"
"ENSG00000182866.17",0.592037389856201,"ENSG00000182866.17"
"ENSG00000182871.16",0.540362141335187,"ENSG00000182871.16"
"ENSG00000182872.16",-0.0975002762325758,"ENSG00000182872.16"
"ENSG00000182890.5",0.577045649199913,"ENSG00000182890.5"
"ENSG00000182899.17",0.194357092576125,"ENSG00000182899.17"
"ENSG00000182901.16",0.699551761760496,"ENSG00000182901.16"
"ENSG00000182902.14",0.905559972501127,"ENSG00000182902.14"
"ENSG00000182919.14",0.54780737879214,"ENSG00000182919.14"
"ENSG00000182923.17",0.0315784904277527,"ENSG00000182923.17"
"ENSG00000182934.12",0.321164483963955,"ENSG00000182934.12"
"ENSG00000182944.17",0.39349446117389,"ENSG00000182944.17"
"ENSG00000182952.5",0.534454976435555,"ENSG00000182952.5"
"ENSG00000182968.5",0.722889159758498,"ENSG00000182968.5"
"ENSG00000182973.18",0.121976068819552,"ENSG00000182973.18"
"ENSG00000182979.18",0.421647831686949,"ENSG00000182979.18"
"ENSG00000182985.17",0.693651746446426,"ENSG00000182985.17"
"ENSG00000182986.14",0.598751562415753,"ENSG00000182986.14"
"ENSG00000182993.5",0.342741935483871,"ENSG00000182993.5"
"ENSG00000183010.17",0.778266632039012,"ENSG00000183010.17"
"ENSG00000183011.13",0.201233373036957,"ENSG00000183011.13"
"ENSG00000183020.14",0.615422609110182,"ENSG00000183020.14"
"ENSG00000183023.18",0.734997078601692,"ENSG00000183023.18"
"ENSG00000183032.12",0.31696566100998,"ENSG00000183032.12"
"ENSG00000183036.11",0.51653327849004,"ENSG00000183036.11"
"ENSG00000183044.12",0.699696950243801,"ENSG00000183044.12"
"ENSG00000183048.12",0.501847172140869,"ENSG00000183048.12"
"ENSG00000183049.12",0.589713075135329,"ENSG00000183049.12"
"ENSG00000183072.10",0.330515541548353,"ENSG00000183072.10"
"ENSG00000183077.15",0.447154958606766,"ENSG00000183077.15"
"ENSG00000183087.15",0.709359693088948,"ENSG00000183087.15"
"ENSG00000183091.19",0.569967296065553,"ENSG00000183091.19"
"ENSG00000183098.11",0.633050665380531,"ENSG00000183098.11"
"ENSG00000183111.12",0.510502794866747,"ENSG00000183111.12"
"ENSG00000183137.14",-0.241709401709402,"ENSG00000183137.14"
"ENSG00000183145.9",0.389328063241107,"ENSG00000183145.9"
"ENSG00000183155.5",0.283715945200337,"ENSG00000183155.5"
"ENSG00000183160.9",0.719084983871231,"ENSG00000183160.9"
"ENSG00000183172.9",0.211159230975127,"ENSG00000183172.9"
"ENSG00000183196.10",0.752066460160956,"ENSG00000183196.10"
"ENSG00000183207.14",0.187246525746862,"ENSG00000183207.14"
"ENSG00000183208.12",0.216776535126242,"ENSG00000183208.12"
"ENSG00000183248.12",0.558855393689296,"ENSG00000183248.12"
"ENSG00000183255.12",0.385249931957913,"ENSG00000183255.12"
"ENSG00000183258.12",-0.0207618486085364,"ENSG00000183258.12"
"ENSG00000183283.16",-0.245513807283189,"ENSG00000183283.16"
"ENSG00000183291.17",0.249800319456639,"ENSG00000183291.17"
"ENSG00000183309.11",0.345868275964846,"ENSG00000183309.11"
"ENSG00000183323.13",0.596069327865536,"ENSG00000183323.13"
"ENSG00000183337.17",0.415146926888344,"ENSG00000183337.17"
"ENSG00000183340.7",-0.0472804419419473,"ENSG00000183340.7"
"ENSG00000183347.15",0.919377485826773,"ENSG00000183347.15"
"ENSG00000183386.10",0.460117577574213,"ENSG00000183386.10"
"ENSG00000183421.12",0.262168669169406,"ENSG00000183421.12"
"ENSG00000183431.12",0.0808837927034049,"ENSG00000183431.12"
"ENSG00000183474.15",-0.433371691129412,"ENSG00000183474.15"
"ENSG00000183475.13",0.117852350832301,"ENSG00000183475.13"
"ENSG00000183479.12",0.630647833179479,"ENSG00000183479.12"
"ENSG00000183486.13",0.735868977270349,"ENSG00000183486.13"
"ENSG00000183495.14",0.399603049763546,"ENSG00000183495.14"
"ENSG00000183496.6",0.25389876880985,"ENSG00000183496.6"
"ENSG00000183508.5",0.190329262290583,"ENSG00000183508.5"
"ENSG00000183513.9",0.187763396415512,"ENSG00000183513.9"
"ENSG00000183520.12",0.444030796008105,"ENSG00000183520.12"
"ENSG00000183527.12",0.275627792918637,"ENSG00000183527.12"
"ENSG00000183530.14",0.461901757016825,"ENSG00000183530.14"
"ENSG00000183549.10",0.904924085725445,"ENSG00000183549.10"
"ENSG00000183569.18",0.603739002932551,"ENSG00000183569.18"
"ENSG00000183570.16",0.32338370659887,"ENSG00000183570.16"
"ENSG00000183576.13",0.298089089201347,"ENSG00000183576.13"
"ENSG00000183578.8",0.248701419665479,"ENSG00000183578.8"
"ENSG00000183580.10",0.596619842213132,"ENSG00000183580.10"
"ENSG00000183597.16",0.498280859472289,"ENSG00000183597.16"
"ENSG00000183605.17",0.425110399958391,"ENSG00000183605.17"
"ENSG00000183615.6",0.02637896784304,"ENSG00000183615.6"
"ENSG00000183617.5",0.272044898633296,"ENSG00000183617.5"
"ENSG00000183624.14",0.589631434077843,"ENSG00000183624.14"
"ENSG00000183628.14",0.263063063063063,"ENSG00000183628.14"
"ENSG00000183648.11",0.165982675524945,"ENSG00000183648.11"
"ENSG00000183655.13",0.701056686957392,"ENSG00000183655.13"
"ENSG00000183665.5",0.331387079169571,"ENSG00000183665.5"
"ENSG00000183684.8",0.514276878577439,"ENSG00000183684.8"
"ENSG00000183688.4",0.255329036466429,"ENSG00000183688.4"
"ENSG00000183696.14",0.744781152815789,"ENSG00000183696.14"
"ENSG00000183723.12",0.355792639190516,"ENSG00000183723.12"
"ENSG00000183726.11",0.382628183283695,"ENSG00000183726.11"
"ENSG00000183735.10",0.0476436710649564,"ENSG00000183735.10"
"ENSG00000183741.12",0.180366178987082,"ENSG00000183741.12"
"ENSG00000183742.13",0.710428372210234,"ENSG00000183742.13"
"ENSG00000183751.15",0.273529493760657,"ENSG00000183751.15"
"ENSG00000183762.12",0.413118787606696,"ENSG00000183762.12"
"ENSG00000183765.22",0.730080543648614,"ENSG00000183765.22"
"ENSG00000183778.17",0.683622399439348,"ENSG00000183778.17"
"ENSG00000183779.7",0.66415435568485,"ENSG00000183779.7"
"ENSG00000183785.15",0.0233325568573482,"ENSG00000183785.15"
"ENSG00000183798.5",0.331432085566003,"ENSG00000183798.5"
"ENSG00000183801.8",0.611426382465237,"ENSG00000183801.8"
"ENSG00000183808.11",0.237659346986319,"ENSG00000183808.11"
"ENSG00000183814.15",0.368819552837486,"ENSG00000183814.15"
"ENSG00000183826.18",0.357396533870928,"ENSG00000183826.18"
"ENSG00000183828.15",0.474821935720892,"ENSG00000183828.15"
"ENSG00000183840.7",0.684836799167676,"ENSG00000183840.7"
"ENSG00000183844.17",0.534143761453308,"ENSG00000183844.17"
"ENSG00000183853.18",0.286218128454397,"ENSG00000183853.18"
"ENSG00000183856.11",0.119221786609476,"ENSG00000183856.11"
"ENSG00000183864.5",0.39032150618966,"ENSG00000183864.5"
"ENSG00000183876.9",0.0554419358104688,"ENSG00000183876.9"
"ENSG00000183888.4",0.131855469335476,"ENSG00000183888.4"
"ENSG00000183918.17",0.642056536500864,"ENSG00000183918.17"
"ENSG00000183943.6",0.583041521399881,"ENSG00000183943.6"
"ENSG00000183955.13",0.095021921882215,"ENSG00000183955.13"
"ENSG00000183963.18",0.406587597486969,"ENSG00000183963.18"
"ENSG00000183978.8",0.392274342715383,"ENSG00000183978.8"
"ENSG00000184007.21",0.528436253357702,"ENSG00000184007.21"
"ENSG00000184009.12",0.184657426329887,"ENSG00000184009.12"
"ENSG00000184012.12",0.745207864264343,"ENSG00000184012.12"
"ENSG00000184014.8",0.556559390236557,"ENSG00000184014.8"
"ENSG00000184056.15",0.0845915499045353,"ENSG00000184056.15"
"ENSG00000184058.14",0.599566017264965,"ENSG00000184058.14"
"ENSG00000184060.11",0.412630717305269,"ENSG00000184060.11"
"ENSG00000184076.13",0.0920890848683423,"ENSG00000184076.13"
"ENSG00000184083.12",0.752424115263793,"ENSG00000184083.12"
"ENSG00000184110.15",0.186807249130123,"ENSG00000184110.15"
"ENSG00000184113.9",0.444527437397256,"ENSG00000184113.9"
"ENSG00000184117.12",0.413135373862067,"ENSG00000184117.12"
"ENSG00000184162.15",0.162055675332363,"ENSG00000184162.15"
"ENSG00000184164.14",0.542972452741403,"ENSG00000184164.14"
"ENSG00000184178.16",0.510676031335923,"ENSG00000184178.16"
"ENSG00000184182.18",0.00769174271967677,"ENSG00000184182.18"
"ENSG00000184203.8",0.0855952948612053,"ENSG00000184203.8"
"ENSG00000184205.14",0.0173599262124818,"ENSG00000184205.14"
"ENSG00000184207.9",0.404069355445883,"ENSG00000184207.9"
"ENSG00000184209.15",0.0574673239040389,"ENSG00000184209.15"
"ENSG00000184216.14",0.2107538909482,"ENSG00000184216.14"
"ENSG00000184220.12",0.66051749705224,"ENSG00000184220.12"
"ENSG00000184226.15",0.777985138681031,"ENSG00000184226.15"
"ENSG00000184227.8",0.392892387674982,"ENSG00000184227.8"
"ENSG00000184232.9",0.269785810168266,"ENSG00000184232.9"
"ENSG00000184254.17",0.825787302279078,"ENSG00000184254.17"
"ENSG00000184270.6",0.176928328679804,"ENSG00000184270.6"
"ENSG00000184277.13",-0.074407015054961,"ENSG00000184277.13"
"ENSG00000184281.15",0.182328888541156,"ENSG00000184281.15"
"ENSG00000184292.7",0.701126100330346,"ENSG00000184292.7"
"ENSG00000184304.16",0.579777779964786,"ENSG00000184304.16"
"ENSG00000184305.15",-0.15512607959843,"ENSG00000184305.15"
"ENSG00000184330.12",0.738646168728744,"ENSG00000184330.12"
"ENSG00000184347.15",0.69943441217825,"ENSG00000184347.15"
"ENSG00000184349.13",0.268839782440085,"ENSG00000184349.13"
"ENSG00000184357.5",-0.0416346138480714,"ENSG00000184357.5"
"ENSG00000184363.10",0.751221122683618,"ENSG00000184363.10"
"ENSG00000184368.16",0.609510423383559,"ENSG00000184368.16"
"ENSG00000184371.14",0.446365407548853,"ENSG00000184371.14"
"ENSG00000184374.3",0.305158072923773,"ENSG00000184374.3"
"ENSG00000184381.20",0.437899431453778,"ENSG00000184381.20"
"ENSG00000184384.14",0.38929015290346,"ENSG00000184384.14"
"ENSG00000184402.15",0.518195234200482,"ENSG00000184402.15"
"ENSG00000184428.13",0.149483974325642,"ENSG00000184428.13"
"ENSG00000184432.10",0.39807409486422,"ENSG00000184432.10"
"ENSG00000184436.12",-0.0740248107675126,"ENSG00000184436.12"
"ENSG00000184445.12",0.456750240259695,"ENSG00000184445.12"
"ENSG00000184470.21",0.605670141289699,"ENSG00000184470.21"
"ENSG00000184481.17",0.291984206687158,"ENSG00000184481.17"
"ENSG00000184489.12",0.395684812779586,"ENSG00000184489.12"
"ENSG00000184500.16",0.353181793226488,"ENSG00000184500.16"
"ENSG00000184508.12",0.051207891972461,"ENSG00000184508.12"
"ENSG00000184517.12",0.154939359086641,"ENSG00000184517.12"
"ENSG00000184564.11",0.502638758495055,"ENSG00000184564.11"
"ENSG00000184575.12",0.50308613585709,"ENSG00000184575.12"
"ENSG00000184584.13",0.539775336275896,"ENSG00000184584.13"
"ENSG00000184588.18",0.73535481136733,"ENSG00000184588.18"
"ENSG00000184601.10",0.115884754673425,"ENSG00000184601.10"
"ENSG00000184613.10",0.366316074149525,"ENSG00000184613.10"
"ENSG00000184640.18",0.452330251102937,"ENSG00000184640.18"
"ENSG00000184661.14",0.189002112660944,"ENSG00000184661.14"
"ENSG00000184675.11",0.500294887833849,"ENSG00000184675.11"
"ENSG00000184677.18",0.179269130545923,"ENSG00000184677.18"
"ENSG00000184697.7",0.817372413876428,"ENSG00000184697.7"
"ENSG00000184702.20",0.163646340336393,"ENSG00000184702.20"
"ENSG00000184708.18",0.322592118056379,"ENSG00000184708.18"
"ENSG00000184709.7",0.524244580993212,"ENSG00000184709.7"
"ENSG00000184719.12",0.549109488335988,"ENSG00000184719.12"
"ENSG00000184730.11",0.372114985074748,"ENSG00000184730.11"
"ENSG00000184731.6",0.522009272302736,"ENSG00000184731.6"
"ENSG00000184743.13",0.186645013407021,"ENSG00000184743.13"
"ENSG00000184752.13",-0.1947963424737,"ENSG00000184752.13"
"ENSG00000184787.19",0.311656952201078,"ENSG00000184787.19"
"ENSG00000184792.16",0.554090072960302,"ENSG00000184792.16"
"ENSG00000184811.4",0.514860092702569,"ENSG00000184811.4"
"ENSG00000184828.10",0.343297738748505,"ENSG00000184828.10"
"ENSG00000184831.14",0.525904801093225,"ENSG00000184831.14"
"ENSG00000184840.12",0.5351025562387,"ENSG00000184840.12"
"ENSG00000184857.8",-0.136594218072392,"ENSG00000184857.8"
"ENSG00000184863.11",0.168914444847079,"ENSG00000184863.11"
"ENSG00000184867.14",0.797203757054747,"ENSG00000184867.14"
"ENSG00000184897.6",0.153574686277724,"ENSG00000184897.6"
"ENSG00000184898.7",0.424124283699544,"ENSG00000184898.7"
"ENSG00000184900.16",0.238743862120257,"ENSG00000184900.16"
"ENSG00000184903.10",0.667442044329411,"ENSG00000184903.10"
"ENSG00000184905.9",0.699790854853486,"ENSG00000184905.9"
"ENSG00000184916.9",0.715994326207937,"ENSG00000184916.9"
"ENSG00000184922.14",0.649194306475657,"ENSG00000184922.14"
"ENSG00000184924.5",0.35141247654553,"ENSG00000184924.5"
"ENSG00000184937.15",0.333053085859085,"ENSG00000184937.15"
"ENSG00000184939.16",0.147565611835451,"ENSG00000184939.16"
"ENSG00000184956.16",0.565986730258636,"ENSG00000184956.16"
"ENSG00000184967.7",0.296597320151487,"ENSG00000184967.7"
"ENSG00000184979.10",0.481902902105258,"ENSG00000184979.10"
"ENSG00000184983.11",0.144334041210267,"ENSG00000184983.11"
"ENSG00000184985.16",0.499716691844942,"ENSG00000184985.16"
"ENSG00000184990.13",0.383846015285334,"ENSG00000184990.13"
"ENSG00000184992.13",0.356501943960627,"ENSG00000184992.13"
"ENSG00000185000.12",0.224119304885513,"ENSG00000185000.12"
"ENSG00000185008.17",0.729203721187502,"ENSG00000185008.17"
"ENSG00000185009.12",0.033358897665587,"ENSG00000185009.12"
"ENSG00000185010.15",0.534177784445907,"ENSG00000185010.15"
"ENSG00000185015.8",0.611806596986386,"ENSG00000185015.8"
"ENSG00000185019.17",-0.0524229962777814,"ENSG00000185019.17"
"ENSG00000185022.12",0.0471249830079261,"ENSG00000185022.12"
"ENSG00000185024.17",0.393043148928901,"ENSG00000185024.17"
"ENSG00000185033.14",0.529332158215679,"ENSG00000185033.14"
"ENSG00000185043.12",0.519629683143717,"ENSG00000185043.12"
"ENSG00000185046.18",0.551395228001491,"ENSG00000185046.18"
"ENSG00000185049.16",0.405610385718435,"ENSG00000185049.16"
"ENSG00000185069.2",0.0992022728814896,"ENSG00000185069.2"
"ENSG00000185070.11",0.494358662060791,"ENSG00000185070.11"
"ENSG00000185085.2",0.386318113072712,"ENSG00000185085.2"
"ENSG00000185088.14",0.0948092370293549,"ENSG00000185088.14"
"ENSG00000185090.14",0.638327591061715,"ENSG00000185090.14"
"ENSG00000185100.10",0.734078949187937,"ENSG00000185100.10"
"ENSG00000185104.20",0.263693487780739,"ENSG00000185104.20"
"ENSG00000185112.6",0.50510396951796,"ENSG00000185112.6"
"ENSG00000185115.6",0.00356740421231363,"ENSG00000185115.6"
"ENSG00000185122.11",0.295408583367468,"ENSG00000185122.11"
"ENSG00000185127.6",0.164463254679242,"ENSG00000185127.6"
"ENSG00000185129.7",0.640881550203547,"ENSG00000185129.7"
"ENSG00000185133.14",0.196886853720081,"ENSG00000185133.14"
"ENSG00000185163.10",0.465499453572103,"ENSG00000185163.10"
"ENSG00000185164.14",-0.0220489908078405,"ENSG00000185164.14"
"ENSG00000185187.13",0.582092272027884,"ENSG00000185187.13"
"ENSG00000185189.18",0.617541459639952,"ENSG00000185189.18"
"ENSG00000185198.11",-0.0469583117763453,"ENSG00000185198.11"
"ENSG00000185201.16",0.255370659636883,"ENSG00000185201.16"
"ENSG00000185215.10",0.544620363203945,"ENSG00000185215.10"
"ENSG00000185220.12",0.403806512879992,"ENSG00000185220.12"
"ENSG00000185236.12",0.291404027834508,"ENSG00000185236.12"
"ENSG00000185238.13",0.504480513770943,"ENSG00000185238.13"
"ENSG00000185245.8",0.0255910474711962,"ENSG00000185245.8"
"ENSG00000185246.18",0.295733737053816,"ENSG00000185246.18"
"ENSG00000185252.19",0.140323462621273,"ENSG00000185252.19"
"ENSG00000185261.14",-0.677151977896839,"ENSG00000185261.14"
"ENSG00000185262.9",0.228725313768664,"ENSG00000185262.9"
"ENSG00000185267.10",0.0736054757067989,"ENSG00000185267.10"
"ENSG00000185272.14",0.566184649610678,"ENSG00000185272.14"
"ENSG00000185278.15",0.0558396744792068,"ENSG00000185278.15"
"ENSG00000185298.13",0.107340010482104,"ENSG00000185298.13"
"ENSG00000185305.11",-0.0194314844240351,"ENSG00000185305.11"
"ENSG00000185324.22",-0.0905594602811998,"ENSG00000185324.22"
"ENSG00000185339.9",0.662957246509374,"ENSG00000185339.9"
"ENSG00000185340.15",0.52323872569819,"ENSG00000185340.15"
"ENSG00000185344.14",0.41045626291873,"ENSG00000185344.14"
"ENSG00000185345.23",0.766747853381798,"ENSG00000185345.23"
"ENSG00000185347.17",0.377975441936883,"ENSG00000185347.17"
"ENSG00000185359.13",0.342444251582289,"ENSG00000185359.13"
"ENSG00000185361.9",0.306380845211574,"ENSG00000185361.9"
"ENSG00000185379.20",0.311307629323345,"ENSG00000185379.20"
"ENSG00000185386.15",0.619834452812086,"ENSG00000185386.15"
"ENSG00000185404.16",0.336279065544455,"ENSG00000185404.16"
"ENSG00000185418.16",0.545788955385082,"ENSG00000185418.16"
"ENSG00000185420.19",0.360806891322101,"ENSG00000185420.19"
"ENSG00000185432.12",0.5966165021428,"ENSG00000185432.12"
"ENSG00000185442.13",0.560906647060437,"ENSG00000185442.13"
"ENSG00000185448.10",0.122815870709042,"ENSG00000185448.10"
"ENSG00000185453.13",-0.0876204817011574,"ENSG00000185453.13"
"ENSG00000185475.11",0.257910360652035,"ENSG00000185475.11"
"ENSG00000185477.5",0.374285122954817,"ENSG00000185477.5"
"ENSG00000185479.6",0.896429029978961,"ENSG00000185479.6"
"ENSG00000185482.8",0.353213061401912,"ENSG00000185482.8"
"ENSG00000185483.12",0.285267265545959,"ENSG00000185483.12"
"ENSG00000185499.16",0.669032340176023,"ENSG00000185499.16"
"ENSG00000185504.17",0.354182459857153,"ENSG00000185504.17"
"ENSG00000185507.21",0.302019852413493,"ENSG00000185507.21"
"ENSG00000185515.14",-0.165256830619545,"ENSG00000185515.14"
"ENSG00000185532.20",0.681851375636743,"ENSG00000185532.20"
"ENSG00000185551.15",0.64602750537164,"ENSG00000185551.15"
"ENSG00000185565.12",0.76068066230569,"ENSG00000185565.12"
"ENSG00000185567.7",0.834611572318113,"ENSG00000185567.7"
"ENSG00000185585.20",0.406316864439214,"ENSG00000185585.20"
"ENSG00000185591.10",0.268442992961761,"ENSG00000185591.10"
"ENSG00000185608.8",0.151975948489041,"ENSG00000185608.8"
"ENSG00000185619.18",0.0980476128325292,"ENSG00000185619.18"
"ENSG00000185621.11",0.030374560447388,"ENSG00000185621.11"
"ENSG00000185624.15",0.57103511017745,"ENSG00000185624.15"
"ENSG00000185627.18",0.0303756806763112,"ENSG00000185627.18"
"ENSG00000185630.19",0.717280609801757,"ENSG00000185630.19"
"ENSG00000185633.10",0.850785043397879,"ENSG00000185633.10"
"ENSG00000185634.12",0.711175616835994,"ENSG00000185634.12"
"ENSG00000185640.6",0.241533845562602,"ENSG00000185640.6"
"ENSG00000185650.10",0.44057755550686,"ENSG00000185650.10"
"ENSG00000185651.15",0.276021765232735,"ENSG00000185651.15"
"ENSG00000185658.13",0.0986244178230053,"ENSG00000185658.13"
"ENSG00000185670.9",0.299757071912081,"ENSG00000185670.9"
"ENSG00000185686.18",0.748123968540535,"ENSG00000185686.18"
"ENSG00000185721.13",0.459416740285417,"ENSG00000185721.13"
"ENSG00000185722.18",0.59485648749559,"ENSG00000185722.18"
"ENSG00000185728.17",0.392249557088601,"ENSG00000185728.17"
"ENSG00000185730.8",0.0881179646532615,"ENSG00000185730.8"
"ENSG00000185739.13",0.668354198879412,"ENSG00000185739.13"
"ENSG00000185745.10",0.70134624666306,"ENSG00000185745.10"
"ENSG00000185753.13",0.215736267643989,"ENSG00000185753.13"
"ENSG00000185760.15",-0.235476516301122,"ENSG00000185760.15"
"ENSG00000185761.11",-0.264805368456179,"ENSG00000185761.11"
"ENSG00000185787.15",-0.172582812987642,"ENSG00000185787.15"
"ENSG00000185798.8",0.461881252496609,"ENSG00000185798.8"
"ENSG00000185800.12",0.521838316866265,"ENSG00000185800.12"
"ENSG00000185803.11",0.485108815705893,"ENSG00000185803.11"
"ENSG00000185811.19",0.608761724472366,"ENSG00000185811.19"
"ENSG00000185813.11",0.282651054799366,"ENSG00000185813.11"
"ENSG00000185825.17",0.422357917781782,"ENSG00000185825.17"
"ENSG00000185838.14",0.486423371149108,"ENSG00000185838.14"
"ENSG00000185862.7",0.387345595284962,"ENSG00000185862.7"
"ENSG00000185869.14",0.336693548387097,"ENSG00000185869.14"
"ENSG00000185875.13",0.670110975916709,"ENSG00000185875.13"
"ENSG00000185896.11",0.402033572369011,"ENSG00000185896.11"
"ENSG00000185900.10",0.704300015259032,"ENSG00000185900.10"
"ENSG00000185905.4",0.445595582413649,"ENSG00000185905.4"
"ENSG00000185909.15",0.330566026107543,"ENSG00000185909.15"
"ENSG00000185915.5",0.344626093408416,"ENSG00000185915.5"
"ENSG00000185924.7",0.435840842361041,"ENSG00000185924.7"
"ENSG00000185946.16",-0.00611405367224407,"ENSG00000185946.16"
"ENSG00000185947.15",0.0462573465502614,"ENSG00000185947.15"
"ENSG00000185950.9",0.624507666471565,"ENSG00000185950.9"
"ENSG00000185963.14",0.768888083413425,"ENSG00000185963.14"
"ENSG00000185973.11",0.640891641633506,"ENSG00000185973.11"
"ENSG00000185989.11",0.562685145204698,"ENSG00000185989.11"
"ENSG00000186001.14",0.375082272403679,"ENSG00000186001.14"
"ENSG00000186010.19",0.415129190813559,"ENSG00000186010.19"
"ENSG00000186017.14",0.642079620398402,"ENSG00000186017.14"
"ENSG00000186049.8",-0.228407675317315,"ENSG00000186049.8"
"ENSG00000186063.13",0.181140383850505,"ENSG00000186063.13"
"ENSG00000186073.14",-0.241090044674233,"ENSG00000186073.14"
"ENSG00000186074.19",0.459154344749651,"ENSG00000186074.19"
"ENSG00000186081.12",0.863565060088426,"ENSG00000186081.12"
"ENSG00000186106.11",0.216834405363585,"ENSG00000186106.11"
"ENSG00000186111.10",0.466831479257218,"ENSG00000186111.10"
"ENSG00000186132.15",0.450141144246837,"ENSG00000186132.15"
"ENSG00000186141.9",0.0596818220702731,"ENSG00000186141.9"
"ENSG00000186153.17",0.474759010071474,"ENSG00000186153.17"
"ENSG00000186160.5",0.755035140435503,"ENSG00000186160.5"
"ENSG00000186166.9",0.0498878146454305,"ENSG00000186166.9"
"ENSG00000186174.12",0.276646782043131,"ENSG00000186174.12"
"ENSG00000186184.19",-0.00419229094420534,"ENSG00000186184.19"
"ENSG00000186185.14",0.358269759211122,"ENSG00000186185.14"
"ENSG00000186187.12",0.463918901197103,"ENSG00000186187.12"
"ENSG00000186193.9",0.384310288848938,"ENSG00000186193.9"
"ENSG00000186197.15",0.682540352804684,"ENSG00000186197.15"
"ENSG00000186204.15",0.735811423698054,"ENSG00000186204.15"
"ENSG00000186205.13",0.636345092090746,"ENSG00000186205.13"
"ENSG00000186212.4",0.516611936875863,"ENSG00000186212.4"
"ENSG00000186222.5",0.187423391765741,"ENSG00000186222.5"
"ENSG00000186260.17",0.697780268887313,"ENSG00000186260.17"
"ENSG00000186281.12",0.427508480140059,"ENSG00000186281.12"
"ENSG00000186283.14",0.264918303853174,"ENSG00000186283.14"
"ENSG00000186298.12",-0.201873189928627,"ENSG00000186298.12"
"ENSG00000186329.9",0.0725275919172927,"ENSG00000186329.9"
"ENSG00000186340.15",0.68904311372636,"ENSG00000186340.15"
"ENSG00000186350.12",0.569174303259908,"ENSG00000186350.12"
"ENSG00000186377.8",0.697006008198277,"ENSG00000186377.8"
"ENSG00000186416.16",0.508324443692876,"ENSG00000186416.16"
"ENSG00000186432.9",0.110078930857952,"ENSG00000186432.9"
"ENSG00000186439.14",0.519649842423383,"ENSG00000186439.14"
"ENSG00000186442.7",-0.0646963606998774,"ENSG00000186442.7"
"ENSG00000186446.12",0.080160899954675,"ENSG00000186446.12"
"ENSG00000186468.13",0.114894834025553,"ENSG00000186468.13"
"ENSG00000186469.8",0.592844909241488,"ENSG00000186469.8"
"ENSG00000186470.14",0.498633948754661,"ENSG00000186470.14"
"ENSG00000186472.20",0.116344553637806,"ENSG00000186472.20"
"ENSG00000186474.15",0.686896549751496,"ENSG00000186474.15"
"ENSG00000186501.14",0.421042857128886,"ENSG00000186501.14"
"ENSG00000186517.14",0.645573648189737,"ENSG00000186517.14"
"ENSG00000186522.15",0.0287475347560154,"ENSG00000186522.15"
"ENSG00000186532.12",0.197317303108729,"ENSG00000186532.12"
"ENSG00000186566.13",0.255927082248954,"ENSG00000186566.13"
"ENSG00000186575.19",0.452371958556094,"ENSG00000186575.19"
"ENSG00000186577.14",0.313768272297429,"ENSG00000186577.14"
"ENSG00000186591.13",0.7315793867829,"ENSG00000186591.13"
"ENSG00000186603.6",0.529291301574519,"ENSG00000186603.6"
"ENSG00000186625.14",0.110188081602384,"ENSG00000186625.14"
"ENSG00000186635.14",0.37161876206293,"ENSG00000186635.14"
"ENSG00000186638.16",0.737495026525038,"ENSG00000186638.16"
"ENSG00000186642.16",0.589582817107254,"ENSG00000186642.16"
"ENSG00000186652.10",0.171800659034212,"ENSG00000186652.10"
"ENSG00000186654.21",0.433495563163888,"ENSG00000186654.21"
"ENSG00000186660.15",0.171089625727553,"ENSG00000186660.15"
"ENSG00000186665.9",0.134315728454358,"ENSG00000186665.9"
"ENSG00000186666.6",0.000180971437483048,"ENSG00000186666.6"
"ENSG00000186684.14",0.848413417629563,"ENSG00000186684.14"
"ENSG00000186687.16",0.209773347384062,"ENSG00000186687.16"
"ENSG00000186716.21",0.7229044595876,"ENSG00000186716.21"
"ENSG00000186767.7",0.241266968325792,"ENSG00000186767.7"
"ENSG00000186812.13",0.12470001000064,"ENSG00000186812.13"
"ENSG00000186814.14",0.541508588725056,"ENSG00000186814.14"
"ENSG00000186815.12",0.276125535642943,"ENSG00000186815.12"
"ENSG00000186818.12",0.537763877796955,"ENSG00000186818.12"
"ENSG00000186832.9",0.864996174271018,"ENSG00000186832.9"
"ENSG00000186834.4",0.513162094133514,"ENSG00000186834.4"
"ENSG00000186847.6",0.866046976550338,"ENSG00000186847.6"
"ENSG00000186866.16",0.519349894257549,"ENSG00000186866.16"
"ENSG00000186868.15",0.847894306003716,"ENSG00000186868.15"
"ENSG00000186871.7",0.550263954571826,"ENSG00000186871.7"
"ENSG00000186889.10",0.327895925829585,"ENSG00000186889.10"
"ENSG00000186891.14",0.583586975347293,"ENSG00000186891.14"
"ENSG00000186907.8",0.34249385045035,"ENSG00000186907.8"
"ENSG00000186908.14",0.292874980437168,"ENSG00000186908.14"
"ENSG00000186910.4",0.637435745579675,"ENSG00000186910.4"
"ENSG00000186918.14",0.430070845867018,"ENSG00000186918.14"
"ENSG00000186994.11",0.622305410781409,"ENSG00000186994.11"
"ENSG00000187017.17",0.420386026118718,"ENSG00000187017.17"
"ENSG00000187024.15",0.330858765647898,"ENSG00000187024.15"
"ENSG00000187051.9",-0.0851031808635976,"ENSG00000187051.9"
"ENSG00000187079.19",0.0016986693873703,"ENSG00000187079.19"
"ENSG00000187091.13",0.68615293584689,"ENSG00000187091.13"
"ENSG00000187097.12",0.626585994854629,"ENSG00000187097.12"
"ENSG00000187098.15",0.594668582231106,"ENSG00000187098.15"
"ENSG00000187109.14",0.0141783869746911,"ENSG00000187109.14"
"ENSG00000187118.14",0.353326567540649,"ENSG00000187118.14"
"ENSG00000187122.17",0.274029600127829,"ENSG00000187122.17"
"ENSG00000187134.14",0.764630913794821,"ENSG00000187134.14"
"ENSG00000187147.18",0.127615781827251,"ENSG00000187147.18"
"ENSG00000187151.7",0.151466624421311,"ENSG00000187151.7"
"ENSG00000187164.20",0.703735800229161,"ENSG00000187164.20"
"ENSG00000187189.11",0.630995396880749,"ENSG00000187189.11"
"ENSG00000187193.9",0.461082948244636,"ENSG00000187193.9"
"ENSG00000187210.14",0.707726899419345,"ENSG00000187210.14"
"ENSG00000187231.14",0.641227396934594,"ENSG00000187231.14"
"ENSG00000187239.17",0.437849450701875,"ENSG00000187239.17"
"ENSG00000187240.16",0.410939377456202,"ENSG00000187240.16"
"ENSG00000187242.6",-0.150666502500246,"ENSG00000187242.6"
"ENSG00000187244.12",0.79679867336775,"ENSG00000187244.12"
"ENSG00000187257.16",0.166670351340122,"ENSG00000187257.16"
"ENSG00000187325.5",0.193639716583936,"ENSG00000187325.5"
"ENSG00000187391.21",0.523237842141259,"ENSG00000187391.21"
"ENSG00000187446.12",0.116264586172926,"ENSG00000187446.12"
"ENSG00000187475.6",-0.121227090595831,"ENSG00000187475.6"
"ENSG00000187479.8",0.531361366164765,"ENSG00000187479.8"
"ENSG00000187486.5",-0.0902253438688909,"ENSG00000187486.5"
"ENSG00000187498.16",0.109472117969427,"ENSG00000187498.16"
"ENSG00000187514.16",0.456589458579609,"ENSG00000187514.16"
"ENSG00000187522.16",0.422723682787447,"ENSG00000187522.16"
"ENSG00000187531.14",0.259415565334385,"ENSG00000187531.14"
"ENSG00000187535.14",0.633689103979327,"ENSG00000187535.14"
"ENSG00000187554.14",0.269382066542501,"ENSG00000187554.14"
"ENSG00000187566.6",0.00150811485909541,"ENSG00000187566.6"
"ENSG00000187583.11",0.364839225240438,"ENSG00000187583.11"
"ENSG00000187601.5",-0.126729431071495,"ENSG00000187601.5"
"ENSG00000187605.15",-0.128228122591225,"ENSG00000187605.15"
"ENSG00000187608.10",0.54629055481886,"ENSG00000187608.10"
"ENSG00000187609.16",-0.421132929743933,"ENSG00000187609.16"
"ENSG00000187624.9",0.513638994443218,"ENSG00000187624.9"
"ENSG00000187626.9",0.0696918004191309,"ENSG00000187626.9"
"ENSG00000187634.12",0.532925812725757,"ENSG00000187634.12"
"ENSG00000187650.4",0.393507493411284,"ENSG00000187650.4"
"ENSG00000187676.8",0.457186246000969,"ENSG00000187676.8"
"ENSG00000187678.9",0.507293388965223,"ENSG00000187678.9"
"ENSG00000187688.15",0.398197376073212,"ENSG00000187688.15"
"ENSG00000187690.4",0.529740255487506,"ENSG00000187690.4"
"ENSG00000187699.10",0.531716176483622,"ENSG00000187699.10"
"ENSG00000187720.14",0.818588999288677,"ENSG00000187720.14"
"ENSG00000187735.14",0.300389464136936,"ENSG00000187735.14"
"ENSG00000187736.12",0.319830063006174,"ENSG00000187736.12"
"ENSG00000187741.15",0.209703789573445,"ENSG00000187741.15"
"ENSG00000187742.15",0.161285371090626,"ENSG00000187742.15"
"ENSG00000187758.8",-0.0173907129992735,"ENSG00000187758.8"
"ENSG00000187764.11",0.606562146546197,"ENSG00000187764.11"
"ENSG00000187772.8",0.555492951441823,"ENSG00000187772.8"
"ENSG00000187778.14",0.091286523764276,"ENSG00000187778.14"
"ENSG00000187796.15",0.275189291062119,"ENSG00000187796.15"
"ENSG00000187800.13",0.244141359675029,"ENSG00000187800.13"
"ENSG00000187808.5",0.228436263260911,"ENSG00000187808.5"
"ENSG00000187837.4",-0.187706911821209,"ENSG00000187837.4"
"ENSG00000187838.17",0.10388599651053,"ENSG00000187838.17"
"ENSG00000187840.5",0.361136642921251,"ENSG00000187840.5"
"ENSG00000187866.10",0.18852216489386,"ENSG00000187866.10"
"ENSG00000187867.10",0.653846460175888,"ENSG00000187867.10"
"ENSG00000187908.19",0.740324749154962,"ENSG00000187908.19"
"ENSG00000187922.14",-0.173467836317277,"ENSG00000187922.14"
"ENSG00000187954.12",0.249980503496958,"ENSG00000187954.12"
"ENSG00000187955.12",0.679497837925431,"ENSG00000187955.12"
"ENSG00000187994.14",0.543082034825914,"ENSG00000187994.14"
"ENSG00000188001.10",0.245412517351065,"ENSG00000188001.10"
"ENSG00000188015.10",0.326950277183535,"ENSG00000188015.10"
"ENSG00000188021.8",0.271118271522519,"ENSG00000188021.8"
"ENSG00000188026.13",0.525171674160843,"ENSG00000188026.13"
"ENSG00000188033.10",0.177922077922078,"ENSG00000188033.10"
"ENSG00000188042.8",0.684305902320888,"ENSG00000188042.8"
"ENSG00000188060.7",0.633516764032753,"ENSG00000188060.7"
"ENSG00000188064.10",0.649389799311805,"ENSG00000188064.10"
"ENSG00000188070.9",0.477540797384544,"ENSG00000188070.9"
"ENSG00000188112.9",0.671717623345564,"ENSG00000188112.9"
"ENSG00000188130.14",0.521669012692579,"ENSG00000188130.14"
"ENSG00000188153.14",-0.356781087623948,"ENSG00000188153.14"
"ENSG00000188157.15",0.418994519069337,"ENSG00000188157.15"
"ENSG00000188158.15",0.681670334198635,"ENSG00000188158.15"
"ENSG00000188167.9",-0.0612465179734986,"ENSG00000188167.9"
"ENSG00000188176.12",0.541341496201854,"ENSG00000188176.12"
"ENSG00000188177.14",0.167365226708963,"ENSG00000188177.14"
"ENSG00000188186.10",0.0401706580457959,"ENSG00000188186.10"
"ENSG00000188191.15",0.228330919031046,"ENSG00000188191.15"
"ENSG00000188215.10",0.285359318893769,"ENSG00000188215.10"
"ENSG00000188229.6",0.37673639121233,"ENSG00000188229.6"
"ENSG00000188243.12",-0.358814482394711,"ENSG00000188243.12"
"ENSG00000188257.11",0.594299769977994,"ENSG00000188257.11"
"ENSG00000188266.14",0.0730658726790943,"ENSG00000188266.14"
"ENSG00000188290.11",0.143446852425181,"ENSG00000188290.11"
"ENSG00000188293.6",0.723518904253546,"ENSG00000188293.6"
"ENSG00000188295.14",-0.500215849522047,"ENSG00000188295.14"
"ENSG00000188305.6",0.50917986982029,"ENSG00000188305.6"
"ENSG00000188312.14",0.587918623368454,"ENSG00000188312.14"
"ENSG00000188313.13",0.472798909553595,"ENSG00000188313.13"
"ENSG00000188342.12",0.244862325742511,"ENSG00000188342.12"
"ENSG00000188343.13",0.148221756116158,"ENSG00000188343.13"
"ENSG00000188352.12",0.302920165548639,"ENSG00000188352.12"
"ENSG00000188403.7",-0.0991919312370206,"ENSG00000188403.7"
"ENSG00000188404.10",0.462512384300981,"ENSG00000188404.10"
"ENSG00000188419.14",-0.0232365446427775,"ENSG00000188419.14"
"ENSG00000188428.20",0.181520618558068,"ENSG00000188428.20"
"ENSG00000188486.3",0.261289857518047,"ENSG00000188486.3"
"ENSG00000188488.14",0.589567666215203,"ENSG00000188488.14"
"ENSG00000188493.15",0.125878057170759,"ENSG00000188493.15"
"ENSG00000188505.5",0.826887495044823,"ENSG00000188505.5"
"ENSG00000188508.11",0.849356139539477,"ENSG00000188508.11"
"ENSG00000188522.15",0.741772067640724,"ENSG00000188522.15"
"ENSG00000188529.15",0.311590558689979,"ENSG00000188529.15"
"ENSG00000188549.12",0.493835611150549,"ENSG00000188549.12"
"ENSG00000188554.14",0.0637295757087935,"ENSG00000188554.14"
"ENSG00000188559.15",0.549830280073362,"ENSG00000188559.15"
"ENSG00000188566.14",0.32101667859227,"ENSG00000188566.14"
"ENSG00000188573.8",0.216336527912631,"ENSG00000188573.8"
"ENSG00000188612.12",0.215881850865702,"ENSG00000188612.12"
"ENSG00000188613.7",0.470769230769231,"ENSG00000188613.7"
"ENSG00000188620.11",0.412876753941748,"ENSG00000188620.11"
"ENSG00000188641.14",0.734755683090284,"ENSG00000188641.14"
"ENSG00000188643.11",0.651827214523145,"ENSG00000188643.11"
"ENSG00000188647.13",0.371817889942138,"ENSG00000188647.13"
"ENSG00000188677.14",0.428103634698585,"ENSG00000188677.14"
"ENSG00000188687.17",0.523076923076923,"ENSG00000188687.17"
"ENSG00000188690.15",0.143703140223477,"ENSG00000188690.15"
"ENSG00000188706.13",0.307681016474514,"ENSG00000188706.13"
"ENSG00000188725.8",-0.0185562855592629,"ENSG00000188725.8"
"ENSG00000188732.11",0.547761450397279,"ENSG00000188732.11"
"ENSG00000188735.13",0.27416455749877,"ENSG00000188735.13"
"ENSG00000188739.15",0.324930386777429,"ENSG00000188739.15"
"ENSG00000188747.8",0.624485941638945,"ENSG00000188747.8"
"ENSG00000188760.10",0.512046691497441,"ENSG00000188760.10"
"ENSG00000188761.13",0.85363739487585,"ENSG00000188761.13"
"ENSG00000188783.6",0.76309261909224,"ENSG00000188783.6"
"ENSG00000188785.12",-0.0770886203453544,"ENSG00000188785.12"
"ENSG00000188786.10",-0.0939506867920699,"ENSG00000188786.10"
"ENSG00000188807.13",0.41256795794063,"ENSG00000188807.13"
"ENSG00000188811.14",0.401135800305336,"ENSG00000188811.14"
"ENSG00000188820.13",0.419087892399189,"ENSG00000188820.13"
"ENSG00000188827.11",0.415997762732419,"ENSG00000188827.11"
"ENSG00000188833.10",0.596341263631057,"ENSG00000188833.10"
"ENSG00000188846.14",0.388930096436214,"ENSG00000188846.14"
"ENSG00000188878.19",0.273104901176238,"ENSG00000188878.19"
"ENSG00000188883.5",0.693903302334984,"ENSG00000188883.5"
"ENSG00000188895.12",0.297744239248434,"ENSG00000188895.12"
"ENSG00000188906.16",0.726274992506804,"ENSG00000188906.16"
"ENSG00000188917.15",0.0566635120044217,"ENSG00000188917.15"
"ENSG00000188921.14",0.387915728518588,"ENSG00000188921.14"
"ENSG00000188959.9",0.406901876506415,"ENSG00000188959.9"
"ENSG00000188976.11",0.171023341517227,"ENSG00000188976.11"
"ENSG00000188986.8",-0.083178677900149,"ENSG00000188986.8"
"ENSG00000188994.13",0.208291705732847,"ENSG00000188994.13"
"ENSG00000188997.8",0.434032248597481,"ENSG00000188997.8"
"ENSG00000189001.11",0.641828190008123,"ENSG00000189001.11"
"ENSG00000189007.16",0.370085624578376,"ENSG00000189007.16"
"ENSG00000189042.13",0.0311688311688312,"ENSG00000189042.13"
"ENSG00000189043.10",0.29210051406256,"ENSG00000189043.10"
"ENSG00000189046.11",0.401609376294237,"ENSG00000189046.11"
"ENSG00000189050.16",0.0808525224901388,"ENSG00000189050.16"
"ENSG00000189057.11",0.51600357421042,"ENSG00000189057.11"
"ENSG00000189058.9",0.474053429337606,"ENSG00000189058.9"
"ENSG00000189060.5",0.422145133317656,"ENSG00000189060.5"
"ENSG00000189077.11",0.459903508116486,"ENSG00000189077.11"
"ENSG00000189079.17",-0.32191788926437,"ENSG00000189079.17"
"ENSG00000189091.13",0.167808012533231,"ENSG00000189091.13"
"ENSG00000189114.8",0.138314701881794,"ENSG00000189114.8"
"ENSG00000189120.5",0.618681138301932,"ENSG00000189120.5"
"ENSG00000189129.14",0.63869444141522,"ENSG00000189129.14"
"ENSG00000189143.9",0.536431043971306,"ENSG00000189143.9"
"ENSG00000189159.16",0.473471126977044,"ENSG00000189159.16"
"ENSG00000189171.14",0.649553653392618,"ENSG00000189171.14"
"ENSG00000189180.16",0.637900530447421,"ENSG00000189180.16"
"ENSG00000189182.10",0.19980144395356,"ENSG00000189182.10"
"ENSG00000189184.11",0.389798632835966,"ENSG00000189184.11"
"ENSG00000189195.14",0.166583216294112,"ENSG00000189195.14"
"ENSG00000189221.9",0.855628845206605,"ENSG00000189221.9"
"ENSG00000189241.8",0.0172202328879152,"ENSG00000189241.8"
"ENSG00000189266.13",0.211304347826087,"ENSG00000189266.13"
"ENSG00000189283.10",0.75186622714584,"ENSG00000189283.10"
"ENSG00000189298.14",-0.0204433412240565,"ENSG00000189298.14"
"ENSG00000189306.11",0.292038226869559,"ENSG00000189306.11"
"ENSG00000189308.11",0.143129845430348,"ENSG00000189308.11"
"ENSG00000189319.14",0.228683216638523,"ENSG00000189319.14"
"ENSG00000189320.9",0.720965253298692,"ENSG00000189320.9"
"ENSG00000189334.9",0.829125660997516,"ENSG00000189334.9"
"ENSG00000189337.17",0.641366417655612,"ENSG00000189337.17"
"ENSG00000189339.12",0.0725965161577711,"ENSG00000189339.12"
"ENSG00000189367.15",0.533785031489061,"ENSG00000189367.15"
"ENSG00000189369.9",0.711963180263615,"ENSG00000189369.9"
"ENSG00000189376.12",0.396133765120133,"ENSG00000189376.12"
"ENSG00000189403.15",0.431877388201428,"ENSG00000189403.15"
"ENSG00000189409.14",0.61075961626803,"ENSG00000189409.14"
"ENSG00000189420.8",0.337761780104712,"ENSG00000189420.8"
"ENSG00000189431.8",0.659942968359757,"ENSG00000189431.8"
"ENSG00000196072.12",0.0496579219985537,"ENSG00000196072.12"
"ENSG00000196083.10",0.758252005317286,"ENSG00000196083.10"
"ENSG00000196090.12",0.44121219627715,"ENSG00000196090.12"
"ENSG00000196091.15",0.560682786132371,"ENSG00000196091.15"
"ENSG00000196116.8",0.10094149292889,"ENSG00000196116.8"
"ENSG00000196126.11",0.541715366361509,"ENSG00000196126.11"
"ENSG00000196132.14",0.832408923119869,"ENSG00000196132.14"
"ENSG00000196136.18",0.406167224754272,"ENSG00000196136.18"
"ENSG00000196139.14",0.776179587473797,"ENSG00000196139.14"
"ENSG00000196141.14",0.565959793359659,"ENSG00000196141.14"
"ENSG00000196150.13",0.237914751088787,"ENSG00000196150.13"
"ENSG00000196151.10",0.401758283077992,"ENSG00000196151.10"
"ENSG00000196154.12",0.709490546481318,"ENSG00000196154.12"
"ENSG00000196155.13",0.418017302746853,"ENSG00000196155.13"
"ENSG00000196159.12",0.252711514145199,"ENSG00000196159.12"
"ENSG00000196177.13",0.664790527096685,"ENSG00000196177.13"
"ENSG00000196187.12",0.644331318110848,"ENSG00000196187.12"
"ENSG00000196188.11",0.90266658898027,"ENSG00000196188.11"
"ENSG00000196189.13",0.511714882842824,"ENSG00000196189.13"
"ENSG00000196199.14",-0.014854809538326,"ENSG00000196199.14"
"ENSG00000196208.14",0.348067466145676,"ENSG00000196208.14"
"ENSG00000196220.16",0.683003011525671,"ENSG00000196220.16"
"ENSG00000196228.3",0.61578637134745,"ENSG00000196228.3"
"ENSG00000196230.13",0.456648294405173,"ENSG00000196230.13"
"ENSG00000196233.13",0.268819018802446,"ENSG00000196233.13"
"ENSG00000196235.14",0.395009023876118,"ENSG00000196235.14"
"ENSG00000196236.13",0.0461663429834986,"ENSG00000196236.13"
"ENSG00000196275.14",0.306862356310721,"ENSG00000196275.14"
"ENSG00000196277.16",-0.0061585268022135,"ENSG00000196277.16"
"ENSG00000196284.17",0.163023557871477,"ENSG00000196284.17"
"ENSG00000196290.15",0.114235368085947,"ENSG00000196290.15"
"ENSG00000196296.14",0.268698763945733,"ENSG00000196296.14"
"ENSG00000196305.17",0.259026212520875,"ENSG00000196305.17"
"ENSG00000196313.11",0.401437533295619,"ENSG00000196313.11"
"ENSG00000196323.14",0.272341094640769,"ENSG00000196323.14"
"ENSG00000196352.16",0.712191873163194,"ENSG00000196352.16"
"ENSG00000196353.11",0.809318095598869,"ENSG00000196353.11"
"ENSG00000196363.9",0.269008628245395,"ENSG00000196363.9"
"ENSG00000196365.12",0.626150712040575,"ENSG00000196365.12"
"ENSG00000196367.13",0.309986056609097,"ENSG00000196367.13"
"ENSG00000196368.5",0.800433515185363,"ENSG00000196368.5"
"ENSG00000196372.13",0.672167168429531,"ENSG00000196372.13"
"ENSG00000196387.9",0.41405143335027,"ENSG00000196387.9"
"ENSG00000196396.10",0.509215787975006,"ENSG00000196396.10"
"ENSG00000196405.13",0.550365732490023,"ENSG00000196405.13"
"ENSG00000196411.10",0.525572553112632,"ENSG00000196411.10"
"ENSG00000196415.10",-0.0802367240008997,"ENSG00000196415.10"
"ENSG00000196419.12",0.231338470824169,"ENSG00000196419.12"
"ENSG00000196428.12",0.337970256312949,"ENSG00000196428.12"
"ENSG00000196440.11",0.672516226050824,"ENSG00000196440.11"
"ENSG00000196449.4",0.349283212999665,"ENSG00000196449.4"
"ENSG00000196453.8",-0.0118704674091392,"ENSG00000196453.8"
"ENSG00000196455.8",0.263633914347969,"ENSG00000196455.8"
"ENSG00000196465.10",0.469618686721038,"ENSG00000196465.10"
"ENSG00000196470.12",0.0434980948767483,"ENSG00000196470.12"
"ENSG00000196482.18",0.0549682875264271,"ENSG00000196482.18"
"ENSG00000196497.17",0.695163751860092,"ENSG00000196497.17"
"ENSG00000196498.13",0.148813813634984,"ENSG00000196498.13"
"ENSG00000196502.11",0.498222244633416,"ENSG00000196502.11"
"ENSG00000196504.18",0.186522652645333,"ENSG00000196504.18"
"ENSG00000196505.11",0.208304102600369,"ENSG00000196505.11"
"ENSG00000196507.11",0.130160925896216,"ENSG00000196507.11"
"ENSG00000196510.12",-0.0143259495337147,"ENSG00000196510.12"
"ENSG00000196511.14",0.613728747830705,"ENSG00000196511.14"
"ENSG00000196517.13",0.722087767379749,"ENSG00000196517.13"
"ENSG00000196526.10",0.457839655583404,"ENSG00000196526.10"
"ENSG00000196531.13",-0.107151991815111,"ENSG00000196531.13"
"ENSG00000196535.16",0.403824359965932,"ENSG00000196535.16"
"ENSG00000196544.8",0.179984828171262,"ENSG00000196544.8"
"ENSG00000196547.15",0.240768270863419,"ENSG00000196547.15"
"ENSG00000196549.11",0.637410271167051,"ENSG00000196549.11"
"ENSG00000196562.14",0.703125959117141,"ENSG00000196562.14"
"ENSG00000196565.15",0.415340941477085,"ENSG00000196565.15"
"ENSG00000196569.12",0.780592057591532,"ENSG00000196569.12"
"ENSG00000196576.15",0.21794549680656,"ENSG00000196576.15"
"ENSG00000196586.16",0.662725403920894,"ENSG00000196586.16"
"ENSG00000196588.19",0.378153926605136,"ENSG00000196588.19"
"ENSG00000196591.12",0.115487635929164,"ENSG00000196591.12"
"ENSG00000196604.13",0.0372052756574538,"ENSG00000196604.13"
"ENSG00000196611.5",0.469600468505814,"ENSG00000196611.5"
"ENSG00000196616.14",0.775191506770719,"ENSG00000196616.14"
"ENSG00000196628.19",0.664526330395118,"ENSG00000196628.19"
"ENSG00000196632.10",0.803218823603746,"ENSG00000196632.10"
"ENSG00000196636.8",0.180335050717802,"ENSG00000196636.8"
"ENSG00000196642.19",0.0859474263474829,"ENSG00000196642.19"
"ENSG00000196646.12",0.291958030107299,"ENSG00000196646.12"
"ENSG00000196655.12",-0.0371407857189632,"ENSG00000196655.12"
"ENSG00000196659.10",0.344528379071292,"ENSG00000196659.10"
"ENSG00000196663.16",0.456739284392964,"ENSG00000196663.16"
"ENSG00000196664.5",0.342488382561593,"ENSG00000196664.5"
"ENSG00000196666.5",0.0812260592491438,"ENSG00000196666.5"
"ENSG00000196670.13",0.214980058033808,"ENSG00000196670.13"
"ENSG00000196683.10",0.344655571933042,"ENSG00000196683.10"
"ENSG00000196684.12",0.47093969497114,"ENSG00000196684.12"
"ENSG00000196700.9",0.00746479271322594,"ENSG00000196700.9"
"ENSG00000196704.12",0.0543233888628202,"ENSG00000196704.12"
"ENSG00000196705.8",0.628482972136223,"ENSG00000196705.8"
"ENSG00000196712.18",0.421333323453035,"ENSG00000196712.18"
"ENSG00000196715.7",0.550855827873301,"ENSG00000196715.7"
"ENSG00000196724.12",-0.249420849420849,"ENSG00000196724.12"
"ENSG00000196730.13",0.320425515986387,"ENSG00000196730.13"
"ENSG00000196735.13",0.660851179969072,"ENSG00000196735.13"
"ENSG00000196743.9",0.646003015109782,"ENSG00000196743.9"
"ENSG00000196754.13",0.854446466885496,"ENSG00000196754.13"
"ENSG00000196767.9",0.882157753606507,"ENSG00000196767.9"
"ENSG00000196776.16",0.214077639464947,"ENSG00000196776.16"
"ENSG00000196781.16",0.501051518449366,"ENSG00000196781.16"
"ENSG00000196782.12",0.437993293070902,"ENSG00000196782.12"
"ENSG00000196792.12",0.320396608164577,"ENSG00000196792.12"
"ENSG00000196793.13",0.663171721996656,"ENSG00000196793.13"
"ENSG00000196812.5",0.281862745098039,"ENSG00000196812.5"
"ENSG00000196814.15",0.618573938296536,"ENSG00000196814.15"
"ENSG00000196821.10",0.00479370648844437,"ENSG00000196821.10"
"ENSG00000196834.12",-0.30643534288418,"ENSG00000196834.12"
"ENSG00000196839.13",0.562688362279751,"ENSG00000196839.13"
"ENSG00000196843.17",0.454633510619563,"ENSG00000196843.17"
"ENSG00000196850.6",0.150700021577462,"ENSG00000196850.6"
"ENSG00000196865.4",0.455297560090481,"ENSG00000196865.4"
"ENSG00000196867.8",-0.564705882352941,"ENSG00000196867.8"
"ENSG00000196872.12",0.51653362384732,"ENSG00000196872.12"
"ENSG00000196876.18",0.344369748658126,"ENSG00000196876.18"
"ENSG00000196878.15",0.877485833583934,"ENSG00000196878.15"
"ENSG00000196911.11",0.45961842017985,"ENSG00000196911.11"
"ENSG00000196914.9",0.787532462016334,"ENSG00000196914.9"
"ENSG00000196923.14",0.438044917975147,"ENSG00000196923.14"
"ENSG00000196924.18",0.249164710253939,"ENSG00000196924.18"
"ENSG00000196932.12",0.591453087164761,"ENSG00000196932.12"
"ENSG00000196935.9",0.448811182727011,"ENSG00000196935.9"
"ENSG00000196937.11",0.665893495698655,"ENSG00000196937.11"
"ENSG00000196943.14",0.414198504943904,"ENSG00000196943.14"
"ENSG00000196950.14",0.44094112006351,"ENSG00000196950.14"
"ENSG00000196954.14",0.540983834844986,"ENSG00000196954.14"
"ENSG00000196961.12",0.381400125935637,"ENSG00000196961.12"
"ENSG00000196968.11",0.187377042581001,"ENSG00000196968.11"
"ENSG00000196975.16",0.731846031464574,"ENSG00000196975.16"
"ENSG00000196976.7",0.112574685517421,"ENSG00000196976.7"
"ENSG00000196981.4",0.0464314699635331,"ENSG00000196981.4"
"ENSG00000196998.19",0.0592416717253058,"ENSG00000196998.19"
"ENSG00000197006.14",0.19590300734344,"ENSG00000197006.14"
"ENSG00000197020.11",-0.0600691738835882,"ENSG00000197020.11"
"ENSG00000197037.11",0.219779726637103,"ENSG00000197037.11"
"ENSG00000197043.14",0.635347809354958,"ENSG00000197043.14"
"ENSG00000197045.13",0.057612234935183,"ENSG00000197045.13"
"ENSG00000197050.11",0.478299527646569,"ENSG00000197050.11"
"ENSG00000197056.11",0.203942189603328,"ENSG00000197056.11"
"ENSG00000197062.11",0.272214647480252,"ENSG00000197062.11"
"ENSG00000197063.11",0.219240440739296,"ENSG00000197063.11"
"ENSG00000197070.14",0.611392144138538,"ENSG00000197070.14"
"ENSG00000197077.13",0.57882740975018,"ENSG00000197077.13"
"ENSG00000197081.14",0.319539385856697,"ENSG00000197081.14"
"ENSG00000197093.11",0.281120624319428,"ENSG00000197093.11"
"ENSG00000197102.12",0.593552818400449,"ENSG00000197102.12"
"ENSG00000197111.16",0.0801929045147511,"ENSG00000197111.16"
"ENSG00000197114.11",0.189534391861588,"ENSG00000197114.11"
"ENSG00000197119.13",0.590308648673034,"ENSG00000197119.13"
"ENSG00000197121.15",0.568998249144747,"ENSG00000197121.15"
"ENSG00000197122.11",0.290360232381361,"ENSG00000197122.11"
"ENSG00000197136.4",0.0315534443574588,"ENSG00000197136.4"
"ENSG00000197142.10",0.894756117656815,"ENSG00000197142.10"
"ENSG00000197147.13",0.0497422908484853,"ENSG00000197147.13"
"ENSG00000197150.12",0.406042394506658,"ENSG00000197150.12"
"ENSG00000197157.11",0.265384396462219,"ENSG00000197157.11"
"ENSG00000197165.11",0.544200619112298,"ENSG00000197165.11"
"ENSG00000197170.10",0.282890623564308,"ENSG00000197170.10"
"ENSG00000197183.14",0.491712607770463,"ENSG00000197183.14"
"ENSG00000197217.13",0.473133960694388,"ENSG00000197217.13"
"ENSG00000197223.11",-0.245879866721966,"ENSG00000197223.11"
"ENSG00000197226.12",0.655278630471988,"ENSG00000197226.12"
"ENSG00000197245.6",-0.0429726213161236,"ENSG00000197245.6"
"ENSG00000197249.14",0.0837931039114803,"ENSG00000197249.14"
"ENSG00000197253.13",0.362369553179608,"ENSG00000197253.13"
"ENSG00000197256.10",0.55515387973737,"ENSG00000197256.10"
"ENSG00000197261.11",-0.130482127357374,"ENSG00000197261.11"
"ENSG00000197265.9",0.0346524160056617,"ENSG00000197265.9"
"ENSG00000197273.4",0.656654825570792,"ENSG00000197273.4"
"ENSG00000197275.14",0.185577421065219,"ENSG00000197275.14"
"ENSG00000197296.6",0.275710399294566,"ENSG00000197296.6"
"ENSG00000197299.12",0.338776647620516,"ENSG00000197299.12"
"ENSG00000197312.12",0.361756050790558,"ENSG00000197312.12"
"ENSG00000197321.15",0.597589307718452,"ENSG00000197321.15"
"ENSG00000197323.12",0.346831601343338,"ENSG00000197323.12"
"ENSG00000197324.9",0.184991037925625,"ENSG00000197324.9"
"ENSG00000197329.12",0.436216901613925,"ENSG00000197329.12"
"ENSG00000197343.11",0.246541167977605,"ENSG00000197343.11"
"ENSG00000197345.13",0.336700195313039,"ENSG00000197345.13"
"ENSG00000197355.11",0.497031514211979,"ENSG00000197355.11"
"ENSG00000197372.10",0.271929824561404,"ENSG00000197372.10"
"ENSG00000197375.13",0.706015698502568,"ENSG00000197375.13"
"ENSG00000197380.11",0.727297614845334,"ENSG00000197380.11"
"ENSG00000197381.16",0.356931849426008,"ENSG00000197381.16"
"ENSG00000197386.12",0.360284303817342,"ENSG00000197386.12"
"ENSG00000197405.8",0.339440334172776,"ENSG00000197405.8"
"ENSG00000197408.10",0.514275952122196,"ENSG00000197408.10"
"ENSG00000197415.12",0.568609582911336,"ENSG00000197415.12"
"ENSG00000197429.11",0.411626622981808,"ENSG00000197429.11"
"ENSG00000197442.10",0.625414492882206,"ENSG00000197442.10"
"ENSG00000197444.10",0.713808650446341,"ENSG00000197444.10"
"ENSG00000197448.14",0.406813696097044,"ENSG00000197448.14"
"ENSG00000197451.12",0.420521953428542,"ENSG00000197451.12"
"ENSG00000197457.10",0.63551754490287,"ENSG00000197457.10"
"ENSG00000197471.12",0.608945408754098,"ENSG00000197471.12"
"ENSG00000197483.10",0.159096917251233,"ENSG00000197483.10"
"ENSG00000197496.6",0.439923707440232,"ENSG00000197496.6"
"ENSG00000197498.13",0.281395330526699,"ENSG00000197498.13"
"ENSG00000197506.8",0.123376956431783,"ENSG00000197506.8"
"ENSG00000197530.12",0.161765618424433,"ENSG00000197530.12"
"ENSG00000197535.14",0.878148327085409,"ENSG00000197535.14"
"ENSG00000197540.8",0.401370722531426,"ENSG00000197540.8"
"ENSG00000197548.12",0.569346709420904,"ENSG00000197548.12"
"ENSG00000197555.9",0.122100380028957,"ENSG00000197555.9"
"ENSG00000197557.7",0.395783487170846,"ENSG00000197557.7"
"ENSG00000197561.7",0.116955378444791,"ENSG00000197561.7"
"ENSG00000197562.10",0.0920768191892209,"ENSG00000197562.10"
"ENSG00000197563.11",0.296307115369461,"ENSG00000197563.11"
"ENSG00000197565.16",0.132070924714784,"ENSG00000197565.16"
"ENSG00000197579.8",0.023945369370032,"ENSG00000197579.8"
"ENSG00000197586.13",0.193699807431195,"ENSG00000197586.13"
"ENSG00000197594.13",0.74659096593494,"ENSG00000197594.13"
"ENSG00000197601.13",0.0453145750529395,"ENSG00000197601.13"
"ENSG00000197603.14",-0.0298954153374869,"ENSG00000197603.14"
"ENSG00000197614.11",0.411850287022776,"ENSG00000197614.11"
"ENSG00000197622.13",0.641301654917774,"ENSG00000197622.13"
"ENSG00000197629.6",0.375456777298704,"ENSG00000197629.6"
"ENSG00000197632.9",0.864383814030702,"ENSG00000197632.9"
"ENSG00000197635.10",0.743457851418591,"ENSG00000197635.10"
"ENSG00000197641.12",0.943506790994738,"ENSG00000197641.12"
"ENSG00000197646.8",0.383207973738899,"ENSG00000197646.8"
"ENSG00000197694.18",0.461789401831063,"ENSG00000197694.18"
"ENSG00000197702.14",0.66957324877533,"ENSG00000197702.14"
"ENSG00000197705.10",0.5215431236035,"ENSG00000197705.10"
"ENSG00000197712.12",0.536298805649101,"ENSG00000197712.12"
"ENSG00000197713.15",0.0732645660537947,"ENSG00000197713.15"
"ENSG00000197714.9",0.0197060286805497,"ENSG00000197714.9"
"ENSG00000197724.11",0.483749009137016,"ENSG00000197724.11"
"ENSG00000197728.11",0.178550674265636,"ENSG00000197728.11"
"ENSG00000197746.14",0.464304396654416,"ENSG00000197746.14"
"ENSG00000197747.9",0.570143187476316,"ENSG00000197747.9"
"ENSG00000197756.10",0.181352273051108,"ENSG00000197756.10"
"ENSG00000197757.8",-0.224137931034483,"ENSG00000197757.8"
"ENSG00000197763.18",0.415955810479745,"ENSG00000197763.18"
"ENSG00000197766.8",0.449240657549523,"ENSG00000197766.8"
"ENSG00000197771.12",-0.170637602222047,"ENSG00000197771.12"
"ENSG00000197780.10",0.0975981875582165,"ENSG00000197780.10"
"ENSG00000197785.14",0.631465447715097,"ENSG00000197785.14"
"ENSG00000197798.9",0.107523198503854,"ENSG00000197798.9"
"ENSG00000197818.11",-0.03279883412252,"ENSG00000197818.11"
"ENSG00000197822.11",0.834936231952181,"ENSG00000197822.11"
"ENSG00000197858.11",0.21012643584778,"ENSG00000197858.11"
"ENSG00000197859.11",0.316205990577078,"ENSG00000197859.11"
"ENSG00000197860.10",0.298263587619961,"ENSG00000197860.10"
"ENSG00000197872.11",0.53915990176709,"ENSG00000197872.11"
"ENSG00000197879.17",0.503415423972926,"ENSG00000197879.17"
"ENSG00000197885.10",0.373423533666382,"ENSG00000197885.10"
"ENSG00000197888.2",0.583458124455805,"ENSG00000197888.2"
"ENSG00000197892.13",0.742574420441265,"ENSG00000197892.13"
"ENSG00000197893.14",0.441671504883017,"ENSG00000197893.14"
"ENSG00000197894.11",0.0577087913548093,"ENSG00000197894.11"
"ENSG00000197905.9",0.48884865391273,"ENSG00000197905.9"
"ENSG00000197912.16",0.260948015258928,"ENSG00000197912.16"
"ENSG00000197915.7",-0.160506200894363,"ENSG00000197915.7"
"ENSG00000197930.13",0.728274083438716,"ENSG00000197930.13"
"ENSG00000197933.13",-0.303326471731023,"ENSG00000197933.13"
"ENSG00000197943.10",0.74634059637957,"ENSG00000197943.10"
"ENSG00000197948.11",0.437589178563575,"ENSG00000197948.11"
"ENSG00000197951.9",0.356174461246005,"ENSG00000197951.9"
"ENSG00000197956.10",0.609003891044395,"ENSG00000197956.10"
"ENSG00000197958.13",0.371926000914846,"ENSG00000197958.13"
"ENSG00000197959.14",0.48078437395678,"ENSG00000197959.14"
"ENSG00000197961.11",0.707780755716933,"ENSG00000197961.11"
"ENSG00000197965.12",0.104210800768269,"ENSG00000197965.12"
"ENSG00000197969.14",0.195829981906717,"ENSG00000197969.14"
"ENSG00000197971.16",0.406939377072252,"ENSG00000197971.16"
"ENSG00000197976.12",0.279445275519905,"ENSG00000197976.12"
"ENSG00000197977.4",0.835171221303888,"ENSG00000197977.4"
"ENSG00000197982.14",0.352485508429674,"ENSG00000197982.14"
"ENSG00000197993.9",-0.105677864151476,"ENSG00000197993.9"
"ENSG00000198000.12",0.16937667670824,"ENSG00000198000.12"
"ENSG00000198001.14",-0.068171322720428,"ENSG00000198001.14"
"ENSG00000198015.13",0.212748379014194,"ENSG00000198015.13"
"ENSG00000198018.7",0.435851640945095,"ENSG00000198018.7"
"ENSG00000198026.8",-0.132324291940039,"ENSG00000198026.8"
"ENSG00000198034.11",0.488080340563681,"ENSG00000198034.11"
"ENSG00000198040.10",0.00189911594789786,"ENSG00000198040.10"
"ENSG00000198042.11",0.229537157585157,"ENSG00000198042.11"
"ENSG00000198053.11",0.623447166733887,"ENSG00000198053.11"
"ENSG00000198055.11",0.20434492727303,"ENSG00000198055.11"
"ENSG00000198056.15",0.454808969844178,"ENSG00000198056.15"
"ENSG00000198060.10",0.13692961995855,"ENSG00000198060.10"
"ENSG00000198074.10",0.802849318910455,"ENSG00000198074.10"
"ENSG00000198075.10",0.755244092074957,"ENSG00000198075.10"
"ENSG00000198077.10",0.58702320300241,"ENSG00000198077.10"
"ENSG00000198081.11",-0.0218150663060726,"ENSG00000198081.11"
"ENSG00000198087.7",0.65063038543306,"ENSG00000198087.7"
"ENSG00000198089.16",0.0559649685462165,"ENSG00000198089.16"
"ENSG00000198093.11",0.630867599092408,"ENSG00000198093.11"
"ENSG00000198099.8",0.264008083034209,"ENSG00000198099.8"
"ENSG00000198105.15",0.240394088669951,"ENSG00000198105.15"
"ENSG00000198108.4",0.0945549213075402,"ENSG00000198108.4"
"ENSG00000198113.3",0.603569738806704,"ENSG00000198113.3"
"ENSG00000198121.13",0.470373580971202,"ENSG00000198121.13"
"ENSG00000198130.16",0.572625784019434,"ENSG00000198130.16"
"ENSG00000198131.14",0.306387319082587,"ENSG00000198131.14"
"ENSG00000198142.5",0.336984490358219,"ENSG00000198142.5"
"ENSG00000198146.4",0.250595855809119,"ENSG00000198146.4"
"ENSG00000198157.11",0.206840804729887,"ENSG00000198157.11"
"ENSG00000198160.14",0.150581653425379,"ENSG00000198160.14"
"ENSG00000198162.12",0.10219111721041,"ENSG00000198162.12"
"ENSG00000198168.9",-0.0535298248846828,"ENSG00000198168.9"
"ENSG00000198171.13",0.0453049937457291,"ENSG00000198171.13"
"ENSG00000198176.13",0.215368238416505,"ENSG00000198176.13"
"ENSG00000198189.11",0.62648224449644,"ENSG00000198189.11"
"ENSG00000198198.17",0.17470777087495,"ENSG00000198198.17"
"ENSG00000198203.10",0.784335498767234,"ENSG00000198203.10"
"ENSG00000198218.11",0.604990511659778,"ENSG00000198218.11"
"ENSG00000198231.13",0.253896441570836,"ENSG00000198231.13"
"ENSG00000198242.14",0.130967220763029,"ENSG00000198242.14"
"ENSG00000198246.9",0.460906278523252,"ENSG00000198246.9"
"ENSG00000198252.12",-0.0897162686323589,"ENSG00000198252.12"
"ENSG00000198258.10",0.336567166528938,"ENSG00000198258.10"
"ENSG00000198265.12",0.140279825355176,"ENSG00000198265.12"
"ENSG00000198276.16",-0.0268606523775572,"ENSG00000198276.16"
"ENSG00000198286.9",0.761606976420096,"ENSG00000198286.9"
"ENSG00000198300.14",0.0597111535921579,"ENSG00000198300.14"
"ENSG00000198301.12",0.493464126210385,"ENSG00000198301.12"
"ENSG00000198315.11",0.384890599828731,"ENSG00000198315.11"
"ENSG00000198324.13",0.0296031175728253,"ENSG00000198324.13"
"ENSG00000198331.10",0.410321275558872,"ENSG00000198331.10"
"ENSG00000198336.9",0.262301207091508,"ENSG00000198336.9"
"ENSG00000198346.11",0.0425113469744588,"ENSG00000198346.11"
"ENSG00000198353.8",0.143353294396938,"ENSG00000198353.8"
"ENSG00000198355.5",0.385714285714286,"ENSG00000198355.5"
"ENSG00000198356.12",0.509625981683938,"ENSG00000198356.12"
"ENSG00000198363.18",0.44059578695384,"ENSG00000198363.18"
"ENSG00000198369.10",0.449507748917018,"ENSG00000198369.10"
"ENSG00000198373.12",0.302142741862181,"ENSG00000198373.12"
"ENSG00000198380.13",0.764103151519836,"ENSG00000198380.13"
"ENSG00000198382.9",0.382241856471888,"ENSG00000198382.9"
"ENSG00000198399.14",0.61013209427665,"ENSG00000198399.14"
"ENSG00000198408.14",0.34188431703585,"ENSG00000198408.14"
"ENSG00000198417.7",0.54422726405993,"ENSG00000198417.7"
"ENSG00000198420.10",0.541477434904839,"ENSG00000198420.10"
"ENSG00000198431.16",0.328356537545309,"ENSG00000198431.16"
"ENSG00000198453.13",0.507821622358166,"ENSG00000198453.13"
"ENSG00000198466.12",0.530739633309832,"ENSG00000198466.12"
"ENSG00000198467.16",0.658690158290141,"ENSG00000198467.16"
"ENSG00000198478.8",0.556213766582145,"ENSG00000198478.8"
"ENSG00000198482.13",-0.503585022572364,"ENSG00000198482.13"
"ENSG00000198483.13",0.0990142645388629,"ENSG00000198483.13"
"ENSG00000198492.16",0.473103271944357,"ENSG00000198492.16"
"ENSG00000198498.10",0.356982563168455,"ENSG00000198498.10"
"ENSG00000198502.6",0.424463102140077,"ENSG00000198502.6"
"ENSG00000198513.13",0.629522739863809,"ENSG00000198513.13"
"ENSG00000198517.10",-0.0734897791152221,"ENSG00000198517.10"
"ENSG00000198522.14",0.327483030791562,"ENSG00000198522.14"
"ENSG00000198542.14",0.79540031788666,"ENSG00000198542.14"
"ENSG00000198546.15",0.0612459459536723,"ENSG00000198546.15"
"ENSG00000198551.10",0.26962772057643,"ENSG00000198551.10"
"ENSG00000198554.12",0.551343885264189,"ENSG00000198554.12"
"ENSG00000198561.15",0.517793044954386,"ENSG00000198561.15"
"ENSG00000198563.14",0.102986684178312,"ENSG00000198563.14"
"ENSG00000198569.10",-0.486639436228109,"ENSG00000198569.10"
"ENSG00000198585.12",0.397632228502371,"ENSG00000198585.12"
"ENSG00000198586.14",0.415819462862415,"ENSG00000198586.14"
"ENSG00000198589.14",0.519909782691369,"ENSG00000198589.14"
"ENSG00000198604.11",0.767320656353534,"ENSG00000198604.11"
"ENSG00000198610.11",0.182495754674722,"ENSG00000198610.11"
"ENSG00000198612.11",0.161083058217553,"ENSG00000198612.11"
"ENSG00000198625.13",0.183277151399782,"ENSG00000198625.13"
"ENSG00000198642.7",0.0264974720702227,"ENSG00000198642.7"
"ENSG00000198643.7",0.756221241816506,"ENSG00000198643.7"
"ENSG00000198646.14",-0.0717849292645432,"ENSG00000198646.14"
"ENSG00000198648.11",0.692505930343755,"ENSG00000198648.11"
"ENSG00000198650.11",0.308990451845236,"ENSG00000198650.11"
"ENSG00000198663.16",0.226754843203935,"ENSG00000198663.16"
"ENSG00000198670.12",-0.128086567507398,"ENSG00000198670.12"
"ENSG00000198677.12",0.264848265789126,"ENSG00000198677.12"
"ENSG00000198680.4",0.31766459622861,"ENSG00000198680.4"
"ENSG00000198681.7",0.753202051325009,"ENSG00000198681.7"
"ENSG00000198682.13",0.808044624269619,"ENSG00000198682.13"
"ENSG00000198689.11",0.621809552632187,"ENSG00000198689.11"
"ENSG00000198690.10",-0.114902160512617,"ENSG00000198690.10"
"ENSG00000198691.13",0.0807453416149068,"ENSG00000198691.13"
"ENSG00000198700.10",0.713386526543034,"ENSG00000198700.10"
"ENSG00000198707.16",0.208275856967769,"ENSG00000198707.16"
"ENSG00000198712.1",0.175124553735611,"ENSG00000198712.1"
"ENSG00000198715.13",0.358958377295344,"ENSG00000198715.13"
"ENSG00000198718.13",0.164357519025482,"ENSG00000198718.13"
"ENSG00000198721.12",0.670486824651537,"ENSG00000198721.12"
"ENSG00000198722.14",0.471783804172097,"ENSG00000198722.14"
"ENSG00000198727.2",0.409831392245062,"ENSG00000198727.2"
"ENSG00000198728.11",0.505641563514852,"ENSG00000198728.11"
"ENSG00000198729.5",0.766218725510097,"ENSG00000198729.5"
"ENSG00000198730.9",0.0544964714195785,"ENSG00000198730.9"
"ENSG00000198732.11",0.715369662516775,"ENSG00000198732.11"
"ENSG00000198734.12",0.021120330450331,"ENSG00000198734.12"
"ENSG00000198736.11",0.4653956051794,"ENSG00000198736.11"
"ENSG00000198740.8",0.254878283609849,"ENSG00000198740.8"
"ENSG00000198742.9",0.491390931567206,"ENSG00000198742.9"
"ENSG00000198743.7",0.0980484316404999,"ENSG00000198743.7"
"ENSG00000198746.13",0.298753877701246,"ENSG00000198746.13"
"ENSG00000198752.11",0.483266308415454,"ENSG00000198752.11"
"ENSG00000198753.12",0.640183636335934,"ENSG00000198753.12"
"ENSG00000198755.11",0.263392575575215,"ENSG00000198755.11"
"ENSG00000198763.3",0.24898709268844,"ENSG00000198763.3"
"ENSG00000198771.11",0.367824724260748,"ENSG00000198771.11"
"ENSG00000198780.12",0.615665740430903,"ENSG00000198780.12"
"ENSG00000198783.6",0.2067449058974,"ENSG00000198783.6"
"ENSG00000198786.2",0.0987037144977375,"ENSG00000198786.2"
"ENSG00000198788.8",0.707444398285353,"ENSG00000198788.8"
"ENSG00000198791.12",0.0375204041075696,"ENSG00000198791.12"
"ENSG00000198792.13",0.26254374746519,"ENSG00000198792.13"
"ENSG00000198793.13",0.310119016333622,"ENSG00000198793.13"
"ENSG00000198794.12",0.666754411804188,"ENSG00000198794.12"
"ENSG00000198795.11",0.457742857493307,"ENSG00000198795.11"
"ENSG00000198799.12",0.440084314616763,"ENSG00000198799.12"
"ENSG00000198804.2",0.356919519374116,"ENSG00000198804.2"
"ENSG00000198805.12",0.185274199965292,"ENSG00000198805.12"
"ENSG00000198807.13",0.666551194440033,"ENSG00000198807.13"
"ENSG00000198814.12",0.471090271972354,"ENSG00000198814.12"
"ENSG00000198815.9",0.191549895707929,"ENSG00000198815.9"
"ENSG00000198816.7",0.384434637695803,"ENSG00000198816.7"
"ENSG00000198821.10",0.381320322151896,"ENSG00000198821.10"
"ENSG00000198824.7",0.372706998804336,"ENSG00000198824.7"
"ENSG00000198825.15",0.48233831167099,"ENSG00000198825.15"
"ENSG00000198826.11",0.29468657411601,"ENSG00000198826.11"
"ENSG00000198830.11",0.357622049367644,"ENSG00000198830.11"
"ENSG00000198832.10",0.576834644756055,"ENSG00000198832.10"
"ENSG00000198833.7",0.335584754617019,"ENSG00000198833.7"
"ENSG00000198836.10",0.285489930849708,"ENSG00000198836.10"
"ENSG00000198837.10",0.293528876919567,"ENSG00000198837.10"
"ENSG00000198839.10",-0.340158644456468,"ENSG00000198839.10"
"ENSG00000198841.4",0.00715164819816447,"ENSG00000198841.4"
"ENSG00000198843.13",-0.0582543454052445,"ENSG00000198843.13"
"ENSG00000198844.12",0.151498792299263,"ENSG00000198844.12"
"ENSG00000198848.13",0.863635839056974,"ENSG00000198848.13"
"ENSG00000198851.10",0.432188331514011,"ENSG00000198851.10"
"ENSG00000198853.12",0.387677677473452,"ENSG00000198853.12"
"ENSG00000198855.7",0.615425144065101,"ENSG00000198855.7"
"ENSG00000198856.13",0.191444464355537,"ENSG00000198856.13"
"ENSG00000198858.10",0.220280477747186,"ENSG00000198858.10"
"ENSG00000198860.13",0.416352581597662,"ENSG00000198860.13"
"ENSG00000198862.14",0.424330099991842,"ENSG00000198862.14"
"ENSG00000198863.7",0.353711404480834,"ENSG00000198863.7"
"ENSG00000198873.12",0.215198169060328,"ENSG00000198873.12"
"ENSG00000198874.13",0.171061583982021,"ENSG00000198874.13"
"ENSG00000198876.13",0.370148865364023,"ENSG00000198876.13"
"ENSG00000198879.12",0.00463144232632888,"ENSG00000198879.12"
"ENSG00000198886.2",0.499897343549295,"ENSG00000198886.2"
"ENSG00000198887.9",0.194737147804495,"ENSG00000198887.9"
"ENSG00000198888.2",0.116343954408397,"ENSG00000198888.2"
"ENSG00000198889.5",0.20111157270324,"ENSG00000198889.5"
"ENSG00000198890.9",0.117889499935465,"ENSG00000198890.9"
"ENSG00000198892.7",0.795657644652897,"ENSG00000198892.7"
"ENSG00000198898.14",-0.123229917554524,"ENSG00000198898.14"
"ENSG00000198899.2",0.201500639290881,"ENSG00000198899.2"
"ENSG00000198900.6",0.637721049670952,"ENSG00000198900.6"
"ENSG00000198901.14",0.648592408482943,"ENSG00000198901.14"
"ENSG00000198909.8",0.144401171643314,"ENSG00000198909.8"
"ENSG00000198910.14",0.49732098569247,"ENSG00000198910.14"
"ENSG00000198911.12",0.251346570338062,"ENSG00000198911.12"
"ENSG00000198912.11",0.312084964421874,"ENSG00000198912.11"
"ENSG00000198917.13",0.322951332072964,"ENSG00000198917.13"
"ENSG00000198918.8",0.0436756171555739,"ENSG00000198918.8"
"ENSG00000198919.13",0.124220499891409,"ENSG00000198919.13"
"ENSG00000198920.11",0.126923162476599,"ENSG00000198920.11"
"ENSG00000198924.8",0.0517404794949477,"ENSG00000198924.8"
"ENSG00000198925.12",0.426542966702848,"ENSG00000198925.12"
"ENSG00000198929.13",0.476984610735382,"ENSG00000198929.13"
"ENSG00000198931.11",0.171986028581642,"ENSG00000198931.11"
"ENSG00000198933.9",0.0198240840782351,"ENSG00000198933.9"
"ENSG00000198934.5",0.220206418319626,"ENSG00000198934.5"
"ENSG00000198937.9",0.246992761991799,"ENSG00000198937.9"
"ENSG00000198938.2",0.214005118208694,"ENSG00000198938.2"
"ENSG00000198944.6",0.363987404173435,"ENSG00000198944.6"
"ENSG00000198945.8",0.0843972892708682,"ENSG00000198945.8"
"ENSG00000198947.15",0.62058762471248,"ENSG00000198947.15"
"ENSG00000198948.12",0.660208999650262,"ENSG00000198948.12"
"ENSG00000198951.12",0.359958033062986,"ENSG00000198951.12"
"ENSG00000198952.8",0.420095195533529,"ENSG00000198952.8"
"ENSG00000198954.8",0.161301228338453,"ENSG00000198954.8"
"ENSG00000198959.12",0.876846670777828,"ENSG00000198959.12"
"ENSG00000198960.11",0.188439980504763,"ENSG00000198960.11"
"ENSG00000198961.10",0.106653740850141,"ENSG00000198961.10"
"ENSG00000198964.14",0.367660946712957,"ENSG00000198964.14"
"ENSG00000203326.12",0.284533102528238,"ENSG00000203326.12"
"ENSG00000203485.13",0.609584499176599,"ENSG00000203485.13"
"ENSG00000203618.6",0.315662051819358,"ENSG00000203618.6"
"ENSG00000203666.12",0.383889896511256,"ENSG00000203666.12"
"ENSG00000203667.10",0.399927806519399,"ENSG00000203667.10"
"ENSG00000203668.2",0.272706055102631,"ENSG00000203668.2"
"ENSG00000203697.12",0.723871473346103,"ENSG00000203697.12"
"ENSG00000203705.11",0.104170605544338,"ENSG00000203705.11"
"ENSG00000203710.11",0.471072847510852,"ENSG00000203710.11"
"ENSG00000203724.11",0.474132240702993,"ENSG00000203724.11"
"ENSG00000203747.11",0.401476237137804,"ENSG00000203747.11"
"ENSG00000203791.15",0.145664993264491,"ENSG00000203791.15"
"ENSG00000203797.11",0.249394805963379,"ENSG00000203797.11"
"ENSG00000203814.6",-0.392414431082331,"ENSG00000203814.6"
"ENSG00000203867.8",0.0142857142857143,"ENSG00000203867.8"
"ENSG00000203879.12",0.594010183244652,"ENSG00000203879.12"
"ENSG00000203880.12",0.480672365938345,"ENSG00000203880.12"
"ENSG00000203896.10",0.518908990488769,"ENSG00000203896.10"
"ENSG00000203943.8",0.163246483833084,"ENSG00000203943.8"
"ENSG00000203950.6",0.737888265861742,"ENSG00000203950.6"
"ENSG00000203965.13",0.414462052380734,"ENSG00000203965.13"
"ENSG00000203972.10",-0.0367736400346516,"ENSG00000203972.10"
"ENSG00000204060.7",0.374505928853755,"ENSG00000204060.7"
"ENSG00000204065.3",0.753393497557024,"ENSG00000204065.3"
"ENSG00000204070.10",0.250643331365505,"ENSG00000204070.10"
"ENSG00000204084.13",0.188992025659835,"ENSG00000204084.13"
"ENSG00000204103.4",0.403050610784526,"ENSG00000204103.4"
"ENSG00000204104.12",0.409462068297619,"ENSG00000204104.12"
"ENSG00000204120.15",0.48669509045472,"ENSG00000204120.15"
"ENSG00000204128.6",0.80854619301628,"ENSG00000204128.6"
"ENSG00000204130.13",0.474553012041819,"ENSG00000204130.13"
"ENSG00000204131.9",0.555115106710938,"ENSG00000204131.9"
"ENSG00000204138.13",0.454056066089099,"ENSG00000204138.13"
"ENSG00000204160.12",0.283867813445173,"ENSG00000204160.12"
"ENSG00000204175.5",0.496366789196239,"ENSG00000204175.5"
"ENSG00000204178.11",-0.0542610133157043,"ENSG00000204178.11"
"ENSG00000204209.13",0.44002320665766,"ENSG00000204209.13"
"ENSG00000204217.15",0.157981081851293,"ENSG00000204217.15"
"ENSG00000204219.11",0.844329104010604,"ENSG00000204219.11"
"ENSG00000204220.11",0.107956026162266,"ENSG00000204220.11"
"ENSG00000204227.5",0.371516978304467,"ENSG00000204227.5"
"ENSG00000204228.4",0.448871488201238,"ENSG00000204228.4"
"ENSG00000204231.10",0.387194886084319,"ENSG00000204231.10"
"ENSG00000204237.5",0.245816179391653,"ENSG00000204237.5"
"ENSG00000204248.11",-0.0116017316017316,"ENSG00000204248.11"
"ENSG00000204252.14",0.481506748542564,"ENSG00000204252.14"
"ENSG00000204256.13",0.442758600294899,"ENSG00000204256.13"
"ENSG00000204257.15",0.319700386283228,"ENSG00000204257.15"
"ENSG00000204262.14",0.528108677165612,"ENSG00000204262.14"
"ENSG00000204264.12",0.263372938392706,"ENSG00000204264.12"
"ENSG00000204267.16",0.537012860643823,"ENSG00000204267.16"
"ENSG00000204271.13",0.381932030371984,"ENSG00000204271.13"
"ENSG00000204272.13",0.250261070054428,"ENSG00000204272.13"
"ENSG00000204287.14",0.572987876431864,"ENSG00000204287.14"
"ENSG00000204291.11",0.76097059268929,"ENSG00000204291.11"
"ENSG00000204304.12",0.245906378398781,"ENSG00000204304.12"
"ENSG00000204308.8",0.0716398234239142,"ENSG00000204308.8"
"ENSG00000204310.13",0.460586260150052,"ENSG00000204310.13"
"ENSG00000204311.15",0.215257972517501,"ENSG00000204311.15"
"ENSG00000204315.4",0.523957260323792,"ENSG00000204315.4"
"ENSG00000204316.13",0.442498604556488,"ENSG00000204316.13"
"ENSG00000204344.14",0.30579599319015,"ENSG00000204344.14"
"ENSG00000204348.10",0.334805120076044,"ENSG00000204348.10"
"ENSG00000204351.12",0.382009725261573,"ENSG00000204351.12"
"ENSG00000204356.14",-0.0452033262666455,"ENSG00000204356.14"
"ENSG00000204366.4",0.270901007587768,"ENSG00000204366.4"
"ENSG00000204370.12",0.636131690783428,"ENSG00000204370.12"
"ENSG00000204371.11",0.505217358992504,"ENSG00000204371.11"
"ENSG00000204381.11",0.578878728466271,"ENSG00000204381.11"
"ENSG00000204385.12",0.66249630135314,"ENSG00000204385.12"
"ENSG00000204386.11",0.442549081282475,"ENSG00000204386.11"
"ENSG00000204390.10",0.145002065543376,"ENSG00000204390.10"
"ENSG00000204392.11",0.246721985724852,"ENSG00000204392.11"
"ENSG00000204394.13",0.476144122937997,"ENSG00000204394.13"
"ENSG00000204397.8",0.362140162821096,"ENSG00000204397.8"
"ENSG00000204406.13",-0.240196078431373,"ENSG00000204406.13"
"ENSG00000204427.12",0.479733209862025,"ENSG00000204427.12"
"ENSG00000204435.14",0.224505236681523,"ENSG00000204435.14"
"ENSG00000204438.11",0.113313851325717,"ENSG00000204438.11"
"ENSG00000204439.4",0.325957636519284,"ENSG00000204439.4"
"ENSG00000204444.11",-0.0972513883937119,"ENSG00000204444.11"
"ENSG00000204463.12",0.39226856196536,"ENSG00000204463.12"
"ENSG00000204469.13",0.306568634341274,"ENSG00000204469.13"
"ENSG00000204472.13",0.446285330561045,"ENSG00000204472.13"
"ENSG00000204498.11",0.193095771485257,"ENSG00000204498.11"
"ENSG00000204514.10",0.22192513368984,"ENSG00000204514.10"
"ENSG00000204519.11",0.24398293029872,"ENSG00000204519.11"
"ENSG00000204524.7",0.48406435573752,"ENSG00000204524.7"
"ENSG00000204525.16",0.318372945897725,"ENSG00000204525.16"
"ENSG00000204536.14",0.0531772333646835,"ENSG00000204536.14"
"ENSG00000204539.4",0.816984528573432,"ENSG00000204539.4"
"ENSG00000204542.3",0.129224980479629,"ENSG00000204542.3"
"ENSG00000204560.10",0.261754626498501,"ENSG00000204560.10"
"ENSG00000204564.12",-0.0653984531215843,"ENSG00000204564.12"
"ENSG00000204568.12",0.270100268277388,"ENSG00000204568.12"
"ENSG00000204569.10",0.24417621439722,"ENSG00000204569.10"
"ENSG00000204574.13",0.608673497683122,"ENSG00000204574.13"
"ENSG00000204576.12",0.383430558476643,"ENSG00000204576.12"
"ENSG00000204580.13",0.73504239965637,"ENSG00000204580.13"
"ENSG00000204590.12",0.466944992116156,"ENSG00000204590.12"
"ENSG00000204592.9",0.437598683739243,"ENSG00000204592.9"
"ENSG00000204618.8",0.459118316608875,"ENSG00000204618.8"
"ENSG00000204619.8",-0.160471888920432,"ENSG00000204619.8"
"ENSG00000204628.12",-0.188429342013387,"ENSG00000204628.12"
"ENSG00000204632.11",0.713309900584721,"ENSG00000204632.11"
"ENSG00000204634.12",0.514976356657913,"ENSG00000204634.12"
"ENSG00000204642.14",0.643379304296287,"ENSG00000204642.14"
"ENSG00000204673.10",0.258842323454584,"ENSG00000204673.10"
"ENSG00000204713.11",0.317576856616014,"ENSG00000204713.11"
"ENSG00000204764.14",0.685130501163851,"ENSG00000204764.14"
"ENSG00000204815.10",0.167418586741139,"ENSG00000204815.10"
"ENSG00000204822.7",0.260613605975007,"ENSG00000204822.7"
"ENSG00000204842.18",0.534125444972231,"ENSG00000204842.18"
"ENSG00000204843.12",0.390838081730718,"ENSG00000204843.12"
"ENSG00000204851.7",0.612273653348425,"ENSG00000204851.7"
"ENSG00000204852.16",0.504560732516357,"ENSG00000204852.16"
"ENSG00000204859.13",0.138700052425993,"ENSG00000204859.13"
"ENSG00000204899.6",0.0678635541616587,"ENSG00000204899.6"
"ENSG00000204922.5",0.246085484403807,"ENSG00000204922.5"
"ENSG00000204936.10",0.514901564739096,"ENSG00000204936.10"
"ENSG00000204954.10",0.245726263007803,"ENSG00000204954.10"
"ENSG00000204961.7",0.433610854147394,"ENSG00000204961.7"
"ENSG00000204977.10",0.30073167769148,"ENSG00000204977.10"
"ENSG00000204983.14",0.721641742919816,"ENSG00000204983.14"
"ENSG00000204991.11",0.15621595096647,"ENSG00000204991.11"
"ENSG00000205002.4",0.567857142857143,"ENSG00000205002.4"
"ENSG00000205084.11",0.69878343511173,"ENSG00000205084.11"
"ENSG00000205138.3",0.0264049039365964,"ENSG00000205138.3"
"ENSG00000205186.4",0.147925601297238,"ENSG00000205186.4"
"ENSG00000205189.12",0.14999150965847,"ENSG00000205189.12"
"ENSG00000205208.5",0.689572749479237,"ENSG00000205208.5"
"ENSG00000205220.12",0.508774745416169,"ENSG00000205220.12"
"ENSG00000205221.12",0.582863037384676,"ENSG00000205221.12"
"ENSG00000205250.9",0.147781604822286,"ENSG00000205250.9"
"ENSG00000205268.11",0.117134494847592,"ENSG00000205268.11"
"ENSG00000205302.7",0.159468669879257,"ENSG00000205302.7"
"ENSG00000205323.9",0.294293104633673,"ENSG00000205323.9"
"ENSG00000205336.13",0.579657333673867,"ENSG00000205336.13"
"ENSG00000205339.10",0.172889424267448,"ENSG00000205339.10"
"ENSG00000205356.10",0.748949723476509,"ENSG00000205356.10"
"ENSG00000205358.4",0.0219413842471232,"ENSG00000205358.4"
"ENSG00000205362.11",0.310988605033167,"ENSG00000205362.11"
"ENSG00000205364.4",0.650922197543361,"ENSG00000205364.4"
"ENSG00000205403.13",0.0487823155018877,"ENSG00000205403.13"
"ENSG00000205413.8",0.663105506402247,"ENSG00000205413.8"
"ENSG00000205420.11",0.871801350947974,"ENSG00000205420.11"
"ENSG00000205423.11",-0.0982131383372985,"ENSG00000205423.11"
"ENSG00000205476.9",0.286084417628219,"ENSG00000205476.9"
"ENSG00000205517.12",0.453418713968997,"ENSG00000205517.12"
"ENSG00000205531.13",0.238139863626604,"ENSG00000205531.13"
"ENSG00000205542.11",0.32363325636076,"ENSG00000205542.11"
"ENSG00000205581.11",0.224491400911289,"ENSG00000205581.11"
"ENSG00000205593.12",0.71852510517054,"ENSG00000205593.12"
"ENSG00000205609.13",0.148351648351648,"ENSG00000205609.13"
"ENSG00000205629.12",0.115963152157418,"ENSG00000205629.12"
"ENSG00000205643.11",0.0966435293599722,"ENSG00000205643.11"
"ENSG00000205659.11",0.110255931151426,"ENSG00000205659.11"
"ENSG00000205683.11",0.883887753648603,"ENSG00000205683.11"
"ENSG00000205707.11",0.274531088262966,"ENSG00000205707.11"
"ENSG00000205726.15",0.669710879212459,"ENSG00000205726.15"
"ENSG00000205730.6",0.00452355947576842,"ENSG00000205730.6"
"ENSG00000205744.10",0.492700970823632,"ENSG00000205744.10"
"ENSG00000205758.12",0.456599407016868,"ENSG00000205758.12"
"ENSG00000205765.9",0.245763465823934,"ENSG00000205765.9"
"ENSG00000205808.7",0.0874353845429614,"ENSG00000205808.7"
"ENSG00000205903.7",0.450319253368697,"ENSG00000205903.7"
"ENSG00000205937.12",0.255586800896441,"ENSG00000205937.12"
"ENSG00000205978.6",0.380444840226897,"ENSG00000205978.6"
"ENSG00000205981.8",0.331617244314054,"ENSG00000205981.8"
"ENSG00000206053.13",0.627774374570814,"ENSG00000206053.13"
"ENSG00000206073.11",0.866803042618394,"ENSG00000206073.11"
"ENSG00000206075.14",0.936198376553546,"ENSG00000206075.14"
"ENSG00000206177.7",0.249164301714767,"ENSG00000206177.7"
"ENSG00000206384.10",0.675099077693234,"ENSG00000206384.10"
"ENSG00000206418.4",0.555302035841947,"ENSG00000206418.4"
"ENSG00000206503.13",0.455104350182041,"ENSG00000206503.13"
"ENSG00000206527.10",0.335162436979853,"ENSG00000206527.10"
"ENSG00000206560.11",0.482483189215758,"ENSG00000206560.11"
"ENSG00000206562.11",0.548109741347708,"ENSG00000206562.11"
"ENSG00000211445.12",0.373993892679772,"ENSG00000211445.12"
"ENSG00000211450.10",0.518809375212517,"ENSG00000211450.10"
"ENSG00000211452.11",-0.0790338174032324,"ENSG00000211452.11"
"ENSG00000211454.15",0.0751374605679571,"ENSG00000211454.15"
"ENSG00000211455.8",0.264883930677094,"ENSG00000211455.8"
"ENSG00000211456.13",0.303957735082735,"ENSG00000211456.13"
"ENSG00000211460.12",0.0946655751709426,"ENSG00000211460.12"
"ENSG00000211592.8",0.39505799455257,"ENSG00000211592.8"
"ENSG00000211594.2",0.00730962239802956,"ENSG00000211594.2"
"ENSG00000211598.2",0.244959221234896,"ENSG00000211598.2"
"ENSG00000211611.2",0.279123994544921,"ENSG00000211611.2"
"ENSG00000211625.2",0.38170350533635,"ENSG00000211625.2"
"ENSG00000211626.2",0.0691245925160752,"ENSG00000211626.2"
"ENSG00000211637.2",0.440188781708721,"ENSG00000211637.2"
"ENSG00000211638.2",0.544830317739735,"ENSG00000211638.2"
"ENSG00000211639.2",0.514074497501578,"ENSG00000211639.2"
"ENSG00000211640.4",0.377272703286483,"ENSG00000211640.4"
"ENSG00000211642.3",0.404724683646626,"ENSG00000211642.3"
"ENSG00000211643.2",0.474928949511768,"ENSG00000211643.2"
"ENSG00000211644.3",0.43206761332676,"ENSG00000211644.3"
"ENSG00000211645.2",0.296589652980052,"ENSG00000211645.2"
"ENSG00000211647.1",0.0702145338290828,"ENSG00000211647.1"
"ENSG00000211648.2",0.330098772092353,"ENSG00000211648.2"
"ENSG00000211649.3",0.371133561935712,"ENSG00000211649.3"
"ENSG00000211650.2",0.376634598328087,"ENSG00000211650.2"
"ENSG00000211651.3",0.523183427812699,"ENSG00000211651.3"
"ENSG00000211652.2",0.528899517827923,"ENSG00000211652.2"
"ENSG00000211653.2",0.31675881598063,"ENSG00000211653.2"
"ENSG00000211654.2",0.505058536566539,"ENSG00000211654.2"
"ENSG00000211655.3",0.310008483985732,"ENSG00000211655.3"
"ENSG00000211658.2",0.375820769569361,"ENSG00000211658.2"
"ENSG00000211659.2",0.513436826215066,"ENSG00000211659.2"
"ENSG00000211660.3",0.153412387091336,"ENSG00000211660.3"
"ENSG00000211661.2",-0.156147081210323,"ENSG00000211661.2"
"ENSG00000211662.2",0.435041865661686,"ENSG00000211662.2"
"ENSG00000211663.2",0.554510312039456,"ENSG00000211663.2"
"ENSG00000211664.3",0.303475768839528,"ENSG00000211664.3"
"ENSG00000211665.3",0.324226184070756,"ENSG00000211665.3"
"ENSG00000211666.2",0.199464094694994,"ENSG00000211666.2"
"ENSG00000211667.3",0.200771791535617,"ENSG00000211667.3"
"ENSG00000211668.2",0.350362090573509,"ENSG00000211668.2"
"ENSG00000211669.3",0.441643116653632,"ENSG00000211669.3"
"ENSG00000211670.2",0.485342133746473,"ENSG00000211670.2"
"ENSG00000211672.2",-0.0426867562373726,"ENSG00000211672.2"
"ENSG00000211673.2",0.548816165991263,"ENSG00000211673.2"
"ENSG00000211679.2",-0.0549718574108818,"ENSG00000211679.2"
"ENSG00000211685.3",0.482028567192185,"ENSG00000211685.3"
"ENSG00000211831.2",NA,"ENSG00000211831.2"
"ENSG00000211855.1",NA,"ENSG00000211855.1"
"ENSG00000211890.4",0.726375814236881,"ENSG00000211890.4"
"ENSG00000211891.6",0.553532756630584,"ENSG00000211891.6"
"ENSG00000211892.4",0.585737418133044,"ENSG00000211892.4"
"ENSG00000211893.4",-0.0356439923491533,"ENSG00000211893.4"
"ENSG00000211895.5",0.490386834066813,"ENSG00000211895.5"
"ENSG00000211896.7",0.377635785071211,"ENSG00000211896.7"
"ENSG00000211897.9",0.626624531520578,"ENSG00000211897.9"
"ENSG00000211898.7",0.681466107060715,"ENSG00000211898.7"
"ENSG00000211899.10",0.498769388354571,"ENSG00000211899.10"
"ENSG00000211933.2",0.5328860691666,"ENSG00000211933.2"
"ENSG00000211934.3",0.521660072567433,"ENSG00000211934.3"
"ENSG00000211935.3",0.620459299478601,"ENSG00000211935.3"
"ENSG00000211937.3",0.412935337768075,"ENSG00000211937.3"
"ENSG00000211938.2",0.316165347934607,"ENSG00000211938.2"
"ENSG00000211941.3",0.498156488828958,"ENSG00000211941.3"
"ENSG00000211942.3",0.394691900926895,"ENSG00000211942.3"
"ENSG00000211943.2",0.501627406067815,"ENSG00000211943.2"
"ENSG00000211944.2",-0.317357799757779,"ENSG00000211944.2"
"ENSG00000211945.2",0.40618909753076,"ENSG00000211945.2"
"ENSG00000211946.3",0.425173915012783,"ENSG00000211946.3"
"ENSG00000211947.2",0.590143017205458,"ENSG00000211947.2"
"ENSG00000211949.3",0.351600206646977,"ENSG00000211949.3"
"ENSG00000211950.2",0.320184814278087,"ENSG00000211950.2"
"ENSG00000211951.2",0.472418886951213,"ENSG00000211951.2"
"ENSG00000211952.3",0.314436683313957,"ENSG00000211952.3"
"ENSG00000211955.2",0.0910528710961381,"ENSG00000211955.2"
"ENSG00000211956.2",0.63392125925997,"ENSG00000211956.2"
"ENSG00000211957.2",0.258627154740618,"ENSG00000211957.2"
"ENSG00000211958.2",0.263334135953102,"ENSG00000211958.2"
"ENSG00000211959.2",0.507300889985742,"ENSG00000211959.2"
"ENSG00000211961.3",0.320367185918706,"ENSG00000211961.3"
"ENSG00000211962.2",0.505143550167894,"ENSG00000211962.2"
"ENSG00000211964.3",0.333927953825905,"ENSG00000211964.3"
"ENSG00000211965.4",0.512013466096125,"ENSG00000211965.4"
"ENSG00000211966.2",0.569694319179124,"ENSG00000211966.2"
"ENSG00000211967.3",0.273351923964443,"ENSG00000211967.3"
"ENSG00000211968.3",0.0467572920611165,"ENSG00000211968.3"
"ENSG00000211974.3",0.433687999587496,"ENSG00000211974.3"
"ENSG00000211976.2",0.510392241491916,"ENSG00000211976.2"
"ENSG00000211979.2",0.415068428207847,"ENSG00000211979.2"
"ENSG00000212916.4",0.0289900291632167,"ENSG00000212916.4"
"ENSG00000213015.9",0.116798928623799,"ENSG00000213015.9"
"ENSG00000213020.10",-0.291283955442642,"ENSG00000213020.10"
"ENSG00000213024.12",0.290667795921912,"ENSG00000213024.12"
"ENSG00000213047.13",0.379558515220134,"ENSG00000213047.13"
"ENSG00000213064.10",0.429447062052663,"ENSG00000213064.10"
"ENSG00000213066.13",0.490573546675186,"ENSG00000213066.13"
"ENSG00000213079.9",0.544779206649227,"ENSG00000213079.9"
"ENSG00000213139.8",0.526021036402596,"ENSG00000213139.8"
"ENSG00000213190.4",0.715680874723635,"ENSG00000213190.4"
"ENSG00000213203.3",0.580810874816038,"ENSG00000213203.3"
"ENSG00000213214.5",0.175249616071334,"ENSG00000213214.5"
"ENSG00000213221.5",0.089039755447927,"ENSG00000213221.5"
"ENSG00000213246.7",0.398923257859859,"ENSG00000213246.7"
"ENSG00000213281.5",-0.0343296800129342,"ENSG00000213281.5"
"ENSG00000213316.10",0.389689995037892,"ENSG00000213316.10"
"ENSG00000213337.9",0.344368016680469,"ENSG00000213337.9"
"ENSG00000213339.9",0.147588832798797,"ENSG00000213339.9"
"ENSG00000213341.11",-0.144654395593931,"ENSG00000213341.11"
"ENSG00000213366.13",0.798949641918914,"ENSG00000213366.13"
"ENSG00000213380.15",0.165842938854684,"ENSG00000213380.15"
"ENSG00000213397.10",0.140744249743549,"ENSG00000213397.10"
"ENSG00000213398.8",0.205079769354519,"ENSG00000213398.8"
"ENSG00000213402.3",0.462406562253861,"ENSG00000213402.3"
"ENSG00000213445.10",0.528026864588205,"ENSG00000213445.10"
"ENSG00000213463.5",0.140376130484234,"ENSG00000213463.5"
"ENSG00000213465.8",0.0190985096095377,"ENSG00000213465.8"
"ENSG00000213512.3",0.406454957745889,"ENSG00000213512.3"
"ENSG00000213523.10",0.204313581569965,"ENSG00000213523.10"
"ENSG00000213551.7",0.610007200294125,"ENSG00000213551.7"
"ENSG00000213563.7",0.55909833889635,"ENSG00000213563.7"
"ENSG00000213585.11",0.470620957514424,"ENSG00000213585.11"
"ENSG00000213588.6",0.355092321752427,"ENSG00000213588.6"
"ENSG00000213593.10",0.396359921917626,"ENSG00000213593.10"
"ENSG00000213614.10",0.305597302151677,"ENSG00000213614.10"
"ENSG00000213619.10",0.359857208410053,"ENSG00000213619.10"
"ENSG00000213626.13",0.687326300328601,"ENSG00000213626.13"
"ENSG00000213638.6",-0.0120929574452011,"ENSG00000213638.6"
"ENSG00000213639.10",0.16675426101059,"ENSG00000213639.10"
"ENSG00000213654.10",0.471555424178824,"ENSG00000213654.10"
"ENSG00000213658.12",0.207540274826229,"ENSG00000213658.12"
"ENSG00000213672.8",0.442427646733694,"ENSG00000213672.8"
"ENSG00000213676.13",0.436546718519265,"ENSG00000213676.13"
"ENSG00000213689.14",0.0233166672019459,"ENSG00000213689.14"
"ENSG00000213694.6",0.678418506198316,"ENSG00000213694.6"
"ENSG00000213699.9",-0.0155553697295456,"ENSG00000213699.9"
"ENSG00000213719.8",0.405696628650342,"ENSG00000213719.8"
"ENSG00000213722.9",0.486986543347821,"ENSG00000213722.9"
"ENSG00000213741.11",0.293490641622831,"ENSG00000213741.11"
"ENSG00000213760.10",0.6423259914985,"ENSG00000213760.10"
"ENSG00000213762.12",0.141164338922173,"ENSG00000213762.12"
"ENSG00000213780.11",0.340871654483031,"ENSG00000213780.11"
"ENSG00000213782.7",0.366667148085082,"ENSG00000213782.7"
"ENSG00000213793.5",0.671708475807794,"ENSG00000213793.5"
"ENSG00000213799.13",0.479620901029839,"ENSG00000213799.13"
"ENSG00000213886.4",0.401923173547463,"ENSG00000213886.4"
"ENSG00000213906.10",-0.14059853190288,"ENSG00000213906.10"
"ENSG00000213920.9",0.385320540439657,"ENSG00000213920.9"
"ENSG00000213928.9",0.514055338942395,"ENSG00000213928.9"
"ENSG00000213930.12",0.449605082879365,"ENSG00000213930.12"
"ENSG00000213934.9",0.357789472228962,"ENSG00000213934.9"
"ENSG00000213949.10",0.0755462275150613,"ENSG00000213949.10"
"ENSG00000213965.3",0.480463353427809,"ENSG00000213965.3"
"ENSG00000213973.9",-0.110571108577729,"ENSG00000213973.9"
"ENSG00000213977.8",0.144665558845263,"ENSG00000213977.8"
"ENSG00000213983.12",0.540392965743176,"ENSG00000213983.12"
"ENSG00000213995.11",0.400928290270558,"ENSG00000213995.11"
"ENSG00000214013.9",0.238993179717478,"ENSG00000214013.9"
"ENSG00000214022.11",0.597820306788642,"ENSG00000214022.11"
"ENSG00000214026.11",0.311136764279179,"ENSG00000214026.11"
"ENSG00000214063.11",0.00788302903759289,"ENSG00000214063.11"
"ENSG00000214078.12",0.455322560223684,"ENSG00000214078.12"
"ENSG00000214087.8",0.0354076650169411,"ENSG00000214087.8"
"ENSG00000214107.8",0.798627660457796,"ENSG00000214107.8"
"ENSG00000214113.10",0.345264175414989,"ENSG00000214113.10"
"ENSG00000214160.10",0.489370237077907,"ENSG00000214160.10"
"ENSG00000214193.11",0.551777547763367,"ENSG00000214193.11"
"ENSG00000214253.9",0.359928266492966,"ENSG00000214253.9"
"ENSG00000214274.9",0.203185653093727,"ENSG00000214274.9"
"ENSG00000214309.5",0.417917474277953,"ENSG00000214309.5"
"ENSG00000214357.9",0.582146482512535,"ENSG00000214357.9"
"ENSG00000214367.8",0.207486006227675,"ENSG00000214367.8"
"ENSG00000214413.9",0.0981580776835304,"ENSG00000214413.9"
"ENSG00000214415.4",0.0770799647905406,"ENSG00000214415.4"
"ENSG00000214435.8",0.685767966089542,"ENSG00000214435.8"
"ENSG00000214456.8",0.36686649742437,"ENSG00000214456.8"
"ENSG00000214517.10",0.645854868216413,"ENSG00000214517.10"
"ENSG00000214530.9",0.668926219554193,"ENSG00000214530.9"
"ENSG00000214595.12",0.740137675274464,"ENSG00000214595.12"
"ENSG00000214655.10",-0.140706790483796,"ENSG00000214655.10"
"ENSG00000214706.10",0.363297247991773,"ENSG00000214706.10"
"ENSG00000214717.12",0.126602228673776,"ENSG00000214717.12"
"ENSG00000214736.7",0.351898204328489,"ENSG00000214736.7"
"ENSG00000214753.4",-0.0694516380748157,"ENSG00000214753.4"
"ENSG00000214814.7",0.761633910970304,"ENSG00000214814.7"
"ENSG00000214872.8",0.518344228084283,"ENSG00000214872.8"
"ENSG00000214941.8",0.313749338974088,"ENSG00000214941.8"
"ENSG00000214944.9",0.893042450966448,"ENSG00000214944.9"
"ENSG00000214960.10",0.300331122375967,"ENSG00000214960.10"
"ENSG00000215012.9",0.471324373339533,"ENSG00000215012.9"
"ENSG00000215018.10",0.134704701568733,"ENSG00000215018.10"
"ENSG00000215021.9",-0.149304143074528,"ENSG00000215021.9"
"ENSG00000215041.10",0.598528450767938,"ENSG00000215041.10"
"ENSG00000215114.10",0.393888116773099,"ENSG00000215114.10"
"ENSG00000215182.8",0.749889355366824,"ENSG00000215182.8"
"ENSG00000215193.13",0.245303803777425,"ENSG00000215193.13"
"ENSG00000215251.4",0.469190756362523,"ENSG00000215251.4"
"ENSG00000215271.9",0.308310316159552,"ENSG00000215271.9"
"ENSG00000215274.5",0.0694187725891013,"ENSG00000215274.5"
"ENSG00000215301.10",0.249888250128186,"ENSG00000215301.10"
"ENSG00000215305.10",0.280578445214615,"ENSG00000215305.10"
"ENSG00000215421.9",-0.02070012298234,"ENSG00000215421.9"
"ENSG00000215440.12",0.457824788870968,"ENSG00000215440.12"
"ENSG00000215717.7",-0.0463149943541196,"ENSG00000215717.7"
"ENSG00000215845.11",0.46965381938316,"ENSG00000215845.11"
"ENSG00000216490.4",0.347545672300699,"ENSG00000216490.4"
"ENSG00000217128.12",0.025597761273159,"ENSG00000217128.12"
"ENSG00000218336.9",0.00539969603355495,"ENSG00000218336.9"
"ENSG00000218739.10",0.109755261745775,"ENSG00000218739.10"
"ENSG00000218891.5",0.375553704737421,"ENSG00000218891.5"
"ENSG00000219200.11",0.429325544345346,"ENSG00000219200.11"
"ENSG00000219545.11",0.187316599800797,"ENSG00000219545.11"
"ENSG00000219607.4",0.407112018185954,"ENSG00000219607.4"
"ENSG00000221823.11",-0.0276480733877753,"ENSG00000221823.11"
"ENSG00000221829.10",0.227753074188424,"ENSG00000221829.10"
"ENSG00000221838.10",-0.0169130011112325,"ENSG00000221838.10"
"ENSG00000221866.9",0.709622847039136,"ENSG00000221866.9"
"ENSG00000221869.5",0.30190317338999,"ENSG00000221869.5"
"ENSG00000221886.4",0.352296876690723,"ENSG00000221886.4"
"ENSG00000221890.5",0.669949223846563,"ENSG00000221890.5"
"ENSG00000221914.11",0.231154942194313,"ENSG00000221914.11"
"ENSG00000221926.13",0.617045462612859,"ENSG00000221926.13"
"ENSG00000221944.8",-0.402285340565371,"ENSG00000221944.8"
"ENSG00000221955.10",0.282172626143715,"ENSG00000221955.10"
"ENSG00000221963.6",0.453675513907531,"ENSG00000221963.6"
"ENSG00000221968.9",0.523379234731564,"ENSG00000221968.9"
"ENSG00000221978.12",0.233680988415405,"ENSG00000221978.12"
"ENSG00000221983.8",0.0824024339437375,"ENSG00000221983.8"
"ENSG00000221988.13",0.436426958196778,"ENSG00000221988.13"
"ENSG00000222009.8",0.170921198668147,"ENSG00000222009.8"
"ENSG00000222011.9",-0.05763580774774,"ENSG00000222011.9"
"ENSG00000222038.3",-0.0391456101142799,"ENSG00000222038.3"
"ENSG00000223350.2",0.478103367603878,"ENSG00000223350.2"
"ENSG00000223496.3",-0.118027484103393,"ENSG00000223496.3"
"ENSG00000223501.9",0.102991343780191,"ENSG00000223501.9"
"ENSG00000223573.7",0.273913043478261,"ENSG00000223573.7"
"ENSG00000223609.11",0.176043493341596,"ENSG00000223609.11"
"ENSG00000223648.4",0.44244933637854,"ENSG00000223648.4"
"ENSG00000223865.11",0.677816465666303,"ENSG00000223865.11"
"ENSG00000223953.6",0.542536432886461,"ENSG00000223953.6"
"ENSG00000224041.3",0.233046454829604,"ENSG00000224041.3"
"ENSG00000224051.7",0.288662051265638,"ENSG00000224051.7"
"ENSG00000224389.9",0.453796031925544,"ENSG00000224389.9"
"ENSG00000224470.8",0.123520358905913,"ENSG00000224470.8"
"ENSG00000224531.6",0.648349188018944,"ENSG00000224531.6"
"ENSG00000224650.2",0.516774240972495,"ENSG00000224650.2"
"ENSG00000224877.4",-0.198693433495478,"ENSG00000224877.4"
"ENSG00000225190.11",0.563048465697198,"ENSG00000225190.11"
"ENSG00000225526.4",0.126470588235294,"ENSG00000225526.4"
"ENSG00000225663.8",0.436904050982324,"ENSG00000225663.8"
"ENSG00000225697.13",0.532744080947719,"ENSG00000225697.13"
"ENSG00000225698.3",0.421456754696335,"ENSG00000225698.3"
"ENSG00000225830.14",-0.215003704977522,"ENSG00000225830.14"
"ENSG00000225921.7",0.242737010685414,"ENSG00000225921.7"
"ENSG00000225973.4",0.258657012689057,"ENSG00000225973.4"
"ENSG00000226479.4",0.39573557820812,"ENSG00000226479.4"
"ENSG00000226887.8",0.33322889170991,"ENSG00000226887.8"
"ENSG00000227057.10",0.302266129440578,"ENSG00000227057.10"
"ENSG00000227234.2",0.0128780617931028,"ENSG00000227234.2"
"ENSG00000227345.8",0.0748701122478106,"ENSG00000227345.8"
"ENSG00000227471.9",-0.0791150066799305,"ENSG00000227471.9"
"ENSG00000227500.10",0.506603734301885,"ENSG00000227500.10"
"ENSG00000228253.1",0.671097944792145,"ENSG00000228253.1"
"ENSG00000228278.4",0.175636564779125,"ENSG00000228278.4"
"ENSG00000228300.14",0.199303135888502,"ENSG00000228300.14"
"ENSG00000228716.7",0.615233347510158,"ENSG00000228716.7"
"ENSG00000229314.5",0.140527413731075,"ENSG00000229314.5"
"ENSG00000229809.8",0.00574942276621151,"ENSG00000229809.8"
"ENSG00000229833.10",0.398113739076346,"ENSG00000229833.10"
"ENSG00000230124.8",0.289304931018936,"ENSG00000230124.8"
"ENSG00000230626.4",-0.161397700233854,"ENSG00000230626.4"
"ENSG00000230873.9",0.574925338861128,"ENSG00000230873.9"
"ENSG00000230989.7",0.121348300703814,"ENSG00000230989.7"
"ENSG00000231292.6",0.200368547895286,"ENSG00000231292.6"
"ENSG00000231389.7",0.556036238671058,"ENSG00000231389.7"
"ENSG00000231475.3",0.528936789013258,"ENSG00000231475.3"
"ENSG00000231500.7",0.461327024762115,"ENSG00000231500.7"
"ENSG00000231925.12",0.397229915698357,"ENSG00000231925.12"
"ENSG00000232112.3",0.264294672347178,"ENSG00000232112.3"
"ENSG00000232119.8",0.0422274444471001,"ENSG00000232119.8"
"ENSG00000232216.1",0.543656260375332,"ENSG00000232216.1"
"ENSG00000232388.5",0.381158262342436,"ENSG00000232388.5"
"ENSG00000232434.2",0.0101883814390079,"ENSG00000232434.2"
"ENSG00000232629.9",0.630670957416363,"ENSG00000232629.9"
"ENSG00000232838.4",0.157928898206002,"ENSG00000232838.4"
"ENSG00000233276.6",0.382465223930495,"ENSG00000233276.6"
"ENSG00000233493.4",0.313455585067222,"ENSG00000233493.4"
"ENSG00000233732.5",0.0194560681382554,"ENSG00000233732.5"
"ENSG00000233757.6",0.0504967855055523,"ENSG00000233757.6"
"ENSG00000233927.5",0.15760024732673,"ENSG00000233927.5"
"ENSG00000233999.3",-0.122216996874031,"ENSG00000233999.3"
"ENSG00000234068.7",0.420379920147898,"ENSG00000234068.7"
"ENSG00000234127.9",0.440499599391968,"ENSG00000234127.9"
"ENSG00000234545.8",0.0362097434501801,"ENSG00000234545.8"
"ENSG00000234616.9",0.0566139449944804,"ENSG00000234616.9"
"ENSG00000234745.11",0.521935443510551,"ENSG00000234745.11"
"ENSG00000235109.7",0.536531762426736,"ENSG00000235109.7"
"ENSG00000235162.9",0.609921810220635,"ENSG00000235162.9"
"ENSG00000235169.9",0.535057705394262,"ENSG00000235169.9"
"ENSG00000235173.7",0.509634706629046,"ENSG00000235173.7"
"ENSG00000235194.9",0.224432932617131,"ENSG00000235194.9"
"ENSG00000235568.7",0.188715442808939,"ENSG00000235568.7"
"ENSG00000235750.10",0.103192436252642,"ENSG00000235750.10"
"ENSG00000235863.4",-0.494324045407637,"ENSG00000235863.4"
"ENSG00000236104.3",-0.170454545454545,"ENSG00000236104.3"
"ENSG00000236287.8",0.128406757857934,"ENSG00000236287.8"
"ENSG00000236609.4",0.169028432333473,"ENSG00000236609.4"
"ENSG00000236699.9",0.712753027017311,"ENSG00000236699.9"
"ENSG00000237172.4",0.268989631347381,"ENSG00000237172.4"
"ENSG00000237190.4",-0.129499392547693,"ENSG00000237190.4"
"ENSG00000237412.7",-0.0759460819176811,"ENSG00000237412.7"
"ENSG00000237440.9",-0.00244743576995606,"ENSG00000237440.9"
"ENSG00000237441.10",0.65761286615087,"ENSG00000237441.10"
"ENSG00000237649.8",0.606944809522507,"ENSG00000237649.8"
"ENSG00000238269.9",0.267838136711623,"ENSG00000238269.9"
"ENSG00000239264.9",0.64550892715928,"ENSG00000239264.9"
"ENSG00000239282.8",0.345885317426133,"ENSG00000239282.8"
"ENSG00000239306.5",0.444920656012709,"ENSG00000239306.5"
"ENSG00000239382.10",0.158795675935174,"ENSG00000239382.10"
"ENSG00000239474.7",0.687635274548464,"ENSG00000239474.7"
"ENSG00000239571.1",0.217014530456633,"ENSG00000239571.1"
"ENSG00000239672.7",0.315457880357622,"ENSG00000239672.7"
"ENSG00000239697.11",-0.0140230849981395,"ENSG00000239697.11"
"ENSG00000239713.9",0.57576116394843,"ENSG00000239713.9"
"ENSG00000239819.2",-0.0473468283796093,"ENSG00000239819.2"
"ENSG00000239839.7",0.23584697568714,"ENSG00000239839.7"
"ENSG00000239855.1",-0.253421265274004,"ENSG00000239855.1"
"ENSG00000239857.7",0.121797640134542,"ENSG00000239857.7"
"ENSG00000239887.6",0.366851054018292,"ENSG00000239887.6"
"ENSG00000239900.12",0.336020175694007,"ENSG00000239900.12"
"ENSG00000239951.1",0.349908576229632,"ENSG00000239951.1"
"ENSG00000240065.8",0.542215380914135,"ENSG00000240065.8"
"ENSG00000240184.7",0.351856926258616,"ENSG00000240184.7"
"ENSG00000240230.6",-0.010287341019102,"ENSG00000240230.6"
"ENSG00000240303.8",0.515220464565883,"ENSG00000240303.8"
"ENSG00000240344.9",0.00888474048305191,"ENSG00000240344.9"
"ENSG00000240382.3",0.21764081548599,"ENSG00000240382.3"
"ENSG00000240445.4",0.660784050535519,"ENSG00000240445.4"
"ENSG00000240671.4",0.349473150485375,"ENSG00000240671.4"
"ENSG00000240694.9",0.925945197736658,"ENSG00000240694.9"
"ENSG00000240764.4",0.0790845688795034,"ENSG00000240764.4"
"ENSG00000240771.8",0.144357708328227,"ENSG00000240771.8"
"ENSG00000240849.11",0.761115097700161,"ENSG00000240849.11"
"ENSG00000240857.2",0.241216304271489,"ENSG00000240857.2"
"ENSG00000240864.3",0.311128876141483,"ENSG00000240864.3"
"ENSG00000240972.2",-0.0838100993718,"ENSG00000240972.2"
"ENSG00000241058.4",0.226777913834648,"ENSG00000241058.4"
"ENSG00000241106.8",0.581126234007714,"ENSG00000241106.8"
"ENSG00000241127.8",0.0849450863904616,"ENSG00000241127.8"
"ENSG00000241244.1",0.500020369235766,"ENSG00000241244.1"
"ENSG00000241258.7",-0.053146872981686,"ENSG00000241258.7"
"ENSG00000241351.3",0.146486174589754,"ENSG00000241351.3"
"ENSG00000241360.2",0.433823015850401,"ENSG00000241360.2"
"ENSG00000241370.5",-0.180267468285167,"ENSG00000241370.5"
"ENSG00000241468.8",0.129441199232103,"ENSG00000241468.8"
"ENSG00000241553.12",0.398637084552279,"ENSG00000241553.12"
"ENSG00000241644.2",0.611606987015627,"ENSG00000241644.2"
"ENSG00000241685.10",-0.212078224232189,"ENSG00000241685.10"
"ENSG00000241837.7",0.320357772598467,"ENSG00000241837.7"
"ENSG00000241839.10",0.526525263866852,"ENSG00000241839.10"
"ENSG00000241878.11",0.469047016041278,"ENSG00000241878.11"
"ENSG00000241945.8",0.357505810458466,"ENSG00000241945.8"
"ENSG00000241973.11",0.20901316275427,"ENSG00000241973.11"
"ENSG00000242028.7",-0.000453251524394743,"ENSG00000242028.7"
"ENSG00000242110.8",0.636492264764804,"ENSG00000242110.8"
"ENSG00000242114.6",0.690539877661765,"ENSG00000242114.6"
"ENSG00000242247.11",0.547130671267515,"ENSG00000242247.11"
"ENSG00000242259.8",0.212846254429294,"ENSG00000242259.8"
"ENSG00000242265.5",0.663535863251077,"ENSG00000242265.5"
"ENSG00000242372.8",0.283758427184737,"ENSG00000242372.8"
"ENSG00000242485.6",0.448290643730522,"ENSG00000242485.6"
"ENSG00000242498.8",-0.0892583608202176,"ENSG00000242498.8"
"ENSG00000242550.6",0.385732404940819,"ENSG00000242550.6"
"ENSG00000242574.9",0.397891530049996,"ENSG00000242574.9"
"ENSG00000242612.7",0.668619773706037,"ENSG00000242612.7"
"ENSG00000242616.4",-0.0352273050387272,"ENSG00000242616.4"
"ENSG00000242766.1",0.650410982665608,"ENSG00000242766.1"
"ENSG00000242802.9",0.131387302595873,"ENSG00000242802.9"
"ENSG00000243056.2",0.549703656904497,"ENSG00000243056.2"
"ENSG00000243063.1",0.234191495521549,"ENSG00000243063.1"
"ENSG00000243147.8",0.3225969596852,"ENSG00000243147.8"
"ENSG00000243156.9",0.486176896759065,"ENSG00000243156.9"
"ENSG00000243232.6",0.516236562685802,"ENSG00000243232.6"
"ENSG00000243238.1",0.0261271226694602,"ENSG00000243238.1"
"ENSG00000243244.6",0.601824512102972,"ENSG00000243244.6"
"ENSG00000243264.2",0.339998090415566,"ENSG00000243264.2"
"ENSG00000243279.4",0.557867654247121,"ENSG00000243279.4"
"ENSG00000243335.9",0.694547496783251,"ENSG00000243335.9"
"ENSG00000243364.8",0.0648192387322822,"ENSG00000243364.8"
"ENSG00000243414.6",0.413043478260869,"ENSG00000243414.6"
"ENSG00000243466.1",0.213100462639767,"ENSG00000243466.1"
"ENSG00000243477.5",0.423461013377891,"ENSG00000243477.5"
"ENSG00000243480.7",0.717215806689307,"ENSG00000243480.7"
"ENSG00000243509.6",0.664656115714394,"ENSG00000243509.6"
"ENSG00000243646.10",0.298369114226821,"ENSG00000243646.10"
"ENSG00000243667.7",0.0449352091377203,"ENSG00000243667.7"
"ENSG00000243725.7",0.415383075130918,"ENSG00000243725.7"
"ENSG00000243789.11",0.402890478754292,"ENSG00000243789.11"
"ENSG00000243927.6",0.493387977780839,"ENSG00000243927.6"
"ENSG00000243943.10",0.208103062273714,"ENSG00000243943.10"
"ENSG00000243989.9",0.305309958497683,"ENSG00000243989.9"
"ENSG00000244005.13",0.416894794362116,"ENSG00000244005.13"
"ENSG00000244038.10",0.464224949745723,"ENSG00000244038.10"
"ENSG00000244045.13",0.203747672456144,"ENSG00000244045.13"
"ENSG00000244122.2",0.715577680447337,"ENSG00000244122.2"
"ENSG00000244187.8",0.513734353559333,"ENSG00000244187.8"
"ENSG00000244414.6",0.117266814518204,"ENSG00000244414.6"
"ENSG00000244462.8",0.237044521267653,"ENSG00000244462.8"
"ENSG00000244482.10",0.445122911381331,"ENSG00000244482.10"
"ENSG00000244486.9",0.0366238168076117,"ENSG00000244486.9"
"ENSG00000244509.4",0.168662355763718,"ENSG00000244509.4"
"ENSG00000244575.3",0.413196987180553,"ENSG00000244575.3"
"ENSG00000244617.2",0.646107255620968,"ENSG00000244617.2"
"ENSG00000244687.12",-0.165619820162929,"ENSG00000244687.12"
"ENSG00000244731.8",0.27791440722096,"ENSG00000244731.8"
"ENSG00000244754.9",-0.136472209128538,"ENSG00000244754.9"
"ENSG00000245848.3",0.371487874051533,"ENSG00000245848.3"
"ENSG00000246705.4",0.397058823529412,"ENSG00000246705.4"
"ENSG00000246922.8",0.26744319501295,"ENSG00000246922.8"
"ENSG00000247077.7",0.481368278816548,"ENSG00000247077.7"
"ENSG00000247315.4",0.260366926625174,"ENSG00000247315.4"
"ENSG00000247596.9",0.25731234762246,"ENSG00000247596.9"
"ENSG00000247626.5",-0.0263257743749912,"ENSG00000247626.5"
"ENSG00000248144.6",0.430492869436171,"ENSG00000248144.6"
"ENSG00000248333.8",0.261637332001353,"ENSG00000248333.8"
"ENSG00000248485.2",0.74927088074083,"ENSG00000248485.2"
"ENSG00000248746.6",0.120961007965265,"ENSG00000248746.6"
"ENSG00000248905.10",0.331411354393736,"ENSG00000248905.10"
"ENSG00000249115.9",0.497269362529098,"ENSG00000249115.9"
"ENSG00000249242.8",0.519492815347317,"ENSG00000249242.8"
"ENSG00000249437.8",0.352604657360351,"ENSG00000249437.8"
"ENSG00000249915.8",0.262652295377388,"ENSG00000249915.8"
"ENSG00000250317.8",0.387890983193424,"ENSG00000250317.8"
"ENSG00000250423.2",0.650465251782837,"ENSG00000250423.2"
"ENSG00000250479.9",0.377068711202779,"ENSG00000250479.9"
"ENSG00000250565.7",0.216806722689076,"ENSG00000250565.7"
"ENSG00000250571.7",-0.17192082111437,"ENSG00000250571.7"
"ENSG00000250722.6",0.449975637753399,"ENSG00000250722.6"
"ENSG00000251322.9",0.566155044324067,"ENSG00000251322.9"
"ENSG00000253276.4",0.398197003222328,"ENSG00000253276.4"
"ENSG00000253305.2",0.553060701784342,"ENSG00000253305.2"
"ENSG00000253313.6",0.454245289607901,"ENSG00000253313.6"
"ENSG00000253485.2",0.68009768009768,"ENSG00000253485.2"
"ENSG00000253626.3",0.179663642094604,"ENSG00000253626.3"
"ENSG00000253710.4",0.294584292135669,"ENSG00000253710.4"
"ENSG00000253719.4",0.408049534243093,"ENSG00000253719.4"
"ENSG00000253729.8",0.42082521452916,"ENSG00000253729.8"
"ENSG00000253846.2",0.641252530060286,"ENSG00000253846.2"
"ENSG00000253958.2",0.654143959622158,"ENSG00000253958.2"
"ENSG00000254004.7",0.307492208707754,"ENSG00000254004.7"
"ENSG00000254087.8",0.484828463371015,"ENSG00000254087.8"
"ENSG00000254093.9",0.439620556241982,"ENSG00000254093.9"
"ENSG00000254122.3",0.783202800368892,"ENSG00000254122.3"
"ENSG00000254415.3",0.379849287530187,"ENSG00000254415.3"
"ENSG00000254470.3",0.273080273224719,"ENSG00000254470.3"
"ENSG00000254505.11",-0.0545542639210616,"ENSG00000254505.11"
"ENSG00000254685.6",0.333118085792108,"ENSG00000254685.6"
"ENSG00000254709.8",0.232462766599848,"ENSG00000254709.8"
"ENSG00000254726.3",0.359451271167456,"ENSG00000254726.3"
"ENSG00000254772.10",-0.059726787559141,"ENSG00000254772.10"
"ENSG00000254901.8",0.222830757608722,"ENSG00000254901.8"
"ENSG00000254986.7",0.27010138026835,"ENSG00000254986.7"
"ENSG00000254996.5",0.0470343603103758,"ENSG00000254996.5"
"ENSG00000254999.4",-0.127043273353799,"ENSG00000254999.4"
"ENSG00000255112.3",0.292056603197453,"ENSG00000255112.3"
"ENSG00000255151.2",0.335978550106982,"ENSG00000255151.2"
"ENSG00000255154.7",0.103208859195835,"ENSG00000255154.7"
"ENSG00000255221.3",0.722498554440644,"ENSG00000255221.3"
"ENSG00000255302.5",0.131868131868132,"ENSG00000255302.5"
"ENSG00000255501.3",0.787594068719905,"ENSG00000255501.3"
"ENSG00000255529.9",0.174854838687752,"ENSG00000255529.9"
"ENSG00000255587.9",0.302652728711059,"ENSG00000255587.9"
"ENSG00000255690.3",0.649084322185758,"ENSG00000255690.3"
"ENSG00000255974.8",0.286500099638478,"ENSG00000255974.8"
"ENSG00000256043.3",0.610365353207396,"ENSG00000256043.3"
"ENSG00000256087.7",0.658263305322129,"ENSG00000256087.7"
"ENSG00000256229.8",0.0630769230769231,"ENSG00000256229.8"
"ENSG00000256269.10",0.0953570387781518,"ENSG00000256269.10"
"ENSG00000256525.8",0.448599136773615,"ENSG00000256525.8"
"ENSG00000256683.7",0.588905004254467,"ENSG00000256683.7"
"ENSG00000256806.6",0.350913875486544,"ENSG00000256806.6"
"ENSG00000256825.4",0.0322283496481579,"ENSG00000256825.4"
"ENSG00000256870.3",0.714199585497628,"ENSG00000256870.3"
"ENSG00000257017.9",0.179445056962119,"ENSG00000257017.9"
"ENSG00000257046.5",0.636670549089071,"ENSG00000257046.5"
"ENSG00000257093.7",0.607111234957137,"ENSG00000257093.7"
"ENSG00000257103.8",0.00558369916269607,"ENSG00000257103.8"
"ENSG00000257315.2",0.316586878276368,"ENSG00000257315.2"
"ENSG00000257365.8",0.316655021516813,"ENSG00000257365.8"
"ENSG00000257727.6",0.0510733216528042,"ENSG00000257727.6"
"ENSG00000257743.8",0.510504993118689,"ENSG00000257743.8"
"ENSG00000257923.11",0.37216938369142,"ENSG00000257923.11"
"ENSG00000258289.8",-0.119429486370182,"ENSG00000258289.8"
"ENSG00000258315.5",0.361467701307922,"ENSG00000258315.5"
"ENSG00000258366.9",0.193017348550261,"ENSG00000258366.9"
"ENSG00000258429.2",0.23443448624471,"ENSG00000258429.2"
"ENSG00000258818.4",0.180196790606336,"ENSG00000258818.4"
"ENSG00000258890.7",0.0874120515645137,"ENSG00000258890.7"
"ENSG00000259207.9",0.317777007897002,"ENSG00000259207.9"
"ENSG00000259330.3",0.354346038963198,"ENSG00000259330.3"
"ENSG00000259431.6",0.512645412022902,"ENSG00000259431.6"
"ENSG00000259490.2",0.373879731330705,"ENSG00000259490.2"
"ENSG00000259494.2",0.365096065256563,"ENSG00000259494.2"
"ENSG00000259956.2",0.274704135378152,"ENSG00000259956.2"
"ENSG00000260027.5",0.604790981160421,"ENSG00000260027.5"
"ENSG00000260314.3",0.791711589841348,"ENSG00000260314.3"
"ENSG00000260916.7",0.178254410858877,"ENSG00000260916.7"
"ENSG00000261150.3",0.682534300831257,"ENSG00000261150.3"
"ENSG00000261221.3",-0.316788419336383,"ENSG00000261221.3"
"ENSG00000261236.8",0.586565794069302,"ENSG00000261236.8"
"ENSG00000261371.6",0.568687735190461,"ENSG00000261371.6"
"ENSG00000261456.6",0.0229655485140587,"ENSG00000261456.6"
"ENSG00000261609.7",0.77140440251633,"ENSG00000261609.7"
"ENSG00000261701.7",0.0163023513866591,"ENSG00000261701.7"
"ENSG00000262246.6",0.381227917155234,"ENSG00000262246.6"
"ENSG00000262406.3",0.762778277829392,"ENSG00000262406.3"
"ENSG00000262655.4",0.713021232382689,"ENSG00000262655.4"
"ENSG00000262664.3",0.342625186298578,"ENSG00000262664.3"
"ENSG00000262814.8",0.472763450190599,"ENSG00000262814.8"
"ENSG00000262919.8",-0.490921069045696,"ENSG00000262919.8"
"ENSG00000263001.6",0.498046743851227,"ENSG00000263001.6"
"ENSG00000263264.2",0.397901347390481,"ENSG00000263264.2"
"ENSG00000263465.4",0.102807406470453,"ENSG00000263465.4"
"ENSG00000263528.8",0.519860819356419,"ENSG00000263528.8"
"ENSG00000263639.7",0.2827243833884,"ENSG00000263639.7"
"ENSG00000263961.8",0.173709834469328,"ENSG00000263961.8"
"ENSG00000264230.9",0.885803087326705,"ENSG00000264230.9"
"ENSG00000264364.3",0.549442322434946,"ENSG00000264364.3"
"ENSG00000264424.1",0.428096116066307,"ENSG00000264424.1"
"ENSG00000264522.6",0.44019066210187,"ENSG00000264522.6"
"ENSG00000265190.6",0.86426777973357,"ENSG00000265190.6"
"ENSG00000265241.7",0.224433667065003,"ENSG00000265241.7"
"ENSG00000265354.4",0.44607864149178,"ENSG00000265354.4"
"ENSG00000265491.5",-0.0631090328800162,"ENSG00000265491.5"
"ENSG00000265808.4",0.301840844245456,"ENSG00000265808.4"
"ENSG00000265817.4",0.680358890690391,"ENSG00000265817.4"
"ENSG00000265972.6",0.528062463223165,"ENSG00000265972.6"
"ENSG00000266028.7",0.506650768331997,"ENSG00000266028.7"
"ENSG00000266074.8",-0.389523620601782,"ENSG00000266074.8"
"ENSG00000266094.8",0.591299956250858,"ENSG00000266094.8"
"ENSG00000266173.7",0.554337046193252,"ENSG00000266173.7"
"ENSG00000266412.5",0.0613904229952558,"ENSG00000266412.5"
"ENSG00000266472.5",0.246866233294535,"ENSG00000266472.5"
"ENSG00000266524.3",0.465528189625522,"ENSG00000266524.3"
"ENSG00000266964.5",0.662403387115725,"ENSG00000266964.5"
"ENSG00000266967.7",0.326618310972767,"ENSG00000266967.7"
"ENSG00000267467.4",0.112514599740162,"ENSG00000267467.4"
"ENSG00000267534.4",0.225105904623561,"ENSG00000267534.4"
"ENSG00000267673.6",0.452759190808442,"ENSG00000267673.6"
"ENSG00000267795.6",0.43600743979152,"ENSG00000267795.6"
"ENSG00000267796.8",0.0992000367093707,"ENSG00000267796.8"
"ENSG00000267909.3",0.466260688820167,"ENSG00000267909.3"
"ENSG00000269190.6",0.795953012705281,"ENSG00000269190.6"
"ENSG00000269335.5",0.409548621480278,"ENSG00000269335.5"
"ENSG00000269343.8",-0.034965034965035,"ENSG00000269343.8"
"ENSG00000270170.2",0.51739499265135,"ENSG00000270170.2"
"ENSG00000270467.1",0.0314158737517947,"ENSG00000270467.1"
"ENSG00000270472.2",0.280728925211316,"ENSG00000270472.2"
"ENSG00000270550.1",0.423341925928995,"ENSG00000270550.1"
"ENSG00000270647.6",0.226017608944843,"ENSG00000270647.6"
"ENSG00000270765.6",0.530613729500318,"ENSG00000270765.6"
"ENSG00000271130.1",0.29211073071311,"ENSG00000271130.1"
"ENSG00000271178.1",0.38192424958074,"ENSG00000271178.1"
"ENSG00000271303.2",0.472363638616207,"ENSG00000271303.2"
"ENSG00000271447.6",0.351792607085409,"ENSG00000271447.6"
"ENSG00000271503.6",0.567247308119374,"ENSG00000271503.6"
"ENSG00000271601.4",0.285701202577495,"ENSG00000271601.4"
"ENSG00000271605.6",0.58479894385074,"ENSG00000271605.6"
"ENSG00000272047.3",0.360448868183737,"ENSG00000272047.3"
"ENSG00000272325.2",0.329627633004616,"ENSG00000272325.2"
"ENSG00000272333.7",0.22936349037312,"ENSG00000272333.7"
"ENSG00000272391.6",0.19620706169395,"ENSG00000272391.6"
"ENSG00000272674.3",0.798315549783927,"ENSG00000272674.3"
"ENSG00000272886.6",0.0651380309048246,"ENSG00000272886.6"
"ENSG00000273045.6",0.477776938379794,"ENSG00000273045.6"
"ENSG00000273213.3",-0.274195975012512,"ENSG00000273213.3"
"ENSG00000273559.5",0.042740977274278,"ENSG00000273559.5"
"ENSG00000273611.5",0.262261091796555,"ENSG00000273611.5"
"ENSG00000273749.5",0.278992403389674,"ENSG00000273749.5"
"ENSG00000273820.2",0.305235547933768,"ENSG00000273820.2"
"ENSG00000273841.5",0.305371007570322,"ENSG00000273841.5"
"ENSG00000274070.2",0.474263252146906,"ENSG00000274070.2"
"ENSG00000274180.1",0.202412966649989,"ENSG00000274180.1"
"ENSG00000274523.5",0.266434959214729,"ENSG00000274523.5"
"ENSG00000274576.2",0.495500706608215,"ENSG00000274576.2"
"ENSG00000275023.5",0.48015718657428,"ENSG00000275023.5"
"ENSG00000275052.5",0.0587444694501127,"ENSG00000275052.5"
"ENSG00000275066.5",0.364067857102737,"ENSG00000275066.5"
"ENSG00000275074.2",0.373539336475251,"ENSG00000275074.2"
"ENSG00000275152.5",0.153001889156863,"ENSG00000275152.5"
"ENSG00000275183.2",0.0893177258487529,"ENSG00000275183.2"
"ENSG00000275342.5",0.436315595471766,"ENSG00000275342.5"
"ENSG00000275385.2",0.655882709424948,"ENSG00000275385.2"
"ENSG00000275395.6",0.636700429843446,"ENSG00000275395.6"
"ENSG00000275464.5",0.27614516514917,"ENSG00000275464.5"
"ENSG00000275700.5",0.0674484455789622,"ENSG00000275700.5"
"ENSG00000275832.5",0.222797944290391,"ENSG00000275832.5"
"ENSG00000275835.5",0.0137228920114339,"ENSG00000275835.5"
"ENSG00000275896.5",0.63590573969468,"ENSG00000275896.5"
"ENSG00000276023.5",0.64810404549259,"ENSG00000276023.5"
"ENSG00000276043.5",0.719946633476562,"ENSG00000276043.5"
"ENSG00000276045.3",0.125085661564426,"ENSG00000276045.3"
"ENSG00000276231.5",0.137450446275436,"ENSG00000276231.5"
"ENSG00000276234.5",0.0629385231240691,"ENSG00000276234.5"
"ENSG00000276293.4",0.576618476387553,"ENSG00000276293.4"
"ENSG00000276409.5",0.422925388230495,"ENSG00000276409.5"
"ENSG00000276547.1",0.420760436831148,"ENSG00000276547.1"
"ENSG00000276566.1",0.0777408239540301,"ENSG00000276566.1"
"ENSG00000276600.5",0.729423145241233,"ENSG00000276600.5"
"ENSG00000276644.5",0.492639625414686,"ENSG00000276644.5"
"ENSG00000276775.1",0.541208479964733,"ENSG00000276775.1"
"ENSG00000277258.5",0.408533742644855,"ENSG00000277258.5"
"ENSG00000277363.5",0.737755849852453,"ENSG00000277363.5"
"ENSG00000277443.3",0.375462581629487,"ENSG00000277443.3"
"ENSG00000277586.3",0.704128696668811,"ENSG00000277586.3"
"ENSG00000277734.8",0.418832460937282,"ENSG00000277734.8"
"ENSG00000277791.5",-0.0484424249184268,"ENSG00000277791.5"
"ENSG00000277972.2",0.465001066682166,"ENSG00000277972.2"
"ENSG00000278053.5",0.353393627752749,"ENSG00000278053.5"
"ENSG00000278129.2",0.135317775020649,"ENSG00000278129.2"
"ENSG00000278196.3",0.205606881971403,"ENSG00000278196.3"
"ENSG00000278259.4",0.588473206844334,"ENSG00000278259.4"
"ENSG00000278311.5",0.124499617239272,"ENSG00000278311.5"
"ENSG00000278535.5",0.498710992569623,"ENSG00000278535.5"
"ENSG00000278540.5",0.7023949869435,"ENSG00000278540.5"
"ENSG00000278615.5",0.290170364354518,"ENSG00000278615.5"
"ENSG00000278619.5",0.469039555980494,"ENSG00000278619.5"
"ENSG00000278803.2",0.192797696278428,"ENSG00000278803.2"
"ENSG00000278845.5",0.362740012283548,"ENSG00000278845.5"
"ENSG00000278857.1",0.482282892828977,"ENSG00000278857.1"
"ENSG00000279514.2",-0.0434388051917633,"ENSG00000279514.2"
"ENSG00000280411.1",0.433412028007783,"ENSG00000280411.1"
"ENSG00000280789.2",-0.0288167302005517,"ENSG00000280789.2"
"ENSG00000281990.1",0.494214513336023,"ENSG00000281990.1"
"ENSG00000282122.1",0.517359845044116,"ENSG00000282122.1"
"ENSG00000282639.1",0.429646969745087,"ENSG00000282639.1"
"ENSG00000282651.2",0.582328641950513,"ENSG00000282651.2"
"ENSG00000282815.1",0.256410306553058,"ENSG00000282815.1"
"ENSG00000282936.2",0.473561421233413,"ENSG00000282936.2"
"ENSG00000283071.1",0.226469936032754,"ENSG00000283071.1"
"ENSG00000283154.2",0.482927385030461,"ENSG00000283154.2"
"ENSG00000283580.3",0.236965240641711,"ENSG00000283580.3"
"ENSG00000283599.2",0.491660880391061,"ENSG00000283599.2"
"ENSG00000283632.3",0.328533468480987,"ENSG00000283632.3"
"ENSG00000284024.2",0.0950902491055977,"ENSG00000284024.2"
"ENSG00000284194.3",0.301824275729854,"ENSG00000284194.3"
"ENSG00000284691.1",0.396668441876338,"ENSG00000284691.1"
"ENSG00000284753.2",0.561827100344128,"ENSG00000284753.2"
"ENSG00000285025.1",-0.1153177124549,"ENSG00000285025.1"
"ENSG00000285723.1",0.422623323781362,"ENSG00000285723.1"
"ENSG00000286053.1",0.040476620530801,"ENSG00000286053.1"
"ENSG00000286140.1",0.201850871767752,"ENSG00000286140.1"
"ENSG00000002746.15",0.352135089177026,"ENSG00000002746.15"
"ENSG00000006611.16",0.813752577699991,"ENSG00000006611.16"
"ENSG00000007350.17",0.258165201906139,"ENSG00000007350.17"
"ENSG00000009413.16",0.198427934610248,"ENSG00000009413.16"
"ENSG00000009950.16",0.451821586653047,"ENSG00000009950.16"
"ENSG00000010219.13",-0.221277821860224,"ENSG00000010219.13"
"ENSG00000010270.13",0.397529535303433,"ENSG00000010270.13"
"ENSG00000010361.14",0.102108159369227,"ENSG00000010361.14"
"ENSG00000010379.16",0.87952455480052,"ENSG00000010379.16"
"ENSG00000011114.15",0.358926132106838,"ENSG00000011114.15"
"ENSG00000012124.17",0.500326720201543,"ENSG00000012124.17"
"ENSG00000012504.15",0.74684453321663,"ENSG00000012504.15"
"ENSG00000017483.15",0.561838032057963,"ENSG00000017483.15"
"ENSG00000018625.15",0.587655328995022,"ENSG00000018625.15"
"ENSG00000019186.10",0.155834401953439,"ENSG00000019186.10"
"ENSG00000021488.13",0.482887819326175,"ENSG00000021488.13"
"ENSG00000021645.19",0.58006622680113,"ENSG00000021645.19"
"ENSG00000022567.9",0.350283997652528,"ENSG00000022567.9"
"ENSG00000023171.18",0.695204782569877,"ENSG00000023171.18"
"ENSG00000023839.12",0.715816110117435,"ENSG00000023839.12"
"ENSG00000024526.17",-0.0807017543859649,"ENSG00000024526.17"
"ENSG00000036672.16",0.325417117641123,"ENSG00000036672.16"
"ENSG00000036828.17",0.0663666553296965,"ENSG00000036828.17"
"ENSG00000046653.15",0.872364397680777,"ENSG00000046653.15"
"ENSG00000050628.20",0.51685247601763,"ENSG00000050628.20"
"ENSG00000050767.17",0.673717449216433,"ENSG00000050767.17"
"ENSG00000053918.18",0.371295163834891,"ENSG00000053918.18"
"ENSG00000054392.13",0.208791208791209,"ENSG00000054392.13"
"ENSG00000064225.12",-0.0135375628261676,"ENSG00000064225.12"
"ENSG00000064651.14",0.646226662516371,"ENSG00000064651.14"
"ENSG00000066230.12",0.353556077034764,"ENSG00000066230.12"
"ENSG00000066813.14",0.577827689108127,"ENSG00000066813.14"
"ENSG00000067113.17",0.396321985187168,"ENSG00000067113.17"
"ENSG00000067646.12",0.428070175438596,"ENSG00000067646.12"
"ENSG00000067842.17",0.767188951160197,"ENSG00000067842.17"
"ENSG00000067900.8",0.419918802387937,"ENSG00000067900.8"
"ENSG00000070915.10",-0.00769182315124628,"ENSG00000070915.10"
"ENSG00000071242.12",0.459967545896375,"ENSG00000071242.12"
"ENSG00000072657.9",0.198769568676332,"ENSG00000072657.9"
"ENSG00000072840.13",0.16347232088234,"ENSG00000072840.13"
"ENSG00000073464.12",0.748714752133036,"ENSG00000073464.12"
"ENSG00000073711.11",0.808220387035691,"ENSG00000073711.11"
"ENSG00000073756.12",0.648139026635892,"ENSG00000073756.12"
"ENSG00000073803.14",-0.0368486578830875,"ENSG00000073803.14"
"ENSG00000074047.21",0.456199351377889,"ENSG00000074047.21"
"ENSG00000074276.10",0.282427453541995,"ENSG00000074276.10"
"ENSG00000074317.11",0.830022804232177,"ENSG00000074317.11"
"ENSG00000074803.20",0.0589233447452572,"ENSG00000074803.20"
"ENSG00000075043.18",0.736457305363724,"ENSG00000075043.18"
"ENSG00000075673.11",-0.360692417830267,"ENSG00000075673.11"
"ENSG00000075891.22",0.641639502041348,"ENSG00000075891.22"
"ENSG00000077585.14",0.53057179729518,"ENSG00000077585.14"
"ENSG00000077943.8",0.734982554118978,"ENSG00000077943.8"
"ENSG00000078596.11",0.760455086589332,"ENSG00000078596.11"
"ENSG00000078814.17",0.379771661559261,"ENSG00000078814.17"
"ENSG00000079112.10",0.920971089750647,"ENSG00000079112.10"
"ENSG00000079337.16",0.547500210102151,"ENSG00000079337.16"
"ENSG00000081052.13",0.441781907837839,"ENSG00000081052.13"
"ENSG00000081800.9",0.570206282231599,"ENSG00000081800.9"
"ENSG00000082684.16",0.711519590531018,"ENSG00000082684.16"
"ENSG00000083817.9",0.115584415584416,"ENSG00000083817.9"
"ENSG00000084734.9",0.0280210587335339,"ENSG00000084734.9"
"ENSG00000086991.13",0.532970531800826,"ENSG00000086991.13"
"ENSG00000087495.17",0.864587397251168,"ENSG00000087495.17"
"ENSG00000089163.4",0.0272727272727273,"ENSG00000089163.4"
"ENSG00000089250.19",0.550114215903094,"ENSG00000089250.19"
"ENSG00000089486.17",0.844330126190458,"ENSG00000089486.17"
"ENSG00000090615.15",0.778928711460167,"ENSG00000090615.15"
"ENSG00000091262.15",0.684887076647412,"ENSG00000091262.15"
"ENSG00000092421.16",0.767288384276897,"ENSG00000092421.16"
"ENSG00000092445.12",0.412822440359705,"ENSG00000092445.12"
"ENSG00000095539.15",0.282452431289641,"ENSG00000095539.15"
"ENSG00000095587.9",0.678947368421053,"ENSG00000095587.9"
"ENSG00000095932.7",0.78378282756806,"ENSG00000095932.7"
"ENSG00000099834.19",0.250175962666721,"ENSG00000099834.19"
"ENSG00000100024.15",0.692994981100842,"ENSG00000100024.15"
"ENSG00000100053.10",0.557264609977487,"ENSG00000100053.10"
"ENSG00000100138.15",0.25805300081846,"ENSG00000100138.15"
"ENSG00000100253.13",0.473562675643002,"ENSG00000100253.13"
"ENSG00000100884.9",0.82965305040888,"ENSG00000100884.9"
"ENSG00000101004.15",-0.18850640113798,"ENSG00000101004.15"
"ENSG00000101049.17",0.69436247501389,"ENSG00000101049.17"
"ENSG00000101076.16",0.662350211403753,"ENSG00000101076.16"
"ENSG00000101187.16",0.52554649907242,"ENSG00000101187.16"
"ENSG00000101323.5",0.531355337107297,"ENSG00000101323.5"
"ENSG00000101846.8",0.795380854089754,"ENSG00000101846.8"
"ENSG00000101850.13",0.271062271062271,"ENSG00000101850.13"
"ENSG00000102096.9",0.644295984675511,"ENSG00000102096.9"
"ENSG00000102543.14",0.449090231141475,"ENSG00000102543.14"
"ENSG00000102878.17",0.415652173913043,"ENSG00000102878.17"
"ENSG00000102934.10",0.49911414807389,"ENSG00000102934.10"
"ENSG00000103042.9",-0.102710539032641,"ENSG00000103042.9"
"ENSG00000103175.11",0.180103959861704,"ENSG00000103175.11"
"ENSG00000103429.11",0.462874893586133,"ENSG00000103429.11"
"ENSG00000103449.12",0.64420230240614,"ENSG00000103449.12"
"ENSG00000104219.13",0.399959972285876,"ENSG00000104219.13"
"ENSG00000104537.17",0.847040199557977,"ENSG00000104537.17"
"ENSG00000104856.14",0.5149369895214,"ENSG00000104856.14"
"ENSG00000104921.15",-0.237503469230069,"ENSG00000104921.15"
"ENSG00000105072.9",0.112395929694727,"ENSG00000105072.9"
"ENSG00000105227.15",0.305405838485065,"ENSG00000105227.15"
"ENSG00000105398.4",-0.0957694341618191,"ENSG00000105398.4"
"ENSG00000105438.9",0.49865764116036,"ENSG00000105438.9"
"ENSG00000105650.22",0.531468531468532,"ENSG00000105650.22"
"ENSG00000105675.9",-0.217131550411755,"ENSG00000105675.9"
"ENSG00000105771.14",0.498574352891782,"ENSG00000105771.14"
"ENSG00000105967.16",0.25837762098135,"ENSG00000105967.16"
"ENSG00000106123.12",0.109453328502276,"ENSG00000106123.12"
"ENSG00000106236.4",0.336834321336558,"ENSG00000106236.4"
"ENSG00000106258.15",0.782899504535936,"ENSG00000106258.15"
"ENSG00000107249.23",0.492366594448428,"ENSG00000107249.23"
"ENSG00000107447.8",-0.198557579739382,"ENSG00000107447.8"
"ENSG00000107611.16",0.87522377573894,"ENSG00000107611.16"
"ENSG00000107736.21",-0.160739687055477,"ENSG00000107736.21"
"ENSG00000107954.10",0.229971988795518,"ENSG00000107954.10"
"ENSG00000108509.21",-0.0531135531135531,"ENSG00000108509.21"
"ENSG00000108602.18",0.76344022085836,"ENSG00000108602.18"
"ENSG00000109182.12",0.5988879348334,"ENSG00000109182.12"
"ENSG00000109220.11",0.0328174378089296,"ENSG00000109220.11"
"ENSG00000109667.12",0.765710917343143,"ENSG00000109667.12"
"ENSG00000109684.15",-0.422929970025988,"ENSG00000109684.15"
"ENSG00000109832.14",0.681936722768548,"ENSG00000109832.14"
"ENSG00000110042.8",0.277901318827364,"ENSG00000110042.8"
"ENSG00000110203.9",0.212539748106865,"ENSG00000110203.9"
"ENSG00000110887.8",0.449062735518991,"ENSG00000110887.8"
"ENSG00000111012.10",-0.42454342885229,"ENSG00000111012.10"
"ENSG00000111181.12",0.877730844313521,"ENSG00000111181.12"
"ENSG00000111196.10",-0.270379124824034,"ENSG00000111196.10"
"ENSG00000111339.12",0.13140871084367,"ENSG00000111339.12"
"ENSG00000111713.3",0.305560747392549,"ENSG00000111713.3"
"ENSG00000112232.9",0.737800529072288,"ENSG00000112232.9"
"ENSG00000112246.10",0.199877413411713,"ENSG00000112246.10"
"ENSG00000112273.7",0.06475828957593,"ENSG00000112273.7"
"ENSG00000112499.13",0.630232373153369,"ENSG00000112499.13"
"ENSG00000112541.16",0.589389829358486,"ENSG00000112541.16"
"ENSG00000113100.10",0.14864336658414,"ENSG00000113100.10"
"ENSG00000113249.13",0.673584976174527,"ENSG00000113249.13"
"ENSG00000113492.14",0.573534943722236,"ENSG00000113492.14"
"ENSG00000113594.10",0.810591341982625,"ENSG00000113594.10"
"ENSG00000113946.3",0.833241758241758,"ENSG00000113946.3"
"ENSG00000114374.13",0.266644585411484,"ENSG00000114374.13"
"ENSG00000114455.13",0.605679377226018,"ENSG00000114455.13"
"ENSG00000114541.15",0.409189611250259,"ENSG00000114541.15"
"ENSG00000114638.8",0.712801472891808,"ENSG00000114638.8"
"ENSG00000114771.14",0.545792403013396,"ENSG00000114771.14"
"ENSG00000115041.13",0.637276237276237,"ENSG00000115041.13"
"ENSG00000115363.14",0.462530358367532,"ENSG00000115363.14"
"ENSG00000115386.6",0.762838736143531,"ENSG00000115386.6"
"ENSG00000115525.18",-0.0534250388230277,"ENSG00000115525.18"
"ENSG00000115604.10",0.27921935006305,"ENSG00000115604.10"
"ENSG00000115827.14",0.328215406434595,"ENSG00000115827.14"
"ENSG00000116016.14",-0.100447399201461,"ENSG00000116016.14"
"ENSG00000116151.14",0.451669467402406,"ENSG00000116151.14"
"ENSG00000116183.11",-0.0170180547466511,"ENSG00000116183.11"
"ENSG00000116218.13",0.176134717117041,"ENSG00000116218.13"
"ENSG00000116514.16",0.0528239331257067,"ENSG00000116514.16"
"ENSG00000116981.3",0.551904196289883,"ENSG00000116981.3"
"ENSG00000116983.13",0.742464316416146,"ENSG00000116983.13"
"ENSG00000117707.16",0.649090619289344,"ENSG00000117707.16"
"ENSG00000117834.12",0.417427950372531,"ENSG00000117834.12"
"ENSG00000118094.12",0.324832644922376,"ENSG00000118094.12"
"ENSG00000118307.19",-0.400486581114287,"ENSG00000118307.19"
"ENSG00000118514.14",0.869258175269662,"ENSG00000118514.14"
"ENSG00000118515.11",0.601419552114036,"ENSG00000118515.11"
"ENSG00000118526.7",0.603982964216505,"ENSG00000118526.7"
"ENSG00000118777.12",0.732134244839241,"ENSG00000118777.12"
"ENSG00000118946.12",0.77465509173824,"ENSG00000118946.12"
"ENSG00000119125.17",0.598796420157103,"ENSG00000119125.17"
"ENSG00000119138.4",-0.0637493626920374,"ENSG00000119138.4"
"ENSG00000119139.20",-0.0160680186048973,"ENSG00000119139.20"
"ENSG00000119514.7",0.634944268633873,"ENSG00000119514.7"
"ENSG00000119630.14",0.691026827012026,"ENSG00000119630.14"
"ENSG00000119632.4",0.568347543653152,"ENSG00000119632.4"
"ENSG00000119686.10",0.0162612237007205,"ENSG00000119686.10"
"ENSG00000119777.20",0.334147950630738,"ENSG00000119777.20"
"ENSG00000120156.21",0.339359717318282,"ENSG00000120156.21"
"ENSG00000120457.12",0.0587049644765363,"ENSG00000120457.12"
"ENSG00000120645.12",0.40488320800712,"ENSG00000120645.12"
"ENSG00000120693.13",0.407163982946777,"ENSG00000120693.13"
"ENSG00000120784.16",0.752173913043478,"ENSG00000120784.16"
"ENSG00000120949.15",0.605393971443681,"ENSG00000120949.15"
"ENSG00000121690.11",0.412544228230382,"ENSG00000121690.11"
"ENSG00000121775.18",0.0971372563461294,"ENSG00000121775.18"
"ENSG00000121903.14",-0.0418338585071489,"ENSG00000121903.14"
"ENSG00000122035.7",0.741258741258741,"ENSG00000122035.7"
"ENSG00000122042.10",0.502599513857358,"ENSG00000122042.10"
"ENSG00000122121.11",0.0954876862039344,"ENSG00000122121.11"
"ENSG00000122390.19",0.32516957704272,"ENSG00000122390.19"
"ENSG00000122970.16",0.496027172118031,"ENSG00000122970.16"
"ENSG00000123119.12",0.657463004430849,"ENSG00000123119.12"
"ENSG00000124237.6",0.244063885786278,"ENSG00000124237.6"
"ENSG00000124564.17",0.583311138997331,"ENSG00000124564.17"
"ENSG00000124568.12",0.167036685572419,"ENSG00000124568.12"
"ENSG00000124602.10",0.518084107591048,"ENSG00000124602.10"
"ENSG00000124749.17",-0.101333759004675,"ENSG00000124749.17"
"ENSG00000124772.12",0.786484571196088,"ENSG00000124772.12"
"ENSG00000124920.13",0.172008313426033,"ENSG00000124920.13"
"ENSG00000125170.11",0.440828653718399,"ENSG00000125170.11"
"ENSG00000125255.7",0.953076923076923,"ENSG00000125255.7"
"ENSG00000125409.13",0.0551442017457307,"ENSG00000125409.13"
"ENSG00000125618.17",0.767386753145989,"ENSG00000125618.17"
"ENSG00000125755.19",0.493857579379355,"ENSG00000125755.19"
"ENSG00000125872.8",0.747529863370674,"ENSG00000125872.8"
"ENSG00000126785.13",0.493828095809206,"ENSG00000126785.13"
"ENSG00000128052.10",0.653488907845587,"ENSG00000128052.10"
"ENSG00000128242.13",0.547902251642342,"ENSG00000128242.13"
"ENSG00000128268.12",0.204013167075062,"ENSG00000128268.12"
"ENSG00000128298.17",0.370034504991152,"ENSG00000128298.17"
"ENSG00000128573.26",0.140308747855918,"ENSG00000128573.26"
"ENSG00000128655.18",0.371069182389937,"ENSG00000128655.18"
"ENSG00000128710.6",0.534690437033704,"ENSG00000128710.6"
"ENSG00000128917.8",0.0941242386228656,"ENSG00000128917.8"
"ENSG00000129028.9",0.365719484882419,"ENSG00000129028.9"
"ENSG00000129244.9",0.583170650338288,"ENSG00000129244.9"
"ENSG00000129473.10",0.414518318291768,"ENSG00000129473.10"
"ENSG00000129824.16",0.761657228586112,"ENSG00000129824.16"
"ENSG00000130052.13",-0.0558137407242424,"ENSG00000130052.13"
"ENSG00000130173.13",0.547002196607152,"ENSG00000130173.13"
"ENSG00000130226.17",0.88294711891893,"ENSG00000130226.17"
"ENSG00000130413.15",0.784735784781875,"ENSG00000130413.15"
"ENSG00000130758.8",0.605243725879654,"ENSG00000130758.8"
"ENSG00000130821.16",0.613202008690176,"ENSG00000130821.16"
"ENSG00000130822.16",0.775418495099683,"ENSG00000130822.16"
"ENSG00000131055.5",0.301679365838658,"ENSG00000131055.5"
"ENSG00000131089.17",0.8717308931892,"ENSG00000131089.17"
"ENSG00000131094.4",0.803712773283812,"ENSG00000131094.4"
"ENSG00000131127.14",-0.595391903813142,"ENSG00000131127.14"
"ENSG00000131183.11",0.162174578644672,"ENSG00000131183.11"
"ENSG00000131400.8",0.888941932991054,"ENSG00000131400.8"
"ENSG00000131482.10",0.519726093148233,"ENSG00000131482.10"
"ENSG00000132437.18",0.645256347000899,"ENSG00000132437.18"
"ENSG00000132840.10",0.719017739980899,"ENSG00000132840.10"
"ENSG00000133116.8",0.46569625894416,"ENSG00000133116.8"
"ENSG00000133135.14",0.415875148451856,"ENSG00000133135.14"
"ENSG00000133460.19",0.428698553948832,"ENSG00000133460.19"
"ENSG00000133687.16",0.581965566987207,"ENSG00000133687.16"
"ENSG00000133958.13",-0.218379446640316,"ENSG00000133958.13"
"ENSG00000134138.20",0.39881871604089,"ENSG00000134138.20"
"ENSG00000134207.16",0.827298867063226,"ENSG00000134207.16"
"ENSG00000134245.18",-0.214523268845768,"ENSG00000134245.18"
"ENSG00000134569.10",0.600332908924943,"ENSG00000134569.10"
"ENSG00000134873.10",0.682963744864426,"ENSG00000134873.10"
"ENSG00000135100.18",0.699349481331011,"ENSG00000135100.18"
"ENSG00000135127.11",0.283397932467621,"ENSG00000135127.11"
"ENSG00000135185.12",0.708520577557883,"ENSG00000135185.12"
"ENSG00000135220.11",0.811181256008598,"ENSG00000135220.11"
"ENSG00000135253.14",0.459218502974804,"ENSG00000135253.14"
"ENSG00000135299.17",0.480971473735643,"ENSG00000135299.17"
"ENSG00000135363.12",-0.150391079265459,"ENSG00000135363.12"
"ENSG00000135638.14",0.350954927425516,"ENSG00000135638.14"
"ENSG00000135697.10",0.766330700827852,"ENSG00000135697.10"
"ENSG00000135842.17",0.770391385650022,"ENSG00000135842.17"
"ENSG00000135917.15",0.54050598300392,"ENSG00000135917.15"
"ENSG00000136114.17",-0.124546331139249,"ENSG00000136114.17"
"ENSG00000136160.17",0.451582193639079,"ENSG00000136160.17"
"ENSG00000136267.13",0.829462365899903,"ENSG00000136267.13"
"ENSG00000136305.11",0.695848658078496,"ENSG00000136305.11"
"ENSG00000136573.14",0.233201581027668,"ENSG00000136573.14"
"ENSG00000136856.18",0.157722034685612,"ENSG00000136856.18"
"ENSG00000136881.11",0.319648093841642,"ENSG00000136881.11"
"ENSG00000137078.9",0.467947974702192,"ENSG00000137078.9"
"ENSG00000137204.14",0.0499466535156357,"ENSG00000137204.14"
"ENSG00000137251.16",0.778384657903174,"ENSG00000137251.16"
"ENSG00000137392.10",0.557135641334128,"ENSG00000137392.10"
"ENSG00000137474.22",0.271091981318558,"ENSG00000137474.22"
"ENSG00000137731.14",0.862362057087596,"ENSG00000137731.14"
"ENSG00000137834.15",0.344600938967136,"ENSG00000137834.15"
"ENSG00000138079.14",0.873293721731802,"ENSG00000138079.14"
"ENSG00000138308.6",0.844716953463796,"ENSG00000138308.6"
"ENSG00000138311.18",0.399296074920436,"ENSG00000138311.18"
"ENSG00000138315.13",-0.228333237989704,"ENSG00000138315.13"
"ENSG00000138759.19",0.688701315441625,"ENSG00000138759.19"
"ENSG00000138823.13",0.395898501219504,"ENSG00000138823.13"
"ENSG00000139220.16",0.719036580925308,"ENSG00000139220.16"
"ENSG00000139354.11",-0.036396774048078,"ENSG00000139354.11"
"ENSG00000139537.11",-0.156212855176813,"ENSG00000139537.11"
"ENSG00000139540.12",0.472358994223476,"ENSG00000139540.12"
"ENSG00000139737.22",0.83790094321657,"ENSG00000139737.22"
"ENSG00000140297.13",0.661569133500042,"ENSG00000140297.13"
"ENSG00000140519.14",-0.215193326622922,"ENSG00000140519.14"
"ENSG00000140563.15",0.618060010896373,"ENSG00000140563.15"
"ENSG00000140675.13",0.232862081179987,"ENSG00000140675.13"
"ENSG00000140795.13",0.173850513221947,"ENSG00000140795.13"
"ENSG00000140839.11",0.707887700534759,"ENSG00000140839.11"
"ENSG00000141431.12",-0.467866105649443,"ENSG00000141431.12"
"ENSG00000141469.18",0.351247169327626,"ENSG00000141469.18"
"ENSG00000141497.14",0.0249316040721929,"ENSG00000141497.14"
"ENSG00000142330.20",-0.26616982836495,"ENSG00000142330.20"
"ENSG00000142494.13",0.886012667162742,"ENSG00000142494.13"
"ENSG00000142623.11",0.614691936754453,"ENSG00000142623.11"
"ENSG00000142789.20",0.751908215084296,"ENSG00000142789.20"
"ENSG00000143167.12",0.711240353660695,"ENSG00000143167.12"
"ENSG00000143195.13",0.85724576998076,"ENSG00000143195.13"
"ENSG00000143248.13",0.17593984962406,"ENSG00000143248.13"
"ENSG00000143382.15",0.343544649627285,"ENSG00000143382.15"
"ENSG00000143570.18",0.191747906729809,"ENSG00000143570.18"
"ENSG00000143674.11",0.489583098053063,"ENSG00000143674.11"
"ENSG00000143839.15",0.598209087442835,"ENSG00000143839.15"
"ENSG00000144035.4",0.603925272685818,"ENSG00000144035.4"
"ENSG00000144451.19",0.0873560524300369,"ENSG00000144451.19"
"ENSG00000144730.18",0.408650487522084,"ENSG00000144730.18"
"ENSG00000144834.14",0.642394550940935,"ENSG00000144834.14"
"ENSG00000144847.13",0.640106844511116,"ENSG00000144847.13"
"ENSG00000145087.12",0.575217336315323,"ENSG00000145087.12"
"ENSG00000145088.9",0.331700786887387,"ENSG00000145088.9"
"ENSG00000145103.15",0.45708245243129,"ENSG00000145103.15"
"ENSG00000145217.14",0.460720685001858,"ENSG00000145217.14"
"ENSG00000145384.4",0.328633334634682,"ENSG00000145384.4"
"ENSG00000145626.12",0.756327672074549,"ENSG00000145626.12"
"ENSG00000145692.15",0.899173305756019,"ENSG00000145692.15"
"ENSG00000145850.9",-0.158106091977835,"ENSG00000145850.9"
"ENSG00000145861.9",-0.20421434878205,"ENSG00000145861.9"
"ENSG00000145879.11",0.636045317278517,"ENSG00000145879.11"
"ENSG00000146112.12",0.590226133824886,"ENSG00000146112.12"
"ENSG00000146147.15",0.492905770125806,"ENSG00000146147.15"
"ENSG00000146166.17",0.00927478314216925,"ENSG00000146166.17"
"ENSG00000146215.13",0.494620846324832,"ENSG00000146215.13"
"ENSG00000146216.13",0.781090652976387,"ENSG00000146216.13"
"ENSG00000146477.6",0.586594758117014,"ENSG00000146477.6"
"ENSG00000146678.10",0.458104840672104,"ENSG00000146678.10"
"ENSG00000147003.7",0.701058215850298,"ENSG00000147003.7"
"ENSG00000147027.4",0.470376039182086,"ENSG00000147027.4"
"ENSG00000147119.4",0.556619385996464,"ENSG00000147119.4"
"ENSG00000147166.11",0.587176537203968,"ENSG00000147166.11"
"ENSG00000147180.16",0.833625486413259,"ENSG00000147180.16"
"ENSG00000147573.17",0.341619774167423,"ENSG00000147573.17"
"ENSG00000147647.13",0.509233363254498,"ENSG00000147647.13"
"ENSG00000147955.17",0.0472204219573818,"ENSG00000147955.17"
"ENSG00000148123.15",0.601907404988989,"ENSG00000148123.15"
"ENSG00000148584.15",0.8356596098293,"ENSG00000148584.15"
"ENSG00000148795.7",0.0396465580924422,"ENSG00000148795.7"
"ENSG00000148942.15",0.445146126922763,"ENSG00000148942.15"
"ENSG00000149452.16",0.148732736207184,"ENSG00000149452.16"
"ENSG00000149573.9",0.584874103021706,"ENSG00000149573.9"
"ENSG00000150201.15",-0.0525436305901444,"ENSG00000150201.15"
"ENSG00000150401.15",0.365501153970113,"ENSG00000150401.15"
"ENSG00000150457.9",0.0363039601974537,"ENSG00000150457.9"
"ENSG00000150636.17",0.216318328100517,"ENSG00000150636.17"
"ENSG00000151418.12",0.0909647549158908,"ENSG00000151418.12"
"ENSG00000151623.15",0.387586007587563,"ENSG00000151623.15"
"ENSG00000151704.15",0.101806239737274,"ENSG00000151704.15"
"ENSG00000152582.14",0.181066579338489,"ENSG00000152582.14"
"ENSG00000152779.14",-0.00951374207188161,"ENSG00000152779.14"
"ENSG00000152953.13",0.489870341965063,"ENSG00000152953.13"
"ENSG00000153086.14",0.491891684465867,"ENSG00000153086.14"
"ENSG00000153292.16",0.260100618766499,"ENSG00000153292.16"
"ENSG00000153303.17",0.0753353973168215,"ENSG00000153303.17"
"ENSG00000153814.13",0.30537504587403,"ENSG00000153814.13"
"ENSG00000153822.13",0.660635797856908,"ENSG00000153822.13"
"ENSG00000153902.14",0.689125556545017,"ENSG00000153902.14"
"ENSG00000154025.15",0.27974266824211,"ENSG00000154025.15"
"ENSG00000154065.17",-0.48089386370315,"ENSG00000154065.17"
"ENSG00000154102.11",0.0937525322097075,"ENSG00000154102.11"
"ENSG00000154265.16",-0.332986903894467,"ENSG00000154265.16"
"ENSG00000154447.15",0.705527670218874,"ENSG00000154447.15"
"ENSG00000155816.20",0.86776172695499,"ENSG00000155816.20"
"ENSG00000155970.12",0.461128029822494,"ENSG00000155970.12"
"ENSG00000156096.14",-0.224758854137233,"ENSG00000156096.14"
"ENSG00000156222.12",0.613399231339636,"ENSG00000156222.12"
"ENSG00000156265.16",0.865522066855194,"ENSG00000156265.16"
"ENSG00000156395.13",0.45330208714951,"ENSG00000156395.13"
"ENSG00000156510.13",0.671437424070646,"ENSG00000156510.13"
"ENSG00000156687.11",0.291803017000559,"ENSG00000156687.11"
"ENSG00000157005.4",0.715969850337775,"ENSG00000157005.4"
"ENSG00000157087.20",0.721714093568123,"ENSG00000157087.20"
"ENSG00000157103.12",0.847524897074919,"ENSG00000157103.12"
"ENSG00000157212.19",0.243964896325768,"ENSG00000157212.19"
"ENSG00000157399.16",0.776207489176195,"ENSG00000157399.16"
"ENSG00000157551.19",0.672708447083439,"ENSG00000157551.19"
"ENSG00000157557.13",0.365994398971845,"ENSG00000157557.13"
"ENSG00000157570.12",0.759520396963877,"ENSG00000157570.12"
"ENSG00000157600.12",0.275076939617372,"ENSG00000157600.12"
"ENSG00000157800.18",0.251643519036599,"ENSG00000157800.18"
"ENSG00000158014.15",0.244940742397138,"ENSG00000158014.15"
"ENSG00000158022.6",0.784756314583643,"ENSG00000158022.6"
"ENSG00000158089.15",0.860289170514162,"ENSG00000158089.15"
"ENSG00000158296.14",-0.0989198781132407,"ENSG00000158296.14"
"ENSG00000158481.13",0.731609204259976,"ENSG00000158481.13"
"ENSG00000158865.12",0.181370298046809,"ENSG00000158865.12"
"ENSG00000158882.15",0.325300020093607,"ENSG00000158882.15"
"ENSG00000158955.11",0.1914172783738,"ENSG00000158955.11"
"ENSG00000159450.12",0.424087994232487,"ENSG00000159450.12"
"ENSG00000160050.14",0.478435023244783,"ENSG00000160050.14"
"ENSG00000160191.18",0.555989731914971,"ENSG00000160191.18"
"ENSG00000160282.14",0.873573257447677,"ENSG00000160282.14"
"ENSG00000160505.16",0.0935116927266892,"ENSG00000160505.16"
"ENSG00000160785.13",0.479168921215272,"ENSG00000160785.13"
"ENSG00000160801.14",0.313227606203049,"ENSG00000160801.14"
"ENSG00000160963.14",0.35829086666679,"ENSG00000160963.14"
"ENSG00000161270.19",0.150488230576914,"ENSG00000161270.19"
"ENSG00000161653.11",-0.0851764126857178,"ENSG00000161653.11"
"ENSG00000162241.12",-0.364038617088204,"ENSG00000162241.12"
"ENSG00000162341.18",0.648196397518912,"ENSG00000162341.18"
"ENSG00000162373.13",0.536655202235967,"ENSG00000162373.13"
"ENSG00000162391.12",0.204893906778544,"ENSG00000162391.12"
"ENSG00000162399.9",-0.0384938409854423,"ENSG00000162399.9"
"ENSG00000162460.7",0.581101976005962,"ENSG00000162460.7"
"ENSG00000162631.18",0.685214118336793,"ENSG00000162631.18"
"ENSG00000162878.13",0.448432456763565,"ENSG00000162878.13"
"ENSG00000162897.16",0.292982456140351,"ENSG00000162897.16"
"ENSG00000163041.12",-0.422296647470944,"ENSG00000163041.12"
"ENSG00000163082.10",0.441923791929637,"ENSG00000163082.10"
"ENSG00000163328.13",0.519071210517761,"ENSG00000163328.13"
"ENSG00000163347.6",0.523498967070504,"ENSG00000163347.6"
"ENSG00000163606.11",0.250369823515482,"ENSG00000163606.11"
"ENSG00000163623.9",0.418380134709005,"ENSG00000163623.9"
"ENSG00000163687.14",0.153958911777257,"ENSG00000163687.14"
"ENSG00000163959.10",0.565712697971659,"ENSG00000163959.10"
"ENSG00000164111.15",-0.772727272727273,"ENSG00000164111.15"
"ENSG00000164197.12",0.64933512246575,"ENSG00000164197.12"
"ENSG00000164211.13",0.305116500025391,"ENSG00000164211.13"
"ENSG00000164251.5",0.529801396401622,"ENSG00000164251.5"
"ENSG00000164291.17",0.439833008584015,"ENSG00000164291.17"
"ENSG00000164303.11",0.730934674579049,"ENSG00000164303.11"
"ENSG00000164398.15",0.529834096719057,"ENSG00000164398.15"
"ENSG00000164406.8",0.278710485676542,"ENSG00000164406.8"
"ENSG00000164626.9",0.601022482039756,"ENSG00000164626.9"
"ENSG00000164736.6",0.902609538376848,"ENSG00000164736.6"
"ENSG00000164746.14",0.664896559430857,"ENSG00000164746.14"
"ENSG00000164749.13",0.58603528824937,"ENSG00000164749.13"
"ENSG00000164929.17",0.936399115056585,"ENSG00000164929.17"
"ENSG00000164946.19",0.114284020111157,"ENSG00000164946.19"
"ENSG00000164953.16",0.381432110264678,"ENSG00000164953.16"
"ENSG00000165023.7",0.292016473868251,"ENSG00000165023.7"
"ENSG00000165028.12",-0.358947818863314,"ENSG00000165028.12"
"ENSG00000165061.15",0.689647495361781,"ENSG00000165061.15"
"ENSG00000165152.9",0.555028533899342,"ENSG00000165152.9"
"ENSG00000165376.11",0.556852548971355,"ENSG00000165376.11"
"ENSG00000165449.11",0.231616421502206,"ENSG00000165449.11"
"ENSG00000165626.17",0.499891886905284,"ENSG00000165626.17"
"ENSG00000165633.13",0.113614603064679,"ENSG00000165633.13"
"ENSG00000165716.11",0.519280396142758,"ENSG00000165716.11"
"ENSG00000165905.18",0.376183097802752,"ENSG00000165905.18"
"ENSG00000165973.19",0.616425337120919,"ENSG00000165973.19"
"ENSG00000166035.11",0.607773130686636,"ENSG00000166035.11"
"ENSG00000166126.11",0.594969796958474,"ENSG00000166126.11"
"ENSG00000166143.10",0.803279009180322,"ENSG00000166143.10"
"ENSG00000166183.16",0.505033832532753,"ENSG00000166183.16"
"ENSG00000166329.3",-0.0302836735824396,"ENSG00000166329.3"
"ENSG00000166415.15",0.467454323925513,"ENSG00000166415.15"
"ENSG00000166510.14",0.404793189656174,"ENSG00000166510.14"
"ENSG00000166589.13",0.678609009138843,"ENSG00000166589.13"
"ENSG00000166800.10",-0.429408439671486,"ENSG00000166800.10"
"ENSG00000166866.13",0.851957692899326,"ENSG00000166866.13"
"ENSG00000166869.3",0.425549253862729,"ENSG00000166869.3"
"ENSG00000166979.13",0.250637643134792,"ENSG00000166979.13"
"ENSG00000167037.18",0.436625392620453,"ENSG00000167037.18"
"ENSG00000167083.7",0.377753059642702,"ENSG00000167083.7"
"ENSG00000167580.7",0.0276454302146425,"ENSG00000167580.7"
"ENSG00000167695.15",0.132447689741338,"ENSG00000167695.15"
"ENSG00000167748.11",0.0560288372199028,"ENSG00000167748.11"
"ENSG00000167874.7",0.824231766012588,"ENSG00000167874.7"
"ENSG00000167889.12",-0.707791437151348,"ENSG00000167889.12"
"ENSG00000167941.3",0.737099467300038,"ENSG00000167941.3"
"ENSG00000168065.16",0.648985711343073,"ENSG00000168065.16"
"ENSG00000168269.10",-0.328242667527676,"ENSG00000168269.10"
"ENSG00000168273.8",0.303106267274243,"ENSG00000168273.8"
"ENSG00000168309.18",0.713793424556854,"ENSG00000168309.18"
"ENSG00000168447.11",0.722432858558668,"ENSG00000168447.11"
"ENSG00000168679.18",0.779635178840807,"ENSG00000168679.18"
"ENSG00000168701.19",0.162466013953855,"ENSG00000168701.19"
"ENSG00000168778.12",0.273315700819184,"ENSG00000168778.12"
"ENSG00000168785.8",0.682729758384741,"ENSG00000168785.8"
"ENSG00000168917.9",0.454258354143326,"ENSG00000168917.9"
"ENSG00000168939.11",0.598388539970741,"ENSG00000168939.11"
"ENSG00000169297.8",0.393298912126976,"ENSG00000169297.8"
"ENSG00000169313.10",0.900108909538557,"ENSG00000169313.10"
"ENSG00000169344.15",0.112723375280588,"ENSG00000169344.15"
"ENSG00000169605.7",0.423581156303947,"ENSG00000169605.7"
"ENSG00000169688.11",-0.109268344684531,"ENSG00000169688.11"
"ENSG00000169994.18",0.552218185556543,"ENSG00000169994.18"
"ENSG00000170113.16",-0.409572406796376,"ENSG00000170113.16"
"ENSG00000170166.6",0.700591704382923,"ENSG00000170166.6"
"ENSG00000170340.11",0.327203187253296,"ENSG00000170340.11"
"ENSG00000170482.17",-0.0298856918473149,"ENSG00000170482.17"
"ENSG00000170509.12",0.458954774679594,"ENSG00000170509.12"
"ENSG00000170667.14",0.558954396798302,"ENSG00000170667.14"
"ENSG00000170927.15",0.309090909090909,"ENSG00000170927.15"
"ENSG00000170989.10",0.55937503937206,"ENSG00000170989.10"
"ENSG00000171051.8",0.353361535971423,"ENSG00000171051.8"
"ENSG00000171219.9",0.555342230077933,"ENSG00000171219.9"
"ENSG00000171227.7",0.704900108536096,"ENSG00000171227.7"
"ENSG00000171234.14",0.854951991497938,"ENSG00000171234.14"
"ENSG00000171357.6",0.189272622033571,"ENSG00000171357.6"
"ENSG00000171408.14",0.471207274095097,"ENSG00000171408.14"
"ENSG00000171451.14",0.389045736871824,"ENSG00000171451.14"
"ENSG00000171557.17",0.0899148547802791,"ENSG00000171557.17"
"ENSG00000171747.9",0.876724553229913,"ENSG00000171747.9"
"ENSG00000171759.10",0.254758919412978,"ENSG00000171759.10"
"ENSG00000171864.5",-3.46254393102613e-05,"ENSG00000171864.5"
"ENSG00000171885.17",0.912682338291717,"ENSG00000171885.17"
"ENSG00000172179.12",-0.367339314362036,"ENSG00000172179.12"
"ENSG00000172348.14",0.360373539375539,"ENSG00000172348.14"
"ENSG00000172367.16",0.393337778499781,"ENSG00000172367.16"
"ENSG00000172940.13",0.175223964165733,"ENSG00000172940.13"
"ENSG00000172955.17",0.231160316203895,"ENSG00000172955.17"
"ENSG00000172995.16",0.708116792747277,"ENSG00000172995.16"
"ENSG00000173068.18",0.0561018261237496,"ENSG00000173068.18"
"ENSG00000173253.15",-0.42759362776878,"ENSG00000173253.15"
"ENSG00000173456.5",0.25326107700491,"ENSG00000173456.5"
"ENSG00000173588.15",0.469499529795587,"ENSG00000173588.15"
"ENSG00000174123.11",-0.317993739201397,"ENSG00000174123.11"
"ENSG00000174358.16",0.560300737037298,"ENSG00000174358.16"
"ENSG00000174514.13",0.021999384230484,"ENSG00000174514.13"
"ENSG00000174599.5",0.422924901185771,"ENSG00000174599.5"
"ENSG00000174600.14",0.373474702054448,"ENSG00000174600.14"
"ENSG00000174669.12",-0.00867091911758256,"ENSG00000174669.12"
"ENSG00000174808.12",0.317034782533894,"ENSG00000174808.12"
"ENSG00000174885.12",-0.155843354918286,"ENSG00000174885.12"
"ENSG00000174992.8",0.509948940436892,"ENSG00000174992.8"
"ENSG00000175040.6",0.487177261597189,"ENSG00000175040.6"
"ENSG00000175164.15",0.372546901636786,"ENSG00000175164.15"
"ENSG00000175206.10",0.591369606003752,"ENSG00000175206.10"
"ENSG00000175215.11",0.372303462210465,"ENSG00000175215.11"
"ENSG00000175311.7",0.648589952808308,"ENSG00000175311.7"
"ENSG00000175782.11",-0.498229697352972,"ENSG00000175782.11"
"ENSG00000176714.9",0.0466182268221539,"ENSG00000176714.9"
"ENSG00000176945.17",0.062546405516147,"ENSG00000176945.17"
"ENSG00000177098.8",0.729514626342394,"ENSG00000177098.8"
"ENSG00000177181.15",-0.139316785058664,"ENSG00000177181.15"
"ENSG00000177459.11",0.771754101727122,"ENSG00000177459.11"
"ENSG00000177614.11",0.66056379026608,"ENSG00000177614.11"
"ENSG00000177707.11",0.298601258108057,"ENSG00000177707.11"
"ENSG00000177807.10",0.888357082450763,"ENSG00000177807.10"
"ENSG00000178233.18",-0.0298387096774194,"ENSG00000178233.18"
"ENSG00000178343.5",0.734893020202321,"ENSG00000178343.5"
"ENSG00000178462.12",-0.246926654723233,"ENSG00000178462.12"
"ENSG00000178562.18",0.660559394761305,"ENSG00000178562.18"
"ENSG00000179242.16",0.734790137537411,"ENSG00000179242.16"
"ENSG00000179431.7",0.519316239316239,"ENSG00000179431.7"
"ENSG00000180176.15",-0.37424735457622,"ENSG00000180176.15"
"ENSG00000180432.6",0.255352187261887,"ENSG00000180432.6"
"ENSG00000180481.11",-0.252809434499653,"ENSG00000180481.11"
"ENSG00000180638.17",-0.0587064676616915,"ENSG00000180638.17"
"ENSG00000180745.5",0.629054318291707,"ENSG00000180745.5"
"ENSG00000180767.10",0.632840843367159,"ENSG00000180767.10"
"ENSG00000180773.15",0.47843137254902,"ENSG00000180773.15"
"ENSG00000180834.8",0.788715111354243,"ENSG00000180834.8"
"ENSG00000181004.10",-0.0441984741132552,"ENSG00000181004.10"
"ENSG00000181027.11",0.301115678733938,"ENSG00000181027.11"
"ENSG00000181291.8",0.874454981288992,"ENSG00000181291.8"
"ENSG00000181315.11",-0.044758064516129,"ENSG00000181315.11"
"ENSG00000181631.7",0.506408492298316,"ENSG00000181631.7"
"ENSG00000181778.5",0.069187675070028,"ENSG00000181778.5"
"ENSG00000181885.18",0.676722012390406,"ENSG00000181885.18"
"ENSG00000182156.10",0.304148537784176,"ENSG00000182156.10"
"ENSG00000182263.14",0.387516882114605,"ENSG00000182263.14"
"ENSG00000182447.4",-0.112886911961552,"ENSG00000182447.4"
"ENSG00000182916.8",0.750718500143411,"ENSG00000182916.8"
"ENSG00000182957.16",0.00291703949325791,"ENSG00000182957.16"
"ENSG00000183186.8",0.441072008538991,"ENSG00000183186.8"
"ENSG00000183621.15",0.492483697498656,"ENSG00000183621.15"
"ENSG00000183638.6",0.190909090909091,"ENSG00000183638.6"
"ENSG00000183747.12",0.424654788673556,"ENSG00000183747.12"
"ENSG00000183775.11",0.403329535267824,"ENSG00000183775.11"
"ENSG00000183837.9",0.6905245053643,"ENSG00000183837.9"
"ENSG00000183878.15",0.0368264951410577,"ENSG00000183878.15"
"ENSG00000184271.17",0.601477832512315,"ENSG00000184271.17"
"ENSG00000184307.16",0.481180725165111,"ENSG00000184307.16"
"ENSG00000184434.8",0.498130180680963,"ENSG00000184434.8"
"ENSG00000184524.6",0.819736075522992,"ENSG00000184524.6"
"ENSG00000184634.16",0.309090441310351,"ENSG00000184634.16"
"ENSG00000184672.12",0.66732879639032,"ENSG00000184672.12"
"ENSG00000184908.18",0.35098036278121,"ENSG00000184908.18"
"ENSG00000184988.8",0.682868092602883,"ENSG00000184988.8"
"ENSG00000185028.4",0.184664811468337,"ENSG00000185028.4"
"ENSG00000185101.13",0.430369356118754,"ENSG00000185101.13"
"ENSG00000185222.10",0.12791339551099,"ENSG00000185222.10"
"ENSG00000185291.12",0.262361257628851,"ENSG00000185291.12"
"ENSG00000185615.16",0.564802498215115,"ENSG00000185615.16"
"ENSG00000185669.6",-0.00939629990262902,"ENSG00000185669.6"
"ENSG00000185818.8",0.754511457420373,"ENSG00000185818.8"
"ENSG00000185883.12",0.225315560974434,"ENSG00000185883.12"
"ENSG00000186088.16",0.283459348542824,"ENSG00000186088.16"
"ENSG00000186115.13",8.84001870987358e-05,"ENSG00000186115.13"
"ENSG00000186198.4",0.453846153846154,"ENSG00000186198.4"
"ENSG00000186335.9",0.0446108622620381,"ENSG00000186335.9"
"ENSG00000186417.14",0.866278016890733,"ENSG00000186417.14"
"ENSG00000186487.20",0.472452020414763,"ENSG00000186487.20"
"ENSG00000186510.12",0.311724967712009,"ENSG00000186510.12"
"ENSG00000186529.16",0.284931490310324,"ENSG00000186529.16"
"ENSG00000186998.16",0.103344863680586,"ENSG00000186998.16"
"ENSG00000187048.13",0.288567459079709,"ENSG00000187048.13"
"ENSG00000187555.16",0.363135480528965,"ENSG00000187555.16"
"ENSG00000187726.8",0.462927073772528,"ENSG00000187726.8"
"ENSG00000187783.12",0.645995041288716,"ENSG00000187783.12"
"ENSG00000187889.13",0.582356440583242,"ENSG00000187889.13"
"ENSG00000188175.10",-0.142216048753894,"ENSG00000188175.10"
"ENSG00000188389.11",0.52,"ENSG00000188389.11"
"ENSG00000189056.14",0.314664163795928,"ENSG00000189056.14"
"ENSG00000189067.12",0.561053846129738,"ENSG00000189067.12"
"ENSG00000189233.12",-0.288696045118813,"ENSG00000189233.12"
"ENSG00000189292.16",-0.207317073170732,"ENSG00000189292.16"
"ENSG00000189325.7",0.790845286403836,"ENSG00000189325.7"
"ENSG00000196581.11",0.27145845708288,"ENSG00000196581.11"
"ENSG00000197024.9",-0.271406700349352,"ENSG00000197024.9"
"ENSG00000197208.6",0.641167431916764,"ENSG00000197208.6"
"ENSG00000197461.13",0.504030595133068,"ENSG00000197461.13"
"ENSG00000197580.13",0.303434065934066,"ENSG00000197580.13"
"ENSG00000197852.12",0.874927395259581,"ENSG00000197852.12"
"ENSG00000197891.12",0.322820868184877,"ENSG00000197891.12"
"ENSG00000197901.11",0.506130189444764,"ENSG00000197901.11"
"ENSG00000198010.12",0.519022097263102,"ENSG00000198010.12"
"ENSG00000198049.7",-0.648681912238014,"ENSG00000198049.7"
"ENSG00000198624.13",0.368816196536896,"ENSG00000198624.13"
"ENSG00000198692.10",0.784201937344948,"ENSG00000198692.10"
"ENSG00000198695.2",0.480244694112941,"ENSG00000198695.2"
"ENSG00000198758.10",0.882932992591128,"ENSG00000198758.10"
"ENSG00000198796.7",0.711058066968888,"ENSG00000198796.7"
"ENSG00000198840.2",0.698420977818943,"ENSG00000198840.2"
"ENSG00000198842.10",0.48533840987423,"ENSG00000198842.10"
"ENSG00000198846.6",0.420443684456175,"ENSG00000198846.6"
"ENSG00000198914.5",0.477559802425963,"ENSG00000198914.5"
"ENSG00000198932.13",0.750771553742317,"ENSG00000198932.13"
"ENSG00000203685.10",0.535099856519412,"ENSG00000203685.10"
"ENSG00000203783.5",0.351835254054467,"ENSG00000203783.5"
"ENSG00000203857.10",-0.500748341180774,"ENSG00000203857.10"
"ENSG00000204071.10",0.829543414930608,"ENSG00000204071.10"
"ENSG00000204186.10",0.201218634410973,"ENSG00000204186.10"
"ENSG00000204296.11",-0.104306799088403,"ENSG00000204296.11"
"ENSG00000204301.6",0.488754965406181,"ENSG00000204301.6"
"ENSG00000204305.14",0.609857319679515,"ENSG00000204305.14"
"ENSG00000204420.10",0.285313235981605,"ENSG00000204420.10"
"ENSG00000204511.3",0.175134962413739,"ENSG00000204511.3"
"ENSG00000204577.11",0.390424800687912,"ENSG00000204577.11"
"ENSG00000204610.13",0.145745988680612,"ENSG00000204610.13"
"ENSG00000204653.10",0.329466484720097,"ENSG00000204653.10"
"ENSG00000204655.12",0.876242280080071,"ENSG00000204655.12"
"ENSG00000204978.3",0.240365247037022,"ENSG00000204978.3"
"ENSG00000205060.11",-0.318392134181608,"ENSG00000205060.11"
"ENSG00000205108.6",0.292853058890795,"ENSG00000205108.6"
"ENSG00000205436.7",0.782697070173403,"ENSG00000205436.7"
"ENSG00000205560.13",0.109918179668378,"ENSG00000205560.13"
"ENSG00000205669.4",-0.287676864022418,"ENSG00000205669.4"
"ENSG00000205795.4",0.66243157785429,"ENSG00000205795.4"
"ENSG00000211599.2",0.459257331525181,"ENSG00000211599.2"
"ENSG00000211904.2",NA,"ENSG00000211904.2"
"ENSG00000213088.12",0.081520488512262,"ENSG00000213088.12"
"ENSG00000213516.10",0.574067658254356,"ENSG00000213516.10"
"ENSG00000213625.9",0.200995699168439,"ENSG00000213625.9"
"ENSG00000213901.11",0.193627450980392,"ENSG00000213901.11"
"ENSG00000213918.10",0.109786263797659,"ENSG00000213918.10"
"ENSG00000213931.7",0.182394966580909,"ENSG00000213931.7"
"ENSG00000215009.5",-0.199511201381437,"ENSG00000215009.5"
"ENSG00000225968.7",-0.221011776089728,"ENSG00000225968.7"
"ENSG00000226784.3",0.151672220165371,"ENSG00000226784.3"
"ENSG00000228672.4",0.285904172104388,"ENSG00000228672.4"
"ENSG00000230667.5",0.323084154769647,"ENSG00000230667.5"
"ENSG00000235961.6",-0.081375806136408,"ENSG00000235961.6"
"ENSG00000236444.5",0.0696109772229216,"ENSG00000236444.5"
"ENSG00000237702.2",0.411584919121082,"ENSG00000237702.2"
"ENSG00000239642.6",0.0260268903911808,"ENSG00000239642.6"
"ENSG00000240403.5",0.0992764971165574,"ENSG00000240403.5"
"ENSG00000241119.2",0.722895999386017,"ENSG00000241119.2"
"ENSG00000241635.8",0.223240469208211,"ENSG00000241635.8"
"ENSG00000241935.9",0.759579931136619,"ENSG00000241935.9"
"ENSG00000242366.3",0.294561543117226,"ENSG00000242366.3"
"ENSG00000242515.5",0.501756443387519,"ENSG00000242515.5"
"ENSG00000242732.4",0.396245059288538,"ENSG00000242732.4"
"ENSG00000243566.6",-0.188185443668993,"ENSG00000243566.6"
"ENSG00000243709.1",0.4342675177927,"ENSG00000243709.1"
"ENSG00000243749.1",0.0706028243924362,"ENSG00000243749.1"
"ENSG00000244067.3",0.950179238332472,"ENSG00000244067.3"
"ENSG00000249948.6",0.876815641816965,"ENSG00000249948.6"
"ENSG00000250799.10",0.269957112187834,"ENSG00000250799.10"
"ENSG00000253250.3",0.583834802755483,"ENSG00000253250.3"
"ENSG00000253293.5",0.718685937050991,"ENSG00000253293.5"
"ENSG00000253873.6",-0.688828626532748,"ENSG00000253873.6"
"ENSG00000254535.4",-0.239890278682598,"ENSG00000254535.4"
"ENSG00000254656.2",-0.190080971659919,"ENSG00000254656.2"
"ENSG00000254858.10",0.47267610940023,"ENSG00000254858.10"
"ENSG00000255346.10",0.020979020979021,"ENSG00000255346.10"
"ENSG00000256162.2",0.71999237659615,"ENSG00000256162.2"
"ENSG00000257335.8",0.317352387573334,"ENSG00000257335.8"
"ENSG00000266714.9",0.709580911997953,"ENSG00000266714.9"
"ENSG00000269313.5",0.529954181659736,"ENSG00000269313.5"
"ENSG00000274349.4",0.037322758638809,"ENSG00000274349.4"
"ENSG00000275410.5",0.740016833976593,"ENSG00000275410.5"
"ENSG00000277639.2",0.720990269860787,"ENSG00000277639.2"
"ENSG00000281887.3",0.696040106233774,"ENSG00000281887.3"
"ENSG00000285480.1",0.0509945584428037,"ENSG00000285480.1"
"ENSG00000286102.1",0.0172396046040804,"ENSG00000286102.1"
"ENSG00000002745.13",0.126671122994652,"ENSG00000002745.13"
"ENSG00000005075.15",0.061658186216543,"ENSG00000005075.15"
"ENSG00000007306.15",0.822058796074682,"ENSG00000007306.15"
"ENSG00000007952.18",0.787018353443284,"ENSG00000007952.18"
"ENSG00000016490.16",0.685846875762392,"ENSG00000016490.16"
"ENSG00000016602.9",0.628884331427976,"ENSG00000016602.9"
"ENSG00000019102.12",0.780306305407774,"ENSG00000019102.12"
"ENSG00000039139.9",0.612673970449076,"ENSG00000039139.9"
"ENSG00000041988.15",-0.10971463341977,"ENSG00000041988.15"
"ENSG00000047936.10",0.577318814410973,"ENSG00000047936.10"
"ENSG00000054938.15",-0.100529321824266,"ENSG00000054938.15"
"ENSG00000065183.16",0.262755427384413,"ENSG00000065183.16"
"ENSG00000066405.13",0.71151467736028,"ENSG00000066405.13"
"ENSG00000069482.7",-0.0112304951139888,"ENSG00000069482.7"
"ENSG00000070019.5",0.847477306033302,"ENSG00000070019.5"
"ENSG00000070526.15",0.615676923642311,"ENSG00000070526.15"
"ENSG00000071203.9",0.294831980127415,"ENSG00000071203.9"
"ENSG00000071991.9",-0.033579568392096,"ENSG00000071991.9"
"ENSG00000073067.14",0.573315687312714,"ENSG00000073067.14"
"ENSG00000080031.10",0.682187749048659,"ENSG00000080031.10"
"ENSG00000088876.13",-0.183823529411765,"ENSG00000088876.13"
"ENSG00000090402.8",-0.0578927075367978,"ENSG00000090402.8"
"ENSG00000091138.13",0.637863786378638,"ENSG00000091138.13"
"ENSG00000091482.8",0.595100553238471,"ENSG00000091482.8"
"ENSG00000091704.10",0.731958748936637,"ENSG00000091704.10"
"ENSG00000095110.8",0.513243595310465,"ENSG00000095110.8"
"ENSG00000099866.15",0.536431989063568,"ENSG00000099866.15"
"ENSG00000102471.14",0.460043482123588,"ENSG00000102471.14"
"ENSG00000103241.7",0.580491500237916,"ENSG00000103241.7"
"ENSG00000103375.11",0.166015956171657,"ENSG00000103375.11"
"ENSG00000105278.12",0.341071991495114,"ENSG00000105278.12"
"ENSG00000106031.9",0.878947368421053,"ENSG00000106031.9"
"ENSG00000106066.15",0.638063995115881,"ENSG00000106066.15"
"ENSG00000106178.6",0.519710216935807,"ENSG00000106178.6"
"ENSG00000112280.16",0.334753441285642,"ENSG00000112280.16"
"ENSG00000112378.12",0.78961485937359,"ENSG00000112378.12"
"ENSG00000112818.10",0.84694211998972,"ENSG00000112818.10"
"ENSG00000113722.17",0.61596561663907,"ENSG00000113722.17"
"ENSG00000115163.15",0.12430855014187,"ENSG00000115163.15"
"ENSG00000115263.15",0.8257701711037,"ENSG00000115263.15"
"ENSG00000115423.19",-0.00543380886504148,"ENSG00000115423.19"
"ENSG00000115590.14",0.279207349238242,"ENSG00000115590.14"
"ENSG00000118322.14",0.672448439978847,"ENSG00000118322.14"
"ENSG00000119919.11",0.653846153846154,"ENSG00000119919.11"
"ENSG00000121577.13",0.28021978021978,"ENSG00000121577.13"
"ENSG00000121900.19",0.858466934054782,"ENSG00000121900.19"
"ENSG00000122711.9",0.79500295071782,"ENSG00000122711.9"
"ENSG00000122728.6",0.0532499511722125,"ENSG00000122728.6"
"ENSG00000123560.14",0.643419757826726,"ENSG00000123560.14"
"ENSG00000124882.4",0.180873180873181,"ENSG00000124882.4"
"ENSG00000125798.14",0.67862042910541,"ENSG00000125798.14"
"ENSG00000126950.8",0.585984965793796,"ENSG00000126950.8"
"ENSG00000127481.15",0.208693183602395,"ENSG00000127481.15"
"ENSG00000131096.10",0.283639711110303,"ENSG00000131096.10"
"ENSG00000134193.15",0.790459936930799,"ENSG00000134193.15"
"ENSG00000134398.15",0.697384424969697,"ENSG00000134398.15"
"ENSG00000135702.14",0.760346395198662,"ENSG00000135702.14"
"ENSG00000136546.16",0.421706998500345,"ENSG00000136546.16"
"ENSG00000136869.16",-0.244407608366716,"ENSG00000136869.16"
"ENSG00000137634.10",0.443596640890888,"ENSG00000137634.10"
"ENSG00000137726.17",0.753034703795072,"ENSG00000137726.17"
"ENSG00000139292.13",0.811259287877045,"ENSG00000139292.13"
"ENSG00000140279.13",0.729732007742953,"ENSG00000140279.13"
"ENSG00000140835.9",0.742344483339534,"ENSG00000140835.9"
"ENSG00000140993.11",0.296178611422172,"ENSG00000140993.11"
"ENSG00000141434.12",0.0852350188208216,"ENSG00000141434.12"
"ENSG00000142484.7",0.651287031860235,"ENSG00000142484.7"
"ENSG00000142615.8",0.760899780979845,"ENSG00000142615.8"
"ENSG00000143147.14",0.444444444444444,"ENSG00000143147.14"
"ENSG00000143375.15",0.842301916468175,"ENSG00000143375.15"
"ENSG00000143768.13",0.391891921671182,"ENSG00000143768.13"
"ENSG00000143816.8",-0.224020319303338,"ENSG00000143816.8"
"ENSG00000144229.12",-0.427167284066254,"ENSG00000144229.12"
"ENSG00000145936.9",0.374622201292864,"ENSG00000145936.9"
"ENSG00000146409.12",0.539224329089914,"ENSG00000146409.12"
"ENSG00000146469.13",0.696971795534483,"ENSG00000146469.13"
"ENSG00000147036.12",0.412366158008396,"ENSG00000147036.12"
"ENSG00000147168.13",0.52810277930735,"ENSG00000147168.13"
"ENSG00000147804.10",0.559496280024686,"ENSG00000147804.10"
"ENSG00000151067.22",0.45071414662694,"ENSG00000151067.22"
"ENSG00000151692.15",0.0323018487929611,"ENSG00000151692.15"
"ENSG00000151715.8",0.800917128297486,"ENSG00000151715.8"
"ENSG00000152583.12",0.649830498814331,"ENSG00000152583.12"
"ENSG00000152785.7",0.729581072766136,"ENSG00000152785.7"
"ENSG00000154099.18",0.411841356298819,"ENSG00000154099.18"
"ENSG00000154252.12",0.530372148475521,"ENSG00000154252.12"
"ENSG00000154856.13",0.400892449261983,"ENSG00000154856.13"
"ENSG00000156413.14",0.0746485670280312,"ENSG00000156413.14"
"ENSG00000158764.7",-0.204381702045884,"ENSG00000158764.7"
"ENSG00000159184.8",-0.309090909090909,"ENSG00000159184.8"
"ENSG00000159516.9",0.883230012874504,"ENSG00000159516.9"
"ENSG00000162438.12",0.804495666428907,"ENSG00000162438.12"
"ENSG00000162571.14",-0.00983936934927426,"ENSG00000162571.14"
"ENSG00000163251.4",0.200165579197729,"ENSG00000163251.4"
"ENSG00000163293.12",0.11950146627566,"ENSG00000163293.12"
"ENSG00000163499.12",-0.0174721055293495,"ENSG00000163499.12"
"ENSG00000163501.7",0.679833584316078,"ENSG00000163501.7"
"ENSG00000163515.6",0.72027972027972,"ENSG00000163515.6"
"ENSG00000163618.18",0.82186536918728,"ENSG00000163618.18"
"ENSG00000163739.5",0.488644029389717,"ENSG00000163739.5"
"ENSG00000164334.15",0.429119123911291,"ENSG00000164334.15"
"ENSG00000164647.9",0.254830270542035,"ENSG00000164647.9"
"ENSG00000164690.8",0.582821965995701,"ENSG00000164690.8"
"ENSG00000164796.18",-0.557500287522493,"ENSG00000164796.18"
"ENSG00000164822.5",0.280919786852853,"ENSG00000164822.5"
"ENSG00000165078.13",0.262113127239903,"ENSG00000165078.13"
"ENSG00000165556.10",0.712573591515402,"ENSG00000165556.10"
"ENSG00000167077.13",0.147350771294433,"ENSG00000167077.13"
"ENSG00000167549.18",0.73541708897129,"ENSG00000167549.18"
"ENSG00000168079.17",0.00367339872274801,"ENSG00000168079.17"
"ENSG00000168748.14",0.475417130144605,"ENSG00000168748.14"
"ENSG00000168928.13",0.609432606242403,"ENSG00000168928.13"
"ENSG00000169710.9",0.56435532526784,"ENSG00000169710.9"
"ENSG00000170608.3",0.500269470960079,"ENSG00000170608.3"
"ENSG00000171421.13",0.0141520507138837,"ENSG00000171421.13"
"ENSG00000171804.11",-0.254154504320014,"ENSG00000171804.11"
"ENSG00000172023.8",0.56786071612868,"ENSG00000172023.8"
"ENSG00000172410.4",-0.0185771178628724,"ENSG00000172410.4"
"ENSG00000175535.6",0.590421123554952,"ENSG00000175535.6"
"ENSG00000175538.10",0.41744279599672,"ENSG00000175538.10"
"ENSG00000177984.7",0.427440637131048,"ENSG00000177984.7"
"ENSG00000179869.15",-0.263603267291304,"ENSG00000179869.15"
"ENSG00000179930.6",0.106953083819458,"ENSG00000179930.6"
"ENSG00000180875.5",0.478317088209141,"ENSG00000180875.5"
"ENSG00000181195.11",0.31914773521056,"ENSG00000181195.11"
"ENSG00000182168.15",0.549286985306177,"ENSG00000182168.15"
"ENSG00000182359.15",0.110643997666686,"ENSG00000182359.15"
"ENSG00000182463.16",0.531745274019927,"ENSG00000182463.16"
"ENSG00000183019.7",0.527067627596679,"ENSG00000183019.7"
"ENSG00000183230.17",0.704083809486628,"ENSG00000183230.17"
"ENSG00000184451.5",-0.245143385753932,"ENSG00000184451.5"
"ENSG00000184611.12",-0.643555429146474,"ENSG00000184611.12"
"ENSG00000185052.12",0.786369094274594,"ENSG00000185052.12"
"ENSG00000185269.12",0.147133714648392,"ENSG00000185269.12"
"ENSG00000185736.16",-0.135592381043651,"ENSG00000185736.16"
"ENSG00000186191.8",-0.138495503423253,"ENSG00000186191.8"
"ENSG00000186431.19",0.246443426126625,"ENSG00000186431.19"
"ENSG00000186854.11",0.435087719298246,"ENSG00000186854.11"
"ENSG00000188306.6",-0.251127819548872,"ENSG00000188306.6"
"ENSG00000188373.5",0.374336193998481,"ENSG00000188373.5"
"ENSG00000196371.3",0.721836432545801,"ENSG00000196371.3"
"ENSG00000196408.11",0.861253966517124,"ENSG00000196408.11"
"ENSG00000197980.13",-0.159725990233315,"ENSG00000197980.13"
"ENSG00000198182.13",0.477920205490768,"ENSG00000198182.13"
"ENSG00000198488.10",0.0696381758422707,"ENSG00000198488.10"
"ENSG00000198626.17",0.747832963125439,"ENSG00000198626.17"
"ENSG00000198818.10",0.43422650601025,"ENSG00000198818.10"
"ENSG00000198838.13",-0.403172743843621,"ENSG00000198838.13"
"ENSG00000203727.4",0.841758241758242,"ENSG00000203727.4"
"ENSG00000204482.11",0.305771801907263,"ENSG00000204482.11"
"ENSG00000204616.11",0.540072157893459,"ENSG00000204616.11"
"ENSG00000205277.9",0.593298778230285,"ENSG00000205277.9"
"ENSG00000213903.9",0.589215376150016,"ENSG00000213903.9"
"ENSG00000219073.8",0.714185142490905,"ENSG00000219073.8"
"ENSG00000225950.8",0.215045744330008,"ENSG00000225950.8"
"ENSG00000233670.7",0.832276250880902,"ENSG00000233670.7"
"ENSG00000235106.10",0.338961038961039,"ENSG00000235106.10"
"ENSG00000240038.6",0.483483170650775,"ENSG00000240038.6"
"ENSG00000240563.2",0.61492355978536,"ENSG00000240563.2"
"ENSG00000241794.2",0.918300982785862,"ENSG00000241794.2"
"ENSG00000259823.6",0.566777048936279,"ENSG00000259823.6"
"ENSG00000275111.5",-0.2786579997397,"ENSG00000275111.5"
"ENSG00000278224.7",-0.0653846153846154,"ENSG00000278224.7"
"ENSG00000002587.10",0.362892711982751,"ENSG00000002587.10"
"ENSG00000004777.18",0.518880876735754,"ENSG00000004777.18"
"ENSG00000004848.8",-0.07781527262606,"ENSG00000004848.8"
"ENSG00000005238.19",-0.0125709461182433,"ENSG00000005238.19"
"ENSG00000005513.10",-0.0743244661781833,"ENSG00000005513.10"
"ENSG00000006042.12",-0.406449937265723,"ENSG00000006042.12"
"ENSG00000006071.15",0.285136908406963,"ENSG00000006071.15"
"ENSG00000006116.4",0.532888726304125,"ENSG00000006116.4"
"ENSG00000006128.12",0.717742690783022,"ENSG00000006128.12"
"ENSG00000006283.18",-0.0423223834988541,"ENSG00000006283.18"
"ENSG00000006377.11",0.846480472636321,"ENSG00000006377.11"
"ENSG00000006468.14",0.80380044481537,"ENSG00000006468.14"
"ENSG00000007174.18",0.53373064053891,"ENSG00000007174.18"
"ENSG00000007372.23",0.775654523603262,"ENSG00000007372.23"
"ENSG00000008118.10",0.432839928387748,"ENSG00000008118.10"
"ENSG00000008516.17",0.238430455142257,"ENSG00000008516.17"
"ENSG00000009694.13",0.745827369890438,"ENSG00000009694.13"
"ENSG00000010282.15",0.40121534715615,"ENSG00000010282.15"
"ENSG00000011083.9",0.638112731895034,"ENSG00000011083.9"
"ENSG00000011677.13",0.669746444032158,"ENSG00000011677.13"
"ENSG00000012817.15",0.422106339150788,"ENSG00000012817.15"
"ENSG00000013293.6",0.679366582178963,"ENSG00000013293.6"
"ENSG00000013297.12",0.576101286125979,"ENSG00000013297.12"
"ENSG00000015479.19",0.170016208013681,"ENSG00000015479.19"
"ENSG00000015592.16",0.560881099839361,"ENSG00000015592.16"
"ENSG00000018280.17",0.445222542599378,"ENSG00000018280.17"
"ENSG00000022355.18",0.638468244926328,"ENSG00000022355.18"
"ENSG00000029153.14",0.158384619788831,"ENSG00000029153.14"
"ENSG00000033122.21",0.688499346012401,"ENSG00000033122.21"
"ENSG00000036530.9",0.563475572047001,"ENSG00000036530.9"
"ENSG00000040608.14",0.0215963225203884,"ENSG00000040608.14"
"ENSG00000040731.10",0.740083511217387,"ENSG00000040731.10"
"ENSG00000042317.17",-0.189420671980616,"ENSG00000042317.17"
"ENSG00000047597.7",0.339298022115607,"ENSG00000047597.7"
"ENSG00000047662.5",-0.0651397261785344,"ENSG00000047662.5"
"ENSG00000049769.14",0.780573317452707,"ENSG00000049769.14"
"ENSG00000050438.17",0.57673480886628,"ENSG00000050438.17"
"ENSG00000051341.14",-0.259489228451108,"ENSG00000051341.14"
"ENSG00000053524.12",0.649899164505906,"ENSG00000053524.12"
"ENSG00000054356.14",0.483212161711577,"ENSG00000054356.14"
"ENSG00000054803.4",0.363486777004371,"ENSG00000054803.4"
"ENSG00000054967.13",0.564835164835165,"ENSG00000054967.13"
"ENSG00000058335.15",0.452375407545412,"ENSG00000058335.15"
"ENSG00000058866.15",0.653063664788505,"ENSG00000058866.15"
"ENSG00000059915.17",0.690067523140739,"ENSG00000059915.17"
"ENSG00000060709.15",0.654805194805195,"ENSG00000060709.15"
"ENSG00000063015.20",0.725349922346099,"ENSG00000063015.20"
"ENSG00000063180.9",0.0108910280143157,"ENSG00000063180.9"
"ENSG00000064687.13",-0.2559702640061,"ENSG00000064687.13"
"ENSG00000067191.16",0.679439315068208,"ENSG00000067191.16"
"ENSG00000067840.12",0.324873269787835,"ENSG00000067840.12"
"ENSG00000068078.18",0.293756363403358,"ENSG00000068078.18"
"ENSG00000070748.19",0.243055244323063,"ENSG00000070748.19"
"ENSG00000070808.16",0.653945305366324,"ENSG00000070808.16"
"ENSG00000072041.17",0.589937106918239,"ENSG00000072041.17"
"ENSG00000072182.12",0.854669133703211,"ENSG00000072182.12"
"ENSG00000073670.14",0.55282793082494,"ENSG00000073670.14"
"ENSG00000074211.14",-0.213609954895765,"ENSG00000074211.14"
"ENSG00000075213.11",0.374226329349112,"ENSG00000075213.11"
"ENSG00000077616.11",0.424132138857783,"ENSG00000077616.11"
"ENSG00000078328.21",0.708820018932378,"ENSG00000078328.21"
"ENSG00000078549.14",0.83323366475985,"ENSG00000078549.14"
"ENSG00000078725.13",0.668495166958776,"ENSG00000078725.13"
"ENSG00000079841.18",0.624861931225868,"ENSG00000079841.18"
"ENSG00000080007.8",0.383731427404097,"ENSG00000080007.8"
"ENSG00000080709.16",0.770900675171662,"ENSG00000080709.16"
"ENSG00000080854.15",0.504726281726436,"ENSG00000080854.15"
"ENSG00000083067.22",-0.110029880904429,"ENSG00000083067.22"
"ENSG00000083290.20",0.393823186725396,"ENSG00000083290.20"
"ENSG00000084110.11",0.508649503161698,"ENSG00000084110.11"
"ENSG00000086717.18",0.0763399281323155,"ENSG00000086717.18"
"ENSG00000087085.15",0.670616836425523,"ENSG00000087085.15"
"ENSG00000088538.13",0.732923886489093,"ENSG00000088538.13"
"ENSG00000088826.18",0.845468094511837,"ENSG00000088826.18"
"ENSG00000089169.15",0.833077712530411,"ENSG00000089169.15"
"ENSG00000089847.12",0.500376964404005,"ENSG00000089847.12"
"ENSG00000090932.11",0.838121854438647,"ENSG00000090932.11"
"ENSG00000091664.9",0.605387295931724,"ENSG00000091664.9"
"ENSG00000091844.8",0.285090135006093,"ENSG00000091844.8"
"ENSG00000092051.17",0.82181512078766,"ENSG00000092051.17"
"ENSG00000099365.11",0.683974545310206,"ENSG00000099365.11"
"ENSG00000099625.13",0.535233607801942,"ENSG00000099625.13"
"ENSG00000099822.3",0.708546691403834,"ENSG00000099822.3"
"ENSG00000099960.13",0.34,"ENSG00000099960.13"
"ENSG00000100399.16",0.726204256421209,"ENSG00000100399.16"
"ENSG00000100427.16",0.652784563842198,"ENSG00000100427.16"
"ENSG00000100528.12",0.555284128112143,"ENSG00000100528.12"
"ENSG00000100678.19",0.721592724343702,"ENSG00000100678.19"
"ENSG00000101134.12",0.240913229808525,"ENSG00000101134.12"
"ENSG00000101144.13",0.493991939106303,"ENSG00000101144.13"
"ENSG00000101203.16",0.387443541102078,"ENSG00000101203.16"
"ENSG00000101307.16",0.237623534819582,"ENSG00000101307.16"
"ENSG00000101327.9",0.725372995958618,"ENSG00000101327.9"
"ENSG00000101349.16",0.281762097115328,"ENSG00000101349.16"
"ENSG00000101438.4",0.797255109819903,"ENSG00000101438.4"
"ENSG00000101463.6",0.505330991644825,"ENSG00000101463.6"
"ENSG00000101489.20",0.786020038058245,"ENSG00000101489.20"
"ENSG00000101542.10",0.807535081185635,"ENSG00000101542.10"
"ENSG00000101638.13",0.741334650478657,"ENSG00000101638.13"
"ENSG00000101892.12",0.69047619047619,"ENSG00000101892.12"
"ENSG00000101958.14",0.434592227695676,"ENSG00000101958.14"
"ENSG00000102057.10",-0.317391304347826,"ENSG00000102057.10"
"ENSG00000102174.9",-0.416435432609976,"ENSG00000102174.9"
"ENSG00000102271.14",0.845711093977922,"ENSG00000102271.14"
"ENSG00000102383.14",0.44110081425602,"ENSG00000102383.14"
"ENSG00000102385.12",0.152911534154535,"ENSG00000102385.12"
"ENSG00000102409.10",0.550523761721611,"ENSG00000102409.10"
"ENSG00000102452.17",0.368064952705549,"ENSG00000102452.17"
"ENSG00000102468.10",0.592208672086721,"ENSG00000102468.10"
"ENSG00000102981.9",0.397889815128118,"ENSG00000102981.9"
"ENSG00000103154.9",0.674656771799629,"ENSG00000103154.9"
"ENSG00000103569.10",0.536065209668317,"ENSG00000103569.10"
"ENSG00000103742.12",0.881099817301219,"ENSG00000103742.12"
"ENSG00000103852.13",0.511984201446697,"ENSG00000103852.13"
"ENSG00000104154.7",0.284547332113572,"ENSG00000104154.7"
"ENSG00000104228.13",-0.127401864442201,"ENSG00000104228.13"
"ENSG00000104435.14",0.260900810320358,"ENSG00000104435.14"
"ENSG00000104888.10",0.722096989180629,"ENSG00000104888.10"
"ENSG00000105251.11",0.479093871956422,"ENSG00000105251.11"
"ENSG00000105270.15",0.473649219429857,"ENSG00000105270.15"
"ENSG00000105366.15",0.758575627717389,"ENSG00000105366.15"
"ENSG00000105520.10",0.128737190264397,"ENSG00000105520.10"
"ENSG00000105605.7",0.42156932102648,"ENSG00000105605.7"
"ENSG00000105613.10",0.710635310635311,"ENSG00000105613.10"
"ENSG00000105695.15",0.827593244253576,"ENSG00000105695.15"
"ENSG00000105696.9",0.052715837621498,"ENSG00000105696.9"
"ENSG00000105711.12",0.513914828917837,"ENSG00000105711.12"
"ENSG00000105737.9",0.192117415631511,"ENSG00000105737.9"
"ENSG00000105784.15",0.586817274508526,"ENSG00000105784.15"
"ENSG00000105880.7",0.866846543283395,"ENSG00000105880.7"
"ENSG00000106689.11",0.578803418803419,"ENSG00000106689.11"
"ENSG00000106692.14",-0.301743499444835,"ENSG00000106692.14"
"ENSG00000106714.17",0.416923076923077,"ENSG00000106714.17"
"ENSG00000106868.17",0.0806743777985599,"ENSG00000106868.17"
"ENSG00000107147.13",-0.443404932035006,"ENSG00000107147.13"
"ENSG00000107242.20",-0.0474600870827286,"ENSG00000107242.20"
"ENSG00000107518.18",0.230924788868673,"ENSG00000107518.18"
"ENSG00000108018.15",0.595123863119067,"ENSG00000108018.15"
"ENSG00000108231.13",0.412170686456401,"ENSG00000108231.13"
"ENSG00000108684.14",0.337796097704839,"ENSG00000108684.14"
"ENSG00000108691.9",0.454870434541158,"ENSG00000108691.9"
"ENSG00000108830.10",0.701291312306407,"ENSG00000108830.10"
"ENSG00000108839.12",0.611899773597351,"ENSG00000108839.12"
"ENSG00000108947.5",0.794762723461014,"ENSG00000108947.5"
"ENSG00000109158.11",0.334627218549809,"ENSG00000109158.11"
"ENSG00000109680.11",-0.178598631759111,"ENSG00000109680.11"
"ENSG00000109819.9",0.794117647058824,"ENSG00000109819.9"
"ENSG00000109956.13",0.0874892946097845,"ENSG00000109956.13"
"ENSG00000110076.19",0.785329532046756,"ENSG00000110076.19"
"ENSG00000110148.10",0.364293085655315,"ENSG00000110148.10"
"ENSG00000110318.15",0.267285861713106,"ENSG00000110318.15"
"ENSG00000110675.13",0.597389586199973,"ENSG00000110675.13"
"ENSG00000110786.18",0.79014031286999,"ENSG00000110786.18"
"ENSG00000110881.12",0.788881687355606,"ENSG00000110881.12"
"ENSG00000110900.15",0.682285412136521,"ENSG00000110900.15"
"ENSG00000111087.10",0.608386310814581,"ENSG00000111087.10"
"ENSG00000111218.12",0.809940684818175,"ENSG00000111218.12"
"ENSG00000111262.6",0.615128680054518,"ENSG00000111262.6"
"ENSG00000111783.12",0.690218803006451,"ENSG00000111783.12"
"ENSG00000111879.20",0.385526939914515,"ENSG00000111879.20"
"ENSG00000111962.8",0.624478031078744,"ENSG00000111962.8"
"ENSG00000112038.18",0.274725274725275,"ENSG00000112038.18"
"ENSG00000112039.5",0.347672086409093,"ENSG00000112039.5"
"ENSG00000112139.16",0.268646411748213,"ENSG00000112139.16"
"ENSG00000112182.15",0.546714681757124,"ENSG00000112182.15"
"ENSG00000112319.19",0.493670194488368,"ENSG00000112319.19"
"ENSG00000112320.12",0.831776979348352,"ENSG00000112320.12"
"ENSG00000112333.12",0.618673086796257,"ENSG00000112333.12"
"ENSG00000112584.13",0.545724942525441,"ENSG00000112584.13"
"ENSG00000113070.8",0.195949644225506,"ENSG00000113070.8"
"ENSG00000113209.9",0.592245831539674,"ENSG00000113209.9"
"ENSG00000113211.5",0.767032967032967,"ENSG00000113211.5"
"ENSG00000113212.7",0.521005068718752,"ENSG00000113212.7"
"ENSG00000113231.14",0.715037593984962,"ENSG00000113231.14"
"ENSG00000113248.6",0.0793103448275862,"ENSG00000113248.6"
"ENSG00000113327.16",0.696326530612245,"ENSG00000113327.16"
"ENSG00000113595.15",-0.205429498243414,"ENSG00000113595.15"
"ENSG00000113763.12",0.628443501683591,"ENSG00000113763.12"
"ENSG00000114646.10",0.788348614018373,"ENSG00000114646.10"
"ENSG00000114923.17",0.225104160813414,"ENSG00000114923.17"
"ENSG00000114948.13",0.246997176364157,"ENSG00000114948.13"
"ENSG00000115194.11",0.528838988372931,"ENSG00000115194.11"
"ENSG00000115266.11",-0.282453715874885,"ENSG00000115266.11"
"ENSG00000115392.12",-0.156965215057755,"ENSG00000115392.12"
"ENSG00000115758.13",0.148263752739619,"ENSG00000115758.13"
"ENSG00000116032.5",-0.194079794079794,"ENSG00000116032.5"
"ENSG00000116254.18",0.47167325428195,"ENSG00000116254.18"
"ENSG00000116396.14",0.185479039748609,"ENSG00000116396.14"
"ENSG00000116544.12",0.596329569916092,"ENSG00000116544.12"
"ENSG00000116574.6",0.433083133131589,"ENSG00000116574.6"
"ENSG00000116691.11",-0.248212029327845,"ENSG00000116691.11"
"ENSG00000116745.7",0.736263736263736,"ENSG00000116745.7"
"ENSG00000117245.12",0.318181818181818,"ENSG00000117245.12"
"ENSG00000117411.16",0.361309961554007,"ENSG00000117411.16"
"ENSG00000117600.12",0.584046332860964,"ENSG00000117600.12"
"ENSG00000118298.12",0.748863757601622,"ENSG00000118298.12"
"ENSG00000118432.12",0.286644588552116,"ENSG00000118432.12"
"ENSG00000119283.15",0.386615186615187,"ENSG00000119283.15"
"ENSG00000119403.15",0.213573101755471,"ENSG00000119403.15"
"ENSG00000119682.17",0.479840607269948,"ENSG00000119682.17"
"ENSG00000119698.12",0.0270383771092258,"ENSG00000119698.12"
"ENSG00000119737.6",0.287925696594427,"ENSG00000119737.6"
"ENSG00000119946.11",0.43818463597619,"ENSG00000119946.11"
"ENSG00000119950.21",-0.0355731225296443,"ENSG00000119950.21"
"ENSG00000120049.19",0.474370797699107,"ENSG00000120049.19"
"ENSG00000120129.6",0.0673272535859834,"ENSG00000120129.6"
"ENSG00000120324.9",0.195700524877309,"ENSG00000120324.9"
"ENSG00000120327.6",0.705099007814561,"ENSG00000120327.6"
"ENSG00000120440.15",0.359610414001462,"ENSG00000120440.15"
"ENSG00000120658.13",0.459495798319328,"ENSG00000120658.13"
"ENSG00000121361.5",0.373012762233697,"ENSG00000121361.5"
"ENSG00000121417.14",-0.282142857142857,"ENSG00000121417.14"
"ENSG00000121742.19",0.254946474808301,"ENSG00000121742.19"
"ENSG00000121753.12",0.396520642159973,"ENSG00000121753.12"
"ENSG00000121871.4",0.91624887785299,"ENSG00000121871.4"
"ENSG00000121904.17",0.50484572078838,"ENSG00000121904.17"
"ENSG00000121905.10",0.767223252937539,"ENSG00000121905.10"
"ENSG00000121989.15",-0.219417717873062,"ENSG00000121989.15"
"ENSG00000122012.14",0.610850639776673,"ENSG00000122012.14"
"ENSG00000122304.11",-0.0963738849304853,"ENSG00000122304.11"
"ENSG00000122584.13",0.768833849329205,"ENSG00000122584.13"
"ENSG00000122592.8",0.173626373626374,"ENSG00000122592.8"
"ENSG00000122644.13",0.531922043010753,"ENSG00000122644.13"
"ENSG00000122733.12",0.679662988902472,"ENSG00000122733.12"
"ENSG00000123496.8",0.922809394760614,"ENSG00000123496.8"
"ENSG00000123570.4",0.817507603109274,"ENSG00000123570.4"
"ENSG00000123685.9",-0.250877192982456,"ENSG00000123685.9"
"ENSG00000123700.5",-0.144607843137255,"ENSG00000123700.5"
"ENSG00000123999.5",0.365626710454297,"ENSG00000123999.5"
"ENSG00000124191.18",0.229550563843339,"ENSG00000124191.18"
"ENSG00000124194.16",0.737637600494743,"ENSG00000124194.16"
"ENSG00000124205.18",0.505588918653015,"ENSG00000124205.18"
"ENSG00000124225.16",0.65014454374886,"ENSG00000124225.16"
"ENSG00000124493.14",0.548262238698941,"ENSG00000124493.14"
"ENSG00000124785.9",0.178189655446648,"ENSG00000124785.9"
"ENSG00000125355.15",0.271266474702871,"ENSG00000125355.15"
"ENSG00000125538.12",0.762447326076828,"ENSG00000125538.12"
"ENSG00000125675.18",0.685021985683495,"ENSG00000125675.18"
"ENSG00000125820.6",0.741105637657362,"ENSG00000125820.6"
"ENSG00000125851.10",0.640965377245599,"ENSG00000125851.10"
"ENSG00000125869.10",-0.157878170029518,"ENSG00000125869.10"
"ENSG00000126262.4",0.885554561717353,"ENSG00000126262.4"
"ENSG00000126500.3",0.111272375423319,"ENSG00000126500.3"
"ENSG00000126583.11",0.550787404931836,"ENSG00000126583.11"
"ENSG00000126861.5",0.660725605215296,"ENSG00000126861.5"
"ENSG00000126882.13",0.32981742402985,"ENSG00000126882.13"
"ENSG00000126890.13",0.475425707922546,"ENSG00000126890.13"
"ENSG00000126970.16",0.690410854967817,"ENSG00000126970.16"
"ENSG00000127588.5",0.0876371704875333,"ENSG00000127588.5"
"ENSG00000127863.15",0.627753297368911,"ENSG00000127863.15"
"ENSG00000128000.16",-0.0813186813186813,"ENSG00000128000.16"
"ENSG00000128011.4",0.19991341991342,"ENSG00000128011.4"
"ENSG00000128482.16",0.304081482905231,"ENSG00000128482.16"
"ENSG00000128594.8",0.201440576230492,"ENSG00000128594.8"
"ENSG00000128596.17",0.125822142129026,"ENSG00000128596.17"
"ENSG00000128683.14",0.659680391892042,"ENSG00000128683.14"
"ENSG00000129159.8",0.339506049955112,"ENSG00000129159.8"
"ENSG00000129654.8",0.799548857229,"ENSG00000129654.8"
"ENSG00000129946.10",0.313074752147788,"ENSG00000129946.10"
"ENSG00000129951.18",0.515456989247312,"ENSG00000129951.18"
"ENSG00000129990.15",0.735085342340829,"ENSG00000129990.15"
"ENSG00000130032.17",0.127037627623719,"ENSG00000130032.17"
"ENSG00000130055.13",0.604620034441192,"ENSG00000130055.13"
"ENSG00000130477.15",0.582665673172092,"ENSG00000130477.15"
"ENSG00000130540.14",0.755943104514533,"ENSG00000130540.14"
"ENSG00000130876.11",0.642874488231122,"ENSG00000130876.11"
"ENSG00000131188.12",-0.021978021978022,"ENSG00000131188.12"
"ENSG00000131386.19",0.805460828137386,"ENSG00000131386.19"
"ENSG00000131398.15",0.00512820512820513,"ENSG00000131398.15"
"ENSG00000131409.13",0.865284938299573,"ENSG00000131409.13"
"ENSG00000131591.17",-0.0824112596264495,"ENSG00000131591.17"
"ENSG00000131931.8",0.40693346457904,"ENSG00000131931.8"
"ENSG00000132164.10",0.64406900222471,"ENSG00000132164.10"
"ENSG00000132185.17",0.147574819401445,"ENSG00000132185.17"
"ENSG00000132321.17",-0.019047619047619,"ENSG00000132321.17"
"ENSG00000132329.11",0.287797984285185,"ENSG00000132329.11"
"ENSG00000132702.13",0.582733457019171,"ENSG00000132702.13"
"ENSG00000132718.9",0.872931721776313,"ENSG00000132718.9"
"ENSG00000132872.12",-0.0180415095781341,"ENSG00000132872.12"
"ENSG00000132950.19",-0.316319765043423,"ENSG00000132950.19"
"ENSG00000132952.12",0.142857142857143,"ENSG00000132952.12"
"ENSG00000133019.11",0.491358545884951,"ENSG00000133019.11"
"ENSG00000133069.17",0.663039179383869,"ENSG00000133069.17"
"ENSG00000133878.9",0.441502652043798,"ENSG00000133878.9"
"ENSG00000134115.13",0.264890282131661,"ENSG00000134115.13"
"ENSG00000134256.12",0.1537498318529,"ENSG00000134256.12"
"ENSG00000134343.14",0.251659732672391,"ENSG00000134343.14"
"ENSG00000134532.19",0.68201419613196,"ENSG00000134532.19"
"ENSG00000134594.5",0.787215447432028,"ENSG00000134594.5"
"ENSG00000134817.10",0.831555616016017,"ENSG00000134817.10"
"ENSG00000134874.17",-0.293376979393507,"ENSG00000134874.17"
"ENSG00000135063.19",0.584214235377026,"ENSG00000135063.19"
"ENSG00000135298.14",0.777570627352225,"ENSG00000135298.14"
"ENSG00000135414.10",0.523893498527729,"ENSG00000135414.10"
"ENSG00000135426.16",0.297701736465781,"ENSG00000135426.16"
"ENSG00000135454.14",0.69082875934659,"ENSG00000135454.14"
"ENSG00000135622.13",-0.116605616605617,"ENSG00000135622.13"
"ENSG00000135643.5",0.273901808858862,"ENSG00000135643.5"
"ENSG00000135749.19",0.00103199174406605,"ENSG00000135749.19"
"ENSG00000135835.12",0.121235521235521,"ENSG00000135835.12"
"ENSG00000135845.10",0.21049423703547,"ENSG00000135845.10"
"ENSG00000136002.19",0.761937486073712,"ENSG00000136002.19"
"ENSG00000136099.13",0.806240227793314,"ENSG00000136099.13"
"ENSG00000136158.12",0.727017378136585,"ENSG00000136158.12"
"ENSG00000136531.17",0.590021893611897,"ENSG00000136531.17"
"ENSG00000136535.15",0.353568336425479,"ENSG00000136535.15"
"ENSG00000136541.14",0.646723798747774,"ENSG00000136541.14"
"ENSG00000136750.13",0.193911315938756,"ENSG00000136750.13"
"ENSG00000136928.7",0.517278911564626,"ENSG00000136928.7"
"ENSG00000137218.10",0.235412474849095,"ENSG00000137218.10"
"ENSG00000137441.8",0.387779706357496,"ENSG00000137441.8"
"ENSG00000137473.17",0.0279753437648174,"ENSG00000137473.17"
"ENSG00000137727.12",0.646336996336996,"ENSG00000137727.12"
"ENSG00000137766.17",0.62733714676001,"ENSG00000137766.17"
"ENSG00000137941.17",0.405847373932116,"ENSG00000137941.17"
"ENSG00000138379.5",0.628568343289271,"ENSG00000138379.5"
"ENSG00000138587.6",0.374648742436521,"ENSG00000138587.6"
"ENSG00000138613.14",0.69978486508532,"ENSG00000138613.14"
"ENSG00000138622.4",0.15018315018315,"ENSG00000138622.4"
"ENSG00000138892.11",-0.140196905863835,"ENSG00000138892.11"
"ENSG00000139155.8",0.66987699984541,"ENSG00000139155.8"
"ENSG00000139173.10",-0.0419871794871795,"ENSG00000139173.10"
"ENSG00000139190.16",0.384104087920006,"ENSG00000139190.16"
"ENSG00000139200.13",0.431255645889792,"ENSG00000139200.13"
"ENSG00000139352.4",0.549934123847167,"ENSG00000139352.4"
"ENSG00000139364.10",0.76374003551266,"ENSG00000139364.10"
"ENSG00000139572.4",0.128887074017017,"ENSG00000139572.4"
"ENSG00000139648.7",-0.108618437603267,"ENSG00000139648.7"
"ENSG00000139767.10",0.224057851231962,"ENSG00000139767.10"
"ENSG00000139915.21",0.73747680890538,"ENSG00000139915.21"
"ENSG00000139946.10",0.349121308123751,"ENSG00000139946.10"
"ENSG00000139971.15",0.663914211185158,"ENSG00000139971.15"
"ENSG00000140470.14",-0.0182083739045764,"ENSG00000140470.14"
"ENSG00000140522.12",0.41419752524173,"ENSG00000140522.12"
"ENSG00000140538.16",0.532466168788612,"ENSG00000140538.16"
"ENSG00000140600.17",0.522809304508183,"ENSG00000140600.17"
"ENSG00000140807.7",0.0167150732318996,"ENSG00000140807.7"
"ENSG00000141314.13",0.150829045168668,"ENSG00000141314.13"
"ENSG00000141391.14",0.0718146718146718,"ENSG00000141391.14"
"ENSG00000141404.16",0.258772687986171,"ENSG00000141404.16"
"ENSG00000141485.17",0.210240290703066,"ENSG00000141485.17"
"ENSG00000141519.15",-0.209157072050577,"ENSG00000141519.15"
"ENSG00000141540.11",0.882713935351733,"ENSG00000141540.11"
"ENSG00000141576.16",0.397388507970736,"ENSG00000141576.16"
"ENSG00000141639.12",0.874637874835643,"ENSG00000141639.12"
"ENSG00000141873.11",-0.0764068248440792,"ENSG00000141873.11"
"ENSG00000142185.16",0.497646364681377,"ENSG00000142185.16"
"ENSG00000142235.11",0.587377049148096,"ENSG00000142235.11"
"ENSG00000142408.5",0.19417559787383,"ENSG00000142408.5"
"ENSG00000142549.9",0.596338899196042,"ENSG00000142549.9"
"ENSG00000142609.18",0.152337081696247,"ENSG00000142609.18"
"ENSG00000142920.17",-0.416153846153846,"ENSG00000142920.17"
"ENSG00000143110.11",0.488240899561654,"ENSG00000143110.11"
"ENSG00000143434.15",0.615122360592846,"ENSG00000143434.15"
"ENSG00000143473.13",-0.210372757232686,"ENSG00000143473.13"
"ENSG00000143520.6",0.356869893745858,"ENSG00000143520.6"
"ENSG00000143786.8",0.520939199009777,"ENSG00000143786.8"
"ENSG00000143858.12",0.114849230722754,"ENSG00000143858.12"
"ENSG00000143951.16",-0.175824175824176,"ENSG00000143951.16"
"ENSG00000144134.18",0.393993502352557,"ENSG00000144134.18"
"ENSG00000144230.16",0.763239283776451,"ENSG00000144230.16"
"ENSG00000144278.15",0.886033671206504,"ENSG00000144278.15"
"ENSG00000144285.21",0.0770075170798478,"ENSG00000144285.21"
"ENSG00000144339.12",0.737196890532901,"ENSG00000144339.12"
"ENSG00000144369.13",0.536228985110601,"ENSG00000144369.13"
"ENSG00000144406.19",0.432117346452652,"ENSG00000144406.19"
"ENSG00000144445.17",0.368329351560502,"ENSG00000144445.17"
"ENSG00000144460.12",0.321218177992847,"ENSG00000144460.12"
"ENSG00000144476.6",0.731488678811187,"ENSG00000144476.6"
"ENSG00000144550.13",0.432026875699888,"ENSG00000144550.13"
"ENSG00000144659.13",0.794855078155228,"ENSG00000144659.13"
"ENSG00000144792.9",0.634727856964837,"ENSG00000144792.9"
"ENSG00000144868.13",0.448448844884488,"ENSG00000144868.13"
"ENSG00000144893.12",0.376001480868639,"ENSG00000144893.12"
"ENSG00000145242.13",0.817127502400589,"ENSG00000145242.13"
"ENSG00000145248.7",0.399706413730804,"ENSG00000145248.7"
"ENSG00000145416.13",0.293082978334667,"ENSG00000145416.13"
"ENSG00000145491.12",0.611900559402652,"ENSG00000145491.12"
"ENSG00000145526.12",0.304786641929499,"ENSG00000145526.12"
"ENSG00000145860.11",0.526907895678179,"ENSG00000145860.11"
"ENSG00000145911.6",0.233058373512813,"ENSG00000145911.6"
"ENSG00000146005.4",0.373319110922259,"ENSG00000146005.4"
"ENSG00000146006.8",0.815404406414412,"ENSG00000146006.8"
"ENSG00000146151.13",0.22322845093203,"ENSG00000146151.13"
"ENSG00000146243.14",0.434117647058823,"ENSG00000146243.14"
"ENSG00000146352.13",0.640334790301897,"ENSG00000146352.13"
"ENSG00000146411.6",-0.255570991942206,"ENSG00000146411.6"
"ENSG00000146426.18",0.366656676282047,"ENSG00000146426.18"
"ENSG00000146938.16",0.782862272588876,"ENSG00000146938.16"
"ENSG00000147081.15",0.128709832969259,"ENSG00000147081.15"
"ENSG00000147234.10",-0.3076738648891,"ENSG00000147234.10"
"ENSG00000147481.17",0.180708180708181,"ENSG00000147481.17"
"ENSG00000147488.11",0.0728564081221544,"ENSG00000147488.11"
"ENSG00000147509.14",0.497936609813052,"ENSG00000147509.14"
"ENSG00000147650.11",0.186650868603981,"ENSG00000147650.11"
"ENSG00000148082.10",0.846012680889655,"ENSG00000148082.10"
"ENSG00000148110.16",-0.579253357328303,"ENSG00000148110.16"
"ENSG00000148408.13",0.461987911195548,"ENSG00000148408.13"
"ENSG00000148482.12",0.574547231132095,"ENSG00000148482.12"
"ENSG00000148541.13",0.653818740399385,"ENSG00000148541.13"
"ENSG00000148704.13",0.313917900818396,"ENSG00000148704.13"
"ENSG00000148948.8",0.627552235353093,"ENSG00000148948.8"
"ENSG00000149179.14",-0.46749226006192,"ENSG00000149179.14"
"ENSG00000149557.14",0.643225823717813,"ENSG00000149557.14"
"ENSG00000149571.12",0.562291484128757,"ENSG00000149571.12"
"ENSG00000149575.7",0.651221280147608,"ENSG00000149575.7"
"ENSG00000149599.15",0.182388663967611,"ENSG00000149599.15"
"ENSG00000149654.11",0.176434676434676,"ENSG00000149654.11"
"ENSG00000149927.18",0.522920602725452,"ENSG00000149927.18"
"ENSG00000149970.16",0.709288290544524,"ENSG00000149970.16"
"ENSG00000149972.11",0.577872603586889,"ENSG00000149972.11"
"ENSG00000150275.18",0.274509803921569,"ENSG00000150275.18"
"ENSG00000150394.14",0.431012658227848,"ENSG00000150394.14"
"ENSG00000150551.11",0.56370934403913,"ENSG00000150551.11"
"ENSG00000150722.10",0.844341372912801,"ENSG00000150722.10"
"ENSG00000151023.17",0.236397927153914,"ENSG00000151023.17"
"ENSG00000151025.11",0.301804992156178,"ENSG00000151025.11"
"ENSG00000151090.20",0.61130969003881,"ENSG00000151090.20"
"ENSG00000151320.11",0.0544806393726539,"ENSG00000151320.11"
"ENSG00000151322.19",0.54047609841084,"ENSG00000151322.19"
"ENSG00000151468.11",0.428571428571429,"ENSG00000151468.11"
"ENSG00000151475.6",0.15290091786665,"ENSG00000151475.6"
"ENSG00000151789.12",0.266593181649442,"ENSG00000151789.12"
"ENSG00000151790.9",0.801754385964912,"ENSG00000151790.9"
"ENSG00000151834.15",0.549387755102041,"ENSG00000151834.15"
"ENSG00000151952.16",0.490950226244344,"ENSG00000151952.16"
"ENSG00000151967.18",0.741861070101301,"ENSG00000151967.18"
"ENSG00000152092.16",0.861890939967178,"ENSG00000152092.16"
"ENSG00000152154.11",0.722193366003972,"ENSG00000152154.11"
"ENSG00000152208.13",0.643450619544874,"ENSG00000152208.13"
"ENSG00000152214.14",0.764500708120421,"ENSG00000152214.14"
"ENSG00000152578.13",0.829571175959262,"ENSG00000152578.13"
"ENSG00000152822.14",0.563277674706246,"ENSG00000152822.14"
"ENSG00000152910.19",0.53096119463121,"ENSG00000152910.19"
"ENSG00000152954.12",0.484061850586454,"ENSG00000152954.12"
"ENSG00000152969.20",0.770552627830793,"ENSG00000152969.20"
"ENSG00000152977.10",0.422186570106772,"ENSG00000152977.10"
"ENSG00000152990.14",0.538650107342995,"ENSG00000152990.14"
"ENSG00000153233.13",0.348039215686275,"ENSG00000153233.13"
"ENSG00000153253.18",0.659080132764343,"ENSG00000153253.18"
"ENSG00000153266.13",-0.149676225716929,"ENSG00000153266.13"
"ENSG00000153291.16",0.445682692460714,"ENSG00000153291.16"
"ENSG00000153531.13",0.25078764492743,"ENSG00000153531.13"
"ENSG00000153820.13",0.422462078067316,"ENSG00000153820.13"
"ENSG00000153930.12",0.289423019995011,"ENSG00000153930.12"
"ENSG00000154080.14",0.024887023467245,"ENSG00000154080.14"
"ENSG00000154118.13",0.667276422764228,"ENSG00000154118.13"
"ENSG00000154162.15",0.305627299376317,"ENSG00000154162.15"
"ENSG00000154645.14",0.745173745173745,"ENSG00000154645.14"
"ENSG00000154764.6",0.6803151535263,"ENSG00000154764.6"
"ENSG00000154928.18",0.766430490486268,"ENSG00000154928.18"
"ENSG00000154957.14",-0.396172414955524,"ENSG00000154957.14"
"ENSG00000154975.14",0.62832674571805,"ENSG00000154975.14"
"ENSG00000154997.9",0.191997777160322,"ENSG00000154997.9"
"ENSG00000155052.14",0.495386518243661,"ENSG00000155052.14"
"ENSG00000155265.11",0.229112411656305,"ENSG00000155265.11"
"ENSG00000155511.18",0.62081355625163,"ENSG00000155511.18"
"ENSG00000155761.14",0.133588268208388,"ENSG00000155761.14"
"ENSG00000155886.11",0.809008151059422,"ENSG00000155886.11"
"ENSG00000155897.10",0.778818891550011,"ENSG00000155897.10"
"ENSG00000155961.5",0.880927460852692,"ENSG00000155961.5"
"ENSG00000156050.10",-0.0281250209497435,"ENSG00000156050.10"
"ENSG00000156103.16",0.573910967718894,"ENSG00000156103.16"
"ENSG00000156206.14",0.0979420944976592,"ENSG00000156206.14"
"ENSG00000156564.9",0.363185881252949,"ENSG00000156564.9"
"ENSG00000156804.7",0.262712207986798,"ENSG00000156804.7"
"ENSG00000156959.9",0.373799466777195,"ENSG00000156959.9"
"ENSG00000157064.11",0.100227533226887,"ENSG00000157064.11"
"ENSG00000157350.13",0.684386874238479,"ENSG00000157350.13"
"ENSG00000157423.18",-0.136175047934194,"ENSG00000157423.18"
"ENSG00000157445.15",0.592809501578287,"ENSG00000157445.15"
"ENSG00000157470.12",0.424528214374987,"ENSG00000157470.12"
"ENSG00000157542.11",0.377629760233345,"ENSG00000157542.11"
"ENSG00000157693.15",0.0385067738619177,"ENSG00000157693.15"
"ENSG00000157782.9",0.371230674087817,"ENSG00000157782.9"
"ENSG00000157833.13",0.304999576667846,"ENSG00000157833.13"
"ENSG00000157837.16",0.325796310762893,"ENSG00000157837.16"
"ENSG00000157890.17",0.631583178760571,"ENSG00000157890.17"
"ENSG00000158156.8",0.5216287678477,"ENSG00000158156.8"
"ENSG00000158423.17",0.514378891713679,"ENSG00000158423.17"
"ENSG00000158445.10",0.715138849232647,"ENSG00000158445.10"
"ENSG00000158555.15",0.147369180564749,"ENSG00000158555.15"
"ENSG00000159128.14",0.175132569657344,"ENSG00000159128.14"
"ENSG00000159164.10",0.883063470486393,"ENSG00000159164.10"
"ENSG00000159556.10",0.0327731092436975,"ENSG00000159556.10"
"ENSG00000159784.17",0.670977238340059,"ENSG00000159784.17"
"ENSG00000159871.15",0.698932646301067,"ENSG00000159871.15"
"ENSG00000159884.12",-0.0110185361128319,"ENSG00000159884.12"
"ENSG00000160055.19",-0.25929765902353,"ENSG00000160055.19"
"ENSG00000160446.19",0.1426979170185,"ENSG00000160446.19"
"ENSG00000160539.6",0.53839839993339,"ENSG00000160539.6"
"ENSG00000160716.6",-0.12280701754386,"ENSG00000160716.6"
"ENSG00000161082.13",0.544257258694065,"ENSG00000161082.13"
"ENSG00000161243.9",0.450014501627405,"ENSG00000161243.9"
"ENSG00000161395.14",-0.0854599256498691,"ENSG00000161395.14"
"ENSG00000161652.12",0.285162337725493,"ENSG00000161652.12"
"ENSG00000161692.18",0.395256916996047,"ENSG00000161692.18"
"ENSG00000161914.10",-0.308668076109937,"ENSG00000161914.10"
"ENSG00000162144.10",0.506417336465438,"ENSG00000162144.10"
"ENSG00000162188.6",0.654846350330088,"ENSG00000162188.6"
"ENSG00000162194.12",0.207989578810248,"ENSG00000162194.12"
"ENSG00000162374.18",0.724506561399765,"ENSG00000162374.18"
"ENSG00000162490.7",0.497407191474327,"ENSG00000162490.7"
"ENSG00000162493.16",0.68992275104389,"ENSG00000162493.16"
"ENSG00000162598.13",0.263907518492705,"ENSG00000162598.13"
"ENSG00000162630.6",0.0588235294117647,"ENSG00000162630.6"
"ENSG00000162670.11",0.72465509863836,"ENSG00000162670.11"
"ENSG00000162728.5",-0.0670794633642931,"ENSG00000162728.5"
"ENSG00000162771.8",0.14495052928514,"ENSG00000162771.8"
"ENSG00000162951.11",0.360723469399661,"ENSG00000162951.11"
"ENSG00000163013.11",0.403684646717913,"ENSG00000163013.11"
"ENSG00000163288.14",0.354774823657081,"ENSG00000163288.14"
"ENSG00000163449.11",0.332561579522799,"ENSG00000163449.11"
"ENSG00000163464.8",0.443619909502262,"ENSG00000163464.8"
"ENSG00000163485.17",0.746145951406429,"ENSG00000163485.17"
"ENSG00000163617.11",0.35463272825107,"ENSG00000163617.11"
"ENSG00000163630.11",0.799610352124001,"ENSG00000163630.11"
"ENSG00000163638.13",-0.0810780772436788,"ENSG00000163638.13"
"ENSG00000163749.17",0.0142850792581905,"ENSG00000163749.17"
"ENSG00000163873.10",0.934989318280798,"ENSG00000163873.10"
"ENSG00000163884.4",0.572755417956656,"ENSG00000163884.4"
"ENSG00000163888.4",0.344932844932845,"ENSG00000163888.4"
"ENSG00000164023.14",0.0537192059582572,"ENSG00000164023.14"
"ENSG00000164038.16",0.0697671131352901,"ENSG00000164038.16"
"ENSG00000164048.14",0.520788996187645,"ENSG00000164048.14"
"ENSG00000164082.15",0.581929499072356,"ENSG00000164082.15"
"ENSG00000164089.9",0.694179372301441,"ENSG00000164089.9"
"ENSG00000164161.10",0.360820612500904,"ENSG00000164161.10"
"ENSG00000164180.13",0.0346329073983225,"ENSG00000164180.13"
"ENSG00000164221.13",-0.122200481253653,"ENSG00000164221.13"
"ENSG00000164418.20",0.694160392173135,"ENSG00000164418.20"
"ENSG00000164588.8",0.663147416932322,"ENSG00000164588.8"
"ENSG00000164620.9",0.393900015942883,"ENSG00000164620.9"
"ENSG00000164638.10",0.739938080495356,"ENSG00000164638.10"
"ENSG00000164651.16",0.415789473684211,"ENSG00000164651.16"
"ENSG00000164675.11",0.257697947214076,"ENSG00000164675.11"
"ENSG00000164683.18",0.571646035278537,"ENSG00000164683.18"
"ENSG00000164742.16",0.125382272468178,"ENSG00000164742.16"
"ENSG00000164841.5",0.539731682146543,"ENSG00000164841.5"
"ENSG00000164989.17",0.357237070557289,"ENSG00000164989.17"
"ENSG00000165246.14",0.641700337148107,"ENSG00000165246.14"
"ENSG00000165300.7",0.354561101549053,"ENSG00000165300.7"
"ENSG00000165323.15",0.647368326625058,"ENSG00000165323.15"
"ENSG00000165349.12",0.368633517584452,"ENSG00000165349.12"
"ENSG00000165379.13",0.638468269849279,"ENSG00000165379.13"
"ENSG00000165478.7",0.760859011516595,"ENSG00000165478.7"
"ENSG00000165495.16",0.373235310539499,"ENSG00000165495.16"
"ENSG00000165521.15",0.376830791686547,"ENSG00000165521.15"
"ENSG00000165553.4",0.207074160488113,"ENSG00000165553.4"
"ENSG00000165566.12",0.932571562749787,"ENSG00000165566.12"
"ENSG00000165802.23",0.492183963191052,"ENSG00000165802.23"
"ENSG00000165966.16",-0.285861713106295,"ENSG00000165966.16"
"ENSG00000165985.10",0.601401497053671,"ENSG00000165985.10"
"ENSG00000166006.14",0.332003636813912,"ENSG00000166006.14"
"ENSG00000166091.21",0.873877615486837,"ENSG00000166091.21"
"ENSG00000166111.10",0.648208388526868,"ENSG00000166111.10"
"ENSG00000166159.11",0.627445952825223,"ENSG00000166159.11"
"ENSG00000166206.15",0.540781858878286,"ENSG00000166206.15"
"ENSG00000166257.9",0.532831164195754,"ENSG00000166257.9"
"ENSG00000166292.12",0.319772502591764,"ENSG00000166292.12"
"ENSG00000166342.19",0.172761421403243,"ENSG00000166342.19"
"ENSG00000166352.16",0.697373358348968,"ENSG00000166352.16"
"ENSG00000166405.15",0.265886479635236,"ENSG00000166405.15"
"ENSG00000166507.19",0.283716361508565,"ENSG00000166507.19"
"ENSG00000166578.10",-0.265156794425087,"ENSG00000166578.10"
"ENSG00000166596.15",0.149002134388608,"ENSG00000166596.15"
"ENSG00000166682.13",0.408695652173913,"ENSG00000166682.13"
"ENSG00000166793.12",0.504273504273504,"ENSG00000166793.12"
"ENSG00000166862.6",0.63403590548432,"ENSG00000166862.6"
"ENSG00000166863.12",0.55610180369397,"ENSG00000166863.12"
"ENSG00000166897.15",0.446953907130898,"ENSG00000166897.15"
"ENSG00000167100.14",0.824664144827032,"ENSG00000167100.14"
"ENSG00000167103.12",0.0410095156577721,"ENSG00000167103.12"
"ENSG00000167178.16",0.336079158936302,"ENSG00000167178.16"
"ENSG00000167244.21",0.355470977210613,"ENSG00000167244.21"
"ENSG00000167281.19",0.69491935224709,"ENSG00000167281.19"
"ENSG00000167371.21",0.382993255357295,"ENSG00000167371.21"
"ENSG00000167377.18",0.260627177700348,"ENSG00000167377.18"
"ENSG00000167384.10",0.45983024131761,"ENSG00000167384.10"
"ENSG00000167414.4",0.208518158381392,"ENSG00000167414.4"
"ENSG00000167562.12",0.265808934131475,"ENSG00000167562.12"
"ENSG00000167614.14",0.574943954056875,"ENSG00000167614.14"
"ENSG00000167619.13",0.220289855072464,"ENSG00000167619.13"
"ENSG00000167654.18",0.518577842684598,"ENSG00000167654.18"
"ENSG00000167702.12",0.234331858326675,"ENSG00000167702.12"
"ENSG00000167733.13",0.129208155523945,"ENSG00000167733.13"
"ENSG00000167740.10",0.739518607894944,"ENSG00000167740.10"
"ENSG00000167840.13",0.0498084291187739,"ENSG00000167840.13"
"ENSG00000167895.15",0.505335177554013,"ENSG00000167895.15"
"ENSG00000167964.13",-0.0240074123262614,"ENSG00000167964.13"
"ENSG00000168081.9",0.76689167251966,"ENSG00000168081.9"
"ENSG00000168116.14",-0.0990200942238328,"ENSG00000168116.14"
"ENSG00000168135.4",0.40972501676727,"ENSG00000168135.4"
"ENSG00000168314.17",0.75716993559402,"ENSG00000168314.17"
"ENSG00000168329.14",0.29200628741012,"ENSG00000168329.14"
"ENSG00000168481.9",0.624908365565704,"ENSG00000168481.9"
"ENSG00000168490.14",0.85636204579411,"ENSG00000168490.14"
"ENSG00000168539.4",0.657334886349093,"ENSG00000168539.4"
"ENSG00000168772.11",-0.340399354962862,"ENSG00000168772.11"
"ENSG00000168824.14",0.299466431790501,"ENSG00000168824.14"
"ENSG00000168826.16",-0.225995807127883,"ENSG00000168826.16"
"ENSG00000168959.14",0.811416202844774,"ENSG00000168959.14"
"ENSG00000169085.13",0.506720924814046,"ENSG00000169085.13"
"ENSG00000169169.14",0.801419772858252,"ENSG00000169169.14"
"ENSG00000169181.13",0.299019607843137,"ENSG00000169181.13"
"ENSG00000169184.6",0.328138891465565,"ENSG00000169184.6"
"ENSG00000169224.13",0.401642899184243,"ENSG00000169224.13"
"ENSG00000169252.5",-0.00820194298455168,"ENSG00000169252.5"
"ENSG00000169302.16",0.305867834965499,"ENSG00000169302.16"
"ENSG00000169306.10",0.614772306553128,"ENSG00000169306.10"
"ENSG00000169508.7",0.521812143047578,"ENSG00000169508.7"
"ENSG00000169760.17",0.762918159891979,"ENSG00000169760.17"
"ENSG00000169840.5",0.723711280526644,"ENSG00000169840.5"
"ENSG00000169860.7",0.221629441677109,"ENSG00000169860.7"
"ENSG00000169908.12",0.462149685775415,"ENSG00000169908.12"
"ENSG00000169918.9",0.71426097711812,"ENSG00000169918.9"
"ENSG00000169933.15",0.340249475884527,"ENSG00000169933.15"
"ENSG00000169946.14",0.216609338930776,"ENSG00000169946.14"
"ENSG00000169992.10",0.451073228962207,"ENSG00000169992.10"
"ENSG00000170075.9",0.613472688271965,"ENSG00000170075.9"
"ENSG00000170153.11",0.523828383177793,"ENSG00000170153.11"
"ENSG00000170214.5",0.391016153715282,"ENSG00000170214.5"
"ENSG00000170382.12",0.566917293233083,"ENSG00000170382.12"
"ENSG00000170464.10",-0.0555555555555556,"ENSG00000170464.10"
"ENSG00000170537.13",0.020821423496717,"ENSG00000170537.13"
"ENSG00000170775.3",0.783689346866957,"ENSG00000170775.3"
"ENSG00000170915.9",0.769385026737968,"ENSG00000170915.9"
"ENSG00000170949.17",0.271752987760283,"ENSG00000170949.17"
"ENSG00000171049.9",0.227541990208478,"ENSG00000171049.9"
"ENSG00000171094.18",0.837470296926108,"ENSG00000171094.18"
"ENSG00000171160.18",0.45559425340095,"ENSG00000171160.18"
"ENSG00000171208.10",0.707894421284524,"ENSG00000171208.10"
"ENSG00000171246.6",0.474537979885074,"ENSG00000171246.6"
"ENSG00000171307.19",0.786366602859281,"ENSG00000171307.19"
"ENSG00000171385.9",0.615359877722752,"ENSG00000171385.9"
"ENSG00000171450.6",0.0423116615067079,"ENSG00000171450.6"
"ENSG00000171532.5",0.203302373581011,"ENSG00000171532.5"
"ENSG00000171649.12",0.527421852125775,"ENSG00000171649.12"
"ENSG00000171657.6",0.647058823529412,"ENSG00000171657.6"
"ENSG00000171659.15",0.856405415659388,"ENSG00000171659.15"
"ENSG00000171735.19",0.117086834733894,"ENSG00000171735.19"
"ENSG00000171757.17",0.469401709401709,"ENSG00000171757.17"
"ENSG00000171772.16",-0.0804878048780488,"ENSG00000171772.16"
"ENSG00000171798.18",0.57586312199691,"ENSG00000171798.18"
"ENSG00000171819.5",0.172040816326531,"ENSG00000171819.5"
"ENSG00000171877.21",0.887923531659148,"ENSG00000171877.21"
"ENSG00000171970.13",0.0909090909090909,"ENSG00000171970.13"
"ENSG00000171984.15",0.0505675954592363,"ENSG00000171984.15"
"ENSG00000172247.4",0.480426629160806,"ENSG00000172247.4"
"ENSG00000172322.14",0.402633076326677,"ENSG00000172322.14"
"ENSG00000172404.5",0.151966752025524,"ENSG00000172404.5"
"ENSG00000172426.16",0.212751085526057,"ENSG00000172426.16"
"ENSG00000172458.4",0.0316161347565935,"ENSG00000172458.4"
"ENSG00000172461.11",0.588273822973281,"ENSG00000172461.11"
"ENSG00000172728.16",0.279669762641899,"ENSG00000172728.16"
"ENSG00000172733.11",0.685329866407259,"ENSG00000172733.11"
"ENSG00000173040.13",-0.0476744936238613,"ENSG00000173040.13"
"ENSG00000173208.4",0.667435597092591,"ENSG00000173208.4"
"ENSG00000173227.14",0.194910930461447,"ENSG00000173227.14"
"ENSG00000173258.13",0.1975204928967,"ENSG00000173258.13"
"ENSG00000173275.13",-0.0944295717741614,"ENSG00000173275.13"
"ENSG00000173320.12",0.364137844906914,"ENSG00000173320.12"
"ENSG00000173868.11",0.152523060227889,"ENSG00000173868.11"
"ENSG00000173918.15",0.465790914066776,"ENSG00000173918.15"
"ENSG00000173926.6",0.240454076367389,"ENSG00000173926.6"
"ENSG00000174145.8",0.271491253839436,"ENSG00000174145.8"
"ENSG00000174453.10",0.248700666422185,"ENSG00000174453.10"
"ENSG00000174482.10",0.378252931445572,"ENSG00000174482.10"
"ENSG00000174501.14",-0.124542124542125,"ENSG00000174501.14"
"ENSG00000174521.7",0.654179275410093,"ENSG00000174521.7"
"ENSG00000174721.10",0.470733012306046,"ENSG00000174721.10"
"ENSG00000174837.15",0.302219140083218,"ENSG00000174837.15"
"ENSG00000174943.11",0.366633923467365,"ENSG00000174943.11"
"ENSG00000175182.15",0.111111111111111,"ENSG00000175182.15"
"ENSG00000175229.7",0.318885448916409,"ENSG00000175229.7"
"ENSG00000175471.19",-0.142885890064814,"ENSG00000175471.19"
"ENSG00000175497.17",0.4787276045218,"ENSG00000175497.17"
"ENSG00000175857.8",0.367824967824968,"ENSG00000175857.8"
"ENSG00000175874.10",0.455108359133127,"ENSG00000175874.10"
"ENSG00000176049.16",0.508278033538961,"ENSG00000176049.16"
"ENSG00000176165.12",0.741698906593591,"ENSG00000176165.12"
"ENSG00000176177.10",-0.15928436553041,"ENSG00000176177.10"
"ENSG00000176204.13",0.712677798392084,"ENSG00000176204.13"
"ENSG00000176371.14",-0.267719300322663,"ENSG00000176371.14"
"ENSG00000176381.6",0.473889919604205,"ENSG00000176381.6"
"ENSG00000176472.10",-0.180535470001954,"ENSG00000176472.10"
"ENSG00000176697.19",0.420851370851371,"ENSG00000176697.19"
"ENSG00000176749.9",-0.218452380952381,"ENSG00000176749.9"
"ENSG00000176884.15",0.754698544841549,"ENSG00000176884.15"
"ENSG00000176887.7",0.536098163316435,"ENSG00000176887.7"
"ENSG00000177103.15",-0.0391312739636731,"ENSG00000177103.15"
"ENSG00000177182.11",0.642639779712067,"ENSG00000177182.11"
"ENSG00000177272.9",0.680754785372912,"ENSG00000177272.9"
"ENSG00000177301.15",0.216757938534296,"ENSG00000177301.15"
"ENSG00000177363.5",0.45058856939673,"ENSG00000177363.5"
"ENSG00000177511.6",0.459946020805514,"ENSG00000177511.6"
"ENSG00000177689.10",0.375824175824176,"ENSG00000177689.10"
"ENSG00000177839.7",-0.0315416817109451,"ENSG00000177839.7"
"ENSG00000177875.5",0.354458958232543,"ENSG00000177875.5"
"ENSG00000177932.7",0.589493433395873,"ENSG00000177932.7"
"ENSG00000178150.10",0.463468948516207,"ENSG00000178150.10"
"ENSG00000178171.10",0.679487179487179,"ENSG00000178171.10"
"ENSG00000178235.8",0.63003663003663,"ENSG00000178235.8"
"ENSG00000178394.5",0.537127912121527,"ENSG00000178394.5"
"ENSG00000178531.6",0.0854116897595159,"ENSG00000178531.6"
"ENSG00000178662.16",0.886938682987352,"ENSG00000178662.16"
"ENSG00000178665.16",0.32447768576851,"ENSG00000178665.16"
"ENSG00000178965.14",0.12450349444192,"ENSG00000178965.14"
"ENSG00000179104.9",0.359080484411012,"ENSG00000179104.9"
"ENSG00000179292.5",0.806349206349206,"ENSG00000179292.5"
"ENSG00000179314.14",0.357894736842105,"ENSG00000179314.14"
"ENSG00000179388.9",0.238974358974359,"ENSG00000179388.9"
"ENSG00000179399.15",0.802411873840445,"ENSG00000179399.15"
"ENSG00000179603.18",0.327228327228327,"ENSG00000179603.18"
"ENSG00000179796.12",0.630793539871723,"ENSG00000179796.12"
"ENSG00000180269.8",-0.00599492737240139,"ENSG00000180269.8"
"ENSG00000180376.17",-0.550309908060219,"ENSG00000180376.17"
"ENSG00000180479.14",0.173626373626374,"ENSG00000180479.14"
"ENSG00000180616.9",0.50278293186912,"ENSG00000180616.9"
"ENSG00000180660.8",0.70540514592934,"ENSG00000180660.8"
"ENSG00000180720.7",0.0429626890616981,"ENSG00000180720.7"
"ENSG00000180739.14",0.412842712842713,"ENSG00000180739.14"
"ENSG00000180801.14",-0.299874861858161,"ENSG00000180801.14"
"ENSG00000180914.10",0.765602322206096,"ENSG00000180914.10"
"ENSG00000181007.9",0.243898909601189,"ENSG00000181007.9"
"ENSG00000181585.7",0.403508771929825,"ENSG00000181585.7"
"ENSG00000181754.7",0.515567649530537,"ENSG00000181754.7"
"ENSG00000181790.11",0.81629447307976,"ENSG00000181790.11"
"ENSG00000182103.5",0.185901691937271,"ENSG00000182103.5"
"ENSG00000182132.13",0.674436294872799,"ENSG00000182132.13"
"ENSG00000182175.14",0.889962086111552,"ENSG00000182175.14"
"ENSG00000182255.7",0.591453308596166,"ENSG00000182255.7"
"ENSG00000182379.10",0.624411278430671,"ENSG00000182379.10"
"ENSG00000182389.19",0.414111710133744,"ENSG00000182389.19"
"ENSG00000182450.13",-0.246305418719212,"ENSG00000182450.13"
"ENSG00000182575.8",0.0340557275541796,"ENSG00000182575.8"
"ENSG00000182591.6",0.441408470276835,"ENSG00000182591.6"
"ENSG00000182674.6",-0.0538189190781249,"ENSG00000182674.6"
"ENSG00000182732.18",0.802883418385853,"ENSG00000182732.18"
"ENSG00000182771.19",0.83118272591139,"ENSG00000182771.19"
"ENSG00000182853.12",0.352455236028215,"ENSG00000182853.12"
"ENSG00000182885.17",0.520381263548656,"ENSG00000182885.17"
"ENSG00000182963.10",0.490925477100676,"ENSG00000182963.10"
"ENSG00000183018.9",-0.0137302509681404,"ENSG00000183018.9"
"ENSG00000183090.5",0.663570691434468,"ENSG00000183090.5"
"ENSG00000183092.16",0.512761766535351,"ENSG00000183092.16"
"ENSG00000183117.19",0.50790541378142,"ENSG00000183117.19"
"ENSG00000183307.4",-0.413333333333333,"ENSG00000183307.4"
"ENSG00000183454.17",0.467331276021775,"ENSG00000183454.17"
"ENSG00000183662.11",0.339669738863287,"ENSG00000183662.11"
"ENSG00000183690.13",0.0275450784262765,"ENSG00000183690.13"
"ENSG00000183715.13",0.707516102403204,"ENSG00000183715.13"
"ENSG00000183722.9",0.531310052676205,"ENSG00000183722.9"
"ENSG00000183773.15",0.665021645021645,"ENSG00000183773.15"
"ENSG00000183783.7",0.684877515267514,"ENSG00000183783.7"
"ENSG00000183791.5",-0.432937761461624,"ENSG00000183791.5"
"ENSG00000183807.8",0.491667016498048,"ENSG00000183807.8"
"ENSG00000183908.7",0.488586142242932,"ENSG00000183908.7"
"ENSG00000184144.12",0.723968608354032,"ENSG00000184144.12"
"ENSG00000184156.17",0.336522701393529,"ENSG00000184156.17"
"ENSG00000184221.13",0.787097576024438,"ENSG00000184221.13"
"ENSG00000184408.10",0.740868091741612,"ENSG00000184408.10"
"ENSG00000184486.10",0.656101231919763,"ENSG00000184486.10"
"ENSG00000184571.13",0.285338602532666,"ENSG00000184571.13"
"ENSG00000184574.10",-0.290170021496971,"ENSG00000184574.10"
"ENSG00000184602.6",0.762212821042433,"ENSG00000184602.6"
"ENSG00000185105.5",0.235042735042735,"ENSG00000185105.5"
"ENSG00000185219.17",0.568665883199807,"ENSG00000185219.17"
"ENSG00000185250.16",0.561628007452318,"ENSG00000185250.16"
"ENSG00000185274.12",0.283286236789148,"ENSG00000185274.12"
"ENSG00000185518.11",0.721212627235366,"ENSG00000185518.11"
"ENSG00000185666.15",0.56761121035944,"ENSG00000185666.15"
"ENSG00000185716.12",0.266326530612245,"ENSG00000185716.12"
"ENSG00000185774.16",0.585435894248012,"ENSG00000185774.16"
"ENSG00000185920.16",0.289667819808724,"ENSG00000185920.16"
"ENSG00000185942.11",0.722018311748386,"ENSG00000185942.11"
"ENSG00000185985.10",0.893948483682907,"ENSG00000185985.10"
"ENSG00000186020.13",-0.363448255044571,"ENSG00000186020.13"
"ENSG00000186094.17",-0.0373230373230373,"ENSG00000186094.17"
"ENSG00000186297.12",0.397446159710311,"ENSG00000186297.12"
"ENSG00000186318.16",0.806749957774781,"ENSG00000186318.16"
"ENSG00000186409.18",-0.638260869565217,"ENSG00000186409.18"
"ENSG00000186462.9",0.500515995872033,"ENSG00000186462.9"
"ENSG00000186471.13",0.386166258696955,"ENSG00000186471.13"
"ENSG00000186479.5",0.370341327061296,"ENSG00000186479.5"
"ENSG00000186648.15",-0.352258852258852,"ENSG00000186648.15"
"ENSG00000187068.3",0.120879120879121,"ENSG00000187068.3"
"ENSG00000187094.12",0.602454205141313,"ENSG00000187094.12"
"ENSG00000187123.15",0.423423423423423,"ENSG00000187123.15"
"ENSG00000187135.7",0.610100428570776,"ENSG00000187135.7"
"ENSG00000187186.15",0.213064713064713,"ENSG00000187186.15"
"ENSG00000187323.12",0.568360524334358,"ENSG00000187323.12"
"ENSG00000187398.12",0.501754385964912,"ENSG00000187398.12"
"ENSG00000187416.12",0.484628847435659,"ENSG00000187416.12"
"ENSG00000187664.9",0.120440519942276,"ENSG00000187664.9"
"ENSG00000187730.9",0.708683473389356,"ENSG00000187730.9"
"ENSG00000187773.8",0.461300309597523,"ENSG00000187773.8"
"ENSG00000187902.11",0.460853432282004,"ENSG00000187902.11"
"ENSG00000187957.8",0.792596119966424,"ENSG00000187957.8"
"ENSG00000188000.5",-0.244290492116579,"ENSG00000188000.5"
"ENSG00000188010.14",0.44510453507075,"ENSG00000188010.14"
"ENSG00000188051.7",0.0959752321981424,"ENSG00000188051.7"
"ENSG00000188338.15",0.340979570590357,"ENSG00000188338.15"
"ENSG00000188385.12",0.662918985776129,"ENSG00000188385.12"
"ENSG00000188517.16",0.53025641025641,"ENSG00000188517.16"
"ENSG00000188580.15",0.739789196310935,"ENSG00000188580.15"
"ENSG00000188582.10",0.79463459759482,"ENSG00000188582.10"
"ENSG00000188730.5",0.219889669542472,"ENSG00000188730.5"
"ENSG00000188766.12",0.615740474059227,"ENSG00000188766.12"
"ENSG00000188803.15",0.372857838364167,"ENSG00000188803.15"
"ENSG00000188897.9",-0.209189009991793,"ENSG00000188897.9"
"ENSG00000189164.15",0.723645320197044,"ENSG00000189164.15"
"ENSG00000189190.10",0.8,"ENSG00000189190.10"
"ENSG00000189227.6",0.159649122807018,"ENSG00000189227.6"
"ENSG00000189410.12",0.116356381852866,"ENSG00000189410.12"
"ENSG00000196104.11",0.811536264991433,"ENSG00000196104.11"
"ENSG00000196182.11",-0.0604395604395604,"ENSG00000196182.11"
"ENSG00000196227.11",0.396807033590807,"ENSG00000196227.11"
"ENSG00000196267.12",-0.321220366616424,"ENSG00000196267.12"
"ENSG00000196338.13",0.900681658423676,"ENSG00000196338.13"
"ENSG00000196345.13",-0.00293255131964809,"ENSG00000196345.13"
"ENSG00000196357.12",0.104047692924121,"ENSG00000196357.12"
"ENSG00000196358.11",0.374603429836662,"ENSG00000196358.11"
"ENSG00000196361.10",0.875123361736333,"ENSG00000196361.10"
"ENSG00000196376.11",0.493705150956456,"ENSG00000196376.11"
"ENSG00000196422.11",-0.100522167892826,"ENSG00000196422.11"
"ENSG00000196431.4",0.0397514558740423,"ENSG00000196431.4"
"ENSG00000196557.13",0.097049963397751,"ENSG00000196557.13"
"ENSG00000196639.6",0.770790388805476,"ENSG00000196639.6"
"ENSG00000196652.11",-0.693528693528694,"ENSG00000196652.11"
"ENSG00000196653.12",-0.288712422007941,"ENSG00000196653.12"
"ENSG00000196990.9",0.506965510169549,"ENSG00000196990.9"
"ENSG00000197106.7",0.773790970933828,"ENSG00000197106.7"
"ENSG00000197177.15",0.535029483705352,"ENSG00000197177.15"
"ENSG00000197283.17",-0.0160362655897079,"ENSG00000197283.17"
"ENSG00000197430.11",0.593732429746288,"ENSG00000197430.11"
"ENSG00000197479.7",-0.235247524752475,"ENSG00000197479.7"
"ENSG00000197619.14",0.172161172161172,"ENSG00000197619.14"
"ENSG00000197696.10",0.685053573807032,"ENSG00000197696.10"
"ENSG00000197841.15",0.245184263918421,"ENSG00000197841.15"
"ENSG00000198216.12",0.55675668990978,"ENSG00000198216.12"
"ENSG00000198223.16",0.149331225680934,"ENSG00000198223.16"
"ENSG00000198393.8",-0.548742154003504,"ENSG00000198393.8"
"ENSG00000198556.14",0.275789621798247,"ENSG00000198556.14"
"ENSG00000198576.4",0.505961715003975,"ENSG00000198576.4"
"ENSG00000198597.9",-0.561390812842693,"ENSG00000198597.9"
"ENSG00000198598.6",0.530529953917051,"ENSG00000198598.6"
"ENSG00000198673.10",0.341872511576283,"ENSG00000198673.10"
"ENSG00000198719.9",0.513403380213669,"ENSG00000198719.9"
"ENSG00000198739.11",0.601288191988626,"ENSG00000198739.11"
"ENSG00000198756.12",0.8435362997351,"ENSG00000198756.12"
"ENSG00000198797.7",0.586739998317796,"ENSG00000198797.7"
"ENSG00000198822.10",0.679752628324057,"ENSG00000198822.10"
"ENSG00000198835.4",0.7119012553475,"ENSG00000198835.4"
"ENSG00000198885.9",0.619047619047619,"ENSG00000198885.9"
"ENSG00000203772.7",-0.209494324045408,"ENSG00000203772.7"
"ENSG00000203778.8",0.491445403401382,"ENSG00000203778.8"
"ENSG00000203805.11",0.602574002574003,"ENSG00000203805.11"
"ENSG00000203883.7",0.429638166706472,"ENSG00000203883.7"
"ENSG00000204052.4",0.202048473528029,"ENSG00000204052.4"
"ENSG00000204099.11",0.728646315140302,"ENSG00000204099.11"
"ENSG00000204314.12",0.334521751769539,"ENSG00000204314.12"
"ENSG00000204347.4",0.663574520717378,"ENSG00000204347.4"
"ENSG00000204396.11",-0.040760651235764,"ENSG00000204396.11"
"ENSG00000204681.11",0.666674912542183,"ENSG00000204681.11"
"ENSG00000204920.11",0.0553226990397292,"ENSG00000204920.11"
"ENSG00000205090.9",0.469578753714798,"ENSG00000205090.9"
"ENSG00000205116.3",0.639176420355108,"ENSG00000205116.3"
"ENSG00000205129.8",0.483957219251337,"ENSG00000205129.8"
"ENSG00000205213.14",0.504105025229476,"ENSG00000205213.14"
"ENSG00000205309.14",0.395604395604396,"ENSG00000205309.14"
"ENSG00000205927.5",0.897279145407173,"ENSG00000205927.5"
"ENSG00000206579.9",0.467993859302887,"ENSG00000206579.9"
"ENSG00000211766.1",NA,"ENSG00000211766.1"
"ENSG00000213023.11",0.531873840445269,"ENSG00000213023.11"
"ENSG00000213420.8",0.631768433179724,"ENSG00000213420.8"
"ENSG00000213578.6",0.594995061419358,"ENSG00000213578.6"
"ENSG00000214212.9",0.116995206756778,"ENSG00000214212.9"
"ENSG00000214688.6",0.703296703296703,"ENSG00000214688.6"
"ENSG00000214897.5",0.653213497769067,"ENSG00000214897.5"
"ENSG00000215183.5",0.639344670905578,"ENSG00000215183.5"
"ENSG00000215712.11",0.366476706253194,"ENSG00000215712.11"
"ENSG00000219438.9",0.845225346786542,"ENSG00000219438.9"
"ENSG00000221946.8",0.332401579003521,"ENSG00000221946.8"
"ENSG00000223802.7",0.864098145618104,"ENSG00000223802.7"
"ENSG00000224982.4",0.358234519104084,"ENSG00000224982.4"
"ENSG00000225110.3",0.40944169723,"ENSG00000225110.3"
"ENSG00000230778.1",0.648767682647247,"ENSG00000230778.1"
"ENSG00000231767.4",-0.372132424035895,"ENSG00000231767.4"
"ENSG00000234224.3",0.838924623592439,"ENSG00000234224.3"
"ENSG00000235453.10",0.13438194759576,"ENSG00000235453.10"
"ENSG00000236279.7",0.523692031927206,"ENSG00000236279.7"
"ENSG00000236761.6",-0.223942208462332,"ENSG00000236761.6"
"ENSG00000237515.9",0.348444188638904,"ENSG00000237515.9"
"ENSG00000237651.6",-0.156140350877193,"ENSG00000237651.6"
"ENSG00000239998.6",0.478079745700842,"ENSG00000239998.6"
"ENSG00000240021.10",0.0839904317994747,"ENSG00000240021.10"
"ENSG00000241404.7",0.593005420751284,"ENSG00000241404.7"
"ENSG00000241563.4",-0.281733746130031,"ENSG00000241563.4"
"ENSG00000241697.5",0.658119658119658,"ENSG00000241697.5"
"ENSG00000242173.10",0.217750257997936,"ENSG00000242173.10"
"ENSG00000242419.5",0.186735277301315,"ENSG00000242419.5"
"ENSG00000243449.6",0.252136752136752,"ENSG00000243449.6"
"ENSG00000243710.7",0.447333073503014,"ENSG00000243710.7"
"ENSG00000243910.8",-0.334289418248008,"ENSG00000243910.8"
"ENSG00000247746.4",0.346753246753247,"ENSG00000247746.4"
"ENSG00000248487.9",0.552865827181937,"ENSG00000248487.9"
"ENSG00000249992.2",0.129096054348513,"ENSG00000249992.2"
"ENSG00000250067.12",0.142320590207914,"ENSG00000250067.12"
"ENSG00000250305.9",0.34984520123839,"ENSG00000250305.9"
"ENSG00000250510.8",0.719894598155468,"ENSG00000250510.8"
"ENSG00000253159.3",0.721602787456446,"ENSG00000253159.3"
"ENSG00000253797.2",0.297044262893002,"ENSG00000253797.2"
"ENSG00000253910.2",0.727789691598997,"ENSG00000253910.2"
"ENSG00000254221.2",0.564353993216158,"ENSG00000254221.2"
"ENSG00000254245.3",-0.720588235294118,"ENSG00000254245.3"
"ENSG00000255835.1",-0.328856985449563,"ENSG00000255835.1"
"ENSG00000256463.8",0.32043852907537,"ENSG00000256463.8"
"ENSG00000257704.4",0.598901098901099,"ENSG00000257704.4"
"ENSG00000258227.7",0.599122948680223,"ENSG00000258227.7"
"ENSG00000260230.3",0.606496699155654,"ENSG00000260230.3"
"ENSG00000260903.3",-0.00722394220846233,"ENSG00000260903.3"
"ENSG00000261115.6",0.38582365999881,"ENSG00000261115.6"
"ENSG00000261594.4",0.306501547987616,"ENSG00000261594.4"
"ENSG00000261934.2",0.398942616945839,"ENSG00000261934.2"
"ENSG00000262484.1",0.69453044375645,"ENSG00000262484.1"
"ENSG00000267120.3",-0.0229059829059829,"ENSG00000267120.3"
"ENSG00000269743.3",0.510803802938634,"ENSG00000269743.3"
"ENSG00000272031.3",0.304325636909907,"ENSG00000272031.3"
"ENSG00000272636.4",0.553113553113553,"ENSG00000272636.4"
"ENSG00000273079.5",0.484743163217824,"ENSG00000273079.5"
"ENSG00000274211.6",0.129478630095593,"ENSG00000274211.6"
"ENSG00000274286.2",0.0809113642678522,"ENSG00000274286.2"
"ENSG00000274588.2",0.614705882352941,"ENSG00000274588.2"
"ENSG00000277161.2",0.0180016302176508,"ENSG00000277161.2"
"ENSG00000277531.2",0.632526426328858,"ENSG00000277531.2"
"ENSG00000278023.7",-0.112648221343874,"ENSG00000278023.7"
"ENSG00000282881.2",0.45135265328245,"ENSG00000282881.2"
"ENSG00000284479.1",0.265952335243938,"ENSG00000284479.1"
"ENSG00000284862.3",0.22353921531168,"ENSG00000284862.3"
"ENSG00000286264.1",-0.168498168498168,"ENSG00000286264.1"
"ENSG00000006459.11",-0.0142548581167059,"ENSG00000006459.11"
"ENSG00000007312.13",0.0173387096774194,"ENSG00000007312.13"
"ENSG00000007908.16",0.897058823529412,"ENSG00000007908.16"
"ENSG00000038295.8",-0.388311688311688,"ENSG00000038295.8"
"ENSG00000046774.10",0.370275083609807,"ENSG00000046774.10"
"ENSG00000064195.7",0.738461538461538,"ENSG00000064195.7"
"ENSG00000077238.14",0.426192598620742,"ENSG00000077238.14"
"ENSG00000078900.15",0.606113262358004,"ENSG00000078900.15"
"ENSG00000081248.11",0.736939749949803,"ENSG00000081248.11"
"ENSG00000081791.9",0.0818181818181818,"ENSG00000081791.9"
"ENSG00000083782.8",0.12267719677232,"ENSG00000083782.8"
"ENSG00000091128.13",0.107449451707728,"ENSG00000091128.13"
"ENSG00000092529.25",0.324506023500694,"ENSG00000092529.25"
"ENSG00000094963.14",0.293878967343103,"ENSG00000094963.14"
"ENSG00000095596.12",0.193655198600767,"ENSG00000095596.12"
"ENSG00000100336.17",0.0652492668621701,"ENSG00000100336.17"
"ENSG00000102195.10",0.16241689367524,"ENSG00000102195.10"
"ENSG00000102313.9",0.147727272727273,"ENSG00000102313.9"
"ENSG00000103044.11",0.668919448239781,"ENSG00000103044.11"
"ENSG00000104055.16",0.717743950817901,"ENSG00000104055.16"
"ENSG00000104140.7",0.54945054945055,"ENSG00000104140.7"
"ENSG00000105131.8",0.526490965786083,"ENSG00000105131.8"
"ENSG00000105427.10",0.591049530179965,"ENSG00000105427.10"
"ENSG00000106404.13",0,"ENSG00000106404.13"
"ENSG00000106546.14",0.278705337002776,"ENSG00000106546.14"
"ENSG00000108242.13",0.230118392553753,"ENSG00000108242.13"
"ENSG00000108823.16",0.672481149837655,"ENSG00000108823.16"
"ENSG00000108825.17",0.556372549019608,"ENSG00000108825.17"
"ENSG00000108878.5",0.721333072422867,"ENSG00000108878.5"
"ENSG00000109255.11",0.272727272727273,"ENSG00000109255.11"
"ENSG00000109272.4",0.0657731043148053,"ENSG00000109272.4"
"ENSG00000110680.12",0.403062783402954,"ENSG00000110680.12"
"ENSG00000111215.12",0.39033906568413,"ENSG00000111215.12"
"ENSG00000111405.9",0.748415431347492,"ENSG00000111405.9"
"ENSG00000111452.13",0.725745230951209,"ENSG00000111452.13"
"ENSG00000115008.6",0.63831856044577,"ENSG00000115008.6"
"ENSG00000115138.11",0.664005166672214,"ENSG00000115138.11"
"ENSG00000115488.3",0.00782846530152473,"ENSG00000115488.3"
"ENSG00000116044.16",0.115233093270427,"ENSG00000116044.16"
"ENSG00000116678.20",0.521332989741018,"ENSG00000116678.20"
"ENSG00000118194.20",0.477981661909314,"ENSG00000118194.20"
"ENSG00000122133.17",0.291787114072117,"ENSG00000122133.17"
"ENSG00000122477.12",0.528571428571428,"ENSG00000122477.12"
"ENSG00000123689.6",0.208791208791209,"ENSG00000123689.6"
"ENSG00000124215.17",0.303218520609825,"ENSG00000124215.17"
"ENSG00000124343.13",0.467167097361681,"ENSG00000124343.13"
"ENSG00000124743.6",0.42990348438843,"ENSG00000124743.6"
"ENSG00000125285.6",0.616352201257862,"ENSG00000125285.6"
"ENSG00000125378.16",-0.127505599104143,"ENSG00000125378.16"
"ENSG00000125845.7",-0.0749584346131483,"ENSG00000125845.7"
"ENSG00000125846.15",0.204749827180478,"ENSG00000125846.15"
"ENSG00000125998.8",0.717969314359111,"ENSG00000125998.8"
"ENSG00000128040.11",0.688669950738916,"ENSG00000128040.11"
"ENSG00000129467.13",0.0531524926686217,"ENSG00000129467.13"
"ENSG00000130182.8",0.144469381051249,"ENSG00000130182.8"
"ENSG00000131050.11",-0.104831838344694,"ENSG00000131050.11"
"ENSG00000132514.13",0.329675153643547,"ENSG00000132514.13"
"ENSG00000133055.9",0.618265297190441,"ENSG00000133055.9"
"ENSG00000133454.16",0.614333473494428,"ENSG00000133454.16"
"ENSG00000133661.16",0.840038345227485,"ENSG00000133661.16"
"ENSG00000134323.12",-0.0157598499061914,"ENSG00000134323.12"
"ENSG00000134551.13",0.36024531024531,"ENSG00000134551.13"
"ENSG00000135378.4",0.44972590196823,"ENSG00000135378.4"
"ENSG00000135925.9",0.599077947579612,"ENSG00000135925.9"
"ENSG00000136110.13",-0.0801627054496184,"ENSG00000136110.13"
"ENSG00000136244.12",0.242038760351746,"ENSG00000136244.12"
"ENSG00000136688.11",0.931389790036404,"ENSG00000136688.11"
"ENSG00000136694.9",0.616430005123742,"ENSG00000136694.9"
"ENSG00000136695.15",0.833409863707737,"ENSG00000136695.15"
"ENSG00000136697.13",0.757692307692308,"ENSG00000136697.13"
"ENSG00000136867.11",-0.639846743295019,"ENSG00000136867.11"
"ENSG00000137193.14",0.264307868428104,"ENSG00000137193.14"
"ENSG00000137393.10",0.154545454545455,"ENSG00000137393.10"
"ENSG00000137804.14",0.604524536176383,"ENSG00000137804.14"
"ENSG00000138100.14",0.68833227444041,"ENSG00000138100.14"
"ENSG00000138347.15",0.636583637425015,"ENSG00000138347.15"
"ENSG00000139209.16",0.642857142857143,"ENSG00000139209.16"
"ENSG00000139914.6",0.694230769230769,"ENSG00000139914.6"
"ENSG00000140254.12",0.756921591200766,"ENSG00000140254.12"
"ENSG00000140274.14",0.732754511406197,"ENSG00000140274.14"
"ENSG00000140465.14",0.352697624343758,"ENSG00000140465.14"
"ENSG00000140534.14",-0.174870997094273,"ENSG00000140534.14"
"ENSG00000141161.11",0.357400374575832,"ENSG00000141161.11"
"ENSG00000144045.14",0.332928311096487,"ENSG00000144045.14"
"ENSG00000144815.16",0.516796440489433,"ENSG00000144815.16"
"ENSG00000145014.17",0.596285392447921,"ENSG00000145014.17"
"ENSG00000145283.8",0.182806324110672,"ENSG00000145283.8"
"ENSG00000145736.14",0.241158251167978,"ENSG00000145736.14"
"ENSG00000146054.18",0.622834825436334,"ENSG00000146054.18"
"ENSG00000146285.14",0.0477247502774695,"ENSG00000146285.14"
"ENSG00000146410.12",-0.0232932940495077,"ENSG00000146410.12"
"ENSG00000146857.4",0.346103744602919,"ENSG00000146857.4"
"ENSG00000147689.16",0.78601773015695,"ENSG00000147689.16"
"ENSG00000148985.20",-0.0563300142247511,"ENSG00000148985.20"
"ENSG00000149043.16",0.596774193548387,"ENSG00000149043.16"
"ENSG00000151838.12",-0.0749520311241516,"ENSG00000151838.12"
"ENSG00000153294.12",0.127594627594628,"ENSG00000153294.12"
"ENSG00000153802.12",0.85303200141455,"ENSG00000153802.12"
"ENSG00000154227.13",0.914980468207599,"ENSG00000154227.13"
"ENSG00000154263.17",0.546352583586626,"ENSG00000154263.17"
"ENSG00000154415.8",0.586568041004866,"ENSG00000154415.8"
"ENSG00000156463.18",0.576983435298922,"ENSG00000156463.18"
"ENSG00000156853.13",0.0560180995475113,"ENSG00000156853.13"
"ENSG00000156885.6",0.62352058037763,"ENSG00000156885.6"
"ENSG00000157119.12",0.80798881362676,"ENSG00000157119.12"
"ENSG00000158169.13",-0.526470588235294,"ENSG00000158169.13"
"ENSG00000158571.11",-0.0979020979020979,"ENSG00000158571.11"
"ENSG00000158714.11",0.112484258632696,"ENSG00000158714.11"
"ENSG00000158828.8",0.107843137254902,"ENSG00000158828.8"
"ENSG00000159337.7",0.682088208820882,"ENSG00000159337.7"
"ENSG00000159527.3",0.712068002234815,"ENSG00000159527.3"
"ENSG00000160349.9",0.290217831902054,"ENSG00000160349.9"
"ENSG00000160408.14",0.0604395604395604,"ENSG00000160408.14"
"ENSG00000160856.21",0.0452426980772977,"ENSG00000160856.21"
"ENSG00000160886.13",0.338789922787278,"ENSG00000160886.13"
"ENSG00000160888.7",0.126396871411604,"ENSG00000160888.7"
"ENSG00000162367.11",0.57667964946446,"ENSG00000162367.11"
"ENSG00000162510.6",0.161810877494737,"ENSG00000162510.6"
"ENSG00000162594.16",0.220827770360481,"ENSG00000162594.16"
"ENSG00000162782.16",0.188135872807436,"ENSG00000162782.16"
"ENSG00000163092.21",0.363829949653475,"ENSG00000163092.21"
"ENSG00000163126.15",0.661782661782662,"ENSG00000163126.15"
"ENSG00000163132.8",0.820545637177452,"ENSG00000163132.8"
"ENSG00000163145.12",0.172561476572694,"ENSG00000163145.12"
"ENSG00000163202.5",0.89212511880942,"ENSG00000163202.5"
"ENSG00000163218.15",0.696422569027611,"ENSG00000163218.15"
"ENSG00000163380.16",0.484280304650235,"ENSG00000163380.16"
"ENSG00000163395.17",-0.390843627363843,"ENSG00000163395.17"
"ENSG00000163492.15",0.185284183384963,"ENSG00000163492.15"
"ENSG00000163568.15",0.596110351357038,"ENSG00000163568.15"
"ENSG00000163576.18",0.43450502241299,"ENSG00000163576.18"
"ENSG00000163827.13",0.690074906367041,"ENSG00000163827.13"
"ENSG00000164093.17",0.824561403508772,"ENSG00000164093.17"
"ENSG00000164099.3",0.42280701754386,"ENSG00000164099.3"
"ENSG00000164185.6",0.618200052296262,"ENSG00000164185.6"
"ENSG00000164265.9",0.800313212693735,"ENSG00000164265.9"
"ENSG00000165474.8",0.888226052284183,"ENSG00000165474.8"
"ENSG00000165799.5",0.833160316755303,"ENSG00000165799.5"
"ENSG00000165996.14",0.252592804788893,"ENSG00000165996.14"
"ENSG00000166012.17",0.120923978851004,"ENSG00000166012.17"
"ENSG00000166073.11",-0.160839160839161,"ENSG00000166073.11"
"ENSG00000166432.15",0.723426212590299,"ENSG00000166432.15"
"ENSG00000166634.6",0.61530744801752,"ENSG00000166634.6"
"ENSG00000167664.8",0.409090909090909,"ENSG00000167664.8"
"ENSG00000168484.12",0.763424910506235,"ENSG00000168484.12"
"ENSG00000168491.10",0.34006968641115,"ENSG00000168491.10"
"ENSG00000168528.12",-0.154128287432038,"ENSG00000168528.12"
"ENSG00000168671.10",0.381818181818182,"ENSG00000168671.10"
"ENSG00000168703.5",0.805564401758362,"ENSG00000168703.5"
"ENSG00000168769.13",0.13955412500426,"ENSG00000168769.13"
"ENSG00000168878.19",0.902569703698498,"ENSG00000168878.19"
"ENSG00000168904.15",0.245212824160193,"ENSG00000168904.15"
"ENSG00000169271.3",0.620904353002415,"ENSG00000169271.3"
"ENSG00000169495.5",0.496103896103896,"ENSG00000169495.5"
"ENSG00000169509.6",0.711300976488038,"ENSG00000169509.6"
"ENSG00000169594.13",0.720295108590714,"ENSG00000169594.13"
"ENSG00000169884.14",0.259175607001694,"ENSG00000169884.14"
"ENSG00000170417.16",0.527867891342584,"ENSG00000170417.16"
"ENSG00000170426.2",0.892482619498705,"ENSG00000170426.2"
"ENSG00000170465.10",0.92057539648275,"ENSG00000170465.10"
"ENSG00000170486.11",0.0261442939770396,"ENSG00000170486.11"
"ENSG00000170807.12",0.758066857674324,"ENSG00000170807.12"
"ENSG00000171195.11",0.421787767892128,"ENSG00000171195.11"
"ENSG00000171201.11",0.0557106657679944,"ENSG00000171201.11"
"ENSG00000171495.17",-0.271104224437811,"ENSG00000171495.17"
"ENSG00000172382.10",0.655510824004803,"ENSG00000172382.10"
"ENSG00000172548.14",0.818181818181818,"ENSG00000172548.14"
"ENSG00000172818.10",0.659313725490196,"ENSG00000172818.10"
"ENSG00000173698.18",0.135593344861762,"ENSG00000173698.18"
"ENSG00000173875.14",0.0670794633642931,"ENSG00000173875.14"
"ENSG00000174951.11",0.132290184921764,"ENSG00000174951.11"
"ENSG00000175065.12",-0.165977336317662,"ENSG00000175065.12"
"ENSG00000175121.11",0.851231527093596,"ENSG00000175121.11"
"ENSG00000175984.15",0.684324803174009,"ENSG00000175984.15"
"ENSG00000176597.12",0.525921610539122,"ENSG00000176597.12"
"ENSG00000176601.13",-0.00494071146245059,"ENSG00000176601.13"
"ENSG00000176920.13",0.266722747162294,"ENSG00000176920.13"
"ENSG00000177354.12",0.681932802997175,"ENSG00000177354.12"
"ENSG00000177453.7",0.092742551566081,"ENSG00000177453.7"
"ENSG00000178172.7",0.666431698994735,"ENSG00000178172.7"
"ENSG00000178338.11",0.227272727272727,"ENSG00000178338.11"
"ENSG00000178597.7",0.17396343032151,"ENSG00000178597.7"
"ENSG00000178919.9",0.748802600409118,"ENSG00000178919.9"
"ENSG00000179477.11",0.426506942983379,"ENSG00000179477.11"
"ENSG00000180871.8",0.484259661311333,"ENSG00000180871.8"
"ENSG00000180884.10",-0.215365405160133,"ENSG00000180884.10"
"ENSG00000181333.12",0.907737558765729,"ENSG00000181333.12"
"ENSG00000181626.12",-0.24640965841944,"ENSG00000181626.12"
"ENSG00000182261.4",0.678765880217786,"ENSG00000182261.4"
"ENSG00000182378.14",-0.0824175824175824,"ENSG00000182378.14"
"ENSG00000182533.7",0.652645407100612,"ENSG00000182533.7"
"ENSG00000182566.13",0.186145474298412,"ENSG00000182566.13"
"ENSG00000182676.5",0.612476544956781,"ENSG00000182676.5"
"ENSG00000182747.5",0.667104681107074,"ENSG00000182747.5"
"ENSG00000182782.8",0.284292144098234,"ENSG00000182782.8"
"ENSG00000182898.4",0.517861178516686,"ENSG00000182898.4"
"ENSG00000183734.4",0.242857142857143,"ENSG00000183734.4"
"ENSG00000183760.11",0.806342494714588,"ENSG00000183760.11"
"ENSG00000184148.4",0.905669245397785,"ENSG00000184148.4"
"ENSG00000184163.3",0.509090909090909,"ENSG00000184163.3"
"ENSG00000184260.6",0.190909090909091,"ENSG00000184260.6"
"ENSG00000184378.3",-0.00909090909090909,"ENSG00000184378.3"
"ENSG00000184471.8",-0.330289129537908,"ENSG00000184471.8"
"ENSG00000184530.9",0.309196666140045,"ENSG00000184530.9"
"ENSG00000184544.11",0.710824953597896,"ENSG00000184544.11"
"ENSG00000184838.15",0.427823613086771,"ENSG00000184838.15"
"ENSG00000185303.17",0.642815249268368,"ENSG00000185303.17"
"ENSG00000185313.8",-0.312058360737169,"ENSG00000185313.8"
"ENSG00000185437.13",0.263025210084034,"ENSG00000185437.13"
"ENSG00000185873.8",0.585583381934645,"ENSG00000185873.8"
"ENSG00000185962.1",0.723098737040052,"ENSG00000185962.1"
"ENSG00000185966.4",0.896149534664816,"ENSG00000185966.4"
"ENSG00000186265.10",0.378838014621008,"ENSG00000186265.10"
"ENSG00000186567.13",0.728269633930011,"ENSG00000186567.13"
"ENSG00000186628.12",0.101538461538462,"ENSG00000186628.12"
"ENSG00000186792.17",-0.0175150519978106,"ENSG00000186792.17"
"ENSG00000186806.5",0.697310997410698,"ENSG00000186806.5"
"ENSG00000187054.15",0.609024285268304,"ENSG00000187054.15"
"ENSG00000187550.9",-0.00908927627271833,"ENSG00000187550.9"
"ENSG00000187642.9",0.174089068825911,"ENSG00000187642.9"
"ENSG00000187775.17",0.27127872281522,"ENSG00000187775.17"
"ENSG00000187792.5",0.177703385582977,"ENSG00000187792.5"
"ENSG00000188037.12",0.181818181818182,"ENSG00000188037.12"
"ENSG00000188089.13",0.873350303704119,"ENSG00000188089.13"
"ENSG00000188542.10",-0.467868078033418,"ENSG00000188542.10"
"ENSG00000188624.3",-0.0021978021978022,"ENSG00000188624.3"
"ENSG00000188910.8",0.0921023791235141,"ENSG00000188910.8"
"ENSG00000189280.3",-0.126849894291755,"ENSG00000189280.3"
"ENSG00000189377.9",0.737357065549757,"ENSG00000189377.9"
"ENSG00000196092.14",-0.198790322580645,"ENSG00000196092.14"
"ENSG00000196218.13",0.544535274756983,"ENSG00000196218.13"
"ENSG00000196344.11",0.863042629631986,"ENSG00000196344.11"
"ENSG00000196407.12",0.873326882760845,"ENSG00000196407.12"
"ENSG00000196584.3",0.540337711069419,"ENSG00000196584.3"
"ENSG00000197172.10",0.687396638858599,"ENSG00000197172.10"
"ENSG00000197191.6",0.797025676774718,"ENSG00000197191.6"
"ENSG00000197353.4",0.689812429385336,"ENSG00000197353.4"
"ENSG00000197410.14",-0.0291456464065846,"ENSG00000197410.14"
"ENSG00000197616.12",0.633393654567828,"ENSG00000197616.12"
"ENSG00000197870.12",0.160357310689517,"ENSG00000197870.12"
"ENSG00000198183.12",0.680617723660231,"ENSG00000198183.12"
"ENSG00000198523.6",-0.0683760683760684,"ENSG00000198523.6"
"ENSG00000198883.12",0.301252855329775,"ENSG00000198883.12"
"ENSG00000203782.6",0.643613162875649,"ENSG00000203782.6"
"ENSG00000203786.6",0.473394015284265,"ENSG00000203786.6"
"ENSG00000204010.3",0.21400172759626,"ENSG00000204010.3"
"ENSG00000204421.3",0.513009147685576,"ENSG00000204421.3"
"ENSG00000204544.5",-0.0459481761256364,"ENSG00000204544.5"
"ENSG00000204611.7",-0.00521073628981213,"ENSG00000204611.7"
"ENSG00000204839.9",0.447342131552658,"ENSG00000204839.9"
"ENSG00000205777.17",0.558563062198764,"ENSG00000205777.17"
"ENSG00000206072.12",-0.0928571428571428,"ENSG00000206072.12"
"ENSG00000211972.2",0.248237896894121,"ENSG00000211972.2"
"ENSG00000213462.5",0.16421568627451,"ENSG00000213462.5"
"ENSG00000213859.6",0.696078431372549,"ENSG00000213859.6"
"ENSG00000214021.16",-0.120879120879121,"ENSG00000214021.16"
"ENSG00000214711.10",0.281864373656439,"ENSG00000214711.10"
"ENSG00000214860.5",-0.0273448773448773,"ENSG00000214860.5"
"ENSG00000215375.6",0.0771284271284271,"ENSG00000215375.6"
"ENSG00000215695.1",0.105695433514509,"ENSG00000215695.1"
"ENSG00000215853.3",0.730516153715366,"ENSG00000215853.3"
"ENSG00000216921.8",0.389903003074078,"ENSG00000216921.8"
"ENSG00000221867.9",0.580667525629951,"ENSG00000221867.9"
"ENSG00000226321.5",0.536696993927235,"ENSG00000226321.5"
"ENSG00000230657.8",0.259649122807018,"ENSG00000230657.8"
"ENSG00000235942.3",0.512584536257878,"ENSG00000235942.3"
"ENSG00000237330.3",0.21265306122449,"ENSG00000237330.3"
"ENSG00000240720.8",0.0333817126269956,"ENSG00000240720.8"
"ENSG00000242534.2",0.414414414414414,"ENSG00000242534.2"
"ENSG00000243284.1",0.578147042864894,"ENSG00000243284.1"
"ENSG00000244094.2",0.837581110864902,"ENSG00000244094.2"
"ENSG00000248713.1",0.197795960446825,"ENSG00000248713.1"
"ENSG00000251655.6",-0.136410256410256,"ENSG00000251655.6"
"ENSG00000256100.1",-0.0836925290077507,"ENSG00000256100.1"
"ENSG00000256812.2",0.886731822841048,"ENSG00000256812.2"
"ENSG00000256980.5",0.773089847515516,"ENSG00000256980.5"
"ENSG00000265107.3",0.601263395232056,"ENSG00000265107.3"
"ENSG00000268104.3",0.65959797265515,"ENSG00000268104.3"
"ENSG00000273540.4",0.397097020626432,"ENSG00000273540.4"
"ENSG00000275993.3",0.31610330126492,"ENSG00000275993.3"
"ENSG00000283227.1",0.860781185456964,"ENSG00000283227.1"
"ENSG00000283329.1",0.195139566269384,"ENSG00000283329.1"
"ENSG00000283787.1",0.507180870452723,"ENSG00000283787.1"
"ENSG00000007038.11",0.662234804897188,"ENSG00000007038.11"
"ENSG00000010626.15",0.492016822995036,"ENSG00000010626.15"
"ENSG00000031003.10",0.599004048143831,"ENSG00000031003.10"
"ENSG00000034239.11",0.586471702082895,"ENSG00000034239.11"
"ENSG00000043355.12",0.236239316239316,"ENSG00000043355.12"
"ENSG00000043591.6",0.458646616541353,"ENSG00000043591.6"
"ENSG00000050730.16",0.52092777129596,"ENSG00000050730.16"
"ENSG00000055732.13",0.52,"ENSG00000055732.13"
"ENSG00000059728.11",0.302639603901238,"ENSG00000059728.11"
"ENSG00000061455.11",0.273499478128951,"ENSG00000061455.11"
"ENSG00000072422.17",0.459196061938013,"ENSG00000072422.17"
"ENSG00000077327.16",0.573134304784237,"ENSG00000077327.16"
"ENSG00000078401.7",0.551540616246499,"ENSG00000078401.7"
"ENSG00000080572.13",0.58421052631579,"ENSG00000080572.13"
"ENSG00000081041.9",0.0202355783751133,"ENSG00000081041.9"
"ENSG00000081853.15",0.117647058823529,"ENSG00000081853.15"
"ENSG00000089012.14",0.525641025641026,"ENSG00000089012.14"
"ENSG00000089101.19",-0.045697437027678,"ENSG00000089101.19"
"ENSG00000089225.20",0.546567880123647,"ENSG00000089225.20"
"ENSG00000092850.12",-0.00625434907764641,"ENSG00000092850.12"
"ENSG00000100060.18",0.292398327158858,"ENSG00000100060.18"
"ENSG00000100218.12",-0.0312978554206206,"ENSG00000100218.12"
"ENSG00000100647.8",0.189075695978449,"ENSG00000100647.8"
"ENSG00000101115.13",-0.144117647058824,"ENSG00000101115.13"
"ENSG00000101222.12",0.0933498379656994,"ENSG00000101222.12"
"ENSG00000101282.9",0.264285714285714,"ENSG00000101282.9"
"ENSG00000101331.17",0.137535798583792,"ENSG00000101331.17"
"ENSG00000101842.13",0.777265564328629,"ENSG00000101842.13"
"ENSG00000102043.16",0.804817841334695,"ENSG00000102043.16"
"ENSG00000102802.10",0.172727272727273,"ENSG00000102802.10"
"ENSG00000102970.11",0.769230769230769,"ENSG00000102970.11"
"ENSG00000103021.9",0.52807486631016,"ENSG00000103021.9"
"ENSG00000104043.15",0.521428571428571,"ENSG00000104043.15"
"ENSG00000104237.11",0.347480379496402,"ENSG00000104237.11"
"ENSG00000105352.10",0.203571428571429,"ENSG00000105352.10"
"ENSG00000105371.10",0.23115137346581,"ENSG00000105371.10"
"ENSG00000105479.16",0.380533823679249,"ENSG00000105479.16"
"ENSG00000105492.16",0.577487502015804,"ENSG00000105492.16"
"ENSG00000105708.9",0.205054062807834,"ENSG00000105708.9"
"ENSG00000105877.18",0.308912834696688,"ENSG00000105877.18"
"ENSG00000106410.15",0.543930500717132,"ENSG00000106410.15"
"ENSG00000106631.8",0.0453524164378755,"ENSG00000106631.8"
"ENSG00000109511.12",0.885416333042137,"ENSG00000109511.12"
"ENSG00000109881.17",-0.349206349206349,"ENSG00000109881.17"
"ENSG00000111319.13",0.383964896719767,"ENSG00000111319.13"
"ENSG00000111412.6",0.066109042813778,"ENSG00000111412.6"
"ENSG00000111729.14",0.574575725176626,"ENSG00000111729.14"
"ENSG00000111846.18",0.545427101610348,"ENSG00000111846.18"
"ENSG00000112175.8",0.500513602896461,"ENSG00000112175.8"
"ENSG00000113369.9",-0.0712998712998713,"ENSG00000113369.9"
"ENSG00000114841.17",-0.0570215459324376,"ENSG00000114841.17"
"ENSG00000117215.15",0.589360045752713,"ENSG00000117215.15"
"ENSG00000117477.12",0.553992003320177,"ENSG00000117477.12"
"ENSG00000118690.13",0.584771018455229,"ENSG00000118690.13"
"ENSG00000118997.14",-0.280917925144672,"ENSG00000118997.14"
"ENSG00000119714.11",0.354743083003953,"ENSG00000119714.11"
"ENSG00000120051.15",0.243321594582688,"ENSG00000120051.15"
"ENSG00000120057.5",0.497148402326084,"ENSG00000120057.5"
"ENSG00000120068.7",0.802434467207727,"ENSG00000120068.7"
"ENSG00000121075.11",0.570725866059045,"ENSG00000121075.11"
"ENSG00000122223.13",0.275,"ENSG00000122223.13"
"ENSG00000122735.16",0.711162063852067,"ENSG00000122735.16"
"ENSG00000122852.15",0.563786453154991,"ENSG00000122852.15"
"ENSG00000124875.10",0.507354575792348,"ENSG00000124875.10"
"ENSG00000125384.7",0.263736263736264,"ENSG00000125384.7"
"ENSG00000125571.9",0.71823494070709,"ENSG00000125571.9"
"ENSG00000125657.5",0.75,"ENSG00000125657.5"
"ENSG00000127472.11",0.422451379059246,"ENSG00000127472.11"
"ENSG00000128165.9",0.372173913043478,"ENSG00000128165.9"
"ENSG00000128714.6",0.184818593685834,"ENSG00000128714.6"
"ENSG00000130023.16",-0.220022246941046,"ENSG00000130023.16"
"ENSG00000130363.12",0.443506465231407,"ENSG00000130363.12"
"ENSG00000130943.7",0.0652173913043478,"ENSG00000130943.7"
"ENSG00000131097.7",0.423645320197044,"ENSG00000131097.7"
"ENSG00000131634.14",-0.0523166360868989,"ENSG00000131634.14"
"ENSG00000133665.13",0.661873998819377,"ENSG00000133665.13"
"ENSG00000133742.13",0.618771165940977,"ENSG00000133742.13"
"ENSG00000134470.21",0.317645698427382,"ENSG00000134470.21"
"ENSG00000134917.10",0.287639053204238,"ENSG00000134917.10"
"ENSG00000135074.16",0.182113732065703,"ENSG00000135074.16"
"ENSG00000135205.15",-0.240196078431373,"ENSG00000135205.15"
"ENSG00000135951.16",0.232373574963406,"ENSG00000135951.16"
"ENSG00000135960.10",0.043205574912892,"ENSG00000135960.10"
"ENSG00000136048.14",0.716664641405071,"ENSG00000136048.14"
"ENSG00000136122.18",0.186086956521739,"ENSG00000136122.18"
"ENSG00000136352.18",0.931945381976892,"ENSG00000136352.18"
"ENSG00000136630.13",0.555324006585928,"ENSG00000136630.13"
"ENSG00000136840.19",0.23736058071146,"ENSG00000136840.19"
"ENSG00000137090.12",0.279428111882154,"ENSG00000137090.12"
"ENSG00000137098.14",0.204715658448328,"ENSG00000137098.14"
"ENSG00000137273.6",0.337606837606838,"ENSG00000137273.6"
"ENSG00000137494.14",-0.489479912702147,"ENSG00000137494.14"
"ENSG00000137672.13",0.563271381556487,"ENSG00000137672.13"
"ENSG00000137691.13",0.660364010547302,"ENSG00000137691.13"
"ENSG00000137948.18",0.490164630407095,"ENSG00000137948.18"
"ENSG00000138670.17",-0.132369299221357,"ENSG00000138670.17"
"ENSG00000140459.18",0.409694956206584,"ENSG00000140459.18"
"ENSG00000140961.14",0.770782269555996,"ENSG00000140961.14"
"ENSG00000140987.20",0.0956349901318257,"ENSG00000140987.20"
"ENSG00000141096.6",0.48863088712847,"ENSG00000141096.6"
"ENSG00000142065.14",0.283116883116883,"ENSG00000142065.14"
"ENSG00000142528.16",0.404511278195489,"ENSG00000142528.16"
"ENSG00000142621.19",0.378716099045714,"ENSG00000142621.19"
"ENSG00000144681.10",0.434065934065934,"ENSG00000144681.10"
"ENSG00000145244.12",0.606227106227106,"ENSG00000145244.12"
"ENSG00000146373.16",0.613047608513494,"ENSG00000146373.16"
"ENSG00000146530.14",-0.044614543751693,"ENSG00000146530.14"
"ENSG00000147535.17",0.355166572557877,"ENSG00000147535.17"
"ENSG00000149534.9",-0.0194871794871795,"ENSG00000149534.9"
"ENSG00000150873.12",0.048951048951049,"ENSG00000150873.12"
"ENSG00000152611.12",0.581174773842941,"ENSG00000152611.12"
"ENSG00000152804.11",0.645256592625014,"ENSG00000152804.11"
"ENSG00000153162.9",0.567380042305451,"ENSG00000153162.9"
"ENSG00000153993.13",0.405434289565632,"ENSG00000153993.13"
"ENSG00000154188.10",0.470680925563723,"ENSG00000154188.10"
"ENSG00000154258.17",-0.125728373565092,"ENSG00000154258.17"
"ENSG00000154518.9",-0.156840934371524,"ENSG00000154518.9"
"ENSG00000155085.15",0.0709065816150168,"ENSG00000155085.15"
"ENSG00000156009.10",0.0135706340378198,"ENSG00000156009.10"
"ENSG00000156042.18",0.0956422184304646,"ENSG00000156042.18"
"ENSG00000157330.10",0.423382867132867,"ENSG00000157330.10"
"ENSG00000157734.14",0.238345442924853,"ENSG00000157734.14"
"ENSG00000158023.10",0.504383186787811,"ENSG00000158023.10"
"ENSG00000158163.15",-0.120363785935646,"ENSG00000158163.15"
"ENSG00000158220.14",-0.0588649161117903,"ENSG00000158220.14"
"ENSG00000158806.14",0.439029507410571,"ENSG00000158806.14"
"ENSG00000159433.12",-0.653281853281853,"ENSG00000159433.12"
"ENSG00000159625.15",0.34849636509797,"ENSG00000159625.15"
"ENSG00000160111.13",0.632676980778247,"ENSG00000160111.13"
"ENSG00000160345.13",0.39645979020979,"ENSG00000160345.13"
"ENSG00000160838.14",0.150093808630394,"ENSG00000160838.14"
"ENSG00000161649.13",0.462901052627252,"ENSG00000161649.13"
"ENSG00000162004.17",0.525370036439276,"ENSG00000162004.17"
"ENSG00000162148.11",0.11757146084599,"ENSG00000162148.11"
"ENSG00000162344.4",0.448504702689348,"ENSG00000162344.4"
"ENSG00000162643.13",-0.166884779516358,"ENSG00000162643.13"
"ENSG00000162722.9",0.0172522020856535,"ENSG00000162722.9"
"ENSG00000163060.8",0.165462517613723,"ENSG00000163060.8"
"ENSG00000163235.16",0.562466002043758,"ENSG00000163235.16"
"ENSG00000163283.7",0.799908573399337,"ENSG00000163283.7"
"ENSG00000163393.13",0.392712550607287,"ENSG00000163393.13"
"ENSG00000163659.13",-0.119298245614035,"ENSG00000163659.13"
"ENSG00000163734.4",0.439426834563613,"ENSG00000163734.4"
"ENSG00000163785.12",-0.102648786080159,"ENSG00000163785.12"
"ENSG00000164122.9",0.140527090229527,"ENSG00000164122.9"
"ENSG00000164488.12",0.533282310755797,"ENSG00000164488.12"
"ENSG00000164938.14",0.469249509005551,"ENSG00000164938.14"
"ENSG00000165046.12",0.481818181818182,"ENSG00000165046.12"
"ENSG00000165197.5",0.424796201683039,"ENSG00000165197.5"
"ENSG00000165309.14",0.538094259183845,"ENSG00000165309.14"
"ENSG00000165462.5",0.725490196078431,"ENSG00000165462.5"
"ENSG00000165646.14",0.542503406255807,"ENSG00000165646.14"
"ENSG00000165695.10",0.0426175701318016,"ENSG00000165695.10"
"ENSG00000165698.16",0.11503436129073,"ENSG00000165698.16"
"ENSG00000166261.11",0.230769230769231,"ENSG00000166261.11"
"ENSG00000166347.19",-0.190115803752095,"ENSG00000166347.19"
"ENSG00000166523.8",0.316867873910127,"ENSG00000166523.8"
"ENSG00000167261.14",0.27296435255427,"ENSG00000167261.14"
"ENSG00000167858.13",0.322096257967258,"ENSG00000167858.13"
"ENSG00000168062.10",0.78021978021978,"ENSG00000168062.10"
"ENSG00000168389.18",0.339285714285714,"ENSG00000168389.18"
"ENSG00000168589.15",0.141066326740131,"ENSG00000168589.15"
"ENSG00000168646.13",0.62946779950991,"ENSG00000168646.13"
"ENSG00000168843.14",-0.0322051002998827,"ENSG00000168843.14"
"ENSG00000169064.12",0.310089598753409,"ENSG00000169064.12"
"ENSG00000169126.16",0.330140246480862,"ENSG00000169126.16"
"ENSG00000169218.14",0.60122083559414,"ENSG00000169218.14"
"ENSG00000169989.3",0.0817855155660497,"ENSG00000169989.3"
"ENSG00000170485.17",0.557101471777767,"ENSG00000170485.17"
"ENSG00000170522.9",0.169479001162358,"ENSG00000170522.9"
"ENSG00000170689.10",0.752941176470588,"ENSG00000170689.10"
"ENSG00000170925.3",0.0247797313891676,"ENSG00000170925.3"
"ENSG00000171056.8",0.824175824175824,"ENSG00000171056.8"
"ENSG00000171388.12",0.260204980987636,"ENSG00000171388.12"
"ENSG00000171462.15",0.295872420262664,"ENSG00000171462.15"
"ENSG00000171522.6",0.198496240601504,"ENSG00000171522.6"
"ENSG00000171595.14",0.187284754885273,"ENSG00000171595.14"
"ENSG00000171873.8",-0.0109010011123471,"ENSG00000171873.8"
"ENSG00000172215.6",0.638102892247389,"ENSG00000172215.6"
"ENSG00000172361.6",0.263988572437242,"ENSG00000172361.6"
"ENSG00000172987.13",0.288632203919278,"ENSG00000172987.13"
"ENSG00000173085.15",0.223526858947963,"ENSG00000173085.15"
"ENSG00000173530.6",0.376153846153846,"ENSG00000173530.6"
"ENSG00000173557.15",0.130076281122614,"ENSG00000173557.15"
"ENSG00000174007.8",-0.0985221674876847,"ENSG00000174007.8"
"ENSG00000174460.4",0.615375810047032,"ENSG00000174460.4"
"ENSG00000174844.14",0.118811881188119,"ENSG00000174844.14"
"ENSG00000175267.15",0.707838614275597,"ENSG00000175267.15"
"ENSG00000175318.12",0.71587679030896,"ENSG00000175318.12"
"ENSG00000175567.10",0.416693680460605,"ENSG00000175567.10"
"ENSG00000175938.7",0.319174942704354,"ENSG00000175938.7"
"ENSG00000176029.14",0.203742634177417,"ENSG00000176029.14"
"ENSG00000177383.5",0.235714285714286,"ENSG00000177383.5"
"ENSG00000177494.6",0.0989010989010989,"ENSG00000177494.6"
"ENSG00000178522.14",0.208379272333123,"ENSG00000178522.14"
"ENSG00000178750.3",-0.0324991487912836,"ENSG00000178750.3"
"ENSG00000178917.16",0.00787878787878788,"ENSG00000178917.16"
"ENSG00000179299.17",-0.0995890726212393,"ENSG00000179299.17"
"ENSG00000179639.10",0.515996503496504,"ENSG00000179639.10"
"ENSG00000179813.7",0.593076923076923,"ENSG00000179813.7"
"ENSG00000179902.12",0.19524735864588,"ENSG00000179902.12"
"ENSG00000180694.14",-0.162014230979748,"ENSG00000180694.14"
"ENSG00000180872.5",NA,"ENSG00000180872.5"
"ENSG00000181322.14",0.396804772073257,"ENSG00000181322.14"
"ENSG00000181433.9",0.818205297780009,"ENSG00000181433.9"
"ENSG00000181690.8",0.554494138080764,"ENSG00000181690.8"
"ENSG00000182010.11",0.160055621969769,"ENSG00000182010.11"
"ENSG00000183161.6",0.637399277577105,"ENSG00000183161.6"
"ENSG00000183287.14",0.571960518050695,"ENSG00000183287.14"
"ENSG00000183607.10",0.638095494840064,"ENSG00000183607.10"
"ENSG00000183644.13",0.685592185592185,"ENSG00000183644.13"
"ENSG00000183891.6",0.15311004784689,"ENSG00000183891.6"
"ENSG00000183914.14",0.302450845609944,"ENSG00000183914.14"
"ENSG00000185055.11",0.589321468298109,"ENSG00000185055.11"
"ENSG00000185247.15",0.686559373650834,"ENSG00000185247.15"
"ENSG00000185561.10",0.395468666139296,"ENSG00000185561.10"
"ENSG00000185614.7",-0.490637269707037,"ENSG00000185614.7"
"ENSG00000185808.13",0.288598029454999,"ENSG00000185808.13"
"ENSG00000186130.5",-0.518796992481203,"ENSG00000186130.5"
"ENSG00000186230.7",-0.524475524475525,"ENSG00000186230.7"
"ENSG00000186973.11",0.0615471485036703,"ENSG00000186973.11"
"ENSG00000187116.14",0.33418131359852,"ENSG00000187116.14"
"ENSG00000187268.12",0.419412990214316,"ENSG00000187268.12"
"ENSG00000187672.13",-0.110846830599633,"ENSG00000187672.13"
"ENSG00000188396.3",0.326705075728233,"ENSG00000188396.3"
"ENSG00000188523.8",0.416212462054274,"ENSG00000188523.8"
"ENSG00000188659.9",0.313724950239789,"ENSG00000188659.9"
"ENSG00000188931.4",0.62376637987348,"ENSG00000188931.4"
"ENSG00000189362.12",0.579440429856817,"ENSG00000189362.12"
"ENSG00000196169.15",-0.220588235294118,"ENSG00000196169.15"
"ENSG00000196196.3",0.390075021641552,"ENSG00000196196.3"
"ENSG00000196209.13",0.545649019852074,"ENSG00000196209.13"
"ENSG00000196378.12",0.271260997067449,"ENSG00000196378.12"
"ENSG00000196418.12",0.417692307692308,"ENSG00000196418.12"
"ENSG00000197057.9",0.234782608695652,"ENSG00000197057.9"
"ENSG00000197467.15",0.237972553762027,"ENSG00000197467.15"
"ENSG00000197576.14",-0.161968787515006,"ENSG00000197576.14"
"ENSG00000198003.12",0.113442631181691,"ENSG00000198003.12"
"ENSG00000198520.12",-0.207142857142857,"ENSG00000198520.12"
"ENSG00000198574.6",0.0842105263157895,"ENSG00000198574.6"
"ENSG00000198759.12",0.606617242432656,"ENSG00000198759.12"
"ENSG00000198774.5",0.598039215686275,"ENSG00000198774.5"
"ENSG00000203780.12",0.505268446216105,"ENSG00000203780.12"
"ENSG00000203985.11",0.622891371384742,"ENSG00000203985.11"
"ENSG00000204019.5",0.694875400889166,"ENSG00000204019.5"
"ENSG00000204520.14",0.364356270614082,"ENSG00000204520.14"
"ENSG00000204599.14",-0.345454545454545,"ENSG00000204599.14"
"ENSG00000204711.9",-0.265934065934066,"ENSG00000204711.9"
"ENSG00000205038.12",0.670641315917226,"ENSG00000205038.12"
"ENSG00000205133.12",0.512138949859024,"ENSG00000205133.12"
"ENSG00000206538.9",0.584928609201481,"ENSG00000206538.9"
"ENSG00000211641.3",NA,"ENSG00000211641.3"
"ENSG00000211751.9",0.3,"ENSG00000211751.9"
"ENSG00000213085.10",0.366862491232467,"ENSG00000213085.10"
"ENSG00000213123.11",0.49064248504727,"ENSG00000213123.11"
"ENSG00000214336.5",0.753571428571428,"ENSG00000214336.5"
"ENSG00000214827.11",0.191815023881893,"ENSG00000214827.11"
"ENSG00000215187.12",0.174369111817078,"ENSG00000215187.12"
"ENSG00000215217.7",0.490407052113041,"ENSG00000215217.7"
"ENSG00000222046.2",0.133986928104575,"ENSG00000222046.2"
"ENSG00000232040.4",0.018332050876578,"ENSG00000232040.4"
"ENSG00000235098.8",0.276826903691719,"ENSG00000235098.8"
"ENSG00000242580.1",0.0641194740355757,"ENSG00000242580.1"
"ENSG00000249709.8",0.0933368588048652,"ENSG00000249709.8"
"ENSG00000254521.7",0.516521739130435,"ENSG00000254521.7"
"ENSG00000255398.3",0.441838649155722,"ENSG00000255398.3"
"ENSG00000255833.2",0.222593582887701,"ENSG00000255833.2"
"ENSG00000256061.7",0.833252701177229,"ENSG00000256061.7"
"ENSG00000257057.3",0.123227426927559,"ENSG00000257057.3"
"ENSG00000259261.2",0.00548953956941697,"ENSG00000259261.2"
"ENSG00000259680.5",-0.0510672671382491,"ENSG00000259680.5"
"ENSG00000260220.6",0.0382099164217357,"ENSG00000260220.6"
"ENSG00000261649.6",-0.0694461189948949,"ENSG00000261649.6"
"ENSG00000263155.6",0.351539338764814,"ENSG00000263155.6"
"ENSG00000269586.7",0.637568379641491,"ENSG00000269586.7"
"ENSG00000275004.4",-0.106102610261026,"ENSG00000275004.4"
"ENSG00000277462.2",0.485714285714286,"ENSG00000277462.2"
"ENSG00000283205.1",0.295803989154981,"ENSG00000283205.1"
"ENSG00000283526.1",0.0633731537589766,"ENSG00000283526.1"
"ENSG00000283980.1",0.081828520010643,"ENSG00000283980.1"
"ENSG00000007341.19",-0.221052631578947,"ENSG00000007341.19"
"ENSG00000009709.12",0.29065028663524,"ENSG00000009709.12"
"ENSG00000054796.13",0.0468261932595479,"ENSG00000054796.13"
"ENSG00000060642.11",0.296230492196879,"ENSG00000060642.11"
"ENSG00000080293.10",0.312252964426877,"ENSG00000080293.10"
"ENSG00000081051.8",0.229393686325091,"ENSG00000081051.8"
"ENSG00000088727.12",-0.0455742676989385,"ENSG00000088727.12"
"ENSG00000101695.9",-0.0547071200845918,"ENSG00000101695.9"
"ENSG00000101977.21",-0.53811405985319,"ENSG00000101977.21"
"ENSG00000102924.12",0.839160839160839,"ENSG00000102924.12"
"ENSG00000104660.19",0.0735294117647059,"ENSG00000104660.19"
"ENSG00000104938.17",0.330061598149514,"ENSG00000104938.17"
"ENSG00000105641.4",0.894505494505494,"ENSG00000105641.4"
"ENSG00000106686.16",-0.101835664335664,"ENSG00000106686.16"
"ENSG00000108474.17",0.481868131868132,"ENSG00000108474.17"
"ENSG00000109794.13",0.502579979360165,"ENSG00000109794.13"
"ENSG00000111249.14",0.093299046540451,"ENSG00000111249.14"
"ENSG00000112837.17",0.455639097744361,"ENSG00000112837.17"
"ENSG00000120055.7",0.433566433566434,"ENSG00000120055.7"
"ENSG00000120211.4",0.00105114994848665,"ENSG00000120211.4"
"ENSG00000120659.15",0.578021978021978,"ENSG00000120659.15"
"ENSG00000121807.5",-0.478869632032784,"ENSG00000121807.5"
"ENSG00000122136.13",0.6317512363591,"ENSG00000122136.13"
"ENSG00000123405.14",0.443145161290323,"ENSG00000123405.14"
"ENSG00000123977.10",0.065015479876161,"ENSG00000123977.10"
"ENSG00000125910.6",0.0050656660412758,"ENSG00000125910.6"
"ENSG00000132554.20",0.328571428571429,"ENSG00000132554.20"
"ENSG00000132874.15",0.569950738916256,"ENSG00000132874.15"
"ENSG00000136052.9",0.263256882099657,"ENSG00000136052.9"
"ENSG00000138161.14",0.503975168441576,"ENSG00000138161.14"
"ENSG00000139223.4",0.0260476695183982,"ENSG00000139223.4"
"ENSG00000139974.15",-0.160839160839161,"ENSG00000139974.15"
"ENSG00000140623.14",0.119475980029132,"ENSG00000140623.14"
"ENSG00000141384.13",-0.0504347826086956,"ENSG00000141384.13"
"ENSG00000146221.10",-0.380519480519481,"ENSG00000146221.10"
"ENSG00000150773.10",0.775087108013937,"ENSG00000150773.10"
"ENSG00000151005.5",0.237762237762238,"ENSG00000151005.5"
"ENSG00000151650.8",-0.296410256410256,"ENSG00000151650.8"
"ENSG00000153237.18",0.0585137085137085,"ENSG00000153237.18"
"ENSG00000153347.10",0.179909502262443,"ENSG00000153347.10"
"ENSG00000157017.16",0.652312938809662,"ENSG00000157017.16"
"ENSG00000157856.12",0.612056996711728,"ENSG00000157856.12"
"ENSG00000158525.15",-0.258597218503943,"ENSG00000158525.15"
"ENSG00000159588.15",0.154150197628458,"ENSG00000159588.15"
"ENSG00000160401.15",-0.240869565217391,"ENSG00000160401.15"
"ENSG00000163673.7",-0.620879120879121,"ENSG00000163673.7"
"ENSG00000163982.5",-0.136689514396051,"ENSG00000163982.5"
"ENSG00000165275.10",0.318681318681319,"ENSG00000165275.10"
"ENSG00000165383.11",0.392105263157895,"ENSG00000165383.11"
"ENSG00000165406.16",-0.192638181819605,"ENSG00000165406.16"
"ENSG00000166105.16",0.71965811965812,"ENSG00000166105.16"
"ENSG00000166669.13",-0.0177602368472652,"ENSG00000166669.13"
"ENSG00000168026.18",0.509484936043301,"ENSG00000168026.18"
"ENSG00000168631.13",0.83921055076648,"ENSG00000168631.13"
"ENSG00000169241.19",-0.182317638730775,"ENSG00000169241.19"
"ENSG00000169894.18",0.756174464383812,"ENSG00000169894.18"
"ENSG00000170381.14",0.574608946062619,"ENSG00000170381.14"
"ENSG00000170959.14",0.17673630717109,"ENSG00000170959.14"
"ENSG00000171790.15",0.229824561403509,"ENSG00000171790.15"
"ENSG00000171962.18",0.48951048951049,"ENSG00000171962.18"
"ENSG00000173013.6",0.138235294117647,"ENSG00000173013.6"
"ENSG00000173610.12",0.0111431420925626,"ENSG00000173610.12"
"ENSG00000175262.14",0.0488101533580116,"ENSG00000175262.14"
"ENSG00000175868.14",0.102167182662539,"ENSG00000175868.14"
"ENSG00000180881.19",0.0551859375259063,"ENSG00000180881.19"
"ENSG00000181378.14",0.0831932773109244,"ENSG00000181378.14"
"ENSG00000182150.17",0.164705882352941,"ENSG00000182150.17"
"ENSG00000183691.6",0.0877589353308462,"ENSG00000183691.6"
"ENSG00000184343.11",0.153846153846154,"ENSG00000184343.11"
"ENSG00000184361.13",-0.241758241758242,"ENSG00000184361.13"
"ENSG00000184502.4",0.177342870044884,"ENSG00000184502.4"
"ENSG00000186777.12",-0.222307692307692,"ENSG00000186777.12"
"ENSG00000187105.9",0.0780632411067194,"ENSG00000187105.9"
"ENSG00000187372.11",0.241558441558442,"ENSG00000187372.11"
"ENSG00000187474.5",0.357142857142857,"ENSG00000187474.5"
"ENSG00000187860.10",-0.104895104895105,"ENSG00000187860.10"
"ENSG00000187987.9",0.148330596606459,"ENSG00000187987.9"
"ENSG00000188316.15",0,"ENSG00000188316.15"
"ENSG00000188636.4",0.0733441928259585,"ENSG00000188636.4"
"ENSG00000188738.15",0.183450429352069,"ENSG00000188738.15"
"ENSG00000188817.8",0.755882352941176,"ENSG00000188817.8"
"ENSG00000189068.11",0.613577255878981,"ENSG00000189068.11"
"ENSG00000196260.5",0.857455045201935,"ENSG00000196260.5"
"ENSG00000196335.13",-0.226373626373626,"ENSG00000196335.13"
"ENSG00000196620.10",0.921052631578947,"ENSG00000196620.10"
"ENSG00000197168.13",-0.0852173913043478,"ENSG00000197168.13"
"ENSG00000197653.16",0.29038112522686,"ENSG00000197653.16"
"ENSG00000197748.13",0.145929694727105,"ENSG00000197748.13"
"ENSG00000198225.5",-0.0596032299121419,"ENSG00000198225.5"
"ENSG00000203734.12",0.199193548387097,"ENSG00000203734.12"
"ENSG00000203760.8",-0.159340659340659,"ENSG00000203760.8"
"ENSG00000204967.12",0.422222222222222,"ENSG00000204967.12"
"ENSG00000248383.4",-0.151960784313726,"ENSG00000248383.4"
"ENSG00000253352.9",-0.191133004926108,"ENSG00000253352.9"
"ENSG00000253506.3",-0.175599828117294,"ENSG00000253506.3"
"ENSG00000268223.5",-0.00275103423940365,"ENSG00000268223.5"
"ENSG00000276950.5",0.313775259280599,"ENSG00000276950.5"
"ENSG00000005471.18",0.00274693161893629,"ENSG00000005471.18"
"ENSG00000025434.19",0.254135338345865,"ENSG00000025434.19"
"ENSG00000075388.4",-0.01315145162608,"ENSG00000075388.4"
"ENSG00000078579.9",0.454945054945055,"ENSG00000078579.9"
"ENSG00000080224.17",-0.21716501796928,"ENSG00000080224.17"
"ENSG00000085465.13",0.642234717939416,"ENSG00000085465.13"
"ENSG00000100490.9",0.0892857142857143,"ENSG00000100490.9"
"ENSG00000100918.13",-0.114285714285714,"ENSG00000100918.13"
"ENSG00000103355.13",0.54458572545405,"ENSG00000103355.13"
"ENSG00000105143.12",0.330753531410592,"ENSG00000105143.12"
"ENSG00000116990.11",0.815384615384615,"ENSG00000116990.11"
"ENSG00000118263.15",-0.128571428571429,"ENSG00000118263.15"
"ENSG00000118707.10",0.684339190221543,"ENSG00000118707.10"
"ENSG00000122025.15",0.285714285714286,"ENSG00000122025.15"
"ENSG00000124232.11",0.50862880820036,"ENSG00000124232.11"
"ENSG00000128536.16",0.071042471042471,"ENSG00000128536.16"
"ENSG00000130958.13",0.348461538461538,"ENSG00000130958.13"
"ENSG00000131951.11",0.457757829882599,"ENSG00000131951.11"
"ENSG00000131969.15",0.0376146898919772,"ENSG00000131969.15"
"ENSG00000136574.17",0.117707686990906,"ENSG00000136574.17"
"ENSG00000139133.7",0.219449847179772,"ENSG00000139133.7"
"ENSG00000142188.17",0.349122807017544,"ENSG00000142188.17"
"ENSG00000144130.11",-0.0266447426083677,"ENSG00000144130.11"
"ENSG00000146374.14",0.593736072769669,"ENSG00000146374.14"
"ENSG00000158486.13",0.145967741935484,"ENSG00000158486.13"
"ENSG00000158815.11",0.163855048622632,"ENSG00000158815.11"
"ENSG00000160183.16",0.281739130434783,"ENSG00000160183.16"
"ENSG00000162526.7",-0.528571428571428,"ENSG00000162526.7"
"ENSG00000163286.9",0.774907008553852,"ENSG00000163286.9"
"ENSG00000163683.12",0.671428571428571,"ENSG00000163683.12"
"ENSG00000163803.13",-0.0889328063241107,"ENSG00000163803.13"
"ENSG00000163810.12",-0.289887828170542,"ENSG00000163810.12"
"ENSG00000164309.15",0.239369550637156,"ENSG00000164309.15"
"ENSG00000168148.4",-0.0483508299918843,"ENSG00000168148.4"
"ENSG00000170370.12",0.391036434664074,"ENSG00000170370.12"
"ENSG00000182348.7",0.660884294885181,"ENSG00000182348.7"
"ENSG00000185467.7",0.315152300797467,"ENSG00000185467.7"
"ENSG00000189366.9",-0.267857142857143,"ENSG00000189366.9"
"ENSG00000196110.8",0.0796992481203007,"ENSG00000196110.8"
"ENSG00000197782.14",-0.104725627616921,"ENSG00000197782.14"
"ENSG00000198046.12",0.356719367588933,"ENSG00000198046.12"
"ENSG00000198854.5",NA,"ENSG00000198854.5"
"ENSG00000203859.10",0.461538461538462,"ENSG00000203859.10"
"ENSG00000204442.4",-0.21003861003861,"ENSG00000204442.4"
"ENSG00000211584.14",0.235164835164835,"ENSG00000211584.14"
"ENSG00000244734.4",0.554144385026738,"ENSG00000244734.4"
"ENSG00000253368.4",-0.0461538461538462,"ENSG00000253368.4"
"ENSG00000257218.6",0.327272727272727,"ENSG00000257218.6"
"ENSG00000270339.3",-0.0253843634504265,"ENSG00000270339.3"
"ENSG00000273171.1",NA,"ENSG00000273171.1"
"ENSG00000282218.1",NA,"ENSG00000282218.1"
"ENSG00000010438.16",0.193523138145242,"ENSG00000010438.16"
"ENSG00000015520.14",0.053921568627451,"ENSG00000015520.14"
"ENSG00000016402.13",0.00404858299595142,"ENSG00000016402.13"
"ENSG00000096395.11",-0.191989624364638,"ENSG00000096395.11"
"ENSG00000101251.12",0.110815243194978,"ENSG00000101251.12"
"ENSG00000108849.8",0.625180132381957,"ENSG00000108849.8"
"ENSG00000112559.14",0.498901098901099,"ENSG00000112559.14"
"ENSG00000114204.14",0.465299754115242,"ENSG00000114204.14"
"ENSG00000115598.10",0.0665183537263626,"ENSG00000115598.10"
"ENSG00000115850.10",0.0782229965156795,"ENSG00000115850.10"
"ENSG00000121351.8",0.544997324772606,"ENSG00000121351.8"
"ENSG00000125888.14",0.308001338252738,"ENSG00000125888.14"
"ENSG00000129646.14",0.105263157894737,"ENSG00000129646.14"
"ENSG00000133475.17",0.0320523256892399,"ENSG00000133475.17"
"ENSG00000138109.11",0.455882352941177,"ENSG00000138109.11"
"ENSG00000139151.16",0.244421895576911,"ENSG00000139151.16"
"ENSG00000139515.6",0.476377597109304,"ENSG00000139515.6"
"ENSG00000141086.18",0.378011611030479,"ENSG00000141086.18"
"ENSG00000142677.4",-0.217750257997936,"ENSG00000142677.4"
"ENSG00000143954.13",0.624511951312146,"ENSG00000143954.13"
"ENSG00000144820.8",0.108771929824561,"ENSG00000144820.8"
"ENSG00000145287.10",0.519091847265222,"ENSG00000145287.10"
"ENSG00000154646.9",0.128471887069665,"ENSG00000154646.9"
"ENSG00000158516.12",0.50364403531667,"ENSG00000158516.12"
"ENSG00000159224.4",0.0270280468562979,"ENSG00000159224.4"
"ENSG00000160207.9",0.124217887375782,"ENSG00000160207.9"
"ENSG00000160868.15",0.212566844919786,"ENSG00000160868.15"
"ENSG00000162877.13",0.160333408879152,"ENSG00000162877.13"
"ENSG00000163581.14",0.117336152219873,"ENSG00000163581.14"
"ENSG00000164107.8",0.553738892686261,"ENSG00000164107.8"
"ENSG00000164853.9",0.100237530025853,"ENSG00000164853.9"
"ENSG00000165841.11",0.12967032967033,"ENSG00000165841.11"
"ENSG00000166262.16",0.0336856941508104,"ENSG00000166262.16"
"ENSG00000168267.7",0.434815618827623,"ENSG00000168267.7"
"ENSG00000169876.14",0.82249742002064,"ENSG00000169876.14"
"ENSG00000169903.7",0.622826848637834,"ENSG00000169903.7"
"ENSG00000170820.12",0.13274394037743,"ENSG00000170820.12"
"ENSG00000177688.7",0.281423804226919,"ENSG00000177688.7"
"ENSG00000178473.7",0.7310391608342,"ENSG00000178473.7"
"ENSG00000178928.8",-0.0733467574978133,"ENSG00000178928.8"
"ENSG00000179580.10",0.0979691631739472,"ENSG00000179580.10"
"ENSG00000179751.7",0.250842904629811,"ENSG00000179751.7"
"ENSG00000179846.9",-0.0998257839721255,"ENSG00000179846.9"
"ENSG00000180336.18",-0.0298502009499452,"ENSG00000180336.18"
"ENSG00000181927.3",-0.136436943448452,"ENSG00000181927.3"
"ENSG00000182870.13",-0.200992938514878,"ENSG00000182870.13"
"ENSG00000187021.15",0.439941545752838,"ENSG00000187021.15"
"ENSG00000187961.14",0.254385964912281,"ENSG00000187961.14"
"ENSG00000188211.9",0.301226381385489,"ENSG00000188211.9"
"ENSG00000188611.15",-0.0333145115753811,"ENSG00000188611.15"
"ENSG00000197044.11",-0.507142857142857,"ENSG00000197044.11"
"ENSG00000197416.4",0.123888460784281,"ENSG00000197416.4"
"ENSG00000204604.12",0.578021978021978,"ENSG00000204604.12"
"ENSG00000205502.4",-0.178021978021978,"ENSG00000205502.4"
"ENSG00000211682.2",NA,"ENSG00000211682.2"
"ENSG00000215704.10",0.325729626780791,"ENSG00000215704.10"
"ENSG00000215817.7",-0.1,"ENSG00000215817.7"
"ENSG00000225614.4",0.0828267477203647,"ENSG00000225614.4"
"ENSG00000254647.7",0.635757401405311,"ENSG00000254647.7"
"ENSG00000266200.6",0.410929222546534,"ENSG00000266200.6"
"ENSG00000268696.3",-0.240957382467246,"ENSG00000268696.3"
"ENSG00000268799.3",NA,"ENSG00000268799.3"
"ENSG00000005073.6",0.496761256866343,"ENSG00000005073.6"
"ENSG00000062370.16",0.682146542827657,"ENSG00000062370.16"
"ENSG00000070729.14",0.0278637770897833,"ENSG00000070729.14"
"ENSG00000091536.19",0.0784313725490196,"ENSG00000091536.19"
"ENSG00000100583.4",0.185964912280702,"ENSG00000100583.4"
"ENSG00000102891.4",0.491509367216254,"ENSG00000102891.4"
"ENSG00000103546.18",-0.176470588235294,"ENSG00000103546.18"
"ENSG00000107821.15",0.475860751253057,"ENSG00000107821.15"
"ENSG00000115446.11",-0.344785535613433,"ENSG00000115446.11"
"ENSG00000128713.14",0.43357252601385,"ENSG00000128713.14"
"ENSG00000129295.9",0.697167030254919,"ENSG00000129295.9"
"ENSG00000136918.7",0.692307692307692,"ENSG00000136918.7"
"ENSG00000138286.15",0.293913043478261,"ENSG00000138286.15"
"ENSG00000141052.17",0.244755244755245,"ENSG00000141052.17"
"ENSG00000141255.12",0.282598896480868,"ENSG00000141255.12"
"ENSG00000142224.16",0.764767991108641,"ENSG00000142224.16"
"ENSG00000144504.15",0.240196078431373,"ENSG00000144504.15"
"ENSG00000145808.10",0.937062937062937,"ENSG00000145808.10"
"ENSG00000145908.12",-0.258741258741259,"ENSG00000145908.12"
"ENSG00000147124.12",-0.199781061850027,"ENSG00000147124.12"
"ENSG00000152669.9",0.26425210635737,"ENSG00000152669.9"
"ENSG00000156414.19",0.626373626373626,"ENSG00000156414.19"
"ENSG00000156427.8",0.577692307692308,"ENSG00000156427.8"
"ENSG00000159263.16",0.482517482517483,"ENSG00000159263.16"
"ENSG00000164287.12",0.791120507399577,"ENSG00000164287.12"
"ENSG00000164484.11",0.254782608695652,"ENSG00000164484.11"
"ENSG00000164778.4",0.832965641252943,"ENSG00000164778.4"
"ENSG00000164920.9",0.428469387755102,"ENSG00000164920.9"
"ENSG00000165409.17",-0.120879120879121,"ENSG00000165409.17"
"ENSG00000169208.2",-0.0224963715529753,"ENSG00000169208.2"
"ENSG00000169548.3",-0.137325779787332,"ENSG00000169548.3"
"ENSG00000169551.12",0.5,"ENSG00000169551.12"
"ENSG00000169951.9",0.618181818181818,"ENSG00000169951.9"
"ENSG00000171509.16",0.787826086956522,"ENSG00000171509.16"
"ENSG00000173908.9",0.426286173503084,"ENSG00000173908.9"
"ENSG00000174611.12",-0.103342366757001,"ENSG00000174611.12"
"ENSG00000178752.16",0.418181818181818,"ENSG00000178752.16"
"ENSG00000180772.7",0.686880827924978,"ENSG00000180772.7"
"ENSG00000181085.15",0.305263157894737,"ENSG00000181085.15"
"ENSG00000183770.7",0.415175025111113,"ENSG00000183770.7"
"ENSG00000186393.5",0.497883310225758,"ENSG00000186393.5"
"ENSG00000188909.5",0.715957986125612,"ENSG00000188909.5"
"ENSG00000196859.8",0.783601121834513,"ENSG00000196859.8"
"ENSG00000197361.7",0.282349503214494,"ENSG00000197361.7"
"ENSG00000198464.14",0.0859000026068926,"ENSG00000198464.14"
"ENSG00000203952.9",0.0285714285714286,"ENSG00000203952.9"
"ENSG00000206113.11",0.172727272727273,"ENSG00000206113.11"
"ENSG00000212900.3",0.438390053091598,"ENSG00000212900.3"
"ENSG00000212901.4",0.426394186558107,"ENSG00000212901.4"
"ENSG00000216937.13",0.159340659340659,"ENSG00000216937.13"
"ENSG00000230062.5",0.230456556960653,"ENSG00000230062.5"
"ENSG00000233608.4",-0.281818181818182,"ENSG00000233608.4"
